User Unique ID,Training Title,Training Locator Number,Reactionnaire Question,Question ID,Question User Response
fe86deb2-1ddc-4155-9359-1da37ce2c359,Understanding and Undoing Implicit Bias (Virtual ILT),12406,"Prior to today, I knew how this learning program was intended to impact my job performance.",4454,Agree
fe86deb2-1ddc-4155-9359-1da37ce2c359,Understanding and Undoing Implicit Bias (Virtual ILT),12406,"The instructional aids (forms, case scenarios, etc.) are very similar to real things I use on the job.",4472,Strongly Agree
fe86deb2-1ddc-4155-9359-1da37ce2c359,Understanding and Undoing Implicit Bias (Virtual ILT),12406,How satisfied are you with the Workforce Institute registration notifications and reminders?,4484,Extremely Satisfied
fe86deb2-1ddc-4155-9359-1da37ce2c359,Understanding and Undoing Implicit Bias (Virtual ILT),12406,Which other training topics or learning methods would support your job performance?,4526,
fe86deb2-1ddc-4155-9359-1da37ce2c359,Understanding and Undoing Implicit Bias (Virtual ILT),12406,I felt comfortable using the video conferencing platform to participate in this learning program.,5011,Strongly Agree
fe86deb2-1ddc-4155-9359-1da37ce2c359,Understanding and Undoing Implicit Bias (Virtual ILT),12406,"INSTRUCTOR.NAME maintained an effective pace through the agenda (discussion, activities, breaks, etc.).",5163,Strongly Agree
fe86deb2-1ddc-4155-9359-1da37ce2c359,Understanding and Undoing Implicit Bias (Virtual ILT),12406,INSTRUCTOR.NAME provided clear explanations of new concepts,5169,Strongly Agree
fe86deb2-1ddc-4155-9359-1da37ce2c359,Understanding and Undoing Implicit Bias (Virtual ILT),12406,How satisfied are you with the online interaction you had with the facilitators?,5315,Extremely Satisfied
cf138800-afc2-4268-a55d-231774ca4a06,Understanding and Undoing Implicit Bias (Virtual ILT),12406,"Prior to today, I knew how this learning program was intended to impact my job performance.",4454,Strongly Agree
cf138800-afc2-4268-a55d-231774ca4a06,Understanding and Undoing Implicit Bias (Virtual ILT),12406,The skills practice activities showed me how to use this learning on the job.,4460,Strongly Agree
cf138800-afc2-4268-a55d-231774ca4a06,Understanding and Undoing Implicit Bias (Virtual ILT),12406,I believe this learning program will help me do my current job better.,4478,Strongly Agree
cf138800-afc2-4268-a55d-231774ca4a06,Understanding and Undoing Implicit Bias (Virtual ILT),12406,How satisfied are you with the Workforce Institute registration notifications and reminders?,4484,Extremely Satisfied
cf138800-afc2-4268-a55d-231774ca4a06,Understanding and Undoing Implicit Bias (Virtual ILT),12406,How satisfied are you with the Cornerstone learning management system?,4491,Extremely Satisfied
cf138800-afc2-4268-a55d-231774ca4a06,Understanding and Undoing Implicit Bias (Virtual ILT),12406,How satisfied are you with the Workforce Institute Help Desk (phone and/or email support)?,4498,Extremely Satisfied
cf138800-afc2-4268-a55d-231774ca4a06,Understanding and Undoing Implicit Bias (Virtual ILT),12406,Which other training topics or learning methods would support your job performance?,4526,no
cf138800-afc2-4268-a55d-231774ca4a06,Understanding and Undoing Implicit Bias (Virtual ILT),12406,INSTRUCTOR.NAME provided clear explanations of new concepts,5169,Strongly Agree
cf138800-afc2-4268-a55d-231774ca4a06,Understanding and Undoing Implicit Bias (Virtual ILT),12406,How satisfied are you with the online interaction you had with the facilitators?,5315,Extremely Satisfied
cf138800-afc2-4268-a55d-231774ca4a06,Understanding and Undoing Implicit Bias (Virtual ILT),12406,How satisfied are you with the online interaction you had with other learners in this program?,5321,Extremely Satisfied
9779b2b5-694a-4305-b3cc-362727b34ec2,Understanding and Undoing Implicit Bias (Virtual ILT),12406,The skills practice activities showed me how to use this learning on the job.,4460,Strongly Agree
9779b2b5-694a-4305-b3cc-362727b34ec2,Understanding and Undoing Implicit Bias (Virtual ILT),12406,My supervisor met with me to discuss the relevance of this learning program to my current job.,4519,Yes
9779b2b5-694a-4305-b3cc-362727b34ec2,Understanding and Undoing Implicit Bias (Virtual ILT),12406,INSTRUCTOR.NAME provided clear explanations of new concepts,5169,Strongly Agree
9779b2b5-694a-4305-b3cc-362727b34ec2,Understanding and Undoing Implicit Bias (Virtual ILT),12406,How satisfied are you with the online interaction you had with other learners in this program?,5321,Extremely Satisfied
8ca07da8-f0c8-491c-8ff7-3838e96755c8,Understanding and Undoing Implicit Bias (Virtual ILT),12406,The skills practice activities showed me how to use this learning on the job.,4460,Agree
8ca07da8-f0c8-491c-8ff7-3838e96755c8,Understanding and Undoing Implicit Bias (Virtual ILT),12406,My supervisor met with me to discuss the relevance of this learning program to my current job.,4519,Yes
8ca07da8-f0c8-491c-8ff7-3838e96755c8,Understanding and Undoing Implicit Bias (Virtual ILT),12406,INSTRUCTOR.NAME provided clear explanations of new concepts,5169,Agree
8ca07da8-f0c8-491c-8ff7-3838e96755c8,Understanding and Undoing Implicit Bias (Virtual ILT),12406,INSTRUCTOR.NAME provided opportunities for questions and checked in for understanding,5175,Agree
8ca07da8-f0c8-491c-8ff7-3838e96755c8,Understanding and Undoing Implicit Bias (Virtual ILT),12406,Apply debiasing strategies to undo individual implicit bias,5380,Agree
9d48eed5-8472-4d59-95cc-56089d7dde87,Understanding and Undoing Implicit Bias (Virtual ILT),12406,The skills practice activities showed me how to use this learning on the job.,4460,Strongly Agree
9d48eed5-8472-4d59-95cc-56089d7dde87,Understanding and Undoing Implicit Bias (Virtual ILT),12406,"On a scale of 0-10, how likely is it that you would recommend this learning program to a colleague? (0 = Not at all likely, 10 = Extremely likely)",4505,9
9d48eed5-8472-4d59-95cc-56089d7dde87,Understanding and Undoing Implicit Bias (Virtual ILT),12406,"In a typical workweek, how often will you apply knowledge or skills from this learning program? (In percentage of time on the job)",4520,Almost Always (76-100% of the time)
9d48eed5-8472-4d59-95cc-56089d7dde87,Understanding and Undoing Implicit Bias (Virtual ILT),12406,INSTRUCTOR.NAME provided clear explanations of new concepts,5169,Strongly Agree
9d48eed5-8472-4d59-95cc-56089d7dde87,Understanding and Undoing Implicit Bias (Virtual ILT),12406,How satisfied are you with taking this learning program in a virtual format?,5309,Extremely Satisfied
9d48eed5-8472-4d59-95cc-56089d7dde87,Understanding and Undoing Implicit Bias (Virtual ILT),12406,Analyze the current state of child welfare as it relates to racial disproportionality,5368,Agree
4cf0c9a7-09cf-4dcf-8a0f-5f575c1ee2aa,Understanding and Undoing Implicit Bias (Virtual ILT),12406,"Prior to today, I knew how this learning program was intended to impact my job performance.",4454,Agree
4cf0c9a7-09cf-4dcf-8a0f-5f575c1ee2aa,Understanding and Undoing Implicit Bias (Virtual ILT),12406,The skills practice activities showed me how to use this learning on the job.,4460,Agree
4cf0c9a7-09cf-4dcf-8a0f-5f575c1ee2aa,Understanding and Undoing Implicit Bias (Virtual ILT),12406,"The instructional aids (forms, case scenarios, etc.) are very similar to real things I use on the job.",4472,Agree
4cf0c9a7-09cf-4dcf-8a0f-5f575c1ee2aa,Understanding and Undoing Implicit Bias (Virtual ILT),12406,"On a scale of 0-10, how likely is it that you would recommend this learning program to a colleague? (0 = Not at all likely, 10 = Extremely likely)",4505,10
4cf0c9a7-09cf-4dcf-8a0f-5f575c1ee2aa,Understanding and Undoing Implicit Bias (Virtual ILT),12406,"In a typical workweek, how often will you apply knowledge or skills from this learning program? (In percentage of time on the job)",4520,
4cf0c9a7-09cf-4dcf-8a0f-5f575c1ee2aa,Understanding and Undoing Implicit Bias (Virtual ILT),12406,INSTRUCTOR.NAME provided opportunities for questions and checked in for understanding,5175,Agree
4cf0c9a7-09cf-4dcf-8a0f-5f575c1ee2aa,Understanding and Undoing Implicit Bias (Virtual ILT),12406,How satisfied are you with taking this learning program in a virtual format?,5309,Satisfied
4cf0c9a7-09cf-4dcf-8a0f-5f575c1ee2aa,Understanding and Undoing Implicit Bias (Virtual ILT),12406,"Draw connections between internalized oppression and trauma and their influence on institutional racism, structural inequity, and implicit bias",5374,Agree
c994a895-dc2f-4c7d-90f5-5f632c6c4b00,Understanding and Undoing Implicit Bias (Virtual ILT),12406,Which other training topics or learning methods would support your job performance?,4526,
c994a895-dc2f-4c7d-90f5-5f632c6c4b00,Understanding and Undoing Implicit Bias (Virtual ILT),12406,"INSTRUCTOR.NAME maintained an effective pace through the agenda (discussion, activities, breaks, etc.).",5163,Neutral
c994a895-dc2f-4c7d-90f5-5f632c6c4b00,Understanding and Undoing Implicit Bias (Virtual ILT),12406,INSTRUCTOR.NAME provided clear explanations of new concepts,5169,Neutral
c994a895-dc2f-4c7d-90f5-5f632c6c4b00,Understanding and Undoing Implicit Bias (Virtual ILT),12406,INSTRUCTOR.NAME provided clear explanations of new concepts,5169,Neutral
c994a895-dc2f-4c7d-90f5-5f632c6c4b00,Understanding and Undoing Implicit Bias (Virtual ILT),12406,How satisfied are you with the online interaction you had with the facilitators?,5315,Neutral
2ba4ac3a-bc8b-49a7-bd4f-7570df588e2e,Understanding and Undoing Implicit Bias (Virtual ILT),12406,I believe this learning program will help me do my current job better.,4478,Agree
2ba4ac3a-bc8b-49a7-bd4f-7570df588e2e,Understanding and Undoing Implicit Bias (Virtual ILT),12406,"On a scale of 0-10, how likely is it that you would recommend this learning program to a colleague? (0 = Not at all likely, 10 = Extremely likely)",4505,10
2ba4ac3a-bc8b-49a7-bd4f-7570df588e2e,Understanding and Undoing Implicit Bias (Virtual ILT),12406,Analyze the current state of child welfare as it relates to racial disproportionality,5368,Agree
80618c69-215f-461f-9a73-84d84c007946,Understanding and Undoing Implicit Bias (Virtual ILT),12406,The skills practice activities showed me how to use this learning on the job.,4460,Strongly Agree
80618c69-215f-461f-9a73-84d84c007946,Understanding and Undoing Implicit Bias (Virtual ILT),12406,"The instructional aids (forms, case scenarios, etc.) are very similar to real things I use on the job.",4472,Strongly Agree
80618c69-215f-461f-9a73-84d84c007946,Understanding and Undoing Implicit Bias (Virtual ILT),12406,How satisfied are you with the Workforce Institute registration notifications and reminders?,4484,Extremely Satisfied
80618c69-215f-461f-9a73-84d84c007946,Understanding and Undoing Implicit Bias (Virtual ILT),12406,How satisfied are you with the Cornerstone learning management system?,4491,Extremely Satisfied
80618c69-215f-461f-9a73-84d84c007946,Understanding and Undoing Implicit Bias (Virtual ILT),12406,"On a scale of 0-10, how likely is it that you would recommend this learning program to a colleague? (0 = Not at all likely, 10 = Extremely likely)",4505,9
80618c69-215f-461f-9a73-84d84c007946,Understanding and Undoing Implicit Bias (Virtual ILT),12406,"INSTRUCTOR.NAME maintained an effective pace through the agenda (discussion, activities, breaks, etc.).",5163,Strongly Agree
80618c69-215f-461f-9a73-84d84c007946,Understanding and Undoing Implicit Bias (Virtual ILT),12406,"INSTRUCTOR.NAME maintained an effective pace through the agenda (discussion, activities, breaks, etc.).",5163,Strongly Agree
80618c69-215f-461f-9a73-84d84c007946,Understanding and Undoing Implicit Bias (Virtual ILT),12406,INSTRUCTOR.NAME provided clear explanations of new concepts,5169,Strongly Agree
80618c69-215f-461f-9a73-84d84c007946,Understanding and Undoing Implicit Bias (Virtual ILT),12406,INSTRUCTOR.NAME provided opportunities for questions and checked in for understanding,5175,Strongly Agree
80618c69-215f-461f-9a73-84d84c007946,Understanding and Undoing Implicit Bias (Virtual ILT),12406,INSTRUCTOR.NAME provided opportunities for questions and checked in for understanding,5175,Strongly Agree
80618c69-215f-461f-9a73-84d84c007946,Understanding and Undoing Implicit Bias (Virtual ILT),12406,How satisfied are you with taking this learning program in a virtual format?,5309,Extremely Satisfied
f96cb6df-ad71-4517-a324-898dce160d22,Understanding and Undoing Implicit Bias (Virtual ILT),12406,"Prior to today, I knew how this learning program was intended to impact my job performance.",4454,Strongly Agree
f96cb6df-ad71-4517-a324-898dce160d22,Understanding and Undoing Implicit Bias (Virtual ILT),12406,The skills practice activities showed me how to use this learning on the job.,4460,Strongly Agree
f96cb6df-ad71-4517-a324-898dce160d22,Understanding and Undoing Implicit Bias (Virtual ILT),12406,What could be done differently to improve your overall learning experience?,4517,nothimg
f96cb6df-ad71-4517-a324-898dce160d22,Understanding and Undoing Implicit Bias (Virtual ILT),12406,My supervisor met with me to discuss the relevance of this learning program to my current job.,4519,Yes
ff75bf56-a2ce-49c7-8797-8fdd65b534d7,Understanding and Undoing Implicit Bias (Virtual ILT),12406,I believe this learning program will help me do my current job better.,4478,Strongly Agree
ff75bf56-a2ce-49c7-8797-8fdd65b534d7,Understanding and Undoing Implicit Bias (Virtual ILT),12406,What could be done differently to improve your overall learning experience?,4517,N/A
ff75bf56-a2ce-49c7-8797-8fdd65b534d7,Understanding and Undoing Implicit Bias (Virtual ILT),12406,My supervisor met with me to discuss the relevance of this learning program to my current job.,4519,Yes
ff75bf56-a2ce-49c7-8797-8fdd65b534d7,Understanding and Undoing Implicit Bias (Virtual ILT),12406,I felt comfortable using the video conferencing platform to participate in this learning program.,5011,Strongly Agree
ff75bf56-a2ce-49c7-8797-8fdd65b534d7,Understanding and Undoing Implicit Bias (Virtual ILT),12406,INSTRUCTOR.NAME provided clear explanations of new concepts,5169,Strongly Agree
ff75bf56-a2ce-49c7-8797-8fdd65b534d7,Understanding and Undoing Implicit Bias (Virtual ILT),12406,How satisfied are you with the online interaction you had with the facilitators?,5315,Extremely Satisfied
ff75bf56-a2ce-49c7-8797-8fdd65b534d7,Understanding and Undoing Implicit Bias (Virtual ILT),12406,"Draw connections between internalized oppression and trauma and their influence on institutional racism, structural inequity, and implicit bias",5374,Strongly Agree
59a0fee2-bdfc-4a27-88b5-a251fa8906d3,Understanding and Undoing Implicit Bias (Virtual ILT),12406,The skills practice activities showed me how to use this learning on the job.,4460,Strongly Agree
59a0fee2-bdfc-4a27-88b5-a251fa8906d3,Understanding and Undoing Implicit Bias (Virtual ILT),12406,I believe this learning program will help me do my current job better.,4478,Agree
59a0fee2-bdfc-4a27-88b5-a251fa8906d3,Understanding and Undoing Implicit Bias (Virtual ILT),12406,"On a scale of 0-10, how likely is it that you would recommend this learning program to a colleague? (0 = Not at all likely, 10 = Extremely likely)",4505,10
59a0fee2-bdfc-4a27-88b5-a251fa8906d3,Understanding and Undoing Implicit Bias (Virtual ILT),12406,What could be done differently to improve your overall learning experience?,4517,Nothing. The learning program was practical and engaging.
59a0fee2-bdfc-4a27-88b5-a251fa8906d3,Understanding and Undoing Implicit Bias (Virtual ILT),12406,I felt comfortable using the video conferencing platform to participate in this learning program.,5011,Strongly Disagree
59a0fee2-bdfc-4a27-88b5-a251fa8906d3,Understanding and Undoing Implicit Bias (Virtual ILT),12406,INSTRUCTOR.NAME provided clear explanations of new concepts,5169,Strongly Agree
59a0fee2-bdfc-4a27-88b5-a251fa8906d3,Understanding and Undoing Implicit Bias (Virtual ILT),12406,INSTRUCTOR.NAME provided opportunities for questions and checked in for understanding,5175,Strongly Agree
59a0fee2-bdfc-4a27-88b5-a251fa8906d3,Understanding and Undoing Implicit Bias (Virtual ILT),12406,Analyze the current state of child welfare as it relates to racial disproportionality,5368,Strongly Agree
b74230ca-4b1c-4b5c-bd77-ae03334e2c57,Understanding and Undoing Implicit Bias (Virtual ILT),12406,"On a scale of 0-10, how likely is it that you would recommend this learning program to a colleague? (0 = Not at all likely, 10 = Extremely likely)",4505,8
b74230ca-4b1c-4b5c-bd77-ae03334e2c57,Understanding and Undoing Implicit Bias (Virtual ILT),12406,INSTRUCTOR.NAME provided clear explanations of new concepts,5169,Agree
b74230ca-4b1c-4b5c-bd77-ae03334e2c57,Understanding and Undoing Implicit Bias (Virtual ILT),12406,How satisfied are you with the online interaction you had with the facilitators?,5315,Satisfied
b74230ca-4b1c-4b5c-bd77-ae03334e2c57,Understanding and Undoing Implicit Bias (Virtual ILT),12406,Recall key implicit bias (IB) concepts and key points.,5362,Agree
2a6273b0-8f9d-4321-b624-b0bd456102e6,Understanding and Undoing Implicit Bias (Virtual ILT),12406,"The instructional aids (forms, case scenarios, etc.) are very similar to real things I use on the job.",4472,Strongly Agree
2a6273b0-8f9d-4321-b624-b0bd456102e6,Understanding and Undoing Implicit Bias (Virtual ILT),12406,How satisfied are you with the Workforce Institute Help Desk (phone and/or email support)?,4498,Extremely Satisfied
2a6273b0-8f9d-4321-b624-b0bd456102e6,Understanding and Undoing Implicit Bias (Virtual ILT),12406,What could be done differently to improve your overall learning experience?,4517,shorten the time of the training.
2a6273b0-8f9d-4321-b624-b0bd456102e6,Understanding and Undoing Implicit Bias (Virtual ILT),12406,INSTRUCTOR.NAME provided opportunities for questions and checked in for understanding,5175,Strongly Agree
2a6273b0-8f9d-4321-b624-b0bd456102e6,Understanding and Undoing Implicit Bias (Virtual ILT),12406,How satisfied are you with taking this learning program in a virtual format?,5309,Extremely Satisfied
2a6273b0-8f9d-4321-b624-b0bd456102e6,Understanding and Undoing Implicit Bias (Virtual ILT),12406,Apply debiasing strategies to undo individual implicit bias,5380,Strongly Agree
885e4ce6-7fb8-4fdb-8a10-bc01983b2b22,Understanding and Undoing Implicit Bias (Virtual ILT),12406,"INSTRUCTOR.NAME maintained an effective pace through the agenda (discussion, activities, breaks, etc.).",5163,Neutral
885e4ce6-7fb8-4fdb-8a10-bc01983b2b22,Understanding and Undoing Implicit Bias (Virtual ILT),12406,INSTRUCTOR.NAME provided clear explanations of new concepts,5169,Agree
885e4ce6-7fb8-4fdb-8a10-bc01983b2b22,Understanding and Undoing Implicit Bias (Virtual ILT),12406,INSTRUCTOR.NAME provided clear explanations of new concepts,5169,Agree
885e4ce6-7fb8-4fdb-8a10-bc01983b2b22,Understanding and Undoing Implicit Bias (Virtual ILT),12406,How satisfied are you with taking this learning program in a virtual format?,5309,Extremely Satisfied
885e4ce6-7fb8-4fdb-8a10-bc01983b2b22,Understanding and Undoing Implicit Bias (Virtual ILT),12406,Recall key implicit bias (IB) concepts and key points.,5362,Agree
885e4ce6-7fb8-4fdb-8a10-bc01983b2b22,Understanding and Undoing Implicit Bias (Virtual ILT),12406,Analyze the current state of child welfare as it relates to racial disproportionality,5368,Agree
5d46e240-9c47-482f-b84d-cecbf49f77a1,Understanding and Undoing Implicit Bias (Virtual ILT),12406,"Prior to today, I knew how this learning program was intended to impact my job performance.",4454,Strongly Agree
5d46e240-9c47-482f-b84d-cecbf49f77a1,Understanding and Undoing Implicit Bias (Virtual ILT),12406,The skills practice activities showed me how to use this learning on the job.,4460,Strongly Agree
5d46e240-9c47-482f-b84d-cecbf49f77a1,Understanding and Undoing Implicit Bias (Virtual ILT),12406,How satisfied are you with the Workforce Institute registration notifications and reminders?,4484,Neutral
5d46e240-9c47-482f-b84d-cecbf49f77a1,Understanding and Undoing Implicit Bias (Virtual ILT),12406,My supervisor met with me to discuss the relevance of this learning program to my current job.,4519,Yes
5d46e240-9c47-482f-b84d-cecbf49f77a1,Understanding and Undoing Implicit Bias (Virtual ILT),12406,"In a typical workweek, how often will you apply knowledge or skills from this learning program? (In percentage of time on the job)",4520,Almost Always (76-100% of the time)
5d46e240-9c47-482f-b84d-cecbf49f77a1,Understanding and Undoing Implicit Bias (Virtual ILT),12406,"INSTRUCTOR.NAME maintained an effective pace through the agenda (discussion, activities, breaks, etc.).",5163,Strongly Agree
5d46e240-9c47-482f-b84d-cecbf49f77a1,Understanding and Undoing Implicit Bias (Virtual ILT),12406,How satisfied are you with the online interaction you had with the facilitators?,5315,Extremely Satisfied
5d46e240-9c47-482f-b84d-cecbf49f77a1,Understanding and Undoing Implicit Bias (Virtual ILT),12406,Recall key implicit bias (IB) concepts and key points.,5362,Strongly Agree
5d46e240-9c47-482f-b84d-cecbf49f77a1,Understanding and Undoing Implicit Bias (Virtual ILT),12406,"Draw connections between internalized oppression and trauma and their influence on institutional racism, structural inequity, and implicit bias",5374,Strongly Agree
1881df34-48f5-4284-9acd-e92dba0d4970,Understanding and Undoing Implicit Bias (Virtual ILT),12406,"Prior to today, I knew how this learning program was intended to impact my job performance.",4454,Strongly Agree
1881df34-48f5-4284-9acd-e92dba0d4970,Understanding and Undoing Implicit Bias (Virtual ILT),12406,I believe this learning program will help me do my current job better.,4478,Strongly Agree
1881df34-48f5-4284-9acd-e92dba0d4970,Understanding and Undoing Implicit Bias (Virtual ILT),12406,"In a typical workweek, how often will you apply knowledge or skills from this learning program? (In percentage of time on the job)",4520,Very Often (51-75% of the time)
1881df34-48f5-4284-9acd-e92dba0d4970,Understanding and Undoing Implicit Bias (Virtual ILT),12406,Which other training topics or learning methods would support your job performance?,4526,
1881df34-48f5-4284-9acd-e92dba0d4970,Understanding and Undoing Implicit Bias (Virtual ILT),12406,I felt comfortable using the video conferencing platform to participate in this learning program.,5011,Agree
1881df34-48f5-4284-9acd-e92dba0d4970,Understanding and Undoing Implicit Bias (Virtual ILT),12406,"INSTRUCTOR.NAME maintained an effective pace through the agenda (discussion, activities, breaks, etc.).",5163,Strongly Agree
1881df34-48f5-4284-9acd-e92dba0d4970,Understanding and Undoing Implicit Bias (Virtual ILT),12406,How satisfied are you with the online interaction you had with other learners in this program?,5321,Extremely Dissatisfied
1881df34-48f5-4284-9acd-e92dba0d4970,Understanding and Undoing Implicit Bias (Virtual ILT),12406,Recall key implicit bias (IB) concepts and key points.,5362,Strongly Agree
cd0a19d0-b2bd-44a4-a9d5-f00357ed15cf,Understanding and Undoing Implicit Bias (Virtual ILT),12406,How satisfied are you with the Cornerstone learning management system?,4491,Extremely Satisfied
cd0a19d0-b2bd-44a4-a9d5-f00357ed15cf,Understanding and Undoing Implicit Bias (Virtual ILT),12406,INSTRUCTOR.NAME provided clear explanations of new concepts,5169,Strongly Agree
cd0a19d0-b2bd-44a4-a9d5-f00357ed15cf,Understanding and Undoing Implicit Bias (Virtual ILT),12406,INSTRUCTOR.NAME provided clear explanations of new concepts,5169,Strongly Agree
cd0a19d0-b2bd-44a4-a9d5-f00357ed15cf,Understanding and Undoing Implicit Bias (Virtual ILT),12406,Recall key implicit bias (IB) concepts and key points.,5362,Strongly Agree
cd0a19d0-b2bd-44a4-a9d5-f00357ed15cf,Understanding and Undoing Implicit Bias (Virtual ILT),12406,Analyze the current state of child welfare as it relates to racial disproportionality,5368,Strongly Agree
c67a6076-73ed-49e4-a61b-ff16df27440c,Understanding and Undoing Implicit Bias (Virtual ILT),12406,"Prior to today, I knew how this learning program was intended to impact my job performance.",4454,Agree
c67a6076-73ed-49e4-a61b-ff16df27440c,Understanding and Undoing Implicit Bias (Virtual ILT),12406,How satisfied are you with the Workforce Institute registration notifications and reminders?,4484,Satisfied
c67a6076-73ed-49e4-a61b-ff16df27440c,Understanding and Undoing Implicit Bias (Virtual ILT),12406,Which other training topics or learning methods would support your job performance?,4526,
c67a6076-73ed-49e4-a61b-ff16df27440c,Understanding and Undoing Implicit Bias (Virtual ILT),12406,INSTRUCTOR.NAME provided clear explanations of new concepts,5169,Agree
c67a6076-73ed-49e4-a61b-ff16df27440c,Understanding and Undoing Implicit Bias (Virtual ILT),12406,How satisfied are you with taking this learning program in a virtual format?,5309,Satisfied
fe86deb2-1ddc-4155-9359-1da37ce2c359,Understanding and Undoing Implicit Bias (Virtual ILT),12406,How satisfied are you with the Workforce Institute Help Desk (phone and/or email support)?,4498,Extremely Satisfied
fe86deb2-1ddc-4155-9359-1da37ce2c359,Understanding and Undoing Implicit Bias (Virtual ILT),12406,"On a scale of 0-10, how likely is it that you would recommend this learning program to a colleague? (0 = Not at all likely, 10 = Extremely likely)",4505,10
fe86deb2-1ddc-4155-9359-1da37ce2c359,Understanding and Undoing Implicit Bias (Virtual ILT),12406,"Draw connections between internalized oppression and trauma and their influence on institutional racism, structural inequity, and implicit bias",5374,Strongly Agree
cf138800-afc2-4268-a55d-231774ca4a06,Understanding and Undoing Implicit Bias (Virtual ILT),12406,I felt comfortable using the video conferencing platform to participate in this learning program.,5011,Strongly Agree
cf138800-afc2-4268-a55d-231774ca4a06,Understanding and Undoing Implicit Bias (Virtual ILT),12406,"INSTRUCTOR.NAME maintained an effective pace through the agenda (discussion, activities, breaks, etc.).",5163,Strongly Agree
cf138800-afc2-4268-a55d-231774ca4a06,Understanding and Undoing Implicit Bias (Virtual ILT),12406,"INSTRUCTOR.NAME maintained an effective pace through the agenda (discussion, activities, breaks, etc.).",5163,Strongly Agree
cf138800-afc2-4268-a55d-231774ca4a06,Understanding and Undoing Implicit Bias (Virtual ILT),12406,INSTRUCTOR.NAME provided clear explanations of new concepts,5169,Strongly Agree
cf138800-afc2-4268-a55d-231774ca4a06,Understanding and Undoing Implicit Bias (Virtual ILT),12406,Recall key implicit bias (IB) concepts and key points.,5362,Strongly Agree
cf138800-afc2-4268-a55d-231774ca4a06,Understanding and Undoing Implicit Bias (Virtual ILT),12406,Analyze the current state of child welfare as it relates to racial disproportionality,5368,Strongly Agree
cf138800-afc2-4268-a55d-231774ca4a06,Understanding and Undoing Implicit Bias (Virtual ILT),12406,Apply debiasing strategies to undo individual implicit bias,5380,Strongly Agree
9779b2b5-694a-4305-b3cc-362727b34ec2,Understanding and Undoing Implicit Bias (Virtual ILT),12406,How satisfied are you with the Workforce Institute Help Desk (phone and/or email support)?,4498,Extremely Satisfied
9779b2b5-694a-4305-b3cc-362727b34ec2,Understanding and Undoing Implicit Bias (Virtual ILT),12406,INSTRUCTOR.NAME provided clear explanations of new concepts,5169,Strongly Agree
9779b2b5-694a-4305-b3cc-362727b34ec2,Understanding and Undoing Implicit Bias (Virtual ILT),12406,How satisfied are you with the online interaction you had with the facilitators?,5315,Extremely Satisfied
9779b2b5-694a-4305-b3cc-362727b34ec2,Understanding and Undoing Implicit Bias (Virtual ILT),12406,"Draw connections between internalized oppression and trauma and their influence on institutional racism, structural inequity, and implicit bias",5374,Agree
8ca07da8-f0c8-491c-8ff7-3838e96755c8,Understanding and Undoing Implicit Bias (Virtual ILT),12406,"Prior to today, I knew how this learning program was intended to impact my job performance.",4454,Agree
8ca07da8-f0c8-491c-8ff7-3838e96755c8,Understanding and Undoing Implicit Bias (Virtual ILT),12406,"The instructional aids (forms, case scenarios, etc.) are very similar to real things I use on the job.",4472,Agree
8ca07da8-f0c8-491c-8ff7-3838e96755c8,Understanding and Undoing Implicit Bias (Virtual ILT),12406,How satisfied are you with the Cornerstone learning management system?,4491,Satisfied
8ca07da8-f0c8-491c-8ff7-3838e96755c8,Understanding and Undoing Implicit Bias (Virtual ILT),12406,How satisfied are you with the Workforce Institute Help Desk (phone and/or email support)?,4498,Satisfied
8ca07da8-f0c8-491c-8ff7-3838e96755c8,Understanding and Undoing Implicit Bias (Virtual ILT),12406,"On a scale of 0-10, how likely is it that you would recommend this learning program to a colleague? (0 = Not at all likely, 10 = Extremely likely)",4505,8
8ca07da8-f0c8-491c-8ff7-3838e96755c8,Understanding and Undoing Implicit Bias (Virtual ILT),12406,"INSTRUCTOR.NAME maintained an effective pace through the agenda (discussion, activities, breaks, etc.).",5163,Agree
8ca07da8-f0c8-491c-8ff7-3838e96755c8,Understanding and Undoing Implicit Bias (Virtual ILT),12406,INSTRUCTOR.NAME provided clear explanations of new concepts,5169,Agree
8ca07da8-f0c8-491c-8ff7-3838e96755c8,Understanding and Undoing Implicit Bias (Virtual ILT),12406,INSTRUCTOR.NAME provided opportunities for questions and checked in for understanding,5175,Agree
8ca07da8-f0c8-491c-8ff7-3838e96755c8,Understanding and Undoing Implicit Bias (Virtual ILT),12406,Analyze the current state of child welfare as it relates to racial disproportionality,5368,Agree
8ca07da8-f0c8-491c-8ff7-3838e96755c8,Understanding and Undoing Implicit Bias (Virtual ILT),12406,"Draw connections between internalized oppression and trauma and their influence on institutional racism, structural inequity, and implicit bias",5374,Agree
9d48eed5-8472-4d59-95cc-56089d7dde87,Understanding and Undoing Implicit Bias (Virtual ILT),12406,"Prior to today, I knew how this learning program was intended to impact my job performance.",4454,Strongly Agree
9d48eed5-8472-4d59-95cc-56089d7dde87,Understanding and Undoing Implicit Bias (Virtual ILT),12406,I believe this learning program will help me do my current job better.,4478,Strongly Agree
9d48eed5-8472-4d59-95cc-56089d7dde87,Understanding and Undoing Implicit Bias (Virtual ILT),12406,How satisfied are you with the Cornerstone learning management system?,4491,Extremely Satisfied
9d48eed5-8472-4d59-95cc-56089d7dde87,Understanding and Undoing Implicit Bias (Virtual ILT),12406,My supervisor met with me to discuss the relevance of this learning program to my current job.,4519,Yes
9d48eed5-8472-4d59-95cc-56089d7dde87,Understanding and Undoing Implicit Bias (Virtual ILT),12406,I felt comfortable using the video conferencing platform to participate in this learning program.,5011,Strongly Agree
9d48eed5-8472-4d59-95cc-56089d7dde87,Understanding and Undoing Implicit Bias (Virtual ILT),12406,"INSTRUCTOR.NAME maintained an effective pace through the agenda (discussion, activities, breaks, etc.).",5163,Strongly Agree
9d48eed5-8472-4d59-95cc-56089d7dde87,Understanding and Undoing Implicit Bias (Virtual ILT),12406,INSTRUCTOR.NAME provided clear explanations of new concepts,5169,Strongly Agree
9d48eed5-8472-4d59-95cc-56089d7dde87,Understanding and Undoing Implicit Bias (Virtual ILT),12406,INSTRUCTOR.NAME provided opportunities for questions and checked in for understanding,5175,Strongly Agree
9d48eed5-8472-4d59-95cc-56089d7dde87,Understanding and Undoing Implicit Bias (Virtual ILT),12406,INSTRUCTOR.NAME provided opportunities for questions and checked in for understanding,5175,Strongly Agree
9d48eed5-8472-4d59-95cc-56089d7dde87,Understanding and Undoing Implicit Bias (Virtual ILT),12406,How satisfied are you with the online interaction you had with the facilitators?,5315,Extremely Satisfied
4cf0c9a7-09cf-4dcf-8a0f-5f575c1ee2aa,Understanding and Undoing Implicit Bias (Virtual ILT),12406,I believe this learning program will help me do my current job better.,4478,Agree
4cf0c9a7-09cf-4dcf-8a0f-5f575c1ee2aa,Understanding and Undoing Implicit Bias (Virtual ILT),12406,How satisfied are you with the Workforce Institute registration notifications and reminders?,4484,Satisfied
4cf0c9a7-09cf-4dcf-8a0f-5f575c1ee2aa,Understanding and Undoing Implicit Bias (Virtual ILT),12406,My supervisor met with me to discuss the relevance of this learning program to my current job.,4519,
4cf0c9a7-09cf-4dcf-8a0f-5f575c1ee2aa,Understanding and Undoing Implicit Bias (Virtual ILT),12406,I felt comfortable using the video conferencing platform to participate in this learning program.,5011,Agree
4cf0c9a7-09cf-4dcf-8a0f-5f575c1ee2aa,Understanding and Undoing Implicit Bias (Virtual ILT),12406,"INSTRUCTOR.NAME maintained an effective pace through the agenda (discussion, activities, breaks, etc.).",5163,Agree
4cf0c9a7-09cf-4dcf-8a0f-5f575c1ee2aa,Understanding and Undoing Implicit Bias (Virtual ILT),12406,INSTRUCTOR.NAME provided clear explanations of new concepts,5169,Agree
4cf0c9a7-09cf-4dcf-8a0f-5f575c1ee2aa,Understanding and Undoing Implicit Bias (Virtual ILT),12406,INSTRUCTOR.NAME provided opportunities for questions and checked in for understanding,5175,Agree
4cf0c9a7-09cf-4dcf-8a0f-5f575c1ee2aa,Understanding and Undoing Implicit Bias (Virtual ILT),12406,How satisfied are you with the online interaction you had with other learners in this program?,5321,Satisfied
c994a895-dc2f-4c7d-90f5-5f632c6c4b00,Understanding and Undoing Implicit Bias (Virtual ILT),12406,The skills practice activities showed me how to use this learning on the job.,4460,Neutral
c994a895-dc2f-4c7d-90f5-5f632c6c4b00,Understanding and Undoing Implicit Bias (Virtual ILT),12406,"The instructional aids (forms, case scenarios, etc.) are very similar to real things I use on the job.",4472,Neutral
c994a895-dc2f-4c7d-90f5-5f632c6c4b00,Understanding and Undoing Implicit Bias (Virtual ILT),12406,"INSTRUCTOR.NAME maintained an effective pace through the agenda (discussion, activities, breaks, etc.).",5163,Neutral
c994a895-dc2f-4c7d-90f5-5f632c6c4b00,Understanding and Undoing Implicit Bias (Virtual ILT),12406,INSTRUCTOR.NAME provided opportunities for questions and checked in for understanding,5175,Neutral
c994a895-dc2f-4c7d-90f5-5f632c6c4b00,Understanding and Undoing Implicit Bias (Virtual ILT),12406,How satisfied are you with taking this learning program in a virtual format?,5309,Neutral
c994a895-dc2f-4c7d-90f5-5f632c6c4b00,Understanding and Undoing Implicit Bias (Virtual ILT),12406,How satisfied are you with the online interaction you had with other learners in this program?,5321,Neutral
c994a895-dc2f-4c7d-90f5-5f632c6c4b00,Understanding and Undoing Implicit Bias (Virtual ILT),12406,Recall key implicit bias (IB) concepts and key points.,5362,Neutral
c994a895-dc2f-4c7d-90f5-5f632c6c4b00,Understanding and Undoing Implicit Bias (Virtual ILT),12406,Analyze the current state of child welfare as it relates to racial disproportionality,5368,Neutral
c994a895-dc2f-4c7d-90f5-5f632c6c4b00,Understanding and Undoing Implicit Bias (Virtual ILT),12406,"Draw connections between internalized oppression and trauma and their influence on institutional racism, structural inequity, and implicit bias",5374,Neutral
c994a895-dc2f-4c7d-90f5-5f632c6c4b00,Understanding and Undoing Implicit Bias (Virtual ILT),12406,Apply debiasing strategies to undo individual implicit bias,5380,Neutral
2ba4ac3a-bc8b-49a7-bd4f-7570df588e2e,Understanding and Undoing Implicit Bias (Virtual ILT),12406,"The instructional aids (forms, case scenarios, etc.) are very similar to real things I use on the job.",4472,Strongly Agree
2ba4ac3a-bc8b-49a7-bd4f-7570df588e2e,Understanding and Undoing Implicit Bias (Virtual ILT),12406,How satisfied are you with the Workforce Institute registration notifications and reminders?,4484,Neutral
2ba4ac3a-bc8b-49a7-bd4f-7570df588e2e,Understanding and Undoing Implicit Bias (Virtual ILT),12406,"INSTRUCTOR.NAME maintained an effective pace through the agenda (discussion, activities, breaks, etc.).",5163,Strongly Agree
2ba4ac3a-bc8b-49a7-bd4f-7570df588e2e,Understanding and Undoing Implicit Bias (Virtual ILT),12406,"INSTRUCTOR.NAME maintained an effective pace through the agenda (discussion, activities, breaks, etc.).",5163,Strongly Agree
2ba4ac3a-bc8b-49a7-bd4f-7570df588e2e,Understanding and Undoing Implicit Bias (Virtual ILT),12406,INSTRUCTOR.NAME provided clear explanations of new concepts,5169,Strongly Agree
2ba4ac3a-bc8b-49a7-bd4f-7570df588e2e,Understanding and Undoing Implicit Bias (Virtual ILT),12406,INSTRUCTOR.NAME provided opportunities for questions and checked in for understanding,5175,Strongly Agree
2ba4ac3a-bc8b-49a7-bd4f-7570df588e2e,Understanding and Undoing Implicit Bias (Virtual ILT),12406,How satisfied are you with taking this learning program in a virtual format?,5309,Extremely Satisfied
2ba4ac3a-bc8b-49a7-bd4f-7570df588e2e,Understanding and Undoing Implicit Bias (Virtual ILT),12406,How satisfied are you with the online interaction you had with the facilitators?,5315,Extremely Satisfied
2ba4ac3a-bc8b-49a7-bd4f-7570df588e2e,Understanding and Undoing Implicit Bias (Virtual ILT),12406,How satisfied are you with the online interaction you had with other learners in this program?,5321,Satisfied
80618c69-215f-461f-9a73-84d84c007946,Understanding and Undoing Implicit Bias (Virtual ILT),12406,How satisfied are you with the Workforce Institute Help Desk (phone and/or email support)?,4498,Extremely Satisfied
80618c69-215f-461f-9a73-84d84c007946,Understanding and Undoing Implicit Bias (Virtual ILT),12406,Analyze the current state of child welfare as it relates to racial disproportionality,5368,Strongly Agree
80618c69-215f-461f-9a73-84d84c007946,Understanding and Undoing Implicit Bias (Virtual ILT),12406,Apply debiasing strategies to undo individual implicit bias,5380,Strongly Agree
f96cb6df-ad71-4517-a324-898dce160d22,Understanding and Undoing Implicit Bias (Virtual ILT),12406,"The instructional aids (forms, case scenarios, etc.) are very similar to real things I use on the job.",4472,Strongly Agree
f96cb6df-ad71-4517-a324-898dce160d22,Understanding and Undoing Implicit Bias (Virtual ILT),12406,How satisfied are you with the Workforce Institute registration notifications and reminders?,4484,Extremely Satisfied
f96cb6df-ad71-4517-a324-898dce160d22,Understanding and Undoing Implicit Bias (Virtual ILT),12406,"On a scale of 0-10, how likely is it that you would recommend this learning program to a colleague? (0 = Not at all likely, 10 = Extremely likely)",4505,10
f96cb6df-ad71-4517-a324-898dce160d22,Understanding and Undoing Implicit Bias (Virtual ILT),12406,"In a typical workweek, how often will you apply knowledge or skills from this learning program? (In percentage of time on the job)",4520,Almost Always (76-100% of the time)
f96cb6df-ad71-4517-a324-898dce160d22,Understanding and Undoing Implicit Bias (Virtual ILT),12406,Which other training topics or learning methods would support your job performance?,4526,Safety in the work place
f96cb6df-ad71-4517-a324-898dce160d22,Understanding and Undoing Implicit Bias (Virtual ILT),12406,"INSTRUCTOR.NAME maintained an effective pace through the agenda (discussion, activities, breaks, etc.).",5163,Strongly Agree
f96cb6df-ad71-4517-a324-898dce160d22,Understanding and Undoing Implicit Bias (Virtual ILT),12406,INSTRUCTOR.NAME provided clear explanations of new concepts,5169,Strongly Agree
f96cb6df-ad71-4517-a324-898dce160d22,Understanding and Undoing Implicit Bias (Virtual ILT),12406,How satisfied are you with taking this learning program in a virtual format?,5309,Satisfied
f96cb6df-ad71-4517-a324-898dce160d22,Understanding and Undoing Implicit Bias (Virtual ILT),12406,How satisfied are you with the online interaction you had with the facilitators?,5315,
f96cb6df-ad71-4517-a324-898dce160d22,Understanding and Undoing Implicit Bias (Virtual ILT),12406,Analyze the current state of child welfare as it relates to racial disproportionality,5368,Strongly Agree
f96cb6df-ad71-4517-a324-898dce160d22,Understanding and Undoing Implicit Bias (Virtual ILT),12406,Apply debiasing strategies to undo individual implicit bias,5380,Strongly Agree
ff75bf56-a2ce-49c7-8797-8fdd65b534d7,Understanding and Undoing Implicit Bias (Virtual ILT),12406,"The instructional aids (forms, case scenarios, etc.) are very similar to real things I use on the job.",4472,Strongly Agree
ff75bf56-a2ce-49c7-8797-8fdd65b534d7,Understanding and Undoing Implicit Bias (Virtual ILT),12406,How satisfied are you with the Cornerstone learning management system?,4491,Extremely Satisfied
ff75bf56-a2ce-49c7-8797-8fdd65b534d7,Understanding and Undoing Implicit Bias (Virtual ILT),12406,How satisfied are you with the Workforce Institute Help Desk (phone and/or email support)?,4498,Extremely Satisfied
ff75bf56-a2ce-49c7-8797-8fdd65b534d7,Understanding and Undoing Implicit Bias (Virtual ILT),12406,"On a scale of 0-10, how likely is it that you would recommend this learning program to a colleague? (0 = Not at all likely, 10 = Extremely likely)",4505,10
ff75bf56-a2ce-49c7-8797-8fdd65b534d7,Understanding and Undoing Implicit Bias (Virtual ILT),12406,"In a typical workweek, how often will you apply knowledge or skills from this learning program? (In percentage of time on the job)",4520,Frequently (26-50% of the time)
ff75bf56-a2ce-49c7-8797-8fdd65b534d7,Understanding and Undoing Implicit Bias (Virtual ILT),12406,INSTRUCTOR.NAME provided clear explanations of new concepts,5169,Strongly Agree
ff75bf56-a2ce-49c7-8797-8fdd65b534d7,Understanding and Undoing Implicit Bias (Virtual ILT),12406,How satisfied are you with taking this learning program in a virtual format?,5309,Extremely Satisfied
ff75bf56-a2ce-49c7-8797-8fdd65b534d7,Understanding and Undoing Implicit Bias (Virtual ILT),12406,Recall key implicit bias (IB) concepts and key points.,5362,Strongly Agree
ff75bf56-a2ce-49c7-8797-8fdd65b534d7,Understanding and Undoing Implicit Bias (Virtual ILT),12406,Analyze the current state of child welfare as it relates to racial disproportionality,5368,Strongly Agree
59a0fee2-bdfc-4a27-88b5-a251fa8906d3,Understanding and Undoing Implicit Bias (Virtual ILT),12406,"The instructional aids (forms, case scenarios, etc.) are very similar to real things I use on the job.",4472,Agree
59a0fee2-bdfc-4a27-88b5-a251fa8906d3,Understanding and Undoing Implicit Bias (Virtual ILT),12406,How satisfied are you with the Workforce Institute registration notifications and reminders?,4484,Satisfied
59a0fee2-bdfc-4a27-88b5-a251fa8906d3,Understanding and Undoing Implicit Bias (Virtual ILT),12406,My supervisor met with me to discuss the relevance of this learning program to my current job.,4519,No
59a0fee2-bdfc-4a27-88b5-a251fa8906d3,Understanding and Undoing Implicit Bias (Virtual ILT),12406,Which other training topics or learning methods would support your job performance?,4526,Project management
59a0fee2-bdfc-4a27-88b5-a251fa8906d3,Understanding and Undoing Implicit Bias (Virtual ILT),12406,INSTRUCTOR.NAME provided clear explanations of new concepts,5169,Strongly Agree
59a0fee2-bdfc-4a27-88b5-a251fa8906d3,Understanding and Undoing Implicit Bias (Virtual ILT),12406,How satisfied are you with the online interaction you had with the facilitators?,5315,Satisfied
59a0fee2-bdfc-4a27-88b5-a251fa8906d3,Understanding and Undoing Implicit Bias (Virtual ILT),12406,How satisfied are you with the online interaction you had with other learners in this program?,5321,Satisfied
59a0fee2-bdfc-4a27-88b5-a251fa8906d3,Understanding and Undoing Implicit Bias (Virtual ILT),12406,Recall key implicit bias (IB) concepts and key points.,5362,Strongly Agree
b74230ca-4b1c-4b5c-bd77-ae03334e2c57,Understanding and Undoing Implicit Bias (Virtual ILT),12406,"Prior to today, I knew how this learning program was intended to impact my job performance.",4454,Agree
b74230ca-4b1c-4b5c-bd77-ae03334e2c57,Understanding and Undoing Implicit Bias (Virtual ILT),12406,I believe this learning program will help me do my current job better.,4478,Agree
b74230ca-4b1c-4b5c-bd77-ae03334e2c57,Understanding and Undoing Implicit Bias (Virtual ILT),12406,How satisfied are you with the Workforce Institute registration notifications and reminders?,4484,Satisfied
b74230ca-4b1c-4b5c-bd77-ae03334e2c57,Understanding and Undoing Implicit Bias (Virtual ILT),12406,What could be done differently to improve your overall learning experience?,4517,More small group activities
b74230ca-4b1c-4b5c-bd77-ae03334e2c57,Understanding and Undoing Implicit Bias (Virtual ILT),12406,"In a typical workweek, how often will you apply knowledge or skills from this learning program? (In percentage of time on the job)",4520,Very Often (51-75% of the time)
b74230ca-4b1c-4b5c-bd77-ae03334e2c57,Understanding and Undoing Implicit Bias (Virtual ILT),12406,"INSTRUCTOR.NAME maintained an effective pace through the agenda (discussion, activities, breaks, etc.).",5163,Agree
b74230ca-4b1c-4b5c-bd77-ae03334e2c57,Understanding and Undoing Implicit Bias (Virtual ILT),12406,INSTRUCTOR.NAME provided clear explanations of new concepts,5169,Agree
b74230ca-4b1c-4b5c-bd77-ae03334e2c57,Understanding and Undoing Implicit Bias (Virtual ILT),12406,INSTRUCTOR.NAME provided opportunities for questions and checked in for understanding,5175,Agree
2a6273b0-8f9d-4321-b624-b0bd456102e6,Understanding and Undoing Implicit Bias (Virtual ILT),12406,"On a scale of 0-10, how likely is it that you would recommend this learning program to a colleague? (0 = Not at all likely, 10 = Extremely likely)",4505,10
2a6273b0-8f9d-4321-b624-b0bd456102e6,Understanding and Undoing Implicit Bias (Virtual ILT),12406,I felt comfortable using the video conferencing platform to participate in this learning program.,5011,Strongly Agree
2a6273b0-8f9d-4321-b624-b0bd456102e6,Understanding and Undoing Implicit Bias (Virtual ILT),12406,INSTRUCTOR.NAME provided clear explanations of new concepts,5169,Strongly Agree
2a6273b0-8f9d-4321-b624-b0bd456102e6,Understanding and Undoing Implicit Bias (Virtual ILT),12406,INSTRUCTOR.NAME provided opportunities for questions and checked in for understanding,5175,Strongly Agree
2a6273b0-8f9d-4321-b624-b0bd456102e6,Understanding and Undoing Implicit Bias (Virtual ILT),12406,"Draw connections between internalized oppression and trauma and their influence on institutional racism, structural inequity, and implicit bias",5374,Strongly Agree
885e4ce6-7fb8-4fdb-8a10-bc01983b2b22,Understanding and Undoing Implicit Bias (Virtual ILT),12406,How satisfied are you with the Cornerstone learning management system?,4491,Satisfied
885e4ce6-7fb8-4fdb-8a10-bc01983b2b22,Understanding and Undoing Implicit Bias (Virtual ILT),12406,"INSTRUCTOR.NAME maintained an effective pace through the agenda (discussion, activities, breaks, etc.).",5163,Agree
885e4ce6-7fb8-4fdb-8a10-bc01983b2b22,Understanding and Undoing Implicit Bias (Virtual ILT),12406,"Draw connections between internalized oppression and trauma and their influence on institutional racism, structural inequity, and implicit bias",5374,Strongly Agree
885e4ce6-7fb8-4fdb-8a10-bc01983b2b22,Understanding and Undoing Implicit Bias (Virtual ILT),12406,Apply debiasing strategies to undo individual implicit bias,5380,Strongly Agree
5d46e240-9c47-482f-b84d-cecbf49f77a1,Understanding and Undoing Implicit Bias (Virtual ILT),12406,"On a scale of 0-10, how likely is it that you would recommend this learning program to a colleague? (0 = Not at all likely, 10 = Extremely likely)",4505,10
5d46e240-9c47-482f-b84d-cecbf49f77a1,Understanding and Undoing Implicit Bias (Virtual ILT),12406,Which other training topics or learning methods would support your job performance?,4526,
5d46e240-9c47-482f-b84d-cecbf49f77a1,Understanding and Undoing Implicit Bias (Virtual ILT),12406,INSTRUCTOR.NAME provided clear explanations of new concepts,5169,Strongly Agree
5d46e240-9c47-482f-b84d-cecbf49f77a1,Understanding and Undoing Implicit Bias (Virtual ILT),12406,INSTRUCTOR.NAME provided clear explanations of new concepts,5169,Strongly Agree
5d46e240-9c47-482f-b84d-cecbf49f77a1,Understanding and Undoing Implicit Bias (Virtual ILT),12406,INSTRUCTOR.NAME provided opportunities for questions and checked in for understanding,5175,Strongly Agree
5d46e240-9c47-482f-b84d-cecbf49f77a1,Understanding and Undoing Implicit Bias (Virtual ILT),12406,How satisfied are you with taking this learning program in a virtual format?,5309,Extremely Satisfied
5d46e240-9c47-482f-b84d-cecbf49f77a1,Understanding and Undoing Implicit Bias (Virtual ILT),12406,Analyze the current state of child welfare as it relates to racial disproportionality,5368,Strongly Agree
5d46e240-9c47-482f-b84d-cecbf49f77a1,Understanding and Undoing Implicit Bias (Virtual ILT),12406,Apply debiasing strategies to undo individual implicit bias,5380,Strongly Agree
1881df34-48f5-4284-9acd-e92dba0d4970,Understanding and Undoing Implicit Bias (Virtual ILT),12406,How satisfied are you with the Workforce Institute Help Desk (phone and/or email support)?,4498,Satisfied
1881df34-48f5-4284-9acd-e92dba0d4970,Understanding and Undoing Implicit Bias (Virtual ILT),12406,"INSTRUCTOR.NAME maintained an effective pace through the agenda (discussion, activities, breaks, etc.).",5163,Strongly Agree
1881df34-48f5-4284-9acd-e92dba0d4970,Understanding and Undoing Implicit Bias (Virtual ILT),12406,How satisfied are you with taking this learning program in a virtual format?,5309,
1881df34-48f5-4284-9acd-e92dba0d4970,Understanding and Undoing Implicit Bias (Virtual ILT),12406,"Draw connections between internalized oppression and trauma and their influence on institutional racism, structural inequity, and implicit bias",5374,Strongly Agree
cd0a19d0-b2bd-44a4-a9d5-f00357ed15cf,Understanding and Undoing Implicit Bias (Virtual ILT),12406,"Prior to today, I knew how this learning program was intended to impact my job performance.",4454,Strongly Agree
cd0a19d0-b2bd-44a4-a9d5-f00357ed15cf,Understanding and Undoing Implicit Bias (Virtual ILT),12406,I believe this learning program will help me do my current job better.,4478,Strongly Agree
cd0a19d0-b2bd-44a4-a9d5-f00357ed15cf,Understanding and Undoing Implicit Bias (Virtual ILT),12406,"On a scale of 0-10, how likely is it that you would recommend this learning program to a colleague? (0 = Not at all likely, 10 = Extremely likely)",4505,10
cd0a19d0-b2bd-44a4-a9d5-f00357ed15cf,Understanding and Undoing Implicit Bias (Virtual ILT),12406,"In a typical workweek, how often will you apply knowledge or skills from this learning program? (In percentage of time on the job)",4520,Almost Always (76-100% of the time)
cd0a19d0-b2bd-44a4-a9d5-f00357ed15cf,Understanding and Undoing Implicit Bias (Virtual ILT),12406,Which other training topics or learning methods would support your job performance?,4526,
cd0a19d0-b2bd-44a4-a9d5-f00357ed15cf,Understanding and Undoing Implicit Bias (Virtual ILT),12406,I felt comfortable using the video conferencing platform to participate in this learning program.,5011,Strongly Agree
cd0a19d0-b2bd-44a4-a9d5-f00357ed15cf,Understanding and Undoing Implicit Bias (Virtual ILT),12406,"INSTRUCTOR.NAME maintained an effective pace through the agenda (discussion, activities, breaks, etc.).",5163,Strongly Agree
cd0a19d0-b2bd-44a4-a9d5-f00357ed15cf,Understanding and Undoing Implicit Bias (Virtual ILT),12406,INSTRUCTOR.NAME provided opportunities for questions and checked in for understanding,5175,Strongly Agree
cd0a19d0-b2bd-44a4-a9d5-f00357ed15cf,Understanding and Undoing Implicit Bias (Virtual ILT),12406,INSTRUCTOR.NAME provided opportunities for questions and checked in for understanding,5175,Strongly Agree
cd0a19d0-b2bd-44a4-a9d5-f00357ed15cf,Understanding and Undoing Implicit Bias (Virtual ILT),12406,How satisfied are you with the online interaction you had with the facilitators?,5315,Satisfied
c67a6076-73ed-49e4-a61b-ff16df27440c,Understanding and Undoing Implicit Bias (Virtual ILT),12406,The skills practice activities showed me how to use this learning on the job.,4460,Agree
c67a6076-73ed-49e4-a61b-ff16df27440c,Understanding and Undoing Implicit Bias (Virtual ILT),12406,My supervisor met with me to discuss the relevance of this learning program to my current job.,4519,
c67a6076-73ed-49e4-a61b-ff16df27440c,Understanding and Undoing Implicit Bias (Virtual ILT),12406,"In a typical workweek, how often will you apply knowledge or skills from this learning program? (In percentage of time on the job)",4520,Very Often (51-75% of the time)
c67a6076-73ed-49e4-a61b-ff16df27440c,Understanding and Undoing Implicit Bias (Virtual ILT),12406,"INSTRUCTOR.NAME maintained an effective pace through the agenda (discussion, activities, breaks, etc.).",5163,Agree
c67a6076-73ed-49e4-a61b-ff16df27440c,Understanding and Undoing Implicit Bias (Virtual ILT),12406,Recall key implicit bias (IB) concepts and key points.,5362,Strongly Agree
c67a6076-73ed-49e4-a61b-ff16df27440c,Understanding and Undoing Implicit Bias (Virtual ILT),12406,Analyze the current state of child welfare as it relates to racial disproportionality,5368,Strongly Agree
fe86deb2-1ddc-4155-9359-1da37ce2c359,Understanding and Undoing Implicit Bias (Virtual ILT),12406,How satisfied are you with the Cornerstone learning management system?,4491,Extremely Satisfied
fe86deb2-1ddc-4155-9359-1da37ce2c359,Understanding and Undoing Implicit Bias (Virtual ILT),12406,How satisfied are you with taking this learning program in a virtual format?,5309,Extremely Satisfied
fe86deb2-1ddc-4155-9359-1da37ce2c359,Understanding and Undoing Implicit Bias (Virtual ILT),12406,How satisfied are you with the online interaction you had with other learners in this program?,5321,Extremely Satisfied
fe86deb2-1ddc-4155-9359-1da37ce2c359,Understanding and Undoing Implicit Bias (Virtual ILT),12406,Recall key implicit bias (IB) concepts and key points.,5362,Agree
fe86deb2-1ddc-4155-9359-1da37ce2c359,Understanding and Undoing Implicit Bias (Virtual ILT),12406,Apply debiasing strategies to undo individual implicit bias,5380,Strongly Agree
cf138800-afc2-4268-a55d-231774ca4a06,Understanding and Undoing Implicit Bias (Virtual ILT),12406,"On a scale of 0-10, how likely is it that you would recommend this learning program to a colleague? (0 = Not at all likely, 10 = Extremely likely)",4505,10
cf138800-afc2-4268-a55d-231774ca4a06,Understanding and Undoing Implicit Bias (Virtual ILT),12406,What could be done differently to improve your overall learning experience?,4517,Nothing. It was perfect!!
cf138800-afc2-4268-a55d-231774ca4a06,Understanding and Undoing Implicit Bias (Virtual ILT),12406,My supervisor met with me to discuss the relevance of this learning program to my current job.,4519,Yes
cf138800-afc2-4268-a55d-231774ca4a06,Understanding and Undoing Implicit Bias (Virtual ILT),12406,"In a typical workweek, how often will you apply knowledge or skills from this learning program? (In percentage of time on the job)",4520,Almost Always (76-100% of the time)
cf138800-afc2-4268-a55d-231774ca4a06,Understanding and Undoing Implicit Bias (Virtual ILT),12406,INSTRUCTOR.NAME provided opportunities for questions and checked in for understanding,5175,Strongly Agree
cf138800-afc2-4268-a55d-231774ca4a06,Understanding and Undoing Implicit Bias (Virtual ILT),12406,"Draw connections between internalized oppression and trauma and their influence on institutional racism, structural inequity, and implicit bias",5374,Strongly Agree
9779b2b5-694a-4305-b3cc-362727b34ec2,Understanding and Undoing Implicit Bias (Virtual ILT),12406,"Prior to today, I knew how this learning program was intended to impact my job performance.",4454,Agree
9779b2b5-694a-4305-b3cc-362727b34ec2,Understanding and Undoing Implicit Bias (Virtual ILT),12406,"The instructional aids (forms, case scenarios, etc.) are very similar to real things I use on the job.",4472,Strongly Agree
9779b2b5-694a-4305-b3cc-362727b34ec2,Understanding and Undoing Implicit Bias (Virtual ILT),12406,What could be done differently to improve your overall learning experience?,4517,none - great format
9779b2b5-694a-4305-b3cc-362727b34ec2,Understanding and Undoing Implicit Bias (Virtual ILT),12406,Which other training topics or learning methods would support your job performance?,4526,Diversity and inclusion
9779b2b5-694a-4305-b3cc-362727b34ec2,Understanding and Undoing Implicit Bias (Virtual ILT),12406,I felt comfortable using the video conferencing platform to participate in this learning program.,5011,Strongly Agree
9779b2b5-694a-4305-b3cc-362727b34ec2,Understanding and Undoing Implicit Bias (Virtual ILT),12406,"INSTRUCTOR.NAME maintained an effective pace through the agenda (discussion, activities, breaks, etc.).",5163,Strongly Agree
9779b2b5-694a-4305-b3cc-362727b34ec2,Understanding and Undoing Implicit Bias (Virtual ILT),12406,"INSTRUCTOR.NAME maintained an effective pace through the agenda (discussion, activities, breaks, etc.).",5163,Strongly Agree
9779b2b5-694a-4305-b3cc-362727b34ec2,Understanding and Undoing Implicit Bias (Virtual ILT),12406,INSTRUCTOR.NAME provided opportunities for questions and checked in for understanding,5175,Strongly Agree
9779b2b5-694a-4305-b3cc-362727b34ec2,Understanding and Undoing Implicit Bias (Virtual ILT),12406,Recall key implicit bias (IB) concepts and key points.,5362,Strongly Agree
9779b2b5-694a-4305-b3cc-362727b34ec2,Understanding and Undoing Implicit Bias (Virtual ILT),12406,Apply debiasing strategies to undo individual implicit bias,5380,Agree
8ca07da8-f0c8-491c-8ff7-3838e96755c8,Understanding and Undoing Implicit Bias (Virtual ILT),12406,I believe this learning program will help me do my current job better.,4478,Agree
8ca07da8-f0c8-491c-8ff7-3838e96755c8,Understanding and Undoing Implicit Bias (Virtual ILT),12406,"In a typical workweek, how often will you apply knowledge or skills from this learning program? (In percentage of time on the job)",4520,Almost Always (76-100% of the time)
8ca07da8-f0c8-491c-8ff7-3838e96755c8,Understanding and Undoing Implicit Bias (Virtual ILT),12406,Which other training topics or learning methods would support your job performance?,4526,provide more real life sample cases on clients
8ca07da8-f0c8-491c-8ff7-3838e96755c8,Understanding and Undoing Implicit Bias (Virtual ILT),12406,I felt comfortable using the video conferencing platform to participate in this learning program.,5011,Strongly Agree
8ca07da8-f0c8-491c-8ff7-3838e96755c8,Understanding and Undoing Implicit Bias (Virtual ILT),12406,"INSTRUCTOR.NAME maintained an effective pace through the agenda (discussion, activities, breaks, etc.).",5163,Agree
8ca07da8-f0c8-491c-8ff7-3838e96755c8,Understanding and Undoing Implicit Bias (Virtual ILT),12406,How satisfied are you with taking this learning program in a virtual format?,5309,Satisfied
8ca07da8-f0c8-491c-8ff7-3838e96755c8,Understanding and Undoing Implicit Bias (Virtual ILT),12406,How satisfied are you with the online interaction you had with other learners in this program?,5321,Satisfied
8ca07da8-f0c8-491c-8ff7-3838e96755c8,Understanding and Undoing Implicit Bias (Virtual ILT),12406,Recall key implicit bias (IB) concepts and key points.,5362,Agree
9d48eed5-8472-4d59-95cc-56089d7dde87,Understanding and Undoing Implicit Bias (Virtual ILT),12406,"The instructional aids (forms, case scenarios, etc.) are very similar to real things I use on the job.",4472,Agree
9d48eed5-8472-4d59-95cc-56089d7dde87,Understanding and Undoing Implicit Bias (Virtual ILT),12406,What could be done differently to improve your overall learning experience?,4517,may not be able to institute the practical strategies shared in this class.
9d48eed5-8472-4d59-95cc-56089d7dde87,Understanding and Undoing Implicit Bias (Virtual ILT),12406,Which other training topics or learning methods would support your job performance?,4526,practicals
9d48eed5-8472-4d59-95cc-56089d7dde87,Understanding and Undoing Implicit Bias (Virtual ILT),12406,How satisfied are you with the online interaction you had with other learners in this program?,5321,Extremely Satisfied
9d48eed5-8472-4d59-95cc-56089d7dde87,Understanding and Undoing Implicit Bias (Virtual ILT),12406,Apply debiasing strategies to undo individual implicit bias,5380,Strongly Agree
4cf0c9a7-09cf-4dcf-8a0f-5f575c1ee2aa,Understanding and Undoing Implicit Bias (Virtual ILT),12406,How satisfied are you with the Cornerstone learning management system?,4491,Satisfied
4cf0c9a7-09cf-4dcf-8a0f-5f575c1ee2aa,Understanding and Undoing Implicit Bias (Virtual ILT),12406,How satisfied are you with the Workforce Institute Help Desk (phone and/or email support)?,4498,Satisfied
4cf0c9a7-09cf-4dcf-8a0f-5f575c1ee2aa,Understanding and Undoing Implicit Bias (Virtual ILT),12406,Which other training topics or learning methods would support your job performance?,4526,
4cf0c9a7-09cf-4dcf-8a0f-5f575c1ee2aa,Understanding and Undoing Implicit Bias (Virtual ILT),12406,"INSTRUCTOR.NAME maintained an effective pace through the agenda (discussion, activities, breaks, etc.).",5163,Agree
4cf0c9a7-09cf-4dcf-8a0f-5f575c1ee2aa,Understanding and Undoing Implicit Bias (Virtual ILT),12406,INSTRUCTOR.NAME provided clear explanations of new concepts,5169,Agree
4cf0c9a7-09cf-4dcf-8a0f-5f575c1ee2aa,Understanding and Undoing Implicit Bias (Virtual ILT),12406,How satisfied are you with the online interaction you had with the facilitators?,5315,Satisfied
4cf0c9a7-09cf-4dcf-8a0f-5f575c1ee2aa,Understanding and Undoing Implicit Bias (Virtual ILT),12406,Recall key implicit bias (IB) concepts and key points.,5362,Agree
4cf0c9a7-09cf-4dcf-8a0f-5f575c1ee2aa,Understanding and Undoing Implicit Bias (Virtual ILT),12406,Analyze the current state of child welfare as it relates to racial disproportionality,5368,Agree
c994a895-dc2f-4c7d-90f5-5f632c6c4b00,Understanding and Undoing Implicit Bias (Virtual ILT),12406,My supervisor met with me to discuss the relevance of this learning program to my current job.,4519,
c994a895-dc2f-4c7d-90f5-5f632c6c4b00,Understanding and Undoing Implicit Bias (Virtual ILT),12406,"In a typical workweek, how often will you apply knowledge or skills from this learning program? (In percentage of time on the job)",4520,
c994a895-dc2f-4c7d-90f5-5f632c6c4b00,Understanding and Undoing Implicit Bias (Virtual ILT),12406,I felt comfortable using the video conferencing platform to participate in this learning program.,5011,Neutral
c994a895-dc2f-4c7d-90f5-5f632c6c4b00,Understanding and Undoing Implicit Bias (Virtual ILT),12406,INSTRUCTOR.NAME provided opportunities for questions and checked in for understanding,5175,Neutral
2ba4ac3a-bc8b-49a7-bd4f-7570df588e2e,Understanding and Undoing Implicit Bias (Virtual ILT),12406,"Prior to today, I knew how this learning program was intended to impact my job performance.",4454,Agree
2ba4ac3a-bc8b-49a7-bd4f-7570df588e2e,Understanding and Undoing Implicit Bias (Virtual ILT),12406,The skills practice activities showed me how to use this learning on the job.,4460,Agree
2ba4ac3a-bc8b-49a7-bd4f-7570df588e2e,Understanding and Undoing Implicit Bias (Virtual ILT),12406,How satisfied are you with the Cornerstone learning management system?,4491,Neutral
2ba4ac3a-bc8b-49a7-bd4f-7570df588e2e,Understanding and Undoing Implicit Bias (Virtual ILT),12406,How satisfied are you with the Workforce Institute Help Desk (phone and/or email support)?,4498,Satisfied
2ba4ac3a-bc8b-49a7-bd4f-7570df588e2e,Understanding and Undoing Implicit Bias (Virtual ILT),12406,What could be done differently to improve your overall learning experience?,4517,
2ba4ac3a-bc8b-49a7-bd4f-7570df588e2e,Understanding and Undoing Implicit Bias (Virtual ILT),12406,My supervisor met with me to discuss the relevance of this learning program to my current job.,4519,No
2ba4ac3a-bc8b-49a7-bd4f-7570df588e2e,Understanding and Undoing Implicit Bias (Virtual ILT),12406,"In a typical workweek, how often will you apply knowledge or skills from this learning program? (In percentage of time on the job)",4520,Frequently (26-50% of the time)
2ba4ac3a-bc8b-49a7-bd4f-7570df588e2e,Understanding and Undoing Implicit Bias (Virtual ILT),12406,INSTRUCTOR.NAME provided clear explanations of new concepts,5169,Strongly Agree
2ba4ac3a-bc8b-49a7-bd4f-7570df588e2e,Understanding and Undoing Implicit Bias (Virtual ILT),12406,INSTRUCTOR.NAME provided opportunities for questions and checked in for understanding,5175,Strongly Agree
80618c69-215f-461f-9a73-84d84c007946,Understanding and Undoing Implicit Bias (Virtual ILT),12406,"Prior to today, I knew how this learning program was intended to impact my job performance.",4454,Strongly Agree
80618c69-215f-461f-9a73-84d84c007946,Understanding and Undoing Implicit Bias (Virtual ILT),12406,I believe this learning program will help me do my current job better.,4478,Strongly Agree
80618c69-215f-461f-9a73-84d84c007946,Understanding and Undoing Implicit Bias (Virtual ILT),12406,I felt comfortable using the video conferencing platform to participate in this learning program.,5011,Strongly Agree
80618c69-215f-461f-9a73-84d84c007946,Understanding and Undoing Implicit Bias (Virtual ILT),12406,INSTRUCTOR.NAME provided clear explanations of new concepts,5169,Strongly Agree
80618c69-215f-461f-9a73-84d84c007946,Understanding and Undoing Implicit Bias (Virtual ILT),12406,How satisfied are you with the online interaction you had with the facilitators?,5315,Extremely Satisfied
80618c69-215f-461f-9a73-84d84c007946,Understanding and Undoing Implicit Bias (Virtual ILT),12406,How satisfied are you with the online interaction you had with other learners in this program?,5321,Extremely Satisfied
80618c69-215f-461f-9a73-84d84c007946,Understanding and Undoing Implicit Bias (Virtual ILT),12406,"Draw connections between internalized oppression and trauma and their influence on institutional racism, structural inequity, and implicit bias",5374,Strongly Agree
f96cb6df-ad71-4517-a324-898dce160d22,Understanding and Undoing Implicit Bias (Virtual ILT),12406,How satisfied are you with the Workforce Institute Help Desk (phone and/or email support)?,4498,Extremely Satisfied
f96cb6df-ad71-4517-a324-898dce160d22,Understanding and Undoing Implicit Bias (Virtual ILT),12406,I felt comfortable using the video conferencing platform to participate in this learning program.,5011,Strongly Agree
f96cb6df-ad71-4517-a324-898dce160d22,Understanding and Undoing Implicit Bias (Virtual ILT),12406,How satisfied are you with the online interaction you had with other learners in this program?,5321,
f96cb6df-ad71-4517-a324-898dce160d22,Understanding and Undoing Implicit Bias (Virtual ILT),12406,Recall key implicit bias (IB) concepts and key points.,5362,Strongly Agree
ff75bf56-a2ce-49c7-8797-8fdd65b534d7,Understanding and Undoing Implicit Bias (Virtual ILT),12406,Which other training topics or learning methods would support your job performance?,4526,N/A
ff75bf56-a2ce-49c7-8797-8fdd65b534d7,Understanding and Undoing Implicit Bias (Virtual ILT),12406,INSTRUCTOR.NAME provided opportunities for questions and checked in for understanding,5175,Strongly Agree
ff75bf56-a2ce-49c7-8797-8fdd65b534d7,Understanding and Undoing Implicit Bias (Virtual ILT),12406,How satisfied are you with the online interaction you had with other learners in this program?,5321,Extremely Satisfied
ff75bf56-a2ce-49c7-8797-8fdd65b534d7,Understanding and Undoing Implicit Bias (Virtual ILT),12406,Apply debiasing strategies to undo individual implicit bias,5380,Strongly Agree
59a0fee2-bdfc-4a27-88b5-a251fa8906d3,Understanding and Undoing Implicit Bias (Virtual ILT),12406,How satisfied are you with the Cornerstone learning management system?,4491,Satisfied
59a0fee2-bdfc-4a27-88b5-a251fa8906d3,Understanding and Undoing Implicit Bias (Virtual ILT),12406,"In a typical workweek, how often will you apply knowledge or skills from this learning program? (In percentage of time on the job)",4520,Very Often (51-75% of the time)
59a0fee2-bdfc-4a27-88b5-a251fa8906d3,Understanding and Undoing Implicit Bias (Virtual ILT),12406,"INSTRUCTOR.NAME maintained an effective pace through the agenda (discussion, activities, breaks, etc.).",5163,Strongly Agree
59a0fee2-bdfc-4a27-88b5-a251fa8906d3,Understanding and Undoing Implicit Bias (Virtual ILT),12406,INSTRUCTOR.NAME provided opportunities for questions and checked in for understanding,5175,Strongly Agree
b74230ca-4b1c-4b5c-bd77-ae03334e2c57,Understanding and Undoing Implicit Bias (Virtual ILT),12406,The skills practice activities showed me how to use this learning on the job.,4460,Agree
b74230ca-4b1c-4b5c-bd77-ae03334e2c57,Understanding and Undoing Implicit Bias (Virtual ILT),12406,"The instructional aids (forms, case scenarios, etc.) are very similar to real things I use on the job.",4472,Agree
b74230ca-4b1c-4b5c-bd77-ae03334e2c57,Understanding and Undoing Implicit Bias (Virtual ILT),12406,How satisfied are you with the Workforce Institute Help Desk (phone and/or email support)?,4498,Satisfied
b74230ca-4b1c-4b5c-bd77-ae03334e2c57,Understanding and Undoing Implicit Bias (Virtual ILT),12406,My supervisor met with me to discuss the relevance of this learning program to my current job.,4519,No
b74230ca-4b1c-4b5c-bd77-ae03334e2c57,Understanding and Undoing Implicit Bias (Virtual ILT),12406,Which other training topics or learning methods would support your job performance?,4526,
b74230ca-4b1c-4b5c-bd77-ae03334e2c57,Understanding and Undoing Implicit Bias (Virtual ILT),12406,How satisfied are you with taking this learning program in a virtual format?,5309,Satisfied
b74230ca-4b1c-4b5c-bd77-ae03334e2c57,Understanding and Undoing Implicit Bias (Virtual ILT),12406,How satisfied are you with the online interaction you had with other learners in this program?,5321,Satisfied
2a6273b0-8f9d-4321-b624-b0bd456102e6,Understanding and Undoing Implicit Bias (Virtual ILT),12406,"Prior to today, I knew how this learning program was intended to impact my job performance.",4454,Strongly Agree
2a6273b0-8f9d-4321-b624-b0bd456102e6,Understanding and Undoing Implicit Bias (Virtual ILT),12406,I believe this learning program will help me do my current job better.,4478,Strongly Agree
2a6273b0-8f9d-4321-b624-b0bd456102e6,Understanding and Undoing Implicit Bias (Virtual ILT),12406,How satisfied are you with the Workforce Institute registration notifications and reminders?,4484,Extremely Satisfied
2a6273b0-8f9d-4321-b624-b0bd456102e6,Understanding and Undoing Implicit Bias (Virtual ILT),12406,My supervisor met with me to discuss the relevance of this learning program to my current job.,4519,No
2a6273b0-8f9d-4321-b624-b0bd456102e6,Understanding and Undoing Implicit Bias (Virtual ILT),12406,"In a typical workweek, how often will you apply knowledge or skills from this learning program? (In percentage of time on the job)",4520,Almost Always (76-100% of the time)
2a6273b0-8f9d-4321-b624-b0bd456102e6,Understanding and Undoing Implicit Bias (Virtual ILT),12406,Which other training topics or learning methods would support your job performance?,4526,Any training offered
2a6273b0-8f9d-4321-b624-b0bd456102e6,Understanding and Undoing Implicit Bias (Virtual ILT),12406,INSTRUCTOR.NAME provided clear explanations of new concepts,5169,Strongly Agree
2a6273b0-8f9d-4321-b624-b0bd456102e6,Understanding and Undoing Implicit Bias (Virtual ILT),12406,How satisfied are you with the online interaction you had with other learners in this program?,5321,Extremely Satisfied
885e4ce6-7fb8-4fdb-8a10-bc01983b2b22,Understanding and Undoing Implicit Bias (Virtual ILT),12406,"The instructional aids (forms, case scenarios, etc.) are very similar to real things I use on the job.",4472,Strongly Agree
885e4ce6-7fb8-4fdb-8a10-bc01983b2b22,Understanding and Undoing Implicit Bias (Virtual ILT),12406,How satisfied are you with the Workforce Institute Help Desk (phone and/or email support)?,4498,Satisfied
885e4ce6-7fb8-4fdb-8a10-bc01983b2b22,Understanding and Undoing Implicit Bias (Virtual ILT),12406,What could be done differently to improve your overall learning experience?,4517,
885e4ce6-7fb8-4fdb-8a10-bc01983b2b22,Understanding and Undoing Implicit Bias (Virtual ILT),12406,Which other training topics or learning methods would support your job performance?,4526,
885e4ce6-7fb8-4fdb-8a10-bc01983b2b22,Understanding and Undoing Implicit Bias (Virtual ILT),12406,I felt comfortable using the video conferencing platform to participate in this learning program.,5011,Agree
885e4ce6-7fb8-4fdb-8a10-bc01983b2b22,Understanding and Undoing Implicit Bias (Virtual ILT),12406,How satisfied are you with the online interaction you had with the facilitators?,5315,Extremely Satisfied
885e4ce6-7fb8-4fdb-8a10-bc01983b2b22,Understanding and Undoing Implicit Bias (Virtual ILT),12406,How satisfied are you with the online interaction you had with other learners in this program?,5321,Extremely Satisfied
5d46e240-9c47-482f-b84d-cecbf49f77a1,Understanding and Undoing Implicit Bias (Virtual ILT),12406,"The instructional aids (forms, case scenarios, etc.) are very similar to real things I use on the job.",4472,
5d46e240-9c47-482f-b84d-cecbf49f77a1,Understanding and Undoing Implicit Bias (Virtual ILT),12406,How satisfied are you with the Cornerstone learning management system?,4491,Neutral
5d46e240-9c47-482f-b84d-cecbf49f77a1,Understanding and Undoing Implicit Bias (Virtual ILT),12406,I felt comfortable using the video conferencing platform to participate in this learning program.,5011,Strongly Agree
5d46e240-9c47-482f-b84d-cecbf49f77a1,Understanding and Undoing Implicit Bias (Virtual ILT),12406,How satisfied are you with the online interaction you had with other learners in this program?,5321,Extremely Satisfied
1881df34-48f5-4284-9acd-e92dba0d4970,Understanding and Undoing Implicit Bias (Virtual ILT),12406,How satisfied are you with the Workforce Institute registration notifications and reminders?,4484,Satisfied
1881df34-48f5-4284-9acd-e92dba0d4970,Understanding and Undoing Implicit Bias (Virtual ILT),12406,How satisfied are you with the Cornerstone learning management system?,4491,Satisfied
1881df34-48f5-4284-9acd-e92dba0d4970,Understanding and Undoing Implicit Bias (Virtual ILT),12406,"On a scale of 0-10, how likely is it that you would recommend this learning program to a colleague? (0 = Not at all likely, 10 = Extremely likely)",4505,10
1881df34-48f5-4284-9acd-e92dba0d4970,Understanding and Undoing Implicit Bias (Virtual ILT),12406,INSTRUCTOR.NAME provided clear explanations of new concepts,5169,Strongly Agree
1881df34-48f5-4284-9acd-e92dba0d4970,Understanding and Undoing Implicit Bias (Virtual ILT),12406,INSTRUCTOR.NAME provided opportunities for questions and checked in for understanding,5175,Strongly Agree
1881df34-48f5-4284-9acd-e92dba0d4970,Understanding and Undoing Implicit Bias (Virtual ILT),12406,Analyze the current state of child welfare as it relates to racial disproportionality,5368,
cd0a19d0-b2bd-44a4-a9d5-f00357ed15cf,Understanding and Undoing Implicit Bias (Virtual ILT),12406,"The instructional aids (forms, case scenarios, etc.) are very similar to real things I use on the job.",4472,Strongly Agree
cd0a19d0-b2bd-44a4-a9d5-f00357ed15cf,Understanding and Undoing Implicit Bias (Virtual ILT),12406,How satisfied are you with the Workforce Institute registration notifications and reminders?,4484,Extremely Satisfied
cd0a19d0-b2bd-44a4-a9d5-f00357ed15cf,Understanding and Undoing Implicit Bias (Virtual ILT),12406,How satisfied are you with the Workforce Institute Help Desk (phone and/or email support)?,4498,Extremely Satisfied
c67a6076-73ed-49e4-a61b-ff16df27440c,Understanding and Undoing Implicit Bias (Virtual ILT),12406,How satisfied are you with the Workforce Institute Help Desk (phone and/or email support)?,4498,Satisfied
c67a6076-73ed-49e4-a61b-ff16df27440c,Understanding and Undoing Implicit Bias (Virtual ILT),12406,What could be done differently to improve your overall learning experience?,4517,
c67a6076-73ed-49e4-a61b-ff16df27440c,Understanding and Undoing Implicit Bias (Virtual ILT),12406,"INSTRUCTOR.NAME maintained an effective pace through the agenda (discussion, activities, breaks, etc.).",5163,Agree
c67a6076-73ed-49e4-a61b-ff16df27440c,Understanding and Undoing Implicit Bias (Virtual ILT),12406,INSTRUCTOR.NAME provided opportunities for questions and checked in for understanding,5175,Agree
c67a6076-73ed-49e4-a61b-ff16df27440c,Understanding and Undoing Implicit Bias (Virtual ILT),12406,INSTRUCTOR.NAME provided opportunities for questions and checked in for understanding,5175,Agree
fe86deb2-1ddc-4155-9359-1da37ce2c359,Understanding and Undoing Implicit Bias (Virtual ILT),12406,The skills practice activities showed me how to use this learning on the job.,4460,Strongly Agree
fe86deb2-1ddc-4155-9359-1da37ce2c359,Understanding and Undoing Implicit Bias (Virtual ILT),12406,I believe this learning program will help me do my current job better.,4478,Strongly Agree
fe86deb2-1ddc-4155-9359-1da37ce2c359,Understanding and Undoing Implicit Bias (Virtual ILT),12406,What could be done differently to improve your overall learning experience?,4517,
fe86deb2-1ddc-4155-9359-1da37ce2c359,Understanding and Undoing Implicit Bias (Virtual ILT),12406,My supervisor met with me to discuss the relevance of this learning program to my current job.,4519,Yes
fe86deb2-1ddc-4155-9359-1da37ce2c359,Understanding and Undoing Implicit Bias (Virtual ILT),12406,"In a typical workweek, how often will you apply knowledge or skills from this learning program? (In percentage of time on the job)",4520,Very Often (51-75% of the time)
fe86deb2-1ddc-4155-9359-1da37ce2c359,Understanding and Undoing Implicit Bias (Virtual ILT),12406,"INSTRUCTOR.NAME maintained an effective pace through the agenda (discussion, activities, breaks, etc.).",5163,Strongly Agree
fe86deb2-1ddc-4155-9359-1da37ce2c359,Understanding and Undoing Implicit Bias (Virtual ILT),12406,INSTRUCTOR.NAME provided clear explanations of new concepts,5169,Strongly Agree
fe86deb2-1ddc-4155-9359-1da37ce2c359,Understanding and Undoing Implicit Bias (Virtual ILT),12406,INSTRUCTOR.NAME provided opportunities for questions and checked in for understanding,5175,Strongly Agree
fe86deb2-1ddc-4155-9359-1da37ce2c359,Understanding and Undoing Implicit Bias (Virtual ILT),12406,INSTRUCTOR.NAME provided opportunities for questions and checked in for understanding,5175,Strongly Agree
fe86deb2-1ddc-4155-9359-1da37ce2c359,Understanding and Undoing Implicit Bias (Virtual ILT),12406,Analyze the current state of child welfare as it relates to racial disproportionality,5368,Agree
cf138800-afc2-4268-a55d-231774ca4a06,Understanding and Undoing Implicit Bias (Virtual ILT),12406,"The instructional aids (forms, case scenarios, etc.) are very similar to real things I use on the job.",4472,Strongly Agree
cf138800-afc2-4268-a55d-231774ca4a06,Understanding and Undoing Implicit Bias (Virtual ILT),12406,INSTRUCTOR.NAME provided opportunities for questions and checked in for understanding,5175,Strongly Agree
cf138800-afc2-4268-a55d-231774ca4a06,Understanding and Undoing Implicit Bias (Virtual ILT),12406,How satisfied are you with taking this learning program in a virtual format?,5309,Extremely Satisfied
9779b2b5-694a-4305-b3cc-362727b34ec2,Understanding and Undoing Implicit Bias (Virtual ILT),12406,I believe this learning program will help me do my current job better.,4478,Strongly Agree
9779b2b5-694a-4305-b3cc-362727b34ec2,Understanding and Undoing Implicit Bias (Virtual ILT),12406,How satisfied are you with the Workforce Institute registration notifications and reminders?,4484,Extremely Satisfied
9779b2b5-694a-4305-b3cc-362727b34ec2,Understanding and Undoing Implicit Bias (Virtual ILT),12406,How satisfied are you with the Cornerstone learning management system?,4491,Extremely Satisfied
9779b2b5-694a-4305-b3cc-362727b34ec2,Understanding and Undoing Implicit Bias (Virtual ILT),12406,"On a scale of 0-10, how likely is it that you would recommend this learning program to a colleague? (0 = Not at all likely, 10 = Extremely likely)",4505,10
9779b2b5-694a-4305-b3cc-362727b34ec2,Understanding and Undoing Implicit Bias (Virtual ILT),12406,"In a typical workweek, how often will you apply knowledge or skills from this learning program? (In percentage of time on the job)",4520,Almost Always (76-100% of the time)
9779b2b5-694a-4305-b3cc-362727b34ec2,Understanding and Undoing Implicit Bias (Virtual ILT),12406,INSTRUCTOR.NAME provided opportunities for questions and checked in for understanding,5175,Strongly Agree
9779b2b5-694a-4305-b3cc-362727b34ec2,Understanding and Undoing Implicit Bias (Virtual ILT),12406,How satisfied are you with taking this learning program in a virtual format?,5309,Extremely Satisfied
9779b2b5-694a-4305-b3cc-362727b34ec2,Understanding and Undoing Implicit Bias (Virtual ILT),12406,Analyze the current state of child welfare as it relates to racial disproportionality,5368,Strongly Agree
8ca07da8-f0c8-491c-8ff7-3838e96755c8,Understanding and Undoing Implicit Bias (Virtual ILT),12406,How satisfied are you with the Workforce Institute registration notifications and reminders?,4484,
8ca07da8-f0c8-491c-8ff7-3838e96755c8,Understanding and Undoing Implicit Bias (Virtual ILT),12406,What could be done differently to improve your overall learning experience?,4517,more sample scenarios
8ca07da8-f0c8-491c-8ff7-3838e96755c8,Understanding and Undoing Implicit Bias (Virtual ILT),12406,How satisfied are you with the online interaction you had with the facilitators?,5315,Satisfied
9d48eed5-8472-4d59-95cc-56089d7dde87,Understanding and Undoing Implicit Bias (Virtual ILT),12406,How satisfied are you with the Workforce Institute registration notifications and reminders?,4484,Extremely Satisfied
9d48eed5-8472-4d59-95cc-56089d7dde87,Understanding and Undoing Implicit Bias (Virtual ILT),12406,How satisfied are you with the Workforce Institute Help Desk (phone and/or email support)?,4498,Satisfied
9d48eed5-8472-4d59-95cc-56089d7dde87,Understanding and Undoing Implicit Bias (Virtual ILT),12406,"INSTRUCTOR.NAME maintained an effective pace through the agenda (discussion, activities, breaks, etc.).",5163,Strongly Agree
9d48eed5-8472-4d59-95cc-56089d7dde87,Understanding and Undoing Implicit Bias (Virtual ILT),12406,Recall key implicit bias (IB) concepts and key points.,5362,Strongly Agree
9d48eed5-8472-4d59-95cc-56089d7dde87,Understanding and Undoing Implicit Bias (Virtual ILT),12406,"Draw connections between internalized oppression and trauma and their influence on institutional racism, structural inequity, and implicit bias",5374,Agree
4cf0c9a7-09cf-4dcf-8a0f-5f575c1ee2aa,Understanding and Undoing Implicit Bias (Virtual ILT),12406,What could be done differently to improve your overall learning experience?,4517,
4cf0c9a7-09cf-4dcf-8a0f-5f575c1ee2aa,Understanding and Undoing Implicit Bias (Virtual ILT),12406,Apply debiasing strategies to undo individual implicit bias,5380,Agree
c994a895-dc2f-4c7d-90f5-5f632c6c4b00,Understanding and Undoing Implicit Bias (Virtual ILT),12406,"Prior to today, I knew how this learning program was intended to impact my job performance.",4454,Neutral
c994a895-dc2f-4c7d-90f5-5f632c6c4b00,Understanding and Undoing Implicit Bias (Virtual ILT),12406,I believe this learning program will help me do my current job better.,4478,Neutral
c994a895-dc2f-4c7d-90f5-5f632c6c4b00,Understanding and Undoing Implicit Bias (Virtual ILT),12406,How satisfied are you with the Workforce Institute registration notifications and reminders?,4484,Neutral
c994a895-dc2f-4c7d-90f5-5f632c6c4b00,Understanding and Undoing Implicit Bias (Virtual ILT),12406,How satisfied are you with the Cornerstone learning management system?,4491,Neutral
c994a895-dc2f-4c7d-90f5-5f632c6c4b00,Understanding and Undoing Implicit Bias (Virtual ILT),12406,How satisfied are you with the Workforce Institute Help Desk (phone and/or email support)?,4498,Neutral
c994a895-dc2f-4c7d-90f5-5f632c6c4b00,Understanding and Undoing Implicit Bias (Virtual ILT),12406,"On a scale of 0-10, how likely is it that you would recommend this learning program to a colleague? (0 = Not at all likely, 10 = Extremely likely)",4505,
c994a895-dc2f-4c7d-90f5-5f632c6c4b00,Understanding and Undoing Implicit Bias (Virtual ILT),12406,What could be done differently to improve your overall learning experience?,4517,
2ba4ac3a-bc8b-49a7-bd4f-7570df588e2e,Understanding and Undoing Implicit Bias (Virtual ILT),12406,Which other training topics or learning methods would support your job performance?,4526,"management training: basics on being a supervisor but specific to ACS- including some soft skills but also the nuts and bolts like how to do tasks and standards, write evals, use ESS, how to liaise with HR, what to use tickets for etc,"
2ba4ac3a-bc8b-49a7-bd4f-7570df588e2e,Understanding and Undoing Implicit Bias (Virtual ILT),12406,I felt comfortable using the video conferencing platform to participate in this learning program.,5011,Strongly Agree
2ba4ac3a-bc8b-49a7-bd4f-7570df588e2e,Understanding and Undoing Implicit Bias (Virtual ILT),12406,Recall key implicit bias (IB) concepts and key points.,5362,Strongly Agree
2ba4ac3a-bc8b-49a7-bd4f-7570df588e2e,Understanding and Undoing Implicit Bias (Virtual ILT),12406,"Draw connections between internalized oppression and trauma and their influence on institutional racism, structural inequity, and implicit bias",5374,Strongly Agree
2ba4ac3a-bc8b-49a7-bd4f-7570df588e2e,Understanding and Undoing Implicit Bias (Virtual ILT),12406,Apply debiasing strategies to undo individual implicit bias,5380,Strongly Agree
80618c69-215f-461f-9a73-84d84c007946,Understanding and Undoing Implicit Bias (Virtual ILT),12406,What could be done differently to improve your overall learning experience?,4517,None
80618c69-215f-461f-9a73-84d84c007946,Understanding and Undoing Implicit Bias (Virtual ILT),12406,My supervisor met with me to discuss the relevance of this learning program to my current job.,4519,Yes
80618c69-215f-461f-9a73-84d84c007946,Understanding and Undoing Implicit Bias (Virtual ILT),12406,"In a typical workweek, how often will you apply knowledge or skills from this learning program? (In percentage of time on the job)",4520,Almost Always (76-100% of the time)
80618c69-215f-461f-9a73-84d84c007946,Understanding and Undoing Implicit Bias (Virtual ILT),12406,Which other training topics or learning methods would support your job performance?,4526,None
80618c69-215f-461f-9a73-84d84c007946,Understanding and Undoing Implicit Bias (Virtual ILT),12406,Recall key implicit bias (IB) concepts and key points.,5362,Strongly Agree
f96cb6df-ad71-4517-a324-898dce160d22,Understanding and Undoing Implicit Bias (Virtual ILT),12406,I believe this learning program will help me do my current job better.,4478,Strongly Agree
f96cb6df-ad71-4517-a324-898dce160d22,Understanding and Undoing Implicit Bias (Virtual ILT),12406,How satisfied are you with the Cornerstone learning management system?,4491,Extremely Satisfied
f96cb6df-ad71-4517-a324-898dce160d22,Understanding and Undoing Implicit Bias (Virtual ILT),12406,"INSTRUCTOR.NAME maintained an effective pace through the agenda (discussion, activities, breaks, etc.).",5163,Strongly Agree
f96cb6df-ad71-4517-a324-898dce160d22,Understanding and Undoing Implicit Bias (Virtual ILT),12406,INSTRUCTOR.NAME provided clear explanations of new concepts,5169,Strongly Agree
f96cb6df-ad71-4517-a324-898dce160d22,Understanding and Undoing Implicit Bias (Virtual ILT),12406,INSTRUCTOR.NAME provided opportunities for questions and checked in for understanding,5175,Strongly Agree
f96cb6df-ad71-4517-a324-898dce160d22,Understanding and Undoing Implicit Bias (Virtual ILT),12406,INSTRUCTOR.NAME provided opportunities for questions and checked in for understanding,5175,Strongly Agree
f96cb6df-ad71-4517-a324-898dce160d22,Understanding and Undoing Implicit Bias (Virtual ILT),12406,"Draw connections between internalized oppression and trauma and their influence on institutional racism, structural inequity, and implicit bias",5374,Strongly Agree
ff75bf56-a2ce-49c7-8797-8fdd65b534d7,Understanding and Undoing Implicit Bias (Virtual ILT),12406,"Prior to today, I knew how this learning program was intended to impact my job performance.",4454,Strongly Agree
ff75bf56-a2ce-49c7-8797-8fdd65b534d7,Understanding and Undoing Implicit Bias (Virtual ILT),12406,The skills practice activities showed me how to use this learning on the job.,4460,Strongly Agree
ff75bf56-a2ce-49c7-8797-8fdd65b534d7,Understanding and Undoing Implicit Bias (Virtual ILT),12406,How satisfied are you with the Workforce Institute registration notifications and reminders?,4484,Extremely Satisfied
ff75bf56-a2ce-49c7-8797-8fdd65b534d7,Understanding and Undoing Implicit Bias (Virtual ILT),12406,"INSTRUCTOR.NAME maintained an effective pace through the agenda (discussion, activities, breaks, etc.).",5163,
ff75bf56-a2ce-49c7-8797-8fdd65b534d7,Understanding and Undoing Implicit Bias (Virtual ILT),12406,"INSTRUCTOR.NAME maintained an effective pace through the agenda (discussion, activities, breaks, etc.).",5163,Strongly Agree
ff75bf56-a2ce-49c7-8797-8fdd65b534d7,Understanding and Undoing Implicit Bias (Virtual ILT),12406,INSTRUCTOR.NAME provided opportunities for questions and checked in for understanding,5175,Strongly Agree
59a0fee2-bdfc-4a27-88b5-a251fa8906d3,Understanding and Undoing Implicit Bias (Virtual ILT),12406,"Prior to today, I knew how this learning program was intended to impact my job performance.",4454,Strongly Agree
59a0fee2-bdfc-4a27-88b5-a251fa8906d3,Understanding and Undoing Implicit Bias (Virtual ILT),12406,How satisfied are you with the Workforce Institute Help Desk (phone and/or email support)?,4498,N/A (did not access)
59a0fee2-bdfc-4a27-88b5-a251fa8906d3,Understanding and Undoing Implicit Bias (Virtual ILT),12406,"INSTRUCTOR.NAME maintained an effective pace through the agenda (discussion, activities, breaks, etc.).",5163,Strongly Agree
59a0fee2-bdfc-4a27-88b5-a251fa8906d3,Understanding and Undoing Implicit Bias (Virtual ILT),12406,How satisfied are you with taking this learning program in a virtual format?,5309,Satisfied
59a0fee2-bdfc-4a27-88b5-a251fa8906d3,Understanding and Undoing Implicit Bias (Virtual ILT),12406,"Draw connections between internalized oppression and trauma and their influence on institutional racism, structural inequity, and implicit bias",5374,Strongly Agree
59a0fee2-bdfc-4a27-88b5-a251fa8906d3,Understanding and Undoing Implicit Bias (Virtual ILT),12406,Apply debiasing strategies to undo individual implicit bias,5380,Strongly Agree
b74230ca-4b1c-4b5c-bd77-ae03334e2c57,Understanding and Undoing Implicit Bias (Virtual ILT),12406,How satisfied are you with the Cornerstone learning management system?,4491,Satisfied
b74230ca-4b1c-4b5c-bd77-ae03334e2c57,Understanding and Undoing Implicit Bias (Virtual ILT),12406,I felt comfortable using the video conferencing platform to participate in this learning program.,5011,Agree
b74230ca-4b1c-4b5c-bd77-ae03334e2c57,Understanding and Undoing Implicit Bias (Virtual ILT),12406,"INSTRUCTOR.NAME maintained an effective pace through the agenda (discussion, activities, breaks, etc.).",5163,Agree
b74230ca-4b1c-4b5c-bd77-ae03334e2c57,Understanding and Undoing Implicit Bias (Virtual ILT),12406,INSTRUCTOR.NAME provided opportunities for questions and checked in for understanding,5175,Agree
b74230ca-4b1c-4b5c-bd77-ae03334e2c57,Understanding and Undoing Implicit Bias (Virtual ILT),12406,Analyze the current state of child welfare as it relates to racial disproportionality,5368,Agree
b74230ca-4b1c-4b5c-bd77-ae03334e2c57,Understanding and Undoing Implicit Bias (Virtual ILT),12406,"Draw connections between internalized oppression and trauma and their influence on institutional racism, structural inequity, and implicit bias",5374,Agree
b74230ca-4b1c-4b5c-bd77-ae03334e2c57,Understanding and Undoing Implicit Bias (Virtual ILT),12406,Apply debiasing strategies to undo individual implicit bias,5380,Agree
2a6273b0-8f9d-4321-b624-b0bd456102e6,Understanding and Undoing Implicit Bias (Virtual ILT),12406,The skills practice activities showed me how to use this learning on the job.,4460,Strongly Agree
2a6273b0-8f9d-4321-b624-b0bd456102e6,Understanding and Undoing Implicit Bias (Virtual ILT),12406,How satisfied are you with the Cornerstone learning management system?,4491,Extremely Satisfied
2a6273b0-8f9d-4321-b624-b0bd456102e6,Understanding and Undoing Implicit Bias (Virtual ILT),12406,"INSTRUCTOR.NAME maintained an effective pace through the agenda (discussion, activities, breaks, etc.).",5163,Strongly Agree
2a6273b0-8f9d-4321-b624-b0bd456102e6,Understanding and Undoing Implicit Bias (Virtual ILT),12406,"INSTRUCTOR.NAME maintained an effective pace through the agenda (discussion, activities, breaks, etc.).",5163,Strongly Agree
2a6273b0-8f9d-4321-b624-b0bd456102e6,Understanding and Undoing Implicit Bias (Virtual ILT),12406,How satisfied are you with the online interaction you had with the facilitators?,5315,Extremely Satisfied
2a6273b0-8f9d-4321-b624-b0bd456102e6,Understanding and Undoing Implicit Bias (Virtual ILT),12406,Recall key implicit bias (IB) concepts and key points.,5362,Strongly Agree
2a6273b0-8f9d-4321-b624-b0bd456102e6,Understanding and Undoing Implicit Bias (Virtual ILT),12406,Analyze the current state of child welfare as it relates to racial disproportionality,5368,Strongly Agree
885e4ce6-7fb8-4fdb-8a10-bc01983b2b22,Understanding and Undoing Implicit Bias (Virtual ILT),12406,"Prior to today, I knew how this learning program was intended to impact my job performance.",4454,Agree
885e4ce6-7fb8-4fdb-8a10-bc01983b2b22,Understanding and Undoing Implicit Bias (Virtual ILT),12406,The skills practice activities showed me how to use this learning on the job.,4460,Strongly Agree
885e4ce6-7fb8-4fdb-8a10-bc01983b2b22,Understanding and Undoing Implicit Bias (Virtual ILT),12406,I believe this learning program will help me do my current job better.,4478,Strongly Agree
885e4ce6-7fb8-4fdb-8a10-bc01983b2b22,Understanding and Undoing Implicit Bias (Virtual ILT),12406,How satisfied are you with the Workforce Institute registration notifications and reminders?,4484,Satisfied
885e4ce6-7fb8-4fdb-8a10-bc01983b2b22,Understanding and Undoing Implicit Bias (Virtual ILT),12406,"On a scale of 0-10, how likely is it that you would recommend this learning program to a colleague? (0 = Not at all likely, 10 = Extremely likely)",4505,8
885e4ce6-7fb8-4fdb-8a10-bc01983b2b22,Understanding and Undoing Implicit Bias (Virtual ILT),12406,My supervisor met with me to discuss the relevance of this learning program to my current job.,4519,No
885e4ce6-7fb8-4fdb-8a10-bc01983b2b22,Understanding and Undoing Implicit Bias (Virtual ILT),12406,"In a typical workweek, how often will you apply knowledge or skills from this learning program? (In percentage of time on the job)",4520,Almost Always (76-100% of the time)
885e4ce6-7fb8-4fdb-8a10-bc01983b2b22,Understanding and Undoing Implicit Bias (Virtual ILT),12406,INSTRUCTOR.NAME provided opportunities for questions and checked in for understanding,5175,Agree
885e4ce6-7fb8-4fdb-8a10-bc01983b2b22,Understanding and Undoing Implicit Bias (Virtual ILT),12406,INSTRUCTOR.NAME provided opportunities for questions and checked in for understanding,5175,
5d46e240-9c47-482f-b84d-cecbf49f77a1,Understanding and Undoing Implicit Bias (Virtual ILT),12406,I believe this learning program will help me do my current job better.,4478,Strongly Agree
5d46e240-9c47-482f-b84d-cecbf49f77a1,Understanding and Undoing Implicit Bias (Virtual ILT),12406,How satisfied are you with the Workforce Institute Help Desk (phone and/or email support)?,4498,N/A (did not access)
5d46e240-9c47-482f-b84d-cecbf49f77a1,Understanding and Undoing Implicit Bias (Virtual ILT),12406,What could be done differently to improve your overall learning experience?,4517,
5d46e240-9c47-482f-b84d-cecbf49f77a1,Understanding and Undoing Implicit Bias (Virtual ILT),12406,"INSTRUCTOR.NAME maintained an effective pace through the agenda (discussion, activities, breaks, etc.).",5163,Strongly Agree
5d46e240-9c47-482f-b84d-cecbf49f77a1,Understanding and Undoing Implicit Bias (Virtual ILT),12406,INSTRUCTOR.NAME provided opportunities for questions and checked in for understanding,5175,Strongly Agree
1881df34-48f5-4284-9acd-e92dba0d4970,Understanding and Undoing Implicit Bias (Virtual ILT),12406,The skills practice activities showed me how to use this learning on the job.,4460,Strongly Agree
1881df34-48f5-4284-9acd-e92dba0d4970,Understanding and Undoing Implicit Bias (Virtual ILT),12406,"The instructional aids (forms, case scenarios, etc.) are very similar to real things I use on the job.",4472,Strongly Agree
1881df34-48f5-4284-9acd-e92dba0d4970,Understanding and Undoing Implicit Bias (Virtual ILT),12406,What could be done differently to improve your overall learning experience?,4517,
1881df34-48f5-4284-9acd-e92dba0d4970,Understanding and Undoing Implicit Bias (Virtual ILT),12406,My supervisor met with me to discuss the relevance of this learning program to my current job.,4519,No
1881df34-48f5-4284-9acd-e92dba0d4970,Understanding and Undoing Implicit Bias (Virtual ILT),12406,INSTRUCTOR.NAME provided clear explanations of new concepts,5169,Strongly Agree
1881df34-48f5-4284-9acd-e92dba0d4970,Understanding and Undoing Implicit Bias (Virtual ILT),12406,INSTRUCTOR.NAME provided opportunities for questions and checked in for understanding,5175,Strongly Agree
1881df34-48f5-4284-9acd-e92dba0d4970,Understanding and Undoing Implicit Bias (Virtual ILT),12406,How satisfied are you with the online interaction you had with the facilitators?,5315,Satisfied
1881df34-48f5-4284-9acd-e92dba0d4970,Understanding and Undoing Implicit Bias (Virtual ILT),12406,Apply debiasing strategies to undo individual implicit bias,5380,
cd0a19d0-b2bd-44a4-a9d5-f00357ed15cf,Understanding and Undoing Implicit Bias (Virtual ILT),12406,The skills practice activities showed me how to use this learning on the job.,4460,Strongly Agree
cd0a19d0-b2bd-44a4-a9d5-f00357ed15cf,Understanding and Undoing Implicit Bias (Virtual ILT),12406,What could be done differently to improve your overall learning experience?,4517,
cd0a19d0-b2bd-44a4-a9d5-f00357ed15cf,Understanding and Undoing Implicit Bias (Virtual ILT),12406,My supervisor met with me to discuss the relevance of this learning program to my current job.,4519,Yes
cd0a19d0-b2bd-44a4-a9d5-f00357ed15cf,Understanding and Undoing Implicit Bias (Virtual ILT),12406,"INSTRUCTOR.NAME maintained an effective pace through the agenda (discussion, activities, breaks, etc.).",5163,Strongly Agree
cd0a19d0-b2bd-44a4-a9d5-f00357ed15cf,Understanding and Undoing Implicit Bias (Virtual ILT),12406,How satisfied are you with taking this learning program in a virtual format?,5309,Satisfied
cd0a19d0-b2bd-44a4-a9d5-f00357ed15cf,Understanding and Undoing Implicit Bias (Virtual ILT),12406,How satisfied are you with the online interaction you had with other learners in this program?,5321,Satisfied
cd0a19d0-b2bd-44a4-a9d5-f00357ed15cf,Understanding and Undoing Implicit Bias (Virtual ILT),12406,"Draw connections between internalized oppression and trauma and their influence on institutional racism, structural inequity, and implicit bias",5374,Strongly Agree
cd0a19d0-b2bd-44a4-a9d5-f00357ed15cf,Understanding and Undoing Implicit Bias (Virtual ILT),12406,Apply debiasing strategies to undo individual implicit bias,5380,Strongly Agree
c67a6076-73ed-49e4-a61b-ff16df27440c,Understanding and Undoing Implicit Bias (Virtual ILT),12406,"The instructional aids (forms, case scenarios, etc.) are very similar to real things I use on the job.",4472,Agree
c67a6076-73ed-49e4-a61b-ff16df27440c,Understanding and Undoing Implicit Bias (Virtual ILT),12406,I believe this learning program will help me do my current job better.,4478,Agree
c67a6076-73ed-49e4-a61b-ff16df27440c,Understanding and Undoing Implicit Bias (Virtual ILT),12406,How satisfied are you with the Cornerstone learning management system?,4491,Satisfied
c67a6076-73ed-49e4-a61b-ff16df27440c,Understanding and Undoing Implicit Bias (Virtual ILT),12406,"On a scale of 0-10, how likely is it that you would recommend this learning program to a colleague? (0 = Not at all likely, 10 = Extremely likely)",4505,5
c67a6076-73ed-49e4-a61b-ff16df27440c,Understanding and Undoing Implicit Bias (Virtual ILT),12406,I felt comfortable using the video conferencing platform to participate in this learning program.,5011,Agree
c67a6076-73ed-49e4-a61b-ff16df27440c,Understanding and Undoing Implicit Bias (Virtual ILT),12406,INSTRUCTOR.NAME provided clear explanations of new concepts,5169,Agree
c67a6076-73ed-49e4-a61b-ff16df27440c,Understanding and Undoing Implicit Bias (Virtual ILT),12406,How satisfied are you with the online interaction you had with the facilitators?,5315,Satisfied
c67a6076-73ed-49e4-a61b-ff16df27440c,Understanding and Undoing Implicit Bias (Virtual ILT),12406,How satisfied are you with the online interaction you had with other learners in this program?,5321,
c67a6076-73ed-49e4-a61b-ff16df27440c,Understanding and Undoing Implicit Bias (Virtual ILT),12406,"Draw connections between internalized oppression and trauma and their influence on institutional racism, structural inequity, and implicit bias",5374,Agree
c67a6076-73ed-49e4-a61b-ff16df27440c,Understanding and Undoing Implicit Bias (Virtual ILT),12406,Apply debiasing strategies to undo individual implicit bias,5380,Strongly Agree
b9062e2d-66e8-41e2-8ce3-087f68c4dc5d,Understanding and Undoing Implicit Bias (Virtual ILT),12405,"Prior to today, I knew how this learning program was intended to impact my job performance.",4454,Strongly Agree
b9062e2d-66e8-41e2-8ce3-087f68c4dc5d,Understanding and Undoing Implicit Bias (Virtual ILT),12405,How satisfied are you with the Workforce Institute registration notifications and reminders?,4484,Extremely Satisfied
b9062e2d-66e8-41e2-8ce3-087f68c4dc5d,Understanding and Undoing Implicit Bias (Virtual ILT),12405,"On a scale of 0-10, how likely is it that you would recommend this learning program to a colleague? (0 = Not at all likely, 10 = Extremely likely)",4505,9
b9062e2d-66e8-41e2-8ce3-087f68c4dc5d,Understanding and Undoing Implicit Bias (Virtual ILT),12405,"In a typical workweek, how often will you apply knowledge or skills from this learning program? (In percentage of time on the job)",4520,Frequently (26-50% of the time)
b9062e2d-66e8-41e2-8ce3-087f68c4dc5d,Understanding and Undoing Implicit Bias (Virtual ILT),12405,INSTRUCTOR.NAME provided opportunities for questions and checked in for understanding,5175,Strongly Agree
b9062e2d-66e8-41e2-8ce3-087f68c4dc5d,Understanding and Undoing Implicit Bias (Virtual ILT),12405,INSTRUCTOR.NAME provided opportunities for questions and checked in for understanding,5175,Strongly Agree
b9062e2d-66e8-41e2-8ce3-087f68c4dc5d,Understanding and Undoing Implicit Bias (Virtual ILT),12405,Recall key implicit bias (IB) concepts and key points.,5362,Strongly Agree
d20be5b2-7507-45ae-8ed8-66bd61981690,Understanding and Undoing Implicit Bias (Virtual ILT),12405,The skills practice activities showed me how to use this learning on the job.,4460,Strongly Agree
d20be5b2-7507-45ae-8ed8-66bd61981690,Understanding and Undoing Implicit Bias (Virtual ILT),12405,I believe this learning program will help me do my current job better.,4478,Strongly Agree
d20be5b2-7507-45ae-8ed8-66bd61981690,Understanding and Undoing Implicit Bias (Virtual ILT),12405,Which other training topics or learning methods would support your job performance?,4526,
d20be5b2-7507-45ae-8ed8-66bd61981690,Understanding and Undoing Implicit Bias (Virtual ILT),12405,INSTRUCTOR.NAME provided clear explanations of new concepts,5169,Strongly Agree
d20be5b2-7507-45ae-8ed8-66bd61981690,Understanding and Undoing Implicit Bias (Virtual ILT),12405,How satisfied are you with taking this learning program in a virtual format?,5309,Extremely Satisfied
d20be5b2-7507-45ae-8ed8-66bd61981690,Understanding and Undoing Implicit Bias (Virtual ILT),12405,Analyze the current state of child welfare as it relates to racial disproportionality,5368,Strongly Agree
d20be5b2-7507-45ae-8ed8-66bd61981690,Understanding and Undoing Implicit Bias (Virtual ILT),12405,"Draw connections between internalized oppression and trauma and their influence on institutional racism, structural inequity, and implicit bias",5374,Strongly Agree
db0dfb92-7210-4238-8199-a235ea2b177c,Understanding and Undoing Implicit Bias (Virtual ILT),12405,"Prior to today, I knew how this learning program was intended to impact my job performance.",4454,Strongly Agree
db0dfb92-7210-4238-8199-a235ea2b177c,Understanding and Undoing Implicit Bias (Virtual ILT),12405,The skills practice activities showed me how to use this learning on the job.,4460,Strongly Agree
db0dfb92-7210-4238-8199-a235ea2b177c,Understanding and Undoing Implicit Bias (Virtual ILT),12405,How satisfied are you with the Workforce Institute registration notifications and reminders?,4484,Satisfied
db0dfb92-7210-4238-8199-a235ea2b177c,Understanding and Undoing Implicit Bias (Virtual ILT),12405,How satisfied are you with the Cornerstone learning management system?,4491,Satisfied
db0dfb92-7210-4238-8199-a235ea2b177c,Understanding and Undoing Implicit Bias (Virtual ILT),12405,Which other training topics or learning methods would support your job performance?,4526,N/A
db0dfb92-7210-4238-8199-a235ea2b177c,Understanding and Undoing Implicit Bias (Virtual ILT),12405,"INSTRUCTOR.NAME maintained an effective pace through the agenda (discussion, activities, breaks, etc.).",5163,Strongly Agree
db0dfb92-7210-4238-8199-a235ea2b177c,Understanding and Undoing Implicit Bias (Virtual ILT),12405,"INSTRUCTOR.NAME maintained an effective pace through the agenda (discussion, activities, breaks, etc.).",5163,Strongly Agree
db0dfb92-7210-4238-8199-a235ea2b177c,Understanding and Undoing Implicit Bias (Virtual ILT),12405,INSTRUCTOR.NAME provided clear explanations of new concepts,5169,Strongly Agree
db0dfb92-7210-4238-8199-a235ea2b177c,Understanding and Undoing Implicit Bias (Virtual ILT),12405,How satisfied are you with taking this learning program in a virtual format?,5309,Satisfied
db0dfb92-7210-4238-8199-a235ea2b177c,Understanding and Undoing Implicit Bias (Virtual ILT),12405,How satisfied are you with the online interaction you had with the facilitators?,5315,Satisfied
db0dfb92-7210-4238-8199-a235ea2b177c,Understanding and Undoing Implicit Bias (Virtual ILT),12405,Analyze the current state of child welfare as it relates to racial disproportionality,5368,Strongly Agree
9277f4b6-d9ef-4230-afad-ba2aa23106bc,Understanding and Undoing Implicit Bias (Virtual ILT),12405,How satisfied are you with the Workforce Institute Help Desk (phone and/or email support)?,4498,Extremely Satisfied
9277f4b6-d9ef-4230-afad-ba2aa23106bc,Understanding and Undoing Implicit Bias (Virtual ILT),12405,What could be done differently to improve your overall learning experience?,4517,
9277f4b6-d9ef-4230-afad-ba2aa23106bc,Understanding and Undoing Implicit Bias (Virtual ILT),12405,"INSTRUCTOR.NAME maintained an effective pace through the agenda (discussion, activities, breaks, etc.).",5163,Strongly Agree
9277f4b6-d9ef-4230-afad-ba2aa23106bc,Understanding and Undoing Implicit Bias (Virtual ILT),12405,INSTRUCTOR.NAME provided clear explanations of new concepts,5169,Strongly Agree
9eebb747-332f-4925-8a75-c55022b2746b,Understanding and Undoing Implicit Bias (Virtual ILT),12405,How satisfied are you with the Workforce Institute registration notifications and reminders?,4484,Satisfied
9eebb747-332f-4925-8a75-c55022b2746b,Understanding and Undoing Implicit Bias (Virtual ILT),12405,How satisfied are you with the Cornerstone learning management system?,4491,Satisfied
9eebb747-332f-4925-8a75-c55022b2746b,Understanding and Undoing Implicit Bias (Virtual ILT),12405,My supervisor met with me to discuss the relevance of this learning program to my current job.,4519,Yes
9eebb747-332f-4925-8a75-c55022b2746b,Understanding and Undoing Implicit Bias (Virtual ILT),12405,Which other training topics or learning methods would support your job performance?,4526,Any training pertaining to CPS daily involvement with families
9eebb747-332f-4925-8a75-c55022b2746b,Understanding and Undoing Implicit Bias (Virtual ILT),12405,Analyze the current state of child welfare as it relates to racial disproportionality,5368,Strongly Agree
dc716179-0e44-4b0e-ba6a-cf19d16373b3,Understanding and Undoing Implicit Bias (Virtual ILT),12405,"Prior to today, I knew how this learning program was intended to impact my job performance.",4454,Strongly Agree
dc716179-0e44-4b0e-ba6a-cf19d16373b3,Understanding and Undoing Implicit Bias (Virtual ILT),12405,Which other training topics or learning methods would support your job performance?,4526,n/a
dc716179-0e44-4b0e-ba6a-cf19d16373b3,Understanding and Undoing Implicit Bias (Virtual ILT),12405,"INSTRUCTOR.NAME maintained an effective pace through the agenda (discussion, activities, breaks, etc.).",5163,Strongly Agree
dc716179-0e44-4b0e-ba6a-cf19d16373b3,Understanding and Undoing Implicit Bias (Virtual ILT),12405,INSTRUCTOR.NAME provided opportunities for questions and checked in for understanding,5175,Strongly Agree
dc716179-0e44-4b0e-ba6a-cf19d16373b3,Understanding and Undoing Implicit Bias (Virtual ILT),12405,How satisfied are you with the online interaction you had with the facilitators?,5315,Extremely Satisfied
dc716179-0e44-4b0e-ba6a-cf19d16373b3,Understanding and Undoing Implicit Bias (Virtual ILT),12405,"Draw connections between internalized oppression and trauma and their influence on institutional racism, structural inequity, and implicit bias",5374,Strongly Agree
a0b2a541-e8b1-4667-9778-d85e9a392f2f,Understanding and Undoing Implicit Bias (Virtual ILT),12405,"Prior to today, I knew how this learning program was intended to impact my job performance.",4454,Neutral
a0b2a541-e8b1-4667-9778-d85e9a392f2f,Understanding and Undoing Implicit Bias (Virtual ILT),12405,The skills practice activities showed me how to use this learning on the job.,4460,Neutral
a0b2a541-e8b1-4667-9778-d85e9a392f2f,Understanding and Undoing Implicit Bias (Virtual ILT),12405,How satisfied are you with the Workforce Institute registration notifications and reminders?,4484,Extremely Satisfied
a0b2a541-e8b1-4667-9778-d85e9a392f2f,Understanding and Undoing Implicit Bias (Virtual ILT),12405,What could be done differently to improve your overall learning experience?,4517,
a0b2a541-e8b1-4667-9778-d85e9a392f2f,Understanding and Undoing Implicit Bias (Virtual ILT),12405,"In a typical workweek, how often will you apply knowledge or skills from this learning program? (In percentage of time on the job)",4520,Frequently (26-50% of the time)
a0b2a541-e8b1-4667-9778-d85e9a392f2f,Understanding and Undoing Implicit Bias (Virtual ILT),12405,I felt comfortable using the video conferencing platform to participate in this learning program.,5011,Strongly Agree
a0b2a541-e8b1-4667-9778-d85e9a392f2f,Understanding and Undoing Implicit Bias (Virtual ILT),12405,"INSTRUCTOR.NAME maintained an effective pace through the agenda (discussion, activities, breaks, etc.).",5163,Strongly Agree
a0b2a541-e8b1-4667-9778-d85e9a392f2f,Understanding and Undoing Implicit Bias (Virtual ILT),12405,"INSTRUCTOR.NAME maintained an effective pace through the agenda (discussion, activities, breaks, etc.).",5163,Strongly Agree
a0b2a541-e8b1-4667-9778-d85e9a392f2f,Understanding and Undoing Implicit Bias (Virtual ILT),12405,INSTRUCTOR.NAME provided clear explanations of new concepts,5169,Strongly Agree
a0b2a541-e8b1-4667-9778-d85e9a392f2f,Understanding and Undoing Implicit Bias (Virtual ILT),12405,INSTRUCTOR.NAME provided opportunities for questions and checked in for understanding,5175,Strongly Agree
a0b2a541-e8b1-4667-9778-d85e9a392f2f,Understanding and Undoing Implicit Bias (Virtual ILT),12405,"Draw connections between internalized oppression and trauma and their influence on institutional racism, structural inequity, and implicit bias",5374,Agree
c19a0e8a-0119-44e4-a408-ffdea762a02c,Understanding and Undoing Implicit Bias (Virtual ILT),12405,"Prior to today, I knew how this learning program was intended to impact my job performance.",4454,Neutral
c19a0e8a-0119-44e4-a408-ffdea762a02c,Understanding and Undoing Implicit Bias (Virtual ILT),12405,The skills practice activities showed me how to use this learning on the job.,4460,Strongly Agree
c19a0e8a-0119-44e4-a408-ffdea762a02c,Understanding and Undoing Implicit Bias (Virtual ILT),12405,I believe this learning program will help me do my current job better.,4478,Strongly Agree
c19a0e8a-0119-44e4-a408-ffdea762a02c,Understanding and Undoing Implicit Bias (Virtual ILT),12405,How satisfied are you with the Workforce Institute registration notifications and reminders?,4484,Satisfied
c19a0e8a-0119-44e4-a408-ffdea762a02c,Understanding and Undoing Implicit Bias (Virtual ILT),12405,"In a typical workweek, how often will you apply knowledge or skills from this learning program? (In percentage of time on the job)",4520,Almost Always (76-100% of the time)
c19a0e8a-0119-44e4-a408-ffdea762a02c,Understanding and Undoing Implicit Bias (Virtual ILT),12405,INSTRUCTOR.NAME provided opportunities for questions and checked in for understanding,5175,Strongly Agree
c19a0e8a-0119-44e4-a408-ffdea762a02c,Understanding and Undoing Implicit Bias (Virtual ILT),12405,How satisfied are you with the online interaction you had with other learners in this program?,5321,Extremely Satisfied
b9062e2d-66e8-41e2-8ce3-087f68c4dc5d,Understanding and Undoing Implicit Bias (Virtual ILT),12405,The skills practice activities showed me how to use this learning on the job.,4460,Strongly Agree
b9062e2d-66e8-41e2-8ce3-087f68c4dc5d,Understanding and Undoing Implicit Bias (Virtual ILT),12405,I believe this learning program will help me do my current job better.,4478,Strongly Agree
b9062e2d-66e8-41e2-8ce3-087f68c4dc5d,Understanding and Undoing Implicit Bias (Virtual ILT),12405,What could be done differently to improve your overall learning experience?,4517,
b9062e2d-66e8-41e2-8ce3-087f68c4dc5d,Understanding and Undoing Implicit Bias (Virtual ILT),12405,My supervisor met with me to discuss the relevance of this learning program to my current job.,4519,No
b9062e2d-66e8-41e2-8ce3-087f68c4dc5d,Understanding and Undoing Implicit Bias (Virtual ILT),12405,I felt comfortable using the video conferencing platform to participate in this learning program.,5011,Strongly Agree
b9062e2d-66e8-41e2-8ce3-087f68c4dc5d,Understanding and Undoing Implicit Bias (Virtual ILT),12405,How satisfied are you with taking this learning program in a virtual format?,5309,Satisfied
b9062e2d-66e8-41e2-8ce3-087f68c4dc5d,Understanding and Undoing Implicit Bias (Virtual ILT),12405,Analyze the current state of child welfare as it relates to racial disproportionality,5368,Strongly Agree
b9062e2d-66e8-41e2-8ce3-087f68c4dc5d,Understanding and Undoing Implicit Bias (Virtual ILT),12405,"Draw connections between internalized oppression and trauma and their influence on institutional racism, structural inequity, and implicit bias",5374,Strongly Agree
d20be5b2-7507-45ae-8ed8-66bd61981690,Understanding and Undoing Implicit Bias (Virtual ILT),12405,How satisfied are you with the Workforce Institute Help Desk (phone and/or email support)?,4498,N/A (did not access)
d20be5b2-7507-45ae-8ed8-66bd61981690,Understanding and Undoing Implicit Bias (Virtual ILT),12405,I felt comfortable using the video conferencing platform to participate in this learning program.,5011,Strongly Agree
d20be5b2-7507-45ae-8ed8-66bd61981690,Understanding and Undoing Implicit Bias (Virtual ILT),12405,How satisfied are you with the online interaction you had with the facilitators?,5315,Extremely Satisfied
d20be5b2-7507-45ae-8ed8-66bd61981690,Understanding and Undoing Implicit Bias (Virtual ILT),12405,How satisfied are you with the online interaction you had with other learners in this program?,5321,Extremely Satisfied
d20be5b2-7507-45ae-8ed8-66bd61981690,Understanding and Undoing Implicit Bias (Virtual ILT),12405,Recall key implicit bias (IB) concepts and key points.,5362,Strongly Agree
d20be5b2-7507-45ae-8ed8-66bd61981690,Understanding and Undoing Implicit Bias (Virtual ILT),12405,Apply debiasing strategies to undo individual implicit bias,5380,Strongly Agree
db0dfb92-7210-4238-8199-a235ea2b177c,Understanding and Undoing Implicit Bias (Virtual ILT),12405,"The instructional aids (forms, case scenarios, etc.) are very similar to real things I use on the job.",4472,Strongly Agree
db0dfb92-7210-4238-8199-a235ea2b177c,Understanding and Undoing Implicit Bias (Virtual ILT),12405,What could be done differently to improve your overall learning experience?,4517,N/A
db0dfb92-7210-4238-8199-a235ea2b177c,Understanding and Undoing Implicit Bias (Virtual ILT),12405,INSTRUCTOR.NAME provided opportunities for questions and checked in for understanding,5175,Strongly Agree
db0dfb92-7210-4238-8199-a235ea2b177c,Understanding and Undoing Implicit Bias (Virtual ILT),12405,How satisfied are you with the online interaction you had with other learners in this program?,5321,Satisfied
db0dfb92-7210-4238-8199-a235ea2b177c,Understanding and Undoing Implicit Bias (Virtual ILT),12405,"Draw connections between internalized oppression and trauma and their influence on institutional racism, structural inequity, and implicit bias",5374,Strongly Agree
9277f4b6-d9ef-4230-afad-ba2aa23106bc,Understanding and Undoing Implicit Bias (Virtual ILT),12405,"Prior to today, I knew how this learning program was intended to impact my job performance.",4454,Agree
9277f4b6-d9ef-4230-afad-ba2aa23106bc,Understanding and Undoing Implicit Bias (Virtual ILT),12405,How satisfied are you with the Workforce Institute registration notifications and reminders?,4484,Extremely Satisfied
9277f4b6-d9ef-4230-afad-ba2aa23106bc,Understanding and Undoing Implicit Bias (Virtual ILT),12405,How satisfied are you with the Cornerstone learning management system?,4491,Extremely Satisfied
9277f4b6-d9ef-4230-afad-ba2aa23106bc,Understanding and Undoing Implicit Bias (Virtual ILT),12405,"On a scale of 0-10, how likely is it that you would recommend this learning program to a colleague? (0 = Not at all likely, 10 = Extremely likely)",4505,10
9277f4b6-d9ef-4230-afad-ba2aa23106bc,Understanding and Undoing Implicit Bias (Virtual ILT),12405,"In a typical workweek, how often will you apply knowledge or skills from this learning program? (In percentage of time on the job)",4520,Almost Always (76-100% of the time)
9277f4b6-d9ef-4230-afad-ba2aa23106bc,Understanding and Undoing Implicit Bias (Virtual ILT),12405,Which other training topics or learning methods would support your job performance?,4526,debiasing strategies.
9277f4b6-d9ef-4230-afad-ba2aa23106bc,Understanding and Undoing Implicit Bias (Virtual ILT),12405,How satisfied are you with the online interaction you had with the facilitators?,5315,Extremely Satisfied
9277f4b6-d9ef-4230-afad-ba2aa23106bc,Understanding and Undoing Implicit Bias (Virtual ILT),12405,Analyze the current state of child welfare as it relates to racial disproportionality,5368,Strongly Agree
9277f4b6-d9ef-4230-afad-ba2aa23106bc,Understanding and Undoing Implicit Bias (Virtual ILT),12405,"Draw connections between internalized oppression and trauma and their influence on institutional racism, structural inequity, and implicit bias",5374,Strongly Agree
9eebb747-332f-4925-8a75-c55022b2746b,Understanding and Undoing Implicit Bias (Virtual ILT),12405,"In a typical workweek, how often will you apply knowledge or skills from this learning program? (In percentage of time on the job)",4520,Almost Always (76-100% of the time)
9eebb747-332f-4925-8a75-c55022b2746b,Understanding and Undoing Implicit Bias (Virtual ILT),12405,"INSTRUCTOR.NAME maintained an effective pace through the agenda (discussion, activities, breaks, etc.).",5163,Strongly Agree
9eebb747-332f-4925-8a75-c55022b2746b,Understanding and Undoing Implicit Bias (Virtual ILT),12405,INSTRUCTOR.NAME provided clear explanations of new concepts,5169,Strongly Agree
9eebb747-332f-4925-8a75-c55022b2746b,Understanding and Undoing Implicit Bias (Virtual ILT),12405,INSTRUCTOR.NAME provided opportunities for questions and checked in for understanding,5175,Strongly Agree
9eebb747-332f-4925-8a75-c55022b2746b,Understanding and Undoing Implicit Bias (Virtual ILT),12405,How satisfied are you with taking this learning program in a virtual format?,5309,Extremely Satisfied
9eebb747-332f-4925-8a75-c55022b2746b,Understanding and Undoing Implicit Bias (Virtual ILT),12405,How satisfied are you with the online interaction you had with the facilitators?,5315,Extremely Satisfied
9eebb747-332f-4925-8a75-c55022b2746b,Understanding and Undoing Implicit Bias (Virtual ILT),12405,Recall key implicit bias (IB) concepts and key points.,5362,Strongly Agree
9eebb747-332f-4925-8a75-c55022b2746b,Understanding and Undoing Implicit Bias (Virtual ILT),12405,Apply debiasing strategies to undo individual implicit bias,5380,Strongly Agree
dc716179-0e44-4b0e-ba6a-cf19d16373b3,Understanding and Undoing Implicit Bias (Virtual ILT),12405,How satisfied are you with the Workforce Institute Help Desk (phone and/or email support)?,4498,Extremely Satisfied
dc716179-0e44-4b0e-ba6a-cf19d16373b3,Understanding and Undoing Implicit Bias (Virtual ILT),12405,My supervisor met with me to discuss the relevance of this learning program to my current job.,4519,Yes
dc716179-0e44-4b0e-ba6a-cf19d16373b3,Understanding and Undoing Implicit Bias (Virtual ILT),12405,"In a typical workweek, how often will you apply knowledge or skills from this learning program? (In percentage of time on the job)",4520,Almost Always (76-100% of the time)
dc716179-0e44-4b0e-ba6a-cf19d16373b3,Understanding and Undoing Implicit Bias (Virtual ILT),12405,INSTRUCTOR.NAME provided clear explanations of new concepts,5169,Strongly Agree
dc716179-0e44-4b0e-ba6a-cf19d16373b3,Understanding and Undoing Implicit Bias (Virtual ILT),12405,INSTRUCTOR.NAME provided clear explanations of new concepts,5169,Strongly Agree
dc716179-0e44-4b0e-ba6a-cf19d16373b3,Understanding and Undoing Implicit Bias (Virtual ILT),12405,How satisfied are you with taking this learning program in a virtual format?,5309,Extremely Satisfied
a0b2a541-e8b1-4667-9778-d85e9a392f2f,Understanding and Undoing Implicit Bias (Virtual ILT),12405,How satisfied are you with the Workforce Institute Help Desk (phone and/or email support)?,4498,N/A (did not access)
a0b2a541-e8b1-4667-9778-d85e9a392f2f,Understanding and Undoing Implicit Bias (Virtual ILT),12405,My supervisor met with me to discuss the relevance of this learning program to my current job.,4519,No
a0b2a541-e8b1-4667-9778-d85e9a392f2f,Understanding and Undoing Implicit Bias (Virtual ILT),12405,INSTRUCTOR.NAME provided opportunities for questions and checked in for understanding,5175,Strongly Agree
c19a0e8a-0119-44e4-a408-ffdea762a02c,Understanding and Undoing Implicit Bias (Virtual ILT),12405,How satisfied are you with the Cornerstone learning management system?,4491,Satisfied
c19a0e8a-0119-44e4-a408-ffdea762a02c,Understanding and Undoing Implicit Bias (Virtual ILT),12405,How satisfied are you with the Workforce Institute Help Desk (phone and/or email support)?,4498,Neutral
c19a0e8a-0119-44e4-a408-ffdea762a02c,Understanding and Undoing Implicit Bias (Virtual ILT),12405,Recall key implicit bias (IB) concepts and key points.,5362,Agree
c19a0e8a-0119-44e4-a408-ffdea762a02c,Understanding and Undoing Implicit Bias (Virtual ILT),12405,"Draw connections between internalized oppression and trauma and their influence on institutional racism, structural inequity, and implicit bias",5374,Strongly Agree
c19a0e8a-0119-44e4-a408-ffdea762a02c,Understanding and Undoing Implicit Bias (Virtual ILT),12405,Apply debiasing strategies to undo individual implicit bias,5380,Strongly Agree
b9062e2d-66e8-41e2-8ce3-087f68c4dc5d,Understanding and Undoing Implicit Bias (Virtual ILT),12405,"The instructional aids (forms, case scenarios, etc.) are very similar to real things I use on the job.",4472,Strongly Agree
b9062e2d-66e8-41e2-8ce3-087f68c4dc5d,Understanding and Undoing Implicit Bias (Virtual ILT),12405,Which other training topics or learning methods would support your job performance?,4526,
b9062e2d-66e8-41e2-8ce3-087f68c4dc5d,Understanding and Undoing Implicit Bias (Virtual ILT),12405,"INSTRUCTOR.NAME maintained an effective pace through the agenda (discussion, activities, breaks, etc.).",5163,Strongly Agree
b9062e2d-66e8-41e2-8ce3-087f68c4dc5d,Understanding and Undoing Implicit Bias (Virtual ILT),12405,"INSTRUCTOR.NAME maintained an effective pace through the agenda (discussion, activities, breaks, etc.).",5163,Strongly Agree
b9062e2d-66e8-41e2-8ce3-087f68c4dc5d,Understanding and Undoing Implicit Bias (Virtual ILT),12405,INSTRUCTOR.NAME provided clear explanations of new concepts,5169,Strongly Agree
b9062e2d-66e8-41e2-8ce3-087f68c4dc5d,Understanding and Undoing Implicit Bias (Virtual ILT),12405,How satisfied are you with the online interaction you had with the facilitators?,5315,Satisfied
b9062e2d-66e8-41e2-8ce3-087f68c4dc5d,Understanding and Undoing Implicit Bias (Virtual ILT),12405,Apply debiasing strategies to undo individual implicit bias,5380,Strongly Agree
d20be5b2-7507-45ae-8ed8-66bd61981690,Understanding and Undoing Implicit Bias (Virtual ILT),12405,How satisfied are you with the Workforce Institute registration notifications and reminders?,4484,Extremely Satisfied
d20be5b2-7507-45ae-8ed8-66bd61981690,Understanding and Undoing Implicit Bias (Virtual ILT),12405,My supervisor met with me to discuss the relevance of this learning program to my current job.,4519,Yes
d20be5b2-7507-45ae-8ed8-66bd61981690,Understanding and Undoing Implicit Bias (Virtual ILT),12405,"In a typical workweek, how often will you apply knowledge or skills from this learning program? (In percentage of time on the job)",4520,Almost Always (76-100% of the time)
d20be5b2-7507-45ae-8ed8-66bd61981690,Understanding and Undoing Implicit Bias (Virtual ILT),12405,INSTRUCTOR.NAME provided clear explanations of new concepts,5169,Strongly Agree
db0dfb92-7210-4238-8199-a235ea2b177c,Understanding and Undoing Implicit Bias (Virtual ILT),12405,I believe this learning program will help me do my current job better.,4478,Strongly Agree
db0dfb92-7210-4238-8199-a235ea2b177c,Understanding and Undoing Implicit Bias (Virtual ILT),12405,"On a scale of 0-10, how likely is it that you would recommend this learning program to a colleague? (0 = Not at all likely, 10 = Extremely likely)",4505,9
db0dfb92-7210-4238-8199-a235ea2b177c,Understanding and Undoing Implicit Bias (Virtual ILT),12405,Recall key implicit bias (IB) concepts and key points.,5362,Strongly Agree
9277f4b6-d9ef-4230-afad-ba2aa23106bc,Understanding and Undoing Implicit Bias (Virtual ILT),12405,"The instructional aids (forms, case scenarios, etc.) are very similar to real things I use on the job.",4472,Strongly Agree
9277f4b6-d9ef-4230-afad-ba2aa23106bc,Understanding and Undoing Implicit Bias (Virtual ILT),12405,My supervisor met with me to discuss the relevance of this learning program to my current job.,4519,No
9277f4b6-d9ef-4230-afad-ba2aa23106bc,Understanding and Undoing Implicit Bias (Virtual ILT),12405,I felt comfortable using the video conferencing platform to participate in this learning program.,5011,Strongly Agree
9277f4b6-d9ef-4230-afad-ba2aa23106bc,Understanding and Undoing Implicit Bias (Virtual ILT),12405,"INSTRUCTOR.NAME maintained an effective pace through the agenda (discussion, activities, breaks, etc.).",5163,Strongly Agree
9277f4b6-d9ef-4230-afad-ba2aa23106bc,Understanding and Undoing Implicit Bias (Virtual ILT),12405,INSTRUCTOR.NAME provided opportunities for questions and checked in for understanding,5175,Strongly Agree
9277f4b6-d9ef-4230-afad-ba2aa23106bc,Understanding and Undoing Implicit Bias (Virtual ILT),12405,How satisfied are you with taking this learning program in a virtual format?,5309,Extremely Satisfied
9277f4b6-d9ef-4230-afad-ba2aa23106bc,Understanding and Undoing Implicit Bias (Virtual ILT),12405,How satisfied are you with the online interaction you had with other learners in this program?,5321,Extremely Satisfied
9277f4b6-d9ef-4230-afad-ba2aa23106bc,Understanding and Undoing Implicit Bias (Virtual ILT),12405,Recall key implicit bias (IB) concepts and key points.,5362,Strongly Agree
9277f4b6-d9ef-4230-afad-ba2aa23106bc,Understanding and Undoing Implicit Bias (Virtual ILT),12405,Apply debiasing strategies to undo individual implicit bias,5380,Strongly Agree
9eebb747-332f-4925-8a75-c55022b2746b,Understanding and Undoing Implicit Bias (Virtual ILT),12405,"Prior to today, I knew how this learning program was intended to impact my job performance.",4454,Agree
9eebb747-332f-4925-8a75-c55022b2746b,Understanding and Undoing Implicit Bias (Virtual ILT),12405,I believe this learning program will help me do my current job better.,4478,Strongly Agree
9eebb747-332f-4925-8a75-c55022b2746b,Understanding and Undoing Implicit Bias (Virtual ILT),12405,"On a scale of 0-10, how likely is it that you would recommend this learning program to a colleague? (0 = Not at all likely, 10 = Extremely likely)",4505,10
9eebb747-332f-4925-8a75-c55022b2746b,Understanding and Undoing Implicit Bias (Virtual ILT),12405,INSTRUCTOR.NAME provided opportunities for questions and checked in for understanding,5175,Strongly Agree
9eebb747-332f-4925-8a75-c55022b2746b,Understanding and Undoing Implicit Bias (Virtual ILT),12405,How satisfied are you with the online interaction you had with other learners in this program?,5321,Extremely Satisfied
9eebb747-332f-4925-8a75-c55022b2746b,Understanding and Undoing Implicit Bias (Virtual ILT),12405,"Draw connections between internalized oppression and trauma and their influence on institutional racism, structural inequity, and implicit bias",5374,Strongly Agree
dc716179-0e44-4b0e-ba6a-cf19d16373b3,Understanding and Undoing Implicit Bias (Virtual ILT),12405,"On a scale of 0-10, how likely is it that you would recommend this learning program to a colleague? (0 = Not at all likely, 10 = Extremely likely)",4505,10
dc716179-0e44-4b0e-ba6a-cf19d16373b3,Understanding and Undoing Implicit Bias (Virtual ILT),12405,What could be done differently to improve your overall learning experience?,4517,nothing
dc716179-0e44-4b0e-ba6a-cf19d16373b3,Understanding and Undoing Implicit Bias (Virtual ILT),12405,INSTRUCTOR.NAME provided opportunities for questions and checked in for understanding,5175,Strongly Agree
dc716179-0e44-4b0e-ba6a-cf19d16373b3,Understanding and Undoing Implicit Bias (Virtual ILT),12405,Analyze the current state of child welfare as it relates to racial disproportionality,5368,Strongly Agree
dc716179-0e44-4b0e-ba6a-cf19d16373b3,Understanding and Undoing Implicit Bias (Virtual ILT),12405,Apply debiasing strategies to undo individual implicit bias,5380,Strongly Agree
a0b2a541-e8b1-4667-9778-d85e9a392f2f,Understanding and Undoing Implicit Bias (Virtual ILT),12405,"The instructional aids (forms, case scenarios, etc.) are very similar to real things I use on the job.",4472,Neutral
a0b2a541-e8b1-4667-9778-d85e9a392f2f,Understanding and Undoing Implicit Bias (Virtual ILT),12405,How satisfied are you with the Cornerstone learning management system?,4491,Extremely Satisfied
a0b2a541-e8b1-4667-9778-d85e9a392f2f,Understanding and Undoing Implicit Bias (Virtual ILT),12405,How satisfied are you with the online interaction you had with the facilitators?,5315,Extremely Satisfied
a0b2a541-e8b1-4667-9778-d85e9a392f2f,Understanding and Undoing Implicit Bias (Virtual ILT),12405,How satisfied are you with the online interaction you had with other learners in this program?,5321,Extremely Satisfied
a0b2a541-e8b1-4667-9778-d85e9a392f2f,Understanding and Undoing Implicit Bias (Virtual ILT),12405,Recall key implicit bias (IB) concepts and key points.,5362,Agree
a0b2a541-e8b1-4667-9778-d85e9a392f2f,Understanding and Undoing Implicit Bias (Virtual ILT),12405,Analyze the current state of child welfare as it relates to racial disproportionality,5368,Agree
a0b2a541-e8b1-4667-9778-d85e9a392f2f,Understanding and Undoing Implicit Bias (Virtual ILT),12405,Apply debiasing strategies to undo individual implicit bias,5380,Agree
c19a0e8a-0119-44e4-a408-ffdea762a02c,Understanding and Undoing Implicit Bias (Virtual ILT),12405,"On a scale of 0-10, how likely is it that you would recommend this learning program to a colleague? (0 = Not at all likely, 10 = Extremely likely)",4505,10
c19a0e8a-0119-44e4-a408-ffdea762a02c,Understanding and Undoing Implicit Bias (Virtual ILT),12405,I felt comfortable using the video conferencing platform to participate in this learning program.,5011,Agree
c19a0e8a-0119-44e4-a408-ffdea762a02c,Understanding and Undoing Implicit Bias (Virtual ILT),12405,"INSTRUCTOR.NAME maintained an effective pace through the agenda (discussion, activities, breaks, etc.).",5163,Strongly Agree
c19a0e8a-0119-44e4-a408-ffdea762a02c,Understanding and Undoing Implicit Bias (Virtual ILT),12405,"INSTRUCTOR.NAME maintained an effective pace through the agenda (discussion, activities, breaks, etc.).",5163,
c19a0e8a-0119-44e4-a408-ffdea762a02c,Understanding and Undoing Implicit Bias (Virtual ILT),12405,INSTRUCTOR.NAME provided opportunities for questions and checked in for understanding,5175,Strongly Agree
c19a0e8a-0119-44e4-a408-ffdea762a02c,Understanding and Undoing Implicit Bias (Virtual ILT),12405,How satisfied are you with the online interaction you had with the facilitators?,5315,Extremely Satisfied
c19a0e8a-0119-44e4-a408-ffdea762a02c,Understanding and Undoing Implicit Bias (Virtual ILT),12405,Analyze the current state of child welfare as it relates to racial disproportionality,5368,Agree
b9062e2d-66e8-41e2-8ce3-087f68c4dc5d,Understanding and Undoing Implicit Bias (Virtual ILT),12405,How satisfied are you with the Cornerstone learning management system?,4491,Extremely Satisfied
b9062e2d-66e8-41e2-8ce3-087f68c4dc5d,Understanding and Undoing Implicit Bias (Virtual ILT),12405,How satisfied are you with the Workforce Institute Help Desk (phone and/or email support)?,4498,Extremely Satisfied
b9062e2d-66e8-41e2-8ce3-087f68c4dc5d,Understanding and Undoing Implicit Bias (Virtual ILT),12405,INSTRUCTOR.NAME provided clear explanations of new concepts,5169,Strongly Agree
b9062e2d-66e8-41e2-8ce3-087f68c4dc5d,Understanding and Undoing Implicit Bias (Virtual ILT),12405,How satisfied are you with the online interaction you had with other learners in this program?,5321,Satisfied
d20be5b2-7507-45ae-8ed8-66bd61981690,Understanding and Undoing Implicit Bias (Virtual ILT),12405,"Prior to today, I knew how this learning program was intended to impact my job performance.",4454,Strongly Agree
d20be5b2-7507-45ae-8ed8-66bd61981690,Understanding and Undoing Implicit Bias (Virtual ILT),12405,"The instructional aids (forms, case scenarios, etc.) are very similar to real things I use on the job.",4472,Strongly Agree
d20be5b2-7507-45ae-8ed8-66bd61981690,Understanding and Undoing Implicit Bias (Virtual ILT),12405,How satisfied are you with the Cornerstone learning management system?,4491,Extremely Satisfied
d20be5b2-7507-45ae-8ed8-66bd61981690,Understanding and Undoing Implicit Bias (Virtual ILT),12405,"On a scale of 0-10, how likely is it that you would recommend this learning program to a colleague? (0 = Not at all likely, 10 = Extremely likely)",4505,10
d20be5b2-7507-45ae-8ed8-66bd61981690,Understanding and Undoing Implicit Bias (Virtual ILT),12405,What could be done differently to improve your overall learning experience?,4517,
d20be5b2-7507-45ae-8ed8-66bd61981690,Understanding and Undoing Implicit Bias (Virtual ILT),12405,"INSTRUCTOR.NAME maintained an effective pace through the agenda (discussion, activities, breaks, etc.).",5163,Strongly Agree
d20be5b2-7507-45ae-8ed8-66bd61981690,Understanding and Undoing Implicit Bias (Virtual ILT),12405,"INSTRUCTOR.NAME maintained an effective pace through the agenda (discussion, activities, breaks, etc.).",5163,Strongly Agree
d20be5b2-7507-45ae-8ed8-66bd61981690,Understanding and Undoing Implicit Bias (Virtual ILT),12405,INSTRUCTOR.NAME provided opportunities for questions and checked in for understanding,5175,Strongly Agree
d20be5b2-7507-45ae-8ed8-66bd61981690,Understanding and Undoing Implicit Bias (Virtual ILT),12405,INSTRUCTOR.NAME provided opportunities for questions and checked in for understanding,5175,Strongly Agree
db0dfb92-7210-4238-8199-a235ea2b177c,Understanding and Undoing Implicit Bias (Virtual ILT),12405,How satisfied are you with the Workforce Institute Help Desk (phone and/or email support)?,4498,Satisfied
db0dfb92-7210-4238-8199-a235ea2b177c,Understanding and Undoing Implicit Bias (Virtual ILT),12405,My supervisor met with me to discuss the relevance of this learning program to my current job.,4519,Yes
db0dfb92-7210-4238-8199-a235ea2b177c,Understanding and Undoing Implicit Bias (Virtual ILT),12405,"In a typical workweek, how often will you apply knowledge or skills from this learning program? (In percentage of time on the job)",4520,Almost Always (76-100% of the time)
db0dfb92-7210-4238-8199-a235ea2b177c,Understanding and Undoing Implicit Bias (Virtual ILT),12405,I felt comfortable using the video conferencing platform to participate in this learning program.,5011,Strongly Agree
db0dfb92-7210-4238-8199-a235ea2b177c,Understanding and Undoing Implicit Bias (Virtual ILT),12405,INSTRUCTOR.NAME provided clear explanations of new concepts,5169,Strongly Agree
db0dfb92-7210-4238-8199-a235ea2b177c,Understanding and Undoing Implicit Bias (Virtual ILT),12405,INSTRUCTOR.NAME provided opportunities for questions and checked in for understanding,5175,Strongly Agree
db0dfb92-7210-4238-8199-a235ea2b177c,Understanding and Undoing Implicit Bias (Virtual ILT),12405,Apply debiasing strategies to undo individual implicit bias,5380,Strongly Agree
9277f4b6-d9ef-4230-afad-ba2aa23106bc,Understanding and Undoing Implicit Bias (Virtual ILT),12405,The skills practice activities showed me how to use this learning on the job.,4460,Strongly Agree
9277f4b6-d9ef-4230-afad-ba2aa23106bc,Understanding and Undoing Implicit Bias (Virtual ILT),12405,I believe this learning program will help me do my current job better.,4478,Strongly Agree
9277f4b6-d9ef-4230-afad-ba2aa23106bc,Understanding and Undoing Implicit Bias (Virtual ILT),12405,INSTRUCTOR.NAME provided clear explanations of new concepts,5169,Strongly Agree
9277f4b6-d9ef-4230-afad-ba2aa23106bc,Understanding and Undoing Implicit Bias (Virtual ILT),12405,INSTRUCTOR.NAME provided opportunities for questions and checked in for understanding,5175,Strongly Agree
9eebb747-332f-4925-8a75-c55022b2746b,Understanding and Undoing Implicit Bias (Virtual ILT),12405,The skills practice activities showed me how to use this learning on the job.,4460,Strongly Agree
9eebb747-332f-4925-8a75-c55022b2746b,Understanding and Undoing Implicit Bias (Virtual ILT),12405,"The instructional aids (forms, case scenarios, etc.) are very similar to real things I use on the job.",4472,Strongly Agree
9eebb747-332f-4925-8a75-c55022b2746b,Understanding and Undoing Implicit Bias (Virtual ILT),12405,How satisfied are you with the Workforce Institute Help Desk (phone and/or email support)?,4498,Neutral
9eebb747-332f-4925-8a75-c55022b2746b,Understanding and Undoing Implicit Bias (Virtual ILT),12405,What could be done differently to improve your overall learning experience?,4517,"More videos, and scenario"
9eebb747-332f-4925-8a75-c55022b2746b,Understanding and Undoing Implicit Bias (Virtual ILT),12405,I felt comfortable using the video conferencing platform to participate in this learning program.,5011,Strongly Agree
9eebb747-332f-4925-8a75-c55022b2746b,Understanding and Undoing Implicit Bias (Virtual ILT),12405,"INSTRUCTOR.NAME maintained an effective pace through the agenda (discussion, activities, breaks, etc.).",5163,Strongly Agree
9eebb747-332f-4925-8a75-c55022b2746b,Understanding and Undoing Implicit Bias (Virtual ILT),12405,INSTRUCTOR.NAME provided clear explanations of new concepts,5169,Strongly Agree
dc716179-0e44-4b0e-ba6a-cf19d16373b3,Understanding and Undoing Implicit Bias (Virtual ILT),12405,The skills practice activities showed me how to use this learning on the job.,4460,Strongly Agree
dc716179-0e44-4b0e-ba6a-cf19d16373b3,Understanding and Undoing Implicit Bias (Virtual ILT),12405,"The instructional aids (forms, case scenarios, etc.) are very similar to real things I use on the job.",4472,Strongly Agree
dc716179-0e44-4b0e-ba6a-cf19d16373b3,Understanding and Undoing Implicit Bias (Virtual ILT),12405,I believe this learning program will help me do my current job better.,4478,Strongly Agree
dc716179-0e44-4b0e-ba6a-cf19d16373b3,Understanding and Undoing Implicit Bias (Virtual ILT),12405,How satisfied are you with the Workforce Institute registration notifications and reminders?,4484,Extremely Satisfied
dc716179-0e44-4b0e-ba6a-cf19d16373b3,Understanding and Undoing Implicit Bias (Virtual ILT),12405,How satisfied are you with the Cornerstone learning management system?,4491,Extremely Satisfied
dc716179-0e44-4b0e-ba6a-cf19d16373b3,Understanding and Undoing Implicit Bias (Virtual ILT),12405,I felt comfortable using the video conferencing platform to participate in this learning program.,5011,
dc716179-0e44-4b0e-ba6a-cf19d16373b3,Understanding and Undoing Implicit Bias (Virtual ILT),12405,"INSTRUCTOR.NAME maintained an effective pace through the agenda (discussion, activities, breaks, etc.).",5163,
dc716179-0e44-4b0e-ba6a-cf19d16373b3,Understanding and Undoing Implicit Bias (Virtual ILT),12405,How satisfied are you with the online interaction you had with other learners in this program?,5321,Extremely Satisfied
dc716179-0e44-4b0e-ba6a-cf19d16373b3,Understanding and Undoing Implicit Bias (Virtual ILT),12405,Recall key implicit bias (IB) concepts and key points.,5362,Strongly Agree
a0b2a541-e8b1-4667-9778-d85e9a392f2f,Understanding and Undoing Implicit Bias (Virtual ILT),12405,I believe this learning program will help me do my current job better.,4478,Agree
a0b2a541-e8b1-4667-9778-d85e9a392f2f,Understanding and Undoing Implicit Bias (Virtual ILT),12405,"On a scale of 0-10, how likely is it that you would recommend this learning program to a colleague? (0 = Not at all likely, 10 = Extremely likely)",4505,10
a0b2a541-e8b1-4667-9778-d85e9a392f2f,Understanding and Undoing Implicit Bias (Virtual ILT),12405,Which other training topics or learning methods would support your job performance?,4526,
a0b2a541-e8b1-4667-9778-d85e9a392f2f,Understanding and Undoing Implicit Bias (Virtual ILT),12405,INSTRUCTOR.NAME provided clear explanations of new concepts,5169,Strongly Agree
a0b2a541-e8b1-4667-9778-d85e9a392f2f,Understanding and Undoing Implicit Bias (Virtual ILT),12405,How satisfied are you with taking this learning program in a virtual format?,5309,Extremely Satisfied
c19a0e8a-0119-44e4-a408-ffdea762a02c,Understanding and Undoing Implicit Bias (Virtual ILT),12405,"The instructional aids (forms, case scenarios, etc.) are very similar to real things I use on the job.",4472,Strongly Agree
c19a0e8a-0119-44e4-a408-ffdea762a02c,Understanding and Undoing Implicit Bias (Virtual ILT),12405,What could be done differently to improve your overall learning experience?,4517,
c19a0e8a-0119-44e4-a408-ffdea762a02c,Understanding and Undoing Implicit Bias (Virtual ILT),12405,My supervisor met with me to discuss the relevance of this learning program to my current job.,4519,Yes
c19a0e8a-0119-44e4-a408-ffdea762a02c,Understanding and Undoing Implicit Bias (Virtual ILT),12405,Which other training topics or learning methods would support your job performance?,4526,
c19a0e8a-0119-44e4-a408-ffdea762a02c,Understanding and Undoing Implicit Bias (Virtual ILT),12405,INSTRUCTOR.NAME provided clear explanations of new concepts,5169,Strongly Agree
c19a0e8a-0119-44e4-a408-ffdea762a02c,Understanding and Undoing Implicit Bias (Virtual ILT),12405,INSTRUCTOR.NAME provided clear explanations of new concepts,5169,Strongly Agree
c19a0e8a-0119-44e4-a408-ffdea762a02c,Understanding and Undoing Implicit Bias (Virtual ILT),12405,How satisfied are you with taking this learning program in a virtual format?,5309,Extremely Satisfied
3acc0d6d-4dbf-4d20-9f50-0332a47eebb1,Understanding and Undoing Implicit Bias (Virtual ILT),12404,"Prior to today, I knew how this learning program was intended to impact my job performance.",4454,Strongly Agree
3acc0d6d-4dbf-4d20-9f50-0332a47eebb1,Understanding and Undoing Implicit Bias (Virtual ILT),12404,The skills practice activities showed me how to use this learning on the job.,4460,Agree
3acc0d6d-4dbf-4d20-9f50-0332a47eebb1,Understanding and Undoing Implicit Bias (Virtual ILT),12404,"Draw connections between internalized oppression and trauma and their influence on institutional racism, structural inequity, and implicit bias",5374,Agree
c144bce0-eb48-4fb8-893f-04343d06abc2,Understanding and Undoing Implicit Bias (Virtual ILT),12404,How satisfied are you with the Cornerstone learning management system?,4491,Extremely Satisfied
c144bce0-eb48-4fb8-893f-04343d06abc2,Understanding and Undoing Implicit Bias (Virtual ILT),12404,"On a scale of 0-10, how likely is it that you would recommend this learning program to a colleague? (0 = Not at all likely, 10 = Extremely likely)",4505,10
c144bce0-eb48-4fb8-893f-04343d06abc2,Understanding and Undoing Implicit Bias (Virtual ILT),12404,Which other training topics or learning methods would support your job performance?,4526,
24a7d45f-6cd5-4f02-b205-0d29197f82c6,Understanding and Undoing Implicit Bias (Virtual ILT),12404,How satisfied are you with the Cornerstone learning management system?,4491,Satisfied
24a7d45f-6cd5-4f02-b205-0d29197f82c6,Understanding and Undoing Implicit Bias (Virtual ILT),12404,My supervisor met with me to discuss the relevance of this learning program to my current job.,4519,No
24a7d45f-6cd5-4f02-b205-0d29197f82c6,Understanding and Undoing Implicit Bias (Virtual ILT),12404,Which other training topics or learning methods would support your job performance?,4526,
24a7d45f-6cd5-4f02-b205-0d29197f82c6,Understanding and Undoing Implicit Bias (Virtual ILT),12404,"INSTRUCTOR.NAME maintained an effective pace through the agenda (discussion, activities, breaks, etc.).",5163,Strongly Agree
24a7d45f-6cd5-4f02-b205-0d29197f82c6,Understanding and Undoing Implicit Bias (Virtual ILT),12404,INSTRUCTOR.NAME provided clear explanations of new concepts,5169,Strongly Agree
24a7d45f-6cd5-4f02-b205-0d29197f82c6,Understanding and Undoing Implicit Bias (Virtual ILT),12404,INSTRUCTOR.NAME provided opportunities for questions and checked in for understanding,5175,Strongly Agree
5c3af263-2a0c-4132-b59f-2b1319c2d21a,Understanding and Undoing Implicit Bias (Virtual ILT),12404,The skills practice activities showed me how to use this learning on the job.,4460,Agree
5c3af263-2a0c-4132-b59f-2b1319c2d21a,Understanding and Undoing Implicit Bias (Virtual ILT),12404,I felt comfortable using the video conferencing platform to participate in this learning program.,5011,Strongly Agree
5c3af263-2a0c-4132-b59f-2b1319c2d21a,Understanding and Undoing Implicit Bias (Virtual ILT),12404,"INSTRUCTOR.NAME maintained an effective pace through the agenda (discussion, activities, breaks, etc.).",5163,Agree
5c3af263-2a0c-4132-b59f-2b1319c2d21a,Understanding and Undoing Implicit Bias (Virtual ILT),12404,How satisfied are you with the online interaction you had with the facilitators?,5315,Extremely Satisfied
5c3af263-2a0c-4132-b59f-2b1319c2d21a,Understanding and Undoing Implicit Bias (Virtual ILT),12404,Analyze the current state of child welfare as it relates to racial disproportionality,5368,Agree
3be7370b-f151-44cf-9d0c-3b3c76575fb1,Understanding and Undoing Implicit Bias (Virtual ILT),12404,I believe this learning program will help me do my current job better.,4478,Neutral
3be7370b-f151-44cf-9d0c-3b3c76575fb1,Understanding and Undoing Implicit Bias (Virtual ILT),12404,What could be done differently to improve your overall learning experience?,4517,
3be7370b-f151-44cf-9d0c-3b3c76575fb1,Understanding and Undoing Implicit Bias (Virtual ILT),12404,"INSTRUCTOR.NAME maintained an effective pace through the agenda (discussion, activities, breaks, etc.).",5163,Agree
3be7370b-f151-44cf-9d0c-3b3c76575fb1,Understanding and Undoing Implicit Bias (Virtual ILT),12404,INSTRUCTOR.NAME provided opportunities for questions and checked in for understanding,5175,Agree
3be7370b-f151-44cf-9d0c-3b3c76575fb1,Understanding and Undoing Implicit Bias (Virtual ILT),12404,How satisfied are you with the online interaction you had with the facilitators?,5315,Extremely Satisfied
3be7370b-f151-44cf-9d0c-3b3c76575fb1,Understanding and Undoing Implicit Bias (Virtual ILT),12404,Analyze the current state of child welfare as it relates to racial disproportionality,5368,Strongly Agree
3be7370b-f151-44cf-9d0c-3b3c76575fb1,Understanding and Undoing Implicit Bias (Virtual ILT),12404,"Draw connections between internalized oppression and trauma and their influence on institutional racism, structural inequity, and implicit bias",5374,Strongly Agree
3be7370b-f151-44cf-9d0c-3b3c76575fb1,Understanding and Undoing Implicit Bias (Virtual ILT),12404,Apply debiasing strategies to undo individual implicit bias,5380,Strongly Agree
f91eb599-269a-4cbb-8ee6-3fb9b28916e7,Understanding and Undoing Implicit Bias (Virtual ILT),12404,The skills practice activities showed me how to use this learning on the job.,4460,Neutral
f91eb599-269a-4cbb-8ee6-3fb9b28916e7,Understanding and Undoing Implicit Bias (Virtual ILT),12404,I believe this learning program will help me do my current job better.,4478,Neutral
f91eb599-269a-4cbb-8ee6-3fb9b28916e7,Understanding and Undoing Implicit Bias (Virtual ILT),12404,I felt comfortable using the video conferencing platform to participate in this learning program.,5011,Strongly Agree
f91eb599-269a-4cbb-8ee6-3fb9b28916e7,Understanding and Undoing Implicit Bias (Virtual ILT),12404,INSTRUCTOR.NAME provided clear explanations of new concepts,5169,Agree
f91eb599-269a-4cbb-8ee6-3fb9b28916e7,Understanding and Undoing Implicit Bias (Virtual ILT),12404,INSTRUCTOR.NAME provided clear explanations of new concepts,5169,Agree
f91eb599-269a-4cbb-8ee6-3fb9b28916e7,Understanding and Undoing Implicit Bias (Virtual ILT),12404,INSTRUCTOR.NAME provided opportunities for questions and checked in for understanding,5175,Agree
45aea739-83ae-4afd-a76b-5b32165b755e,Understanding and Undoing Implicit Bias (Virtual ILT),12404,"Prior to today, I knew how this learning program was intended to impact my job performance.",4454,Neutral
45aea739-83ae-4afd-a76b-5b32165b755e,Understanding and Undoing Implicit Bias (Virtual ILT),12404,The skills practice activities showed me how to use this learning on the job.,4460,Neutral
45aea739-83ae-4afd-a76b-5b32165b755e,Understanding and Undoing Implicit Bias (Virtual ILT),12404,"The instructional aids (forms, case scenarios, etc.) are very similar to real things I use on the job.",4472,Neutral
45aea739-83ae-4afd-a76b-5b32165b755e,Understanding and Undoing Implicit Bias (Virtual ILT),12404,Apply debiasing strategies to undo individual implicit bias,5380,Neutral
bfdd215b-c07f-4133-a696-9398e5cd000a,Understanding and Undoing Implicit Bias (Virtual ILT),12404,"Prior to today, I knew how this learning program was intended to impact my job performance.",4454,Agree
bfdd215b-c07f-4133-a696-9398e5cd000a,Understanding and Undoing Implicit Bias (Virtual ILT),12404,"On a scale of 0-10, how likely is it that you would recommend this learning program to a colleague? (0 = Not at all likely, 10 = Extremely likely)",4505,10
bfdd215b-c07f-4133-a696-9398e5cd000a,Understanding and Undoing Implicit Bias (Virtual ILT),12404,"In a typical workweek, how often will you apply knowledge or skills from this learning program? (In percentage of time on the job)",4520,Almost Always (76-100% of the time)
bfdd215b-c07f-4133-a696-9398e5cd000a,Understanding and Undoing Implicit Bias (Virtual ILT),12404,I felt comfortable using the video conferencing platform to participate in this learning program.,5011,Agree
bfdd215b-c07f-4133-a696-9398e5cd000a,Understanding and Undoing Implicit Bias (Virtual ILT),12404,INSTRUCTOR.NAME provided clear explanations of new concepts,5169,Agree
bfdd215b-c07f-4133-a696-9398e5cd000a,Understanding and Undoing Implicit Bias (Virtual ILT),12404,INSTRUCTOR.NAME provided opportunities for questions and checked in for understanding,5175,Agree
bfdd215b-c07f-4133-a696-9398e5cd000a,Understanding and Undoing Implicit Bias (Virtual ILT),12404,Apply debiasing strategies to undo individual implicit bias,5380,Agree
08d47312-62d0-490c-8faf-992383bcccf7,Understanding and Undoing Implicit Bias (Virtual ILT),12404,The skills practice activities showed me how to use this learning on the job.,4460,Strongly Agree
08d47312-62d0-490c-8faf-992383bcccf7,Understanding and Undoing Implicit Bias (Virtual ILT),12404,My supervisor met with me to discuss the relevance of this learning program to my current job.,4519,Yes
08d47312-62d0-490c-8faf-992383bcccf7,Understanding and Undoing Implicit Bias (Virtual ILT),12404,I felt comfortable using the video conferencing platform to participate in this learning program.,5011,Strongly Agree
08d47312-62d0-490c-8faf-992383bcccf7,Understanding and Undoing Implicit Bias (Virtual ILT),12404,INSTRUCTOR.NAME provided clear explanations of new concepts,5169,Strongly Agree
08d47312-62d0-490c-8faf-992383bcccf7,Understanding and Undoing Implicit Bias (Virtual ILT),12404,How satisfied are you with taking this learning program in a virtual format?,5309,Satisfied
08d47312-62d0-490c-8faf-992383bcccf7,Understanding and Undoing Implicit Bias (Virtual ILT),12404,"Draw connections between internalized oppression and trauma and their influence on institutional racism, structural inequity, and implicit bias",5374,Agree
0b938eff-fd5d-43de-a796-b918af7f5469,Understanding and Undoing Implicit Bias (Virtual ILT),12404,"Prior to today, I knew how this learning program was intended to impact my job performance.",4454,Agree
0b938eff-fd5d-43de-a796-b918af7f5469,Understanding and Undoing Implicit Bias (Virtual ILT),12404,"The instructional aids (forms, case scenarios, etc.) are very similar to real things I use on the job.",4472,Agree
0b938eff-fd5d-43de-a796-b918af7f5469,Understanding and Undoing Implicit Bias (Virtual ILT),12404,I believe this learning program will help me do my current job better.,4478,Agree
0b938eff-fd5d-43de-a796-b918af7f5469,Understanding and Undoing Implicit Bias (Virtual ILT),12404,How satisfied are you with the Workforce Institute registration notifications and reminders?,4484,Satisfied
0b938eff-fd5d-43de-a796-b918af7f5469,Understanding and Undoing Implicit Bias (Virtual ILT),12404,"On a scale of 0-10, how likely is it that you would recommend this learning program to a colleague? (0 = Not at all likely, 10 = Extremely likely)",4505,10
0b938eff-fd5d-43de-a796-b918af7f5469,Understanding and Undoing Implicit Bias (Virtual ILT),12404,I felt comfortable using the video conferencing platform to participate in this learning program.,5011,Agree
0b938eff-fd5d-43de-a796-b918af7f5469,Understanding and Undoing Implicit Bias (Virtual ILT),12404,INSTRUCTOR.NAME provided clear explanations of new concepts,5169,Agree
0b938eff-fd5d-43de-a796-b918af7f5469,Understanding and Undoing Implicit Bias (Virtual ILT),12404,INSTRUCTOR.NAME provided opportunities for questions and checked in for understanding,5175,Agree
0b938eff-fd5d-43de-a796-b918af7f5469,Understanding and Undoing Implicit Bias (Virtual ILT),12404,Recall key implicit bias (IB) concepts and key points.,5362,Agree
74da7f5a-f40e-4f0d-b1fd-ce1bf20815e4,Understanding and Undoing Implicit Bias (Virtual ILT),12404,How satisfied are you with the Cornerstone learning management system?,4491,Satisfied
74da7f5a-f40e-4f0d-b1fd-ce1bf20815e4,Understanding and Undoing Implicit Bias (Virtual ILT),12404,My supervisor met with me to discuss the relevance of this learning program to my current job.,4519,No
74da7f5a-f40e-4f0d-b1fd-ce1bf20815e4,Understanding and Undoing Implicit Bias (Virtual ILT),12404,INSTRUCTOR.NAME provided opportunities for questions and checked in for understanding,5175,Agree
74da7f5a-f40e-4f0d-b1fd-ce1bf20815e4,Understanding and Undoing Implicit Bias (Virtual ILT),12404,How satisfied are you with taking this learning program in a virtual format?,5309,Extremely Satisfied
74da7f5a-f40e-4f0d-b1fd-ce1bf20815e4,Understanding and Undoing Implicit Bias (Virtual ILT),12404,Recall key implicit bias (IB) concepts and key points.,5362,Agree
74da7f5a-f40e-4f0d-b1fd-ce1bf20815e4,Understanding and Undoing Implicit Bias (Virtual ILT),12404,Apply debiasing strategies to undo individual implicit bias,5380,Agree
9128933c-4a94-4bc4-bcf3-da46ee759b13,Understanding and Undoing Implicit Bias (Virtual ILT),12404,"Prior to today, I knew how this learning program was intended to impact my job performance.",4454,Disagree
9128933c-4a94-4bc4-bcf3-da46ee759b13,Understanding and Undoing Implicit Bias (Virtual ILT),12404,The skills practice activities showed me how to use this learning on the job.,4460,Strongly Agree
9128933c-4a94-4bc4-bcf3-da46ee759b13,Understanding and Undoing Implicit Bias (Virtual ILT),12404,"The instructional aids (forms, case scenarios, etc.) are very similar to real things I use on the job.",4472,Strongly Agree
9128933c-4a94-4bc4-bcf3-da46ee759b13,Understanding and Undoing Implicit Bias (Virtual ILT),12404,How satisfied are you with the Workforce Institute Help Desk (phone and/or email support)?,4498,Extremely Satisfied
9128933c-4a94-4bc4-bcf3-da46ee759b13,Understanding and Undoing Implicit Bias (Virtual ILT),12404,What could be done differently to improve your overall learning experience?,4517,
9128933c-4a94-4bc4-bcf3-da46ee759b13,Understanding and Undoing Implicit Bias (Virtual ILT),12404,Which other training topics or learning methods would support your job performance?,4526,
9128933c-4a94-4bc4-bcf3-da46ee759b13,Understanding and Undoing Implicit Bias (Virtual ILT),12404,I felt comfortable using the video conferencing platform to participate in this learning program.,5011,Strongly Agree
9128933c-4a94-4bc4-bcf3-da46ee759b13,Understanding and Undoing Implicit Bias (Virtual ILT),12404,"INSTRUCTOR.NAME maintained an effective pace through the agenda (discussion, activities, breaks, etc.).",5163,Strongly Agree
9128933c-4a94-4bc4-bcf3-da46ee759b13,Understanding and Undoing Implicit Bias (Virtual ILT),12404,How satisfied are you with the online interaction you had with the facilitators?,5315,Extremely Satisfied
9128933c-4a94-4bc4-bcf3-da46ee759b13,Understanding and Undoing Implicit Bias (Virtual ILT),12404,Recall key implicit bias (IB) concepts and key points.,5362,Strongly Agree
9128933c-4a94-4bc4-bcf3-da46ee759b13,Understanding and Undoing Implicit Bias (Virtual ILT),12404,Apply debiasing strategies to undo individual implicit bias,5380,Strongly Agree
b79e65cd-eeec-49c6-8323-eba7f817c6cd,Understanding and Undoing Implicit Bias (Virtual ILT),12404,I believe this learning program will help me do my current job better.,4478,Agree
b79e65cd-eeec-49c6-8323-eba7f817c6cd,Understanding and Undoing Implicit Bias (Virtual ILT),12404,How satisfied are you with the Workforce Institute registration notifications and reminders?,4484,Satisfied
b79e65cd-eeec-49c6-8323-eba7f817c6cd,Understanding and Undoing Implicit Bias (Virtual ILT),12404,My supervisor met with me to discuss the relevance of this learning program to my current job.,4519,No
b79e65cd-eeec-49c6-8323-eba7f817c6cd,Understanding and Undoing Implicit Bias (Virtual ILT),12404,INSTRUCTOR.NAME provided clear explanations of new concepts,5169,Agree
b79e65cd-eeec-49c6-8323-eba7f817c6cd,Understanding and Undoing Implicit Bias (Virtual ILT),12404,INSTRUCTOR.NAME provided clear explanations of new concepts,5169,Agree
b79e65cd-eeec-49c6-8323-eba7f817c6cd,Understanding and Undoing Implicit Bias (Virtual ILT),12404,Recall key implicit bias (IB) concepts and key points.,5362,Agree
b79e65cd-eeec-49c6-8323-eba7f817c6cd,Understanding and Undoing Implicit Bias (Virtual ILT),12404,Apply debiasing strategies to undo individual implicit bias,5380,
7c1fc38c-9062-4aff-9ad6-f3e76734ccaa,Understanding and Undoing Implicit Bias (Virtual ILT),12404,How satisfied are you with the Cornerstone learning management system?,4491,Satisfied
7c1fc38c-9062-4aff-9ad6-f3e76734ccaa,Understanding and Undoing Implicit Bias (Virtual ILT),12404,How satisfied are you with the Workforce Institute Help Desk (phone and/or email support)?,4498,Satisfied
7c1fc38c-9062-4aff-9ad6-f3e76734ccaa,Understanding and Undoing Implicit Bias (Virtual ILT),12404,My supervisor met with me to discuss the relevance of this learning program to my current job.,4519,Yes
7c1fc38c-9062-4aff-9ad6-f3e76734ccaa,Understanding and Undoing Implicit Bias (Virtual ILT),12404,Which other training topics or learning methods would support your job performance?,4526,anything from these instructors
7c1fc38c-9062-4aff-9ad6-f3e76734ccaa,Understanding and Undoing Implicit Bias (Virtual ILT),12404,INSTRUCTOR.NAME provided clear explanations of new concepts,5169,
7c1fc38c-9062-4aff-9ad6-f3e76734ccaa,Understanding and Undoing Implicit Bias (Virtual ILT),12404,INSTRUCTOR.NAME provided clear explanations of new concepts,5169,Strongly Agree
7c1fc38c-9062-4aff-9ad6-f3e76734ccaa,Understanding and Undoing Implicit Bias (Virtual ILT),12404,INSTRUCTOR.NAME provided opportunities for questions and checked in for understanding,5175,Strongly Agree
7c1fc38c-9062-4aff-9ad6-f3e76734ccaa,Understanding and Undoing Implicit Bias (Virtual ILT),12404,INSTRUCTOR.NAME provided opportunities for questions and checked in for understanding,5175,Strongly Agree
7c1fc38c-9062-4aff-9ad6-f3e76734ccaa,Understanding and Undoing Implicit Bias (Virtual ILT),12404,How satisfied are you with the online interaction you had with the facilitators?,5315,Extremely Satisfied
7c1fc38c-9062-4aff-9ad6-f3e76734ccaa,Understanding and Undoing Implicit Bias (Virtual ILT),12404,Recall key implicit bias (IB) concepts and key points.,5362,Strongly Agree
7c1fc38c-9062-4aff-9ad6-f3e76734ccaa,Understanding and Undoing Implicit Bias (Virtual ILT),12404,Apply debiasing strategies to undo individual implicit bias,5380,Strongly Agree
7ed500aa-8bb4-4611-ba16-f9a7064931c0,Understanding and Undoing Implicit Bias (Virtual ILT),12404,The skills practice activities showed me how to use this learning on the job.,4460,Disagree
7ed500aa-8bb4-4611-ba16-f9a7064931c0,Understanding and Undoing Implicit Bias (Virtual ILT),12404,I believe this learning program will help me do my current job better.,4478,Strongly Agree
7ed500aa-8bb4-4611-ba16-f9a7064931c0,Understanding and Undoing Implicit Bias (Virtual ILT),12404,How satisfied are you with the Workforce Institute Help Desk (phone and/or email support)?,4498,Extremely Satisfied
7ed500aa-8bb4-4611-ba16-f9a7064931c0,Understanding and Undoing Implicit Bias (Virtual ILT),12404,What could be done differently to improve your overall learning experience?,4517,
7ed500aa-8bb4-4611-ba16-f9a7064931c0,Understanding and Undoing Implicit Bias (Virtual ILT),12404,Which other training topics or learning methods would support your job performance?,4526,
7ed500aa-8bb4-4611-ba16-f9a7064931c0,Understanding and Undoing Implicit Bias (Virtual ILT),12404,INSTRUCTOR.NAME provided opportunities for questions and checked in for understanding,5175,Strongly Disagree
7ed500aa-8bb4-4611-ba16-f9a7064931c0,Understanding and Undoing Implicit Bias (Virtual ILT),12404,Analyze the current state of child welfare as it relates to racial disproportionality,5368,Strongly Disagree
7ed500aa-8bb4-4611-ba16-f9a7064931c0,Understanding and Undoing Implicit Bias (Virtual ILT),12404,Apply debiasing strategies to undo individual implicit bias,5380,Strongly Disagree
3acc0d6d-4dbf-4d20-9f50-0332a47eebb1,Understanding and Undoing Implicit Bias (Virtual ILT),12404,"The instructional aids (forms, case scenarios, etc.) are very similar to real things I use on the job.",4472,Strongly Agree
3acc0d6d-4dbf-4d20-9f50-0332a47eebb1,Understanding and Undoing Implicit Bias (Virtual ILT),12404,I believe this learning program will help me do my current job better.,4478,Agree
3acc0d6d-4dbf-4d20-9f50-0332a47eebb1,Understanding and Undoing Implicit Bias (Virtual ILT),12404,How satisfied are you with the Cornerstone learning management system?,4491,Neutral
3acc0d6d-4dbf-4d20-9f50-0332a47eebb1,Understanding and Undoing Implicit Bias (Virtual ILT),12404,"On a scale of 0-10, how likely is it that you would recommend this learning program to a colleague? (0 = Not at all likely, 10 = Extremely likely)",4505,5
3acc0d6d-4dbf-4d20-9f50-0332a47eebb1,Understanding and Undoing Implicit Bias (Virtual ILT),12404,What could be done differently to improve your overall learning experience?,4517,
3acc0d6d-4dbf-4d20-9f50-0332a47eebb1,Understanding and Undoing Implicit Bias (Virtual ILT),12404,My supervisor met with me to discuss the relevance of this learning program to my current job.,4519,Yes
3acc0d6d-4dbf-4d20-9f50-0332a47eebb1,Understanding and Undoing Implicit Bias (Virtual ILT),12404,Which other training topics or learning methods would support your job performance?,4526,
3acc0d6d-4dbf-4d20-9f50-0332a47eebb1,Understanding and Undoing Implicit Bias (Virtual ILT),12404,INSTRUCTOR.NAME provided opportunities for questions and checked in for understanding,5175,Strongly Agree
3acc0d6d-4dbf-4d20-9f50-0332a47eebb1,Understanding and Undoing Implicit Bias (Virtual ILT),12404,Recall key implicit bias (IB) concepts and key points.,5362,Strongly Agree
3acc0d6d-4dbf-4d20-9f50-0332a47eebb1,Understanding and Undoing Implicit Bias (Virtual ILT),12404,Apply debiasing strategies to undo individual implicit bias,5380,Agree
c144bce0-eb48-4fb8-893f-04343d06abc2,Understanding and Undoing Implicit Bias (Virtual ILT),12404,The skills practice activities showed me how to use this learning on the job.,4460,Agree
c144bce0-eb48-4fb8-893f-04343d06abc2,Understanding and Undoing Implicit Bias (Virtual ILT),12404,"In a typical workweek, how often will you apply knowledge or skills from this learning program? (In percentage of time on the job)",4520,Sometimes (1-25% of the time)
c144bce0-eb48-4fb8-893f-04343d06abc2,Understanding and Undoing Implicit Bias (Virtual ILT),12404,"INSTRUCTOR.NAME maintained an effective pace through the agenda (discussion, activities, breaks, etc.).",5163,Agree
c144bce0-eb48-4fb8-893f-04343d06abc2,Understanding and Undoing Implicit Bias (Virtual ILT),12404,How satisfied are you with the online interaction you had with the facilitators?,5315,Extremely Satisfied
c144bce0-eb48-4fb8-893f-04343d06abc2,Understanding and Undoing Implicit Bias (Virtual ILT),12404,How satisfied are you with the online interaction you had with other learners in this program?,5321,Neutral
c144bce0-eb48-4fb8-893f-04343d06abc2,Understanding and Undoing Implicit Bias (Virtual ILT),12404,Analyze the current state of child welfare as it relates to racial disproportionality,5368,Strongly Agree
c144bce0-eb48-4fb8-893f-04343d06abc2,Understanding and Undoing Implicit Bias (Virtual ILT),12404,Apply debiasing strategies to undo individual implicit bias,5380,Strongly Agree
24a7d45f-6cd5-4f02-b205-0d29197f82c6,Understanding and Undoing Implicit Bias (Virtual ILT),12404,"The instructional aids (forms, case scenarios, etc.) are very similar to real things I use on the job.",4472,Agree
24a7d45f-6cd5-4f02-b205-0d29197f82c6,Understanding and Undoing Implicit Bias (Virtual ILT),12404,How satisfied are you with the Workforce Institute Help Desk (phone and/or email support)?,4498,Satisfied
24a7d45f-6cd5-4f02-b205-0d29197f82c6,Understanding and Undoing Implicit Bias (Virtual ILT),12404,"INSTRUCTOR.NAME maintained an effective pace through the agenda (discussion, activities, breaks, etc.).",5163,Strongly Agree
24a7d45f-6cd5-4f02-b205-0d29197f82c6,Understanding and Undoing Implicit Bias (Virtual ILT),12404,How satisfied are you with the online interaction you had with the facilitators?,5315,Satisfied
24a7d45f-6cd5-4f02-b205-0d29197f82c6,Understanding and Undoing Implicit Bias (Virtual ILT),12404,Apply debiasing strategies to undo individual implicit bias,5380,Strongly Agree
5c3af263-2a0c-4132-b59f-2b1319c2d21a,Understanding and Undoing Implicit Bias (Virtual ILT),12404,"The instructional aids (forms, case scenarios, etc.) are very similar to real things I use on the job.",4472,Neutral
5c3af263-2a0c-4132-b59f-2b1319c2d21a,Understanding and Undoing Implicit Bias (Virtual ILT),12404,"On a scale of 0-10, how likely is it that you would recommend this learning program to a colleague? (0 = Not at all likely, 10 = Extremely likely)",4505,5
5c3af263-2a0c-4132-b59f-2b1319c2d21a,Understanding and Undoing Implicit Bias (Virtual ILT),12404,What could be done differently to improve your overall learning experience?,4517,
5c3af263-2a0c-4132-b59f-2b1319c2d21a,Understanding and Undoing Implicit Bias (Virtual ILT),12404,My supervisor met with me to discuss the relevance of this learning program to my current job.,4519,No
5c3af263-2a0c-4132-b59f-2b1319c2d21a,Understanding and Undoing Implicit Bias (Virtual ILT),12404,INSTRUCTOR.NAME provided clear explanations of new concepts,5169,Agree
5c3af263-2a0c-4132-b59f-2b1319c2d21a,Understanding and Undoing Implicit Bias (Virtual ILT),12404,Recall key implicit bias (IB) concepts and key points.,5362,Agree
3be7370b-f151-44cf-9d0c-3b3c76575fb1,Understanding and Undoing Implicit Bias (Virtual ILT),12404,How satisfied are you with the Cornerstone learning management system?,4491,Dissatisfied
3be7370b-f151-44cf-9d0c-3b3c76575fb1,Understanding and Undoing Implicit Bias (Virtual ILT),12404,My supervisor met with me to discuss the relevance of this learning program to my current job.,4519,No
3be7370b-f151-44cf-9d0c-3b3c76575fb1,Understanding and Undoing Implicit Bias (Virtual ILT),12404,Which other training topics or learning methods would support your job performance?,4526,
3be7370b-f151-44cf-9d0c-3b3c76575fb1,Understanding and Undoing Implicit Bias (Virtual ILT),12404,INSTRUCTOR.NAME provided clear explanations of new concepts,5169,Agree
3be7370b-f151-44cf-9d0c-3b3c76575fb1,Understanding and Undoing Implicit Bias (Virtual ILT),12404,How satisfied are you with taking this learning program in a virtual format?,5309,Extremely Satisfied
3be7370b-f151-44cf-9d0c-3b3c76575fb1,Understanding and Undoing Implicit Bias (Virtual ILT),12404,How satisfied are you with the online interaction you had with other learners in this program?,5321,Extremely Satisfied
f91eb599-269a-4cbb-8ee6-3fb9b28916e7,Understanding and Undoing Implicit Bias (Virtual ILT),12404,"In a typical workweek, how often will you apply knowledge or skills from this learning program? (In percentage of time on the job)",4520,Sometimes (1-25% of the time)
f91eb599-269a-4cbb-8ee6-3fb9b28916e7,Understanding and Undoing Implicit Bias (Virtual ILT),12404,Which other training topics or learning methods would support your job performance?,4526,I am not a frontline staff and it seems that most of these trainings are geared toward frontline staff or ONLY for frontline staff. We need more trainings that can be attended by support staff as well. Perhaps trainings on communication with provider agencies and other trainings that are geared toward both frontline and support staff.
f91eb599-269a-4cbb-8ee6-3fb9b28916e7,Understanding and Undoing Implicit Bias (Virtual ILT),12404,How satisfied are you with the online interaction you had with other learners in this program?,5321,Satisfied
f91eb599-269a-4cbb-8ee6-3fb9b28916e7,Understanding and Undoing Implicit Bias (Virtual ILT),12404,"Draw connections between internalized oppression and trauma and their influence on institutional racism, structural inequity, and implicit bias",5374,Agree
45aea739-83ae-4afd-a76b-5b32165b755e,Understanding and Undoing Implicit Bias (Virtual ILT),12404,How satisfied are you with the Cornerstone learning management system?,4491,Neutral
45aea739-83ae-4afd-a76b-5b32165b755e,Understanding and Undoing Implicit Bias (Virtual ILT),12404,"On a scale of 0-10, how likely is it that you would recommend this learning program to a colleague? (0 = Not at all likely, 10 = Extremely likely)",4505,10
45aea739-83ae-4afd-a76b-5b32165b755e,Understanding and Undoing Implicit Bias (Virtual ILT),12404,My supervisor met with me to discuss the relevance of this learning program to my current job.,4519,Yes
45aea739-83ae-4afd-a76b-5b32165b755e,Understanding and Undoing Implicit Bias (Virtual ILT),12404,"In a typical workweek, how often will you apply knowledge or skills from this learning program? (In percentage of time on the job)",4520,Frequently (26-50% of the time)
45aea739-83ae-4afd-a76b-5b32165b755e,Understanding and Undoing Implicit Bias (Virtual ILT),12404,"INSTRUCTOR.NAME maintained an effective pace through the agenda (discussion, activities, breaks, etc.).",5163,Neutral
45aea739-83ae-4afd-a76b-5b32165b755e,Understanding and Undoing Implicit Bias (Virtual ILT),12404,"INSTRUCTOR.NAME maintained an effective pace through the agenda (discussion, activities, breaks, etc.).",5163,Neutral
45aea739-83ae-4afd-a76b-5b32165b755e,Understanding and Undoing Implicit Bias (Virtual ILT),12404,INSTRUCTOR.NAME provided opportunities for questions and checked in for understanding,5175,Neutral
45aea739-83ae-4afd-a76b-5b32165b755e,Understanding and Undoing Implicit Bias (Virtual ILT),12404,Recall key implicit bias (IB) concepts and key points.,5362,Neutral
45aea739-83ae-4afd-a76b-5b32165b755e,Understanding and Undoing Implicit Bias (Virtual ILT),12404,"Draw connections between internalized oppression and trauma and their influence on institutional racism, structural inequity, and implicit bias",5374,Neutral
bfdd215b-c07f-4133-a696-9398e5cd000a,Understanding and Undoing Implicit Bias (Virtual ILT),12404,My supervisor met with me to discuss the relevance of this learning program to my current job.,4519,Yes
bfdd215b-c07f-4133-a696-9398e5cd000a,Understanding and Undoing Implicit Bias (Virtual ILT),12404,Which other training topics or learning methods would support your job performance?,4526,
bfdd215b-c07f-4133-a696-9398e5cd000a,Understanding and Undoing Implicit Bias (Virtual ILT),12404,How satisfied are you with the online interaction you had with other learners in this program?,5321,Extremely Satisfied
bfdd215b-c07f-4133-a696-9398e5cd000a,Understanding and Undoing Implicit Bias (Virtual ILT),12404,Recall key implicit bias (IB) concepts and key points.,5362,Agree
bfdd215b-c07f-4133-a696-9398e5cd000a,Understanding and Undoing Implicit Bias (Virtual ILT),12404,Analyze the current state of child welfare as it relates to racial disproportionality,5368,Agree
bfdd215b-c07f-4133-a696-9398e5cd000a,Understanding and Undoing Implicit Bias (Virtual ILT),12404,"Draw connections between internalized oppression and trauma and their influence on institutional racism, structural inequity, and implicit bias",5374,Agree
08d47312-62d0-490c-8faf-992383bcccf7,Understanding and Undoing Implicit Bias (Virtual ILT),12404,"Prior to today, I knew how this learning program was intended to impact my job performance.",4454,Neutral
08d47312-62d0-490c-8faf-992383bcccf7,Understanding and Undoing Implicit Bias (Virtual ILT),12404,How satisfied are you with the Workforce Institute registration notifications and reminders?,4484,Extremely Satisfied
08d47312-62d0-490c-8faf-992383bcccf7,Understanding and Undoing Implicit Bias (Virtual ILT),12404,How satisfied are you with the Cornerstone learning management system?,4491,Extremely Satisfied
08d47312-62d0-490c-8faf-992383bcccf7,Understanding and Undoing Implicit Bias (Virtual ILT),12404,"On a scale of 0-10, how likely is it that you would recommend this learning program to a colleague? (0 = Not at all likely, 10 = Extremely likely)",4505,10
08d47312-62d0-490c-8faf-992383bcccf7,Understanding and Undoing Implicit Bias (Virtual ILT),12404,"INSTRUCTOR.NAME maintained an effective pace through the agenda (discussion, activities, breaks, etc.).",5163,Strongly Agree
08d47312-62d0-490c-8faf-992383bcccf7,Understanding and Undoing Implicit Bias (Virtual ILT),12404,INSTRUCTOR.NAME provided clear explanations of new concepts,5169,Strongly Agree
08d47312-62d0-490c-8faf-992383bcccf7,Understanding and Undoing Implicit Bias (Virtual ILT),12404,INSTRUCTOR.NAME provided opportunities for questions and checked in for understanding,5175,Strongly Agree
08d47312-62d0-490c-8faf-992383bcccf7,Understanding and Undoing Implicit Bias (Virtual ILT),12404,How satisfied are you with the online interaction you had with other learners in this program?,5321,Satisfied
08d47312-62d0-490c-8faf-992383bcccf7,Understanding and Undoing Implicit Bias (Virtual ILT),12404,Apply debiasing strategies to undo individual implicit bias,5380,Strongly Agree
0b938eff-fd5d-43de-a796-b918af7f5469,Understanding and Undoing Implicit Bias (Virtual ILT),12404,The skills practice activities showed me how to use this learning on the job.,4460,Neutral
0b938eff-fd5d-43de-a796-b918af7f5469,Understanding and Undoing Implicit Bias (Virtual ILT),12404,How satisfied are you with the Cornerstone learning management system?,4491,Satisfied
0b938eff-fd5d-43de-a796-b918af7f5469,Understanding and Undoing Implicit Bias (Virtual ILT),12404,INSTRUCTOR.NAME provided clear explanations of new concepts,5169,Agree
0b938eff-fd5d-43de-a796-b918af7f5469,Understanding and Undoing Implicit Bias (Virtual ILT),12404,How satisfied are you with taking this learning program in a virtual format?,5309,Satisfied
0b938eff-fd5d-43de-a796-b918af7f5469,Understanding and Undoing Implicit Bias (Virtual ILT),12404,How satisfied are you with the online interaction you had with other learners in this program?,5321,Satisfied
0b938eff-fd5d-43de-a796-b918af7f5469,Understanding and Undoing Implicit Bias (Virtual ILT),12404,"Draw connections between internalized oppression and trauma and their influence on institutional racism, structural inequity, and implicit bias",5374,Agree
74da7f5a-f40e-4f0d-b1fd-ce1bf20815e4,Understanding and Undoing Implicit Bias (Virtual ILT),12404,The skills practice activities showed me how to use this learning on the job.,4460,Agree
74da7f5a-f40e-4f0d-b1fd-ce1bf20815e4,Understanding and Undoing Implicit Bias (Virtual ILT),12404,"The instructional aids (forms, case scenarios, etc.) are very similar to real things I use on the job.",4472,Agree
74da7f5a-f40e-4f0d-b1fd-ce1bf20815e4,Understanding and Undoing Implicit Bias (Virtual ILT),12404,"On a scale of 0-10, how likely is it that you would recommend this learning program to a colleague? (0 = Not at all likely, 10 = Extremely likely)",4505,10
74da7f5a-f40e-4f0d-b1fd-ce1bf20815e4,Understanding and Undoing Implicit Bias (Virtual ILT),12404,What could be done differently to improve your overall learning experience?,4517,None at this time.
74da7f5a-f40e-4f0d-b1fd-ce1bf20815e4,Understanding and Undoing Implicit Bias (Virtual ILT),12404,"In a typical workweek, how often will you apply knowledge or skills from this learning program? (In percentage of time on the job)",4520,Almost Always (76-100% of the time)
74da7f5a-f40e-4f0d-b1fd-ce1bf20815e4,Understanding and Undoing Implicit Bias (Virtual ILT),12404,INSTRUCTOR.NAME provided clear explanations of new concepts,5169,Agree
74da7f5a-f40e-4f0d-b1fd-ce1bf20815e4,Understanding and Undoing Implicit Bias (Virtual ILT),12404,Analyze the current state of child welfare as it relates to racial disproportionality,5368,Agree
9128933c-4a94-4bc4-bcf3-da46ee759b13,Understanding and Undoing Implicit Bias (Virtual ILT),12404,"On a scale of 0-10, how likely is it that you would recommend this learning program to a colleague? (0 = Not at all likely, 10 = Extremely likely)",4505,
9128933c-4a94-4bc4-bcf3-da46ee759b13,Understanding and Undoing Implicit Bias (Virtual ILT),12404,"In a typical workweek, how often will you apply knowledge or skills from this learning program? (In percentage of time on the job)",4520,
9128933c-4a94-4bc4-bcf3-da46ee759b13,Understanding and Undoing Implicit Bias (Virtual ILT),12404,INSTRUCTOR.NAME provided clear explanations of new concepts,5169,Strongly Agree
9128933c-4a94-4bc4-bcf3-da46ee759b13,Understanding and Undoing Implicit Bias (Virtual ILT),12404,INSTRUCTOR.NAME provided opportunities for questions and checked in for understanding,5175,Strongly Agree
9128933c-4a94-4bc4-bcf3-da46ee759b13,Understanding and Undoing Implicit Bias (Virtual ILT),12404,How satisfied are you with taking this learning program in a virtual format?,5309,Extremely Satisfied
9128933c-4a94-4bc4-bcf3-da46ee759b13,Understanding and Undoing Implicit Bias (Virtual ILT),12404,Analyze the current state of child welfare as it relates to racial disproportionality,5368,Strongly Agree
9128933c-4a94-4bc4-bcf3-da46ee759b13,Understanding and Undoing Implicit Bias (Virtual ILT),12404,"Draw connections between internalized oppression and trauma and their influence on institutional racism, structural inequity, and implicit bias",5374,Strongly Agree
b79e65cd-eeec-49c6-8323-eba7f817c6cd,Understanding and Undoing Implicit Bias (Virtual ILT),12404,"The instructional aids (forms, case scenarios, etc.) are very similar to real things I use on the job.",4472,Agree
b79e65cd-eeec-49c6-8323-eba7f817c6cd,Understanding and Undoing Implicit Bias (Virtual ILT),12404,What could be done differently to improve your overall learning experience?,4517,nothing
b79e65cd-eeec-49c6-8323-eba7f817c6cd,Understanding and Undoing Implicit Bias (Virtual ILT),12404,"In a typical workweek, how often will you apply knowledge or skills from this learning program? (In percentage of time on the job)",4520,Frequently (26-50% of the time)
b79e65cd-eeec-49c6-8323-eba7f817c6cd,Understanding and Undoing Implicit Bias (Virtual ILT),12404,I felt comfortable using the video conferencing platform to participate in this learning program.,5011,Agree
b79e65cd-eeec-49c6-8323-eba7f817c6cd,Understanding and Undoing Implicit Bias (Virtual ILT),12404,"INSTRUCTOR.NAME maintained an effective pace through the agenda (discussion, activities, breaks, etc.).",5163,Agree
b79e65cd-eeec-49c6-8323-eba7f817c6cd,Understanding and Undoing Implicit Bias (Virtual ILT),12404,"INSTRUCTOR.NAME maintained an effective pace through the agenda (discussion, activities, breaks, etc.).",5163,Agree
b79e65cd-eeec-49c6-8323-eba7f817c6cd,Understanding and Undoing Implicit Bias (Virtual ILT),12404,INSTRUCTOR.NAME provided opportunities for questions and checked in for understanding,5175,Agree
b79e65cd-eeec-49c6-8323-eba7f817c6cd,Understanding and Undoing Implicit Bias (Virtual ILT),12404,How satisfied are you with the online interaction you had with the facilitators?,5315,Satisfied
b79e65cd-eeec-49c6-8323-eba7f817c6cd,Understanding and Undoing Implicit Bias (Virtual ILT),12404,"Draw connections between internalized oppression and trauma and their influence on institutional racism, structural inequity, and implicit bias",5374,Agree
7c1fc38c-9062-4aff-9ad6-f3e76734ccaa,Understanding and Undoing Implicit Bias (Virtual ILT),12404,"On a scale of 0-10, how likely is it that you would recommend this learning program to a colleague? (0 = Not at all likely, 10 = Extremely likely)",4505,10
7c1fc38c-9062-4aff-9ad6-f3e76734ccaa,Understanding and Undoing Implicit Bias (Virtual ILT),12404,"In a typical workweek, how often will you apply knowledge or skills from this learning program? (In percentage of time on the job)",4520,Almost Always (76-100% of the time)
7c1fc38c-9062-4aff-9ad6-f3e76734ccaa,Understanding and Undoing Implicit Bias (Virtual ILT),12404,I felt comfortable using the video conferencing platform to participate in this learning program.,5011,Strongly Agree
7c1fc38c-9062-4aff-9ad6-f3e76734ccaa,Understanding and Undoing Implicit Bias (Virtual ILT),12404,"INSTRUCTOR.NAME maintained an effective pace through the agenda (discussion, activities, breaks, etc.).",5163,Strongly Agree
7c1fc38c-9062-4aff-9ad6-f3e76734ccaa,Understanding and Undoing Implicit Bias (Virtual ILT),12404,"INSTRUCTOR.NAME maintained an effective pace through the agenda (discussion, activities, breaks, etc.).",5163,Strongly Agree
7ed500aa-8bb4-4611-ba16-f9a7064931c0,Understanding and Undoing Implicit Bias (Virtual ILT),12404,"The instructional aids (forms, case scenarios, etc.) are very similar to real things I use on the job.",4472,Strongly Agree
7ed500aa-8bb4-4611-ba16-f9a7064931c0,Understanding and Undoing Implicit Bias (Virtual ILT),12404,How satisfied are you with the Workforce Institute registration notifications and reminders?,4484,Satisfied
7ed500aa-8bb4-4611-ba16-f9a7064931c0,Understanding and Undoing Implicit Bias (Virtual ILT),12404,"On a scale of 0-10, how likely is it that you would recommend this learning program to a colleague? (0 = Not at all likely, 10 = Extremely likely)",4505,10
7ed500aa-8bb4-4611-ba16-f9a7064931c0,Understanding and Undoing Implicit Bias (Virtual ILT),12404,"In a typical workweek, how often will you apply knowledge or skills from this learning program? (In percentage of time on the job)",4520,Almost Always (76-100% of the time)
7ed500aa-8bb4-4611-ba16-f9a7064931c0,Understanding and Undoing Implicit Bias (Virtual ILT),12404,INSTRUCTOR.NAME provided clear explanations of new concepts,5169,Strongly Disagree
7ed500aa-8bb4-4611-ba16-f9a7064931c0,Understanding and Undoing Implicit Bias (Virtual ILT),12404,How satisfied are you with the online interaction you had with the facilitators?,5315,Extremely Dissatisfied
7ed500aa-8bb4-4611-ba16-f9a7064931c0,Understanding and Undoing Implicit Bias (Virtual ILT),12404,"Draw connections between internalized oppression and trauma and their influence on institutional racism, structural inequity, and implicit bias",5374,Strongly Disagree
3acc0d6d-4dbf-4d20-9f50-0332a47eebb1,Understanding and Undoing Implicit Bias (Virtual ILT),12404,How satisfied are you with the Workforce Institute registration notifications and reminders?,4484,
3acc0d6d-4dbf-4d20-9f50-0332a47eebb1,Understanding and Undoing Implicit Bias (Virtual ILT),12404,How satisfied are you with the Workforce Institute Help Desk (phone and/or email support)?,4498,Extremely Satisfied
3acc0d6d-4dbf-4d20-9f50-0332a47eebb1,Understanding and Undoing Implicit Bias (Virtual ILT),12404,"In a typical workweek, how often will you apply knowledge or skills from this learning program? (In percentage of time on the job)",4520,Frequently (26-50% of the time)
3acc0d6d-4dbf-4d20-9f50-0332a47eebb1,Understanding and Undoing Implicit Bias (Virtual ILT),12404,INSTRUCTOR.NAME provided opportunities for questions and checked in for understanding,5175,Strongly Agree
3acc0d6d-4dbf-4d20-9f50-0332a47eebb1,Understanding and Undoing Implicit Bias (Virtual ILT),12404,How satisfied are you with the online interaction you had with the facilitators?,5315,Neutral
c144bce0-eb48-4fb8-893f-04343d06abc2,Understanding and Undoing Implicit Bias (Virtual ILT),12404,I believe this learning program will help me do my current job better.,4478,Agree
c144bce0-eb48-4fb8-893f-04343d06abc2,Understanding and Undoing Implicit Bias (Virtual ILT),12404,How satisfied are you with the Workforce Institute registration notifications and reminders?,4484,Extremely Satisfied
c144bce0-eb48-4fb8-893f-04343d06abc2,Understanding and Undoing Implicit Bias (Virtual ILT),12404,What could be done differently to improve your overall learning experience?,4517,
c144bce0-eb48-4fb8-893f-04343d06abc2,Understanding and Undoing Implicit Bias (Virtual ILT),12404,My supervisor met with me to discuss the relevance of this learning program to my current job.,4519,No
c144bce0-eb48-4fb8-893f-04343d06abc2,Understanding and Undoing Implicit Bias (Virtual ILT),12404,INSTRUCTOR.NAME provided opportunities for questions and checked in for understanding,5175,Agree
c144bce0-eb48-4fb8-893f-04343d06abc2,Understanding and Undoing Implicit Bias (Virtual ILT),12404,"Draw connections between internalized oppression and trauma and their influence on institutional racism, structural inequity, and implicit bias",5374,Strongly Agree
24a7d45f-6cd5-4f02-b205-0d29197f82c6,Understanding and Undoing Implicit Bias (Virtual ILT),12404,"Prior to today, I knew how this learning program was intended to impact my job performance.",4454,Agree
24a7d45f-6cd5-4f02-b205-0d29197f82c6,Understanding and Undoing Implicit Bias (Virtual ILT),12404,The skills practice activities showed me how to use this learning on the job.,4460,Agree
24a7d45f-6cd5-4f02-b205-0d29197f82c6,Understanding and Undoing Implicit Bias (Virtual ILT),12404,I believe this learning program will help me do my current job better.,4478,Agree
24a7d45f-6cd5-4f02-b205-0d29197f82c6,Understanding and Undoing Implicit Bias (Virtual ILT),12404,How satisfied are you with the Workforce Institute registration notifications and reminders?,4484,Satisfied
24a7d45f-6cd5-4f02-b205-0d29197f82c6,Understanding and Undoing Implicit Bias (Virtual ILT),12404,INSTRUCTOR.NAME provided clear explanations of new concepts,5169,Strongly Agree
24a7d45f-6cd5-4f02-b205-0d29197f82c6,Understanding and Undoing Implicit Bias (Virtual ILT),12404,INSTRUCTOR.NAME provided opportunities for questions and checked in for understanding,5175,Strongly Agree
24a7d45f-6cd5-4f02-b205-0d29197f82c6,Understanding and Undoing Implicit Bias (Virtual ILT),12404,How satisfied are you with taking this learning program in a virtual format?,5309,Satisfied
5c3af263-2a0c-4132-b59f-2b1319c2d21a,Understanding and Undoing Implicit Bias (Virtual ILT),12404,I believe this learning program will help me do my current job better.,4478,Neutral
5c3af263-2a0c-4132-b59f-2b1319c2d21a,Understanding and Undoing Implicit Bias (Virtual ILT),12404,How satisfied are you with the Workforce Institute registration notifications and reminders?,4484,Satisfied
5c3af263-2a0c-4132-b59f-2b1319c2d21a,Understanding and Undoing Implicit Bias (Virtual ILT),12404,"In a typical workweek, how often will you apply knowledge or skills from this learning program? (In percentage of time on the job)",4520,Almost Always (76-100% of the time)
5c3af263-2a0c-4132-b59f-2b1319c2d21a,Understanding and Undoing Implicit Bias (Virtual ILT),12404,"INSTRUCTOR.NAME maintained an effective pace through the agenda (discussion, activities, breaks, etc.).",5163,Agree
5c3af263-2a0c-4132-b59f-2b1319c2d21a,Understanding and Undoing Implicit Bias (Virtual ILT),12404,INSTRUCTOR.NAME provided opportunities for questions and checked in for understanding,5175,Agree
5c3af263-2a0c-4132-b59f-2b1319c2d21a,Understanding and Undoing Implicit Bias (Virtual ILT),12404,How satisfied are you with the online interaction you had with other learners in this program?,5321,Satisfied
5c3af263-2a0c-4132-b59f-2b1319c2d21a,Understanding and Undoing Implicit Bias (Virtual ILT),12404,"Draw connections between internalized oppression and trauma and their influence on institutional racism, structural inequity, and implicit bias",5374,Agree
5c3af263-2a0c-4132-b59f-2b1319c2d21a,Understanding and Undoing Implicit Bias (Virtual ILT),12404,Apply debiasing strategies to undo individual implicit bias,5380,Agree
3be7370b-f151-44cf-9d0c-3b3c76575fb1,Understanding and Undoing Implicit Bias (Virtual ILT),12404,The skills practice activities showed me how to use this learning on the job.,4460,Neutral
3be7370b-f151-44cf-9d0c-3b3c76575fb1,Understanding and Undoing Implicit Bias (Virtual ILT),12404,"On a scale of 0-10, how likely is it that you would recommend this learning program to a colleague? (0 = Not at all likely, 10 = Extremely likely)",4505,0
3be7370b-f151-44cf-9d0c-3b3c76575fb1,Understanding and Undoing Implicit Bias (Virtual ILT),12404,"INSTRUCTOR.NAME maintained an effective pace through the agenda (discussion, activities, breaks, etc.).",5163,Agree
3be7370b-f151-44cf-9d0c-3b3c76575fb1,Understanding and Undoing Implicit Bias (Virtual ILT),12404,INSTRUCTOR.NAME provided clear explanations of new concepts,5169,Agree
3be7370b-f151-44cf-9d0c-3b3c76575fb1,Understanding and Undoing Implicit Bias (Virtual ILT),12404,INSTRUCTOR.NAME provided opportunities for questions and checked in for understanding,5175,Agree
3be7370b-f151-44cf-9d0c-3b3c76575fb1,Understanding and Undoing Implicit Bias (Virtual ILT),12404,Recall key implicit bias (IB) concepts and key points.,5362,Strongly Agree
f91eb599-269a-4cbb-8ee6-3fb9b28916e7,Understanding and Undoing Implicit Bias (Virtual ILT),12404,How satisfied are you with the Workforce Institute Help Desk (phone and/or email support)?,4498,Satisfied
f91eb599-269a-4cbb-8ee6-3fb9b28916e7,Understanding and Undoing Implicit Bias (Virtual ILT),12404,What could be done differently to improve your overall learning experience?,4517,"I think the lunchbreak should be given a little later into the course, like at 12:30, or 12:45. It was given earlier than this and the material was kind of heavy in the afternoon compared to the more interesting lighter issues discussed before lunch. It seemed it was harder to get people to comment and participate so maybe this material should have been started before lunch, then we would have a little break before trying to discuss it all at once."
f91eb599-269a-4cbb-8ee6-3fb9b28916e7,Understanding and Undoing Implicit Bias (Virtual ILT),12404,My supervisor met with me to discuss the relevance of this learning program to my current job.,4519,No
f91eb599-269a-4cbb-8ee6-3fb9b28916e7,Understanding and Undoing Implicit Bias (Virtual ILT),12404,Recall key implicit bias (IB) concepts and key points.,5362,Agree
f91eb599-269a-4cbb-8ee6-3fb9b28916e7,Understanding and Undoing Implicit Bias (Virtual ILT),12404,Analyze the current state of child welfare as it relates to racial disproportionality,5368,Agree
45aea739-83ae-4afd-a76b-5b32165b755e,Understanding and Undoing Implicit Bias (Virtual ILT),12404,How satisfied are you with the Workforce Institute registration notifications and reminders?,4484,Neutral
45aea739-83ae-4afd-a76b-5b32165b755e,Understanding and Undoing Implicit Bias (Virtual ILT),12404,How satisfied are you with the Workforce Institute Help Desk (phone and/or email support)?,4498,Neutral
45aea739-83ae-4afd-a76b-5b32165b755e,Understanding and Undoing Implicit Bias (Virtual ILT),12404,What could be done differently to improve your overall learning experience?,4517,
45aea739-83ae-4afd-a76b-5b32165b755e,Understanding and Undoing Implicit Bias (Virtual ILT),12404,I felt comfortable using the video conferencing platform to participate in this learning program.,5011,Neutral
45aea739-83ae-4afd-a76b-5b32165b755e,Understanding and Undoing Implicit Bias (Virtual ILT),12404,INSTRUCTOR.NAME provided clear explanations of new concepts,5169,Neutral
45aea739-83ae-4afd-a76b-5b32165b755e,Understanding and Undoing Implicit Bias (Virtual ILT),12404,INSTRUCTOR.NAME provided clear explanations of new concepts,5169,Neutral
bfdd215b-c07f-4133-a696-9398e5cd000a,Understanding and Undoing Implicit Bias (Virtual ILT),12404,"The instructional aids (forms, case scenarios, etc.) are very similar to real things I use on the job.",4472,Agree
bfdd215b-c07f-4133-a696-9398e5cd000a,Understanding and Undoing Implicit Bias (Virtual ILT),12404,I believe this learning program will help me do my current job better.,4478,Agree
bfdd215b-c07f-4133-a696-9398e5cd000a,Understanding and Undoing Implicit Bias (Virtual ILT),12404,How satisfied are you with the Workforce Institute registration notifications and reminders?,4484,Extremely Satisfied
bfdd215b-c07f-4133-a696-9398e5cd000a,Understanding and Undoing Implicit Bias (Virtual ILT),12404,How satisfied are you with the Cornerstone learning management system?,4491,Extremely Satisfied
bfdd215b-c07f-4133-a696-9398e5cd000a,Understanding and Undoing Implicit Bias (Virtual ILT),12404,How satisfied are you with the Workforce Institute Help Desk (phone and/or email support)?,4498,Satisfied
bfdd215b-c07f-4133-a696-9398e5cd000a,Understanding and Undoing Implicit Bias (Virtual ILT),12404,What could be done differently to improve your overall learning experience?,4517,
bfdd215b-c07f-4133-a696-9398e5cd000a,Understanding and Undoing Implicit Bias (Virtual ILT),12404,"INSTRUCTOR.NAME maintained an effective pace through the agenda (discussion, activities, breaks, etc.).",5163,Agree
bfdd215b-c07f-4133-a696-9398e5cd000a,Understanding and Undoing Implicit Bias (Virtual ILT),12404,How satisfied are you with taking this learning program in a virtual format?,5309,Extremely Satisfied
bfdd215b-c07f-4133-a696-9398e5cd000a,Understanding and Undoing Implicit Bias (Virtual ILT),12404,How satisfied are you with the online interaction you had with the facilitators?,5315,Extremely Satisfied
08d47312-62d0-490c-8faf-992383bcccf7,Understanding and Undoing Implicit Bias (Virtual ILT),12404,"The instructional aids (forms, case scenarios, etc.) are very similar to real things I use on the job.",4472,Strongly Agree
08d47312-62d0-490c-8faf-992383bcccf7,Understanding and Undoing Implicit Bias (Virtual ILT),12404,What could be done differently to improve your overall learning experience?,4517,N/A
08d47312-62d0-490c-8faf-992383bcccf7,Understanding and Undoing Implicit Bias (Virtual ILT),12404,"INSTRUCTOR.NAME maintained an effective pace through the agenda (discussion, activities, breaks, etc.).",5163,Strongly Agree
08d47312-62d0-490c-8faf-992383bcccf7,Understanding and Undoing Implicit Bias (Virtual ILT),12404,How satisfied are you with the online interaction you had with the facilitators?,5315,Satisfied
08d47312-62d0-490c-8faf-992383bcccf7,Understanding and Undoing Implicit Bias (Virtual ILT),12404,Recall key implicit bias (IB) concepts and key points.,5362,Agree
08d47312-62d0-490c-8faf-992383bcccf7,Understanding and Undoing Implicit Bias (Virtual ILT),12404,Analyze the current state of child welfare as it relates to racial disproportionality,5368,Agree
0b938eff-fd5d-43de-a796-b918af7f5469,Understanding and Undoing Implicit Bias (Virtual ILT),12404,What could be done differently to improve your overall learning experience?,4517,Have more of these trainings for those who make decisions.  That was systematic racism is addressed from the top.
0b938eff-fd5d-43de-a796-b918af7f5469,Understanding and Undoing Implicit Bias (Virtual ILT),12404,My supervisor met with me to discuss the relevance of this learning program to my current job.,4519,No
0b938eff-fd5d-43de-a796-b918af7f5469,Understanding and Undoing Implicit Bias (Virtual ILT),12404,"In a typical workweek, how often will you apply knowledge or skills from this learning program? (In percentage of time on the job)",4520,Very Often (51-75% of the time)
0b938eff-fd5d-43de-a796-b918af7f5469,Understanding and Undoing Implicit Bias (Virtual ILT),12404,"INSTRUCTOR.NAME maintained an effective pace through the agenda (discussion, activities, breaks, etc.).",5163,Agree
0b938eff-fd5d-43de-a796-b918af7f5469,Understanding and Undoing Implicit Bias (Virtual ILT),12404,INSTRUCTOR.NAME provided opportunities for questions and checked in for understanding,5175,Agree
0b938eff-fd5d-43de-a796-b918af7f5469,Understanding and Undoing Implicit Bias (Virtual ILT),12404,Analyze the current state of child welfare as it relates to racial disproportionality,5368,Agree
74da7f5a-f40e-4f0d-b1fd-ce1bf20815e4,Understanding and Undoing Implicit Bias (Virtual ILT),12404,"Prior to today, I knew how this learning program was intended to impact my job performance.",4454,Agree
74da7f5a-f40e-4f0d-b1fd-ce1bf20815e4,Understanding and Undoing Implicit Bias (Virtual ILT),12404,How satisfied are you with the Workforce Institute registration notifications and reminders?,4484,Extremely Satisfied
74da7f5a-f40e-4f0d-b1fd-ce1bf20815e4,Understanding and Undoing Implicit Bias (Virtual ILT),12404,Which other training topics or learning methods would support your job performance?,4526,Can not think of any additional training topics at this time.
74da7f5a-f40e-4f0d-b1fd-ce1bf20815e4,Understanding and Undoing Implicit Bias (Virtual ILT),12404,I felt comfortable using the video conferencing platform to participate in this learning program.,5011,Strongly Agree
74da7f5a-f40e-4f0d-b1fd-ce1bf20815e4,Understanding and Undoing Implicit Bias (Virtual ILT),12404,"INSTRUCTOR.NAME maintained an effective pace through the agenda (discussion, activities, breaks, etc.).",5163,Agree
74da7f5a-f40e-4f0d-b1fd-ce1bf20815e4,Understanding and Undoing Implicit Bias (Virtual ILT),12404,INSTRUCTOR.NAME provided opportunities for questions and checked in for understanding,5175,Agree
74da7f5a-f40e-4f0d-b1fd-ce1bf20815e4,Understanding and Undoing Implicit Bias (Virtual ILT),12404,"Draw connections between internalized oppression and trauma and their influence on institutional racism, structural inequity, and implicit bias",5374,Agree
9128933c-4a94-4bc4-bcf3-da46ee759b13,Understanding and Undoing Implicit Bias (Virtual ILT),12404,I believe this learning program will help me do my current job better.,4478,Strongly Agree
9128933c-4a94-4bc4-bcf3-da46ee759b13,Understanding and Undoing Implicit Bias (Virtual ILT),12404,How satisfied are you with the Workforce Institute registration notifications and reminders?,4484,Extremely Satisfied
9128933c-4a94-4bc4-bcf3-da46ee759b13,Understanding and Undoing Implicit Bias (Virtual ILT),12404,How satisfied are you with the Cornerstone learning management system?,4491,Extremely Satisfied
9128933c-4a94-4bc4-bcf3-da46ee759b13,Understanding and Undoing Implicit Bias (Virtual ILT),12404,My supervisor met with me to discuss the relevance of this learning program to my current job.,4519,
9128933c-4a94-4bc4-bcf3-da46ee759b13,Understanding and Undoing Implicit Bias (Virtual ILT),12404,INSTRUCTOR.NAME provided opportunities for questions and checked in for understanding,5175,Strongly Agree
9128933c-4a94-4bc4-bcf3-da46ee759b13,Understanding and Undoing Implicit Bias (Virtual ILT),12404,How satisfied are you with the online interaction you had with other learners in this program?,5321,Extremely Satisfied
b79e65cd-eeec-49c6-8323-eba7f817c6cd,Understanding and Undoing Implicit Bias (Virtual ILT),12404,The skills practice activities showed me how to use this learning on the job.,4460,Agree
b79e65cd-eeec-49c6-8323-eba7f817c6cd,Understanding and Undoing Implicit Bias (Virtual ILT),12404,How satisfied are you with the Cornerstone learning management system?,4491,Satisfied
b79e65cd-eeec-49c6-8323-eba7f817c6cd,Understanding and Undoing Implicit Bias (Virtual ILT),12404,How satisfied are you with the Workforce Institute Help Desk (phone and/or email support)?,4498,Satisfied
b79e65cd-eeec-49c6-8323-eba7f817c6cd,Understanding and Undoing Implicit Bias (Virtual ILT),12404,INSTRUCTOR.NAME provided opportunities for questions and checked in for understanding,5175,Agree
b79e65cd-eeec-49c6-8323-eba7f817c6cd,Understanding and Undoing Implicit Bias (Virtual ILT),12404,How satisfied are you with taking this learning program in a virtual format?,5309,Satisfied
b79e65cd-eeec-49c6-8323-eba7f817c6cd,Understanding and Undoing Implicit Bias (Virtual ILT),12404,Analyze the current state of child welfare as it relates to racial disproportionality,5368,Agree
7c1fc38c-9062-4aff-9ad6-f3e76734ccaa,Understanding and Undoing Implicit Bias (Virtual ILT),12404,The skills practice activities showed me how to use this learning on the job.,4460,Strongly Agree
7c1fc38c-9062-4aff-9ad6-f3e76734ccaa,Understanding and Undoing Implicit Bias (Virtual ILT),12404,"The instructional aids (forms, case scenarios, etc.) are very similar to real things I use on the job.",4472,Agree
7c1fc38c-9062-4aff-9ad6-f3e76734ccaa,Understanding and Undoing Implicit Bias (Virtual ILT),12404,How satisfied are you with the Workforce Institute registration notifications and reminders?,4484,Satisfied
7c1fc38c-9062-4aff-9ad6-f3e76734ccaa,Understanding and Undoing Implicit Bias (Virtual ILT),12404,What could be done differently to improve your overall learning experience?,4517,Nothing
7c1fc38c-9062-4aff-9ad6-f3e76734ccaa,Understanding and Undoing Implicit Bias (Virtual ILT),12404,How satisfied are you with taking this learning program in a virtual format?,5309,Extremely Satisfied
7c1fc38c-9062-4aff-9ad6-f3e76734ccaa,Understanding and Undoing Implicit Bias (Virtual ILT),12404,Analyze the current state of child welfare as it relates to racial disproportionality,5368,Strongly Agree
7c1fc38c-9062-4aff-9ad6-f3e76734ccaa,Understanding and Undoing Implicit Bias (Virtual ILT),12404,"Draw connections between internalized oppression and trauma and their influence on institutional racism, structural inequity, and implicit bias",5374,Strongly Agree
7ed500aa-8bb4-4611-ba16-f9a7064931c0,Understanding and Undoing Implicit Bias (Virtual ILT),12404,"Prior to today, I knew how this learning program was intended to impact my job performance.",4454,Disagree
7ed500aa-8bb4-4611-ba16-f9a7064931c0,Understanding and Undoing Implicit Bias (Virtual ILT),12404,My supervisor met with me to discuss the relevance of this learning program to my current job.,4519,Yes
7ed500aa-8bb4-4611-ba16-f9a7064931c0,Understanding and Undoing Implicit Bias (Virtual ILT),12404,I felt comfortable using the video conferencing platform to participate in this learning program.,5011,Strongly Disagree
7ed500aa-8bb4-4611-ba16-f9a7064931c0,Understanding and Undoing Implicit Bias (Virtual ILT),12404,"INSTRUCTOR.NAME maintained an effective pace through the agenda (discussion, activities, breaks, etc.).",5163,Strongly Disagree
7ed500aa-8bb4-4611-ba16-f9a7064931c0,Understanding and Undoing Implicit Bias (Virtual ILT),12404,INSTRUCTOR.NAME provided opportunities for questions and checked in for understanding,5175,Strongly Disagree
7ed500aa-8bb4-4611-ba16-f9a7064931c0,Understanding and Undoing Implicit Bias (Virtual ILT),12404,How satisfied are you with the online interaction you had with other learners in this program?,5321,Satisfied
7ed500aa-8bb4-4611-ba16-f9a7064931c0,Understanding and Undoing Implicit Bias (Virtual ILT),12404,Recall key implicit bias (IB) concepts and key points.,5362,Strongly Disagree
3acc0d6d-4dbf-4d20-9f50-0332a47eebb1,Understanding and Undoing Implicit Bias (Virtual ILT),12404,I felt comfortable using the video conferencing platform to participate in this learning program.,5011,Agree
3acc0d6d-4dbf-4d20-9f50-0332a47eebb1,Understanding and Undoing Implicit Bias (Virtual ILT),12404,"INSTRUCTOR.NAME maintained an effective pace through the agenda (discussion, activities, breaks, etc.).",5163,Strongly Agree
3acc0d6d-4dbf-4d20-9f50-0332a47eebb1,Understanding and Undoing Implicit Bias (Virtual ILT),12404,"INSTRUCTOR.NAME maintained an effective pace through the agenda (discussion, activities, breaks, etc.).",5163,Strongly Agree
3acc0d6d-4dbf-4d20-9f50-0332a47eebb1,Understanding and Undoing Implicit Bias (Virtual ILT),12404,INSTRUCTOR.NAME provided clear explanations of new concepts,5169,Strongly Agree
3acc0d6d-4dbf-4d20-9f50-0332a47eebb1,Understanding and Undoing Implicit Bias (Virtual ILT),12404,INSTRUCTOR.NAME provided clear explanations of new concepts,5169,Strongly Agree
3acc0d6d-4dbf-4d20-9f50-0332a47eebb1,Understanding and Undoing Implicit Bias (Virtual ILT),12404,How satisfied are you with taking this learning program in a virtual format?,5309,Neutral
3acc0d6d-4dbf-4d20-9f50-0332a47eebb1,Understanding and Undoing Implicit Bias (Virtual ILT),12404,How satisfied are you with the online interaction you had with other learners in this program?,5321,Neutral
3acc0d6d-4dbf-4d20-9f50-0332a47eebb1,Understanding and Undoing Implicit Bias (Virtual ILT),12404,Analyze the current state of child welfare as it relates to racial disproportionality,5368,Neutral
c144bce0-eb48-4fb8-893f-04343d06abc2,Understanding and Undoing Implicit Bias (Virtual ILT),12404,"Prior to today, I knew how this learning program was intended to impact my job performance.",4454,Neutral
c144bce0-eb48-4fb8-893f-04343d06abc2,Understanding and Undoing Implicit Bias (Virtual ILT),12404,"The instructional aids (forms, case scenarios, etc.) are very similar to real things I use on the job.",4472,Agree
c144bce0-eb48-4fb8-893f-04343d06abc2,Understanding and Undoing Implicit Bias (Virtual ILT),12404,How satisfied are you with the Workforce Institute Help Desk (phone and/or email support)?,4498,Extremely Satisfied
c144bce0-eb48-4fb8-893f-04343d06abc2,Understanding and Undoing Implicit Bias (Virtual ILT),12404,I felt comfortable using the video conferencing platform to participate in this learning program.,5011,Agree
c144bce0-eb48-4fb8-893f-04343d06abc2,Understanding and Undoing Implicit Bias (Virtual ILT),12404,"INSTRUCTOR.NAME maintained an effective pace through the agenda (discussion, activities, breaks, etc.).",5163,Strongly Agree
c144bce0-eb48-4fb8-893f-04343d06abc2,Understanding and Undoing Implicit Bias (Virtual ILT),12404,INSTRUCTOR.NAME provided clear explanations of new concepts,5169,Agree
c144bce0-eb48-4fb8-893f-04343d06abc2,Understanding and Undoing Implicit Bias (Virtual ILT),12404,INSTRUCTOR.NAME provided clear explanations of new concepts,5169,Strongly Agree
c144bce0-eb48-4fb8-893f-04343d06abc2,Understanding and Undoing Implicit Bias (Virtual ILT),12404,INSTRUCTOR.NAME provided opportunities for questions and checked in for understanding,5175,Strongly Agree
c144bce0-eb48-4fb8-893f-04343d06abc2,Understanding and Undoing Implicit Bias (Virtual ILT),12404,How satisfied are you with taking this learning program in a virtual format?,5309,Extremely Satisfied
c144bce0-eb48-4fb8-893f-04343d06abc2,Understanding and Undoing Implicit Bias (Virtual ILT),12404,Recall key implicit bias (IB) concepts and key points.,5362,Strongly Agree
24a7d45f-6cd5-4f02-b205-0d29197f82c6,Understanding and Undoing Implicit Bias (Virtual ILT),12404,"On a scale of 0-10, how likely is it that you would recommend this learning program to a colleague? (0 = Not at all likely, 10 = Extremely likely)",4505,10
24a7d45f-6cd5-4f02-b205-0d29197f82c6,Understanding and Undoing Implicit Bias (Virtual ILT),12404,What could be done differently to improve your overall learning experience?,4517,"None, the training was great."
24a7d45f-6cd5-4f02-b205-0d29197f82c6,Understanding and Undoing Implicit Bias (Virtual ILT),12404,"In a typical workweek, how often will you apply knowledge or skills from this learning program? (In percentage of time on the job)",4520,Almost Always (76-100% of the time)
24a7d45f-6cd5-4f02-b205-0d29197f82c6,Understanding and Undoing Implicit Bias (Virtual ILT),12404,I felt comfortable using the video conferencing platform to participate in this learning program.,5011,Strongly Agree
24a7d45f-6cd5-4f02-b205-0d29197f82c6,Understanding and Undoing Implicit Bias (Virtual ILT),12404,How satisfied are you with the online interaction you had with other learners in this program?,5321,Satisfied
24a7d45f-6cd5-4f02-b205-0d29197f82c6,Understanding and Undoing Implicit Bias (Virtual ILT),12404,Recall key implicit bias (IB) concepts and key points.,5362,Strongly Agree
24a7d45f-6cd5-4f02-b205-0d29197f82c6,Understanding and Undoing Implicit Bias (Virtual ILT),12404,Analyze the current state of child welfare as it relates to racial disproportionality,5368,Strongly Agree
24a7d45f-6cd5-4f02-b205-0d29197f82c6,Understanding and Undoing Implicit Bias (Virtual ILT),12404,"Draw connections between internalized oppression and trauma and their influence on institutional racism, structural inequity, and implicit bias",5374,Strongly Agree
5c3af263-2a0c-4132-b59f-2b1319c2d21a,Understanding and Undoing Implicit Bias (Virtual ILT),12404,"Prior to today, I knew how this learning program was intended to impact my job performance.",4454,Agree
5c3af263-2a0c-4132-b59f-2b1319c2d21a,Understanding and Undoing Implicit Bias (Virtual ILT),12404,How satisfied are you with the Cornerstone learning management system?,4491,Satisfied
5c3af263-2a0c-4132-b59f-2b1319c2d21a,Understanding and Undoing Implicit Bias (Virtual ILT),12404,How satisfied are you with the Workforce Institute Help Desk (phone and/or email support)?,4498,N/A (did not access)
5c3af263-2a0c-4132-b59f-2b1319c2d21a,Understanding and Undoing Implicit Bias (Virtual ILT),12404,Which other training topics or learning methods would support your job performance?,4526,
5c3af263-2a0c-4132-b59f-2b1319c2d21a,Understanding and Undoing Implicit Bias (Virtual ILT),12404,INSTRUCTOR.NAME provided clear explanations of new concepts,5169,Agree
5c3af263-2a0c-4132-b59f-2b1319c2d21a,Understanding and Undoing Implicit Bias (Virtual ILT),12404,INSTRUCTOR.NAME provided opportunities for questions and checked in for understanding,5175,Agree
5c3af263-2a0c-4132-b59f-2b1319c2d21a,Understanding and Undoing Implicit Bias (Virtual ILT),12404,How satisfied are you with taking this learning program in a virtual format?,5309,Extremely Satisfied
3be7370b-f151-44cf-9d0c-3b3c76575fb1,Understanding and Undoing Implicit Bias (Virtual ILT),12404,"Prior to today, I knew how this learning program was intended to impact my job performance.",4454,Neutral
3be7370b-f151-44cf-9d0c-3b3c76575fb1,Understanding and Undoing Implicit Bias (Virtual ILT),12404,"The instructional aids (forms, case scenarios, etc.) are very similar to real things I use on the job.",4472,Strongly Disagree
3be7370b-f151-44cf-9d0c-3b3c76575fb1,Understanding and Undoing Implicit Bias (Virtual ILT),12404,How satisfied are you with the Workforce Institute registration notifications and reminders?,4484,Extremely Satisfied
3be7370b-f151-44cf-9d0c-3b3c76575fb1,Understanding and Undoing Implicit Bias (Virtual ILT),12404,How satisfied are you with the Workforce Institute Help Desk (phone and/or email support)?,4498,Dissatisfied
3be7370b-f151-44cf-9d0c-3b3c76575fb1,Understanding and Undoing Implicit Bias (Virtual ILT),12404,"In a typical workweek, how often will you apply knowledge or skills from this learning program? (In percentage of time on the job)",4520,Never (0% of the time)
3be7370b-f151-44cf-9d0c-3b3c76575fb1,Understanding and Undoing Implicit Bias (Virtual ILT),12404,I felt comfortable using the video conferencing platform to participate in this learning program.,5011,Strongly Agree
f91eb599-269a-4cbb-8ee6-3fb9b28916e7,Understanding and Undoing Implicit Bias (Virtual ILT),12404,"Prior to today, I knew how this learning program was intended to impact my job performance.",4454,Agree
f91eb599-269a-4cbb-8ee6-3fb9b28916e7,Understanding and Undoing Implicit Bias (Virtual ILT),12404,"The instructional aids (forms, case scenarios, etc.) are very similar to real things I use on the job.",4472,Disagree
f91eb599-269a-4cbb-8ee6-3fb9b28916e7,Understanding and Undoing Implicit Bias (Virtual ILT),12404,How satisfied are you with the Workforce Institute registration notifications and reminders?,4484,Extremely Satisfied
f91eb599-269a-4cbb-8ee6-3fb9b28916e7,Understanding and Undoing Implicit Bias (Virtual ILT),12404,How satisfied are you with the Cornerstone learning management system?,4491,Satisfied
f91eb599-269a-4cbb-8ee6-3fb9b28916e7,Understanding and Undoing Implicit Bias (Virtual ILT),12404,"On a scale of 0-10, how likely is it that you would recommend this learning program to a colleague? (0 = Not at all likely, 10 = Extremely likely)",4505,10
f91eb599-269a-4cbb-8ee6-3fb9b28916e7,Understanding and Undoing Implicit Bias (Virtual ILT),12404,"INSTRUCTOR.NAME maintained an effective pace through the agenda (discussion, activities, breaks, etc.).",5163,Agree
f91eb599-269a-4cbb-8ee6-3fb9b28916e7,Understanding and Undoing Implicit Bias (Virtual ILT),12404,"INSTRUCTOR.NAME maintained an effective pace through the agenda (discussion, activities, breaks, etc.).",5163,Agree
f91eb599-269a-4cbb-8ee6-3fb9b28916e7,Understanding and Undoing Implicit Bias (Virtual ILT),12404,INSTRUCTOR.NAME provided opportunities for questions and checked in for understanding,5175,Agree
f91eb599-269a-4cbb-8ee6-3fb9b28916e7,Understanding and Undoing Implicit Bias (Virtual ILT),12404,How satisfied are you with taking this learning program in a virtual format?,5309,Extremely Satisfied
f91eb599-269a-4cbb-8ee6-3fb9b28916e7,Understanding and Undoing Implicit Bias (Virtual ILT),12404,How satisfied are you with the online interaction you had with the facilitators?,5315,Extremely Satisfied
f91eb599-269a-4cbb-8ee6-3fb9b28916e7,Understanding and Undoing Implicit Bias (Virtual ILT),12404,Apply debiasing strategies to undo individual implicit bias,5380,Strongly Agree
45aea739-83ae-4afd-a76b-5b32165b755e,Understanding and Undoing Implicit Bias (Virtual ILT),12404,I believe this learning program will help me do my current job better.,4478,Neutral
45aea739-83ae-4afd-a76b-5b32165b755e,Understanding and Undoing Implicit Bias (Virtual ILT),12404,Which other training topics or learning methods would support your job performance?,4526,
45aea739-83ae-4afd-a76b-5b32165b755e,Understanding and Undoing Implicit Bias (Virtual ILT),12404,INSTRUCTOR.NAME provided opportunities for questions and checked in for understanding,5175,Neutral
45aea739-83ae-4afd-a76b-5b32165b755e,Understanding and Undoing Implicit Bias (Virtual ILT),12404,How satisfied are you with taking this learning program in a virtual format?,5309,Neutral
45aea739-83ae-4afd-a76b-5b32165b755e,Understanding and Undoing Implicit Bias (Virtual ILT),12404,How satisfied are you with the online interaction you had with the facilitators?,5315,Neutral
45aea739-83ae-4afd-a76b-5b32165b755e,Understanding and Undoing Implicit Bias (Virtual ILT),12404,How satisfied are you with the online interaction you had with other learners in this program?,5321,Neutral
45aea739-83ae-4afd-a76b-5b32165b755e,Understanding and Undoing Implicit Bias (Virtual ILT),12404,Analyze the current state of child welfare as it relates to racial disproportionality,5368,Neutral
bfdd215b-c07f-4133-a696-9398e5cd000a,Understanding and Undoing Implicit Bias (Virtual ILT),12404,The skills practice activities showed me how to use this learning on the job.,4460,Agree
bfdd215b-c07f-4133-a696-9398e5cd000a,Understanding and Undoing Implicit Bias (Virtual ILT),12404,"INSTRUCTOR.NAME maintained an effective pace through the agenda (discussion, activities, breaks, etc.).",5163,Agree
bfdd215b-c07f-4133-a696-9398e5cd000a,Understanding and Undoing Implicit Bias (Virtual ILT),12404,INSTRUCTOR.NAME provided clear explanations of new concepts,5169,Agree
bfdd215b-c07f-4133-a696-9398e5cd000a,Understanding and Undoing Implicit Bias (Virtual ILT),12404,INSTRUCTOR.NAME provided opportunities for questions and checked in for understanding,5175,Agree
08d47312-62d0-490c-8faf-992383bcccf7,Understanding and Undoing Implicit Bias (Virtual ILT),12404,I believe this learning program will help me do my current job better.,4478,Strongly Agree
08d47312-62d0-490c-8faf-992383bcccf7,Understanding and Undoing Implicit Bias (Virtual ILT),12404,How satisfied are you with the Workforce Institute Help Desk (phone and/or email support)?,4498,Satisfied
08d47312-62d0-490c-8faf-992383bcccf7,Understanding and Undoing Implicit Bias (Virtual ILT),12404,"In a typical workweek, how often will you apply knowledge or skills from this learning program? (In percentage of time on the job)",4520,Almost Always (76-100% of the time)
08d47312-62d0-490c-8faf-992383bcccf7,Understanding and Undoing Implicit Bias (Virtual ILT),12404,Which other training topics or learning methods would support your job performance?,4526,Professional Leadership vs. Management
08d47312-62d0-490c-8faf-992383bcccf7,Understanding and Undoing Implicit Bias (Virtual ILT),12404,INSTRUCTOR.NAME provided opportunities for questions and checked in for understanding,5175,Strongly Agree
0b938eff-fd5d-43de-a796-b918af7f5469,Understanding and Undoing Implicit Bias (Virtual ILT),12404,How satisfied are you with the Workforce Institute Help Desk (phone and/or email support)?,4498,N/A (did not access)
0b938eff-fd5d-43de-a796-b918af7f5469,Understanding and Undoing Implicit Bias (Virtual ILT),12404,Which other training topics or learning methods would support your job performance?,4526,
0b938eff-fd5d-43de-a796-b918af7f5469,Understanding and Undoing Implicit Bias (Virtual ILT),12404,"INSTRUCTOR.NAME maintained an effective pace through the agenda (discussion, activities, breaks, etc.).",5163,Agree
0b938eff-fd5d-43de-a796-b918af7f5469,Understanding and Undoing Implicit Bias (Virtual ILT),12404,How satisfied are you with the online interaction you had with the facilitators?,5315,Satisfied
0b938eff-fd5d-43de-a796-b918af7f5469,Understanding and Undoing Implicit Bias (Virtual ILT),12404,Apply debiasing strategies to undo individual implicit bias,5380,Agree
74da7f5a-f40e-4f0d-b1fd-ce1bf20815e4,Understanding and Undoing Implicit Bias (Virtual ILT),12404,I believe this learning program will help me do my current job better.,4478,Strongly Agree
74da7f5a-f40e-4f0d-b1fd-ce1bf20815e4,Understanding and Undoing Implicit Bias (Virtual ILT),12404,How satisfied are you with the Workforce Institute Help Desk (phone and/or email support)?,4498,Extremely Satisfied
74da7f5a-f40e-4f0d-b1fd-ce1bf20815e4,Understanding and Undoing Implicit Bias (Virtual ILT),12404,"INSTRUCTOR.NAME maintained an effective pace through the agenda (discussion, activities, breaks, etc.).",5163,Agree
74da7f5a-f40e-4f0d-b1fd-ce1bf20815e4,Understanding and Undoing Implicit Bias (Virtual ILT),12404,INSTRUCTOR.NAME provided clear explanations of new concepts,5169,Agree
74da7f5a-f40e-4f0d-b1fd-ce1bf20815e4,Understanding and Undoing Implicit Bias (Virtual ILT),12404,How satisfied are you with the online interaction you had with the facilitators?,5315,Extremely Satisfied
74da7f5a-f40e-4f0d-b1fd-ce1bf20815e4,Understanding and Undoing Implicit Bias (Virtual ILT),12404,How satisfied are you with the online interaction you had with other learners in this program?,5321,Satisfied
9128933c-4a94-4bc4-bcf3-da46ee759b13,Understanding and Undoing Implicit Bias (Virtual ILT),12404,"INSTRUCTOR.NAME maintained an effective pace through the agenda (discussion, activities, breaks, etc.).",5163,Strongly Agree
9128933c-4a94-4bc4-bcf3-da46ee759b13,Understanding and Undoing Implicit Bias (Virtual ILT),12404,INSTRUCTOR.NAME provided clear explanations of new concepts,5169,Strongly Agree
b79e65cd-eeec-49c6-8323-eba7f817c6cd,Understanding and Undoing Implicit Bias (Virtual ILT),12404,"Prior to today, I knew how this learning program was intended to impact my job performance.",4454,Agree
b79e65cd-eeec-49c6-8323-eba7f817c6cd,Understanding and Undoing Implicit Bias (Virtual ILT),12404,"On a scale of 0-10, how likely is it that you would recommend this learning program to a colleague? (0 = Not at all likely, 10 = Extremely likely)",4505,8
b79e65cd-eeec-49c6-8323-eba7f817c6cd,Understanding and Undoing Implicit Bias (Virtual ILT),12404,Which other training topics or learning methods would support your job performance?,4526,
b79e65cd-eeec-49c6-8323-eba7f817c6cd,Understanding and Undoing Implicit Bias (Virtual ILT),12404,How satisfied are you with the online interaction you had with other learners in this program?,5321,Satisfied
7c1fc38c-9062-4aff-9ad6-f3e76734ccaa,Understanding and Undoing Implicit Bias (Virtual ILT),12404,"Prior to today, I knew how this learning program was intended to impact my job performance.",4454,Neutral
7c1fc38c-9062-4aff-9ad6-f3e76734ccaa,Understanding and Undoing Implicit Bias (Virtual ILT),12404,I believe this learning program will help me do my current job better.,4478,Strongly Agree
7c1fc38c-9062-4aff-9ad6-f3e76734ccaa,Understanding and Undoing Implicit Bias (Virtual ILT),12404,How satisfied are you with the online interaction you had with other learners in this program?,5321,Extremely Satisfied
7ed500aa-8bb4-4611-ba16-f9a7064931c0,Understanding and Undoing Implicit Bias (Virtual ILT),12404,How satisfied are you with the Cornerstone learning management system?,4491,Extremely Satisfied
7ed500aa-8bb4-4611-ba16-f9a7064931c0,Understanding and Undoing Implicit Bias (Virtual ILT),12404,"INSTRUCTOR.NAME maintained an effective pace through the agenda (discussion, activities, breaks, etc.).",5163,Strongly Disagree
7ed500aa-8bb4-4611-ba16-f9a7064931c0,Understanding and Undoing Implicit Bias (Virtual ILT),12404,INSTRUCTOR.NAME provided clear explanations of new concepts,5169,Strongly Disagree
7ed500aa-8bb4-4611-ba16-f9a7064931c0,Understanding and Undoing Implicit Bias (Virtual ILT),12404,How satisfied are you with taking this learning program in a virtual format?,5309,Extremely Dissatisfied
1f97e241-1b91-4c5b-bf1e-09b4871e20dd,Understanding and Undoing Implicit Bias (Virtual ILT),12402,"The instructional aids (forms, case scenarios, etc.) are very similar to real things I use on the job.",4472,Strongly Disagree
1f97e241-1b91-4c5b-bf1e-09b4871e20dd,Understanding and Undoing Implicit Bias (Virtual ILT),12402,I believe this learning program will help me do my current job better.,4478,Strongly Disagree
1f97e241-1b91-4c5b-bf1e-09b4871e20dd,Understanding and Undoing Implicit Bias (Virtual ILT),12402,My supervisor met with me to discuss the relevance of this learning program to my current job.,4519,Yes
1f97e241-1b91-4c5b-bf1e-09b4871e20dd,Understanding and Undoing Implicit Bias (Virtual ILT),12402,"INSTRUCTOR.NAME maintained an effective pace through the agenda (discussion, activities, breaks, etc.).",5163,Strongly Agree
1f97e241-1b91-4c5b-bf1e-09b4871e20dd,Understanding and Undoing Implicit Bias (Virtual ILT),12402,INSTRUCTOR.NAME provided clear explanations of new concepts,5169,Strongly Agree
1f97e241-1b91-4c5b-bf1e-09b4871e20dd,Understanding and Undoing Implicit Bias (Virtual ILT),12402,How satisfied are you with taking this learning program in a virtual format?,5309,Extremely Satisfied
edb2dd7f-cb67-450e-8081-45f0e3285817,Understanding and Undoing Implicit Bias (Virtual ILT),12402,The skills practice activities showed me how to use this learning on the job.,4460,Agree
edb2dd7f-cb67-450e-8081-45f0e3285817,Understanding and Undoing Implicit Bias (Virtual ILT),12402,I believe this learning program will help me do my current job better.,4478,Agree
edb2dd7f-cb67-450e-8081-45f0e3285817,Understanding and Undoing Implicit Bias (Virtual ILT),12402,My supervisor met with me to discuss the relevance of this learning program to my current job.,4519,No
edb2dd7f-cb67-450e-8081-45f0e3285817,Understanding and Undoing Implicit Bias (Virtual ILT),12402,"In a typical workweek, how often will you apply knowledge or skills from this learning program? (In percentage of time on the job)",4520,Very Often (51-75% of the time)
edb2dd7f-cb67-450e-8081-45f0e3285817,Understanding and Undoing Implicit Bias (Virtual ILT),12402,Which other training topics or learning methods would support your job performance?,4526,
edb2dd7f-cb67-450e-8081-45f0e3285817,Understanding and Undoing Implicit Bias (Virtual ILT),12402,INSTRUCTOR.NAME provided clear explanations of new concepts,5169,Agree
edb2dd7f-cb67-450e-8081-45f0e3285817,Understanding and Undoing Implicit Bias (Virtual ILT),12402,How satisfied are you with the online interaction you had with the facilitators?,5315,Satisfied
edb2dd7f-cb67-450e-8081-45f0e3285817,Understanding and Undoing Implicit Bias (Virtual ILT),12402,Apply debiasing strategies to undo individual implicit bias,5380,Agree
1bb7b96c-b688-44c6-9155-51e057e2661d,Understanding and Undoing Implicit Bias (Virtual ILT),12402,How satisfied are you with the Workforce Institute Help Desk (phone and/or email support)?,4498,Extremely Satisfied
1bb7b96c-b688-44c6-9155-51e057e2661d,Understanding and Undoing Implicit Bias (Virtual ILT),12402,"INSTRUCTOR.NAME maintained an effective pace through the agenda (discussion, activities, breaks, etc.).",5163,Agree
1bb7b96c-b688-44c6-9155-51e057e2661d,Understanding and Undoing Implicit Bias (Virtual ILT),12402,INSTRUCTOR.NAME provided clear explanations of new concepts,5169,Agree
1bb7b96c-b688-44c6-9155-51e057e2661d,Understanding and Undoing Implicit Bias (Virtual ILT),12402,How satisfied are you with taking this learning program in a virtual format?,5309,Satisfied
1bb7b96c-b688-44c6-9155-51e057e2661d,Understanding and Undoing Implicit Bias (Virtual ILT),12402,Analyze the current state of child welfare as it relates to racial disproportionality,5368,Strongly Agree
1bb7b96c-b688-44c6-9155-51e057e2661d,Understanding and Undoing Implicit Bias (Virtual ILT),12402,Apply debiasing strategies to undo individual implicit bias,5380,Strongly Agree
2626cdcc-5568-41db-9cea-539f7d62ff33,Understanding and Undoing Implicit Bias (Virtual ILT),12402,I believe this learning program will help me do my current job better.,4478,Agree
2626cdcc-5568-41db-9cea-539f7d62ff33,Understanding and Undoing Implicit Bias (Virtual ILT),12402,INSTRUCTOR.NAME provided opportunities for questions and checked in for understanding,5175,Strongly Agree
2626cdcc-5568-41db-9cea-539f7d62ff33,Understanding and Undoing Implicit Bias (Virtual ILT),12402,Apply debiasing strategies to undo individual implicit bias,5380,Agree
1973054b-20f8-443f-9927-59272d483373,Understanding and Undoing Implicit Bias (Virtual ILT),12402,The skills practice activities showed me how to use this learning on the job.,4460,Strongly Agree
1973054b-20f8-443f-9927-59272d483373,Understanding and Undoing Implicit Bias (Virtual ILT),12402,My supervisor met with me to discuss the relevance of this learning program to my current job.,4519,Yes
1973054b-20f8-443f-9927-59272d483373,Understanding and Undoing Implicit Bias (Virtual ILT),12402,"In a typical workweek, how often will you apply knowledge or skills from this learning program? (In percentage of time on the job)",4520,Very Often (51-75% of the time)
1973054b-20f8-443f-9927-59272d483373,Understanding and Undoing Implicit Bias (Virtual ILT),12402,Which other training topics or learning methods would support your job performance?,4526,n/a
1973054b-20f8-443f-9927-59272d483373,Understanding and Undoing Implicit Bias (Virtual ILT),12402,"INSTRUCTOR.NAME maintained an effective pace through the agenda (discussion, activities, breaks, etc.).",5163,Strongly Agree
1973054b-20f8-443f-9927-59272d483373,Understanding and Undoing Implicit Bias (Virtual ILT),12402,How satisfied are you with the online interaction you had with the facilitators?,5315,Extremely Satisfied
1973054b-20f8-443f-9927-59272d483373,Understanding and Undoing Implicit Bias (Virtual ILT),12402,Analyze the current state of child welfare as it relates to racial disproportionality,5368,Strongly Agree
f1550cbd-0203-4677-9371-5cdff1860189,Understanding and Undoing Implicit Bias (Virtual ILT),12402,"Prior to today, I knew how this learning program was intended to impact my job performance.",4454,Strongly Agree
f1550cbd-0203-4677-9371-5cdff1860189,Understanding and Undoing Implicit Bias (Virtual ILT),12402,What could be done differently to improve your overall learning experience?,4517,The class was well organized and thoughtfully run. I do not think there is any room for improvement..
f1550cbd-0203-4677-9371-5cdff1860189,Understanding and Undoing Implicit Bias (Virtual ILT),12402,"INSTRUCTOR.NAME maintained an effective pace through the agenda (discussion, activities, breaks, etc.).",5163,Strongly Agree
f1550cbd-0203-4677-9371-5cdff1860189,Understanding and Undoing Implicit Bias (Virtual ILT),12402,How satisfied are you with the online interaction you had with the facilitators?,5315,Extremely Satisfied
f1550cbd-0203-4677-9371-5cdff1860189,Understanding and Undoing Implicit Bias (Virtual ILT),12402,How satisfied are you with the online interaction you had with other learners in this program?,5321,Extremely Satisfied
f1550cbd-0203-4677-9371-5cdff1860189,Understanding and Undoing Implicit Bias (Virtual ILT),12402,Recall key implicit bias (IB) concepts and key points.,5362,Strongly Agree
360b071a-0bfa-4e81-9d33-68b087710e0f,Understanding and Undoing Implicit Bias (Virtual ILT),12402,The skills practice activities showed me how to use this learning on the job.,4460,Strongly Agree
360b071a-0bfa-4e81-9d33-68b087710e0f,Understanding and Undoing Implicit Bias (Virtual ILT),12402,How satisfied are you with the Workforce Institute Help Desk (phone and/or email support)?,4498,Neutral
360b071a-0bfa-4e81-9d33-68b087710e0f,Understanding and Undoing Implicit Bias (Virtual ILT),12402,I felt comfortable using the video conferencing platform to participate in this learning program.,5011,Strongly Agree
360b071a-0bfa-4e81-9d33-68b087710e0f,Understanding and Undoing Implicit Bias (Virtual ILT),12402,"INSTRUCTOR.NAME maintained an effective pace through the agenda (discussion, activities, breaks, etc.).",5163,Strongly Agree
360b071a-0bfa-4e81-9d33-68b087710e0f,Understanding and Undoing Implicit Bias (Virtual ILT),12402,"Draw connections between internalized oppression and trauma and their influence on institutional racism, structural inequity, and implicit bias",5374,Strongly Agree
360b071a-0bfa-4e81-9d33-68b087710e0f,Understanding and Undoing Implicit Bias (Virtual ILT),12402,Apply debiasing strategies to undo individual implicit bias,5380,Strongly Agree
ef33e1e0-3979-4328-a513-755356e34920,Understanding and Undoing Implicit Bias (Virtual ILT),12402,How satisfied are you with the Workforce Institute registration notifications and reminders?,4484,Satisfied
ef33e1e0-3979-4328-a513-755356e34920,Understanding and Undoing Implicit Bias (Virtual ILT),12402,"On a scale of 0-10, how likely is it that you would recommend this learning program to a colleague? (0 = Not at all likely, 10 = Extremely likely)",4505,8
ef33e1e0-3979-4328-a513-755356e34920,Understanding and Undoing Implicit Bias (Virtual ILT),12402,What could be done differently to improve your overall learning experience?,4517,
ef33e1e0-3979-4328-a513-755356e34920,Understanding and Undoing Implicit Bias (Virtual ILT),12402,"In a typical workweek, how often will you apply knowledge or skills from this learning program? (In percentage of time on the job)",4520,Very Often (51-75% of the time)
ef33e1e0-3979-4328-a513-755356e34920,Understanding and Undoing Implicit Bias (Virtual ILT),12402,Which other training topics or learning methods would support your job performance?,4526,
ef33e1e0-3979-4328-a513-755356e34920,Understanding and Undoing Implicit Bias (Virtual ILT),12402,INSTRUCTOR.NAME provided clear explanations of new concepts,5169,Agree
ef33e1e0-3979-4328-a513-755356e34920,Understanding and Undoing Implicit Bias (Virtual ILT),12402,INSTRUCTOR.NAME provided opportunities for questions and checked in for understanding,5175,Agree
ef33e1e0-3979-4328-a513-755356e34920,Understanding and Undoing Implicit Bias (Virtual ILT),12402,How satisfied are you with the online interaction you had with other learners in this program?,5321,Neutral
0138acc7-e403-4edd-811c-87900bc14382,Understanding and Undoing Implicit Bias (Virtual ILT),12402,"The instructional aids (forms, case scenarios, etc.) are very similar to real things I use on the job.",4472,Agree
0138acc7-e403-4edd-811c-87900bc14382,Understanding and Undoing Implicit Bias (Virtual ILT),12402,I believe this learning program will help me do my current job better.,4478,Agree
0138acc7-e403-4edd-811c-87900bc14382,Understanding and Undoing Implicit Bias (Virtual ILT),12402,How satisfied are you with the Workforce Institute Help Desk (phone and/or email support)?,4498,Satisfied
0138acc7-e403-4edd-811c-87900bc14382,Understanding and Undoing Implicit Bias (Virtual ILT),12402,"On a scale of 0-10, how likely is it that you would recommend this learning program to a colleague? (0 = Not at all likely, 10 = Extremely likely)",4505,8
0138acc7-e403-4edd-811c-87900bc14382,Understanding and Undoing Implicit Bias (Virtual ILT),12402,What could be done differently to improve your overall learning experience?,4517,
0138acc7-e403-4edd-811c-87900bc14382,Understanding and Undoing Implicit Bias (Virtual ILT),12402,I felt comfortable using the video conferencing platform to participate in this learning program.,5011,Agree
0138acc7-e403-4edd-811c-87900bc14382,Understanding and Undoing Implicit Bias (Virtual ILT),12402,How satisfied are you with the online interaction you had with the facilitators?,5315,Satisfied
0138acc7-e403-4edd-811c-87900bc14382,Understanding and Undoing Implicit Bias (Virtual ILT),12402,Analyze the current state of child welfare as it relates to racial disproportionality,5368,Agree
ab9647b9-ac6e-4db2-ba5d-9b1cc3f66d25,Understanding and Undoing Implicit Bias (Virtual ILT),12402,I believe this learning program will help me do my current job better.,4478,Agree
ab9647b9-ac6e-4db2-ba5d-9b1cc3f66d25,Understanding and Undoing Implicit Bias (Virtual ILT),12402,My supervisor met with me to discuss the relevance of this learning program to my current job.,4519,Yes
ab9647b9-ac6e-4db2-ba5d-9b1cc3f66d25,Understanding and Undoing Implicit Bias (Virtual ILT),12402,"In a typical workweek, how often will you apply knowledge or skills from this learning program? (In percentage of time on the job)",4520,Frequently (26-50% of the time)
ab9647b9-ac6e-4db2-ba5d-9b1cc3f66d25,Understanding and Undoing Implicit Bias (Virtual ILT),12402,Which other training topics or learning methods would support your job performance?,4526,
ab9647b9-ac6e-4db2-ba5d-9b1cc3f66d25,Understanding and Undoing Implicit Bias (Virtual ILT),12402,I felt comfortable using the video conferencing platform to participate in this learning program.,5011,Agree
ab9647b9-ac6e-4db2-ba5d-9b1cc3f66d25,Understanding and Undoing Implicit Bias (Virtual ILT),12402,"INSTRUCTOR.NAME maintained an effective pace through the agenda (discussion, activities, breaks, etc.).",5163,Strongly Agree
ab9647b9-ac6e-4db2-ba5d-9b1cc3f66d25,Understanding and Undoing Implicit Bias (Virtual ILT),12402,INSTRUCTOR.NAME provided opportunities for questions and checked in for understanding,5175,Strongly Agree
ab9647b9-ac6e-4db2-ba5d-9b1cc3f66d25,Understanding and Undoing Implicit Bias (Virtual ILT),12402,How satisfied are you with the online interaction you had with the facilitators?,5315,Satisfied
ab9647b9-ac6e-4db2-ba5d-9b1cc3f66d25,Understanding and Undoing Implicit Bias (Virtual ILT),12402,"Draw connections between internalized oppression and trauma and their influence on institutional racism, structural inequity, and implicit bias",5374,Strongly Agree
aaa092b8-c708-4de5-8ce7-a0bb5da26149,Understanding and Undoing Implicit Bias (Virtual ILT),12402,My supervisor met with me to discuss the relevance of this learning program to my current job.,4519,
aaa092b8-c708-4de5-8ce7-a0bb5da26149,Understanding and Undoing Implicit Bias (Virtual ILT),12402,INSTRUCTOR.NAME provided clear explanations of new concepts,5169,Agree
aaa092b8-c708-4de5-8ce7-a0bb5da26149,Understanding and Undoing Implicit Bias (Virtual ILT),12402,INSTRUCTOR.NAME provided opportunities for questions and checked in for understanding,5175,Agree
aaa092b8-c708-4de5-8ce7-a0bb5da26149,Understanding and Undoing Implicit Bias (Virtual ILT),12402,How satisfied are you with the online interaction you had with the facilitators?,5315,Satisfied
5d262ffd-1f64-4649-b4e2-a470448a092d,Understanding and Undoing Implicit Bias (Virtual ILT),12402,"Prior to today, I knew how this learning program was intended to impact my job performance.",4454,Agree
5d262ffd-1f64-4649-b4e2-a470448a092d,Understanding and Undoing Implicit Bias (Virtual ILT),12402,The skills practice activities showed me how to use this learning on the job.,4460,Agree
5d262ffd-1f64-4649-b4e2-a470448a092d,Understanding and Undoing Implicit Bias (Virtual ILT),12402,How satisfied are you with the Workforce Institute registration notifications and reminders?,4484,Satisfied
5d262ffd-1f64-4649-b4e2-a470448a092d,Understanding and Undoing Implicit Bias (Virtual ILT),12402,"On a scale of 0-10, how likely is it that you would recommend this learning program to a colleague? (0 = Not at all likely, 10 = Extremely likely)",4505,8
5d262ffd-1f64-4649-b4e2-a470448a092d,Understanding and Undoing Implicit Bias (Virtual ILT),12402,"In a typical workweek, how often will you apply knowledge or skills from this learning program? (In percentage of time on the job)",4520,Almost Always (76-100% of the time)
5d262ffd-1f64-4649-b4e2-a470448a092d,Understanding and Undoing Implicit Bias (Virtual ILT),12402,"INSTRUCTOR.NAME maintained an effective pace through the agenda (discussion, activities, breaks, etc.).",5163,Agree
43797410-bf8e-4765-a48c-b6896d7827e4,Understanding and Undoing Implicit Bias (Virtual ILT),12402,"Prior to today, I knew how this learning program was intended to impact my job performance.",4454,Agree
43797410-bf8e-4765-a48c-b6896d7827e4,Understanding and Undoing Implicit Bias (Virtual ILT),12402,How satisfied are you with the Workforce Institute registration notifications and reminders?,4484,Extremely Satisfied
43797410-bf8e-4765-a48c-b6896d7827e4,Understanding and Undoing Implicit Bias (Virtual ILT),12402,"INSTRUCTOR.NAME maintained an effective pace through the agenda (discussion, activities, breaks, etc.).",5163,Agree
43797410-bf8e-4765-a48c-b6896d7827e4,Understanding and Undoing Implicit Bias (Virtual ILT),12402,"INSTRUCTOR.NAME maintained an effective pace through the agenda (discussion, activities, breaks, etc.).",5163,Agree
43797410-bf8e-4765-a48c-b6896d7827e4,Understanding and Undoing Implicit Bias (Virtual ILT),12402,INSTRUCTOR.NAME provided clear explanations of new concepts,5169,Agree
43797410-bf8e-4765-a48c-b6896d7827e4,Understanding and Undoing Implicit Bias (Virtual ILT),12402,How satisfied are you with taking this learning program in a virtual format?,5309,Extremely Satisfied
43797410-bf8e-4765-a48c-b6896d7827e4,Understanding and Undoing Implicit Bias (Virtual ILT),12402,"Draw connections between internalized oppression and trauma and their influence on institutional racism, structural inequity, and implicit bias",5374,Agree
157e38ef-a7e4-406b-9f9a-ea371ae35cf4,Understanding and Undoing Implicit Bias (Virtual ILT),12402,How satisfied are you with the Cornerstone learning management system?,4491,Neutral
157e38ef-a7e4-406b-9f9a-ea371ae35cf4,Understanding and Undoing Implicit Bias (Virtual ILT),12402,How satisfied are you with the Workforce Institute Help Desk (phone and/or email support)?,4498,Neutral
157e38ef-a7e4-406b-9f9a-ea371ae35cf4,Understanding and Undoing Implicit Bias (Virtual ILT),12402,INSTRUCTOR.NAME provided clear explanations of new concepts,5169,Neutral
157e38ef-a7e4-406b-9f9a-ea371ae35cf4,Understanding and Undoing Implicit Bias (Virtual ILT),12402,INSTRUCTOR.NAME provided opportunities for questions and checked in for understanding,5175,Neutral
157e38ef-a7e4-406b-9f9a-ea371ae35cf4,Understanding and Undoing Implicit Bias (Virtual ILT),12402,Recall key implicit bias (IB) concepts and key points.,5362,Neutral
157e38ef-a7e4-406b-9f9a-ea371ae35cf4,Understanding and Undoing Implicit Bias (Virtual ILT),12402,Apply debiasing strategies to undo individual implicit bias,5380,Neutral
1f97e241-1b91-4c5b-bf1e-09b4871e20dd,Understanding and Undoing Implicit Bias (Virtual ILT),12402,How satisfied are you with the Workforce Institute registration notifications and reminders?,4484,Extremely Satisfied
1f97e241-1b91-4c5b-bf1e-09b4871e20dd,Understanding and Undoing Implicit Bias (Virtual ILT),12402,How satisfied are you with the Cornerstone learning management system?,4491,Extremely Satisfied
1f97e241-1b91-4c5b-bf1e-09b4871e20dd,Understanding and Undoing Implicit Bias (Virtual ILT),12402,What could be done differently to improve your overall learning experience?,4517,Everything was done extremely well
1f97e241-1b91-4c5b-bf1e-09b4871e20dd,Understanding and Undoing Implicit Bias (Virtual ILT),12402,"In a typical workweek, how often will you apply knowledge or skills from this learning program? (In percentage of time on the job)",4520,Almost Always (76-100% of the time)
1f97e241-1b91-4c5b-bf1e-09b4871e20dd,Understanding and Undoing Implicit Bias (Virtual ILT),12402,"INSTRUCTOR.NAME maintained an effective pace through the agenda (discussion, activities, breaks, etc.).",5163,Strongly Agree
1f97e241-1b91-4c5b-bf1e-09b4871e20dd,Understanding and Undoing Implicit Bias (Virtual ILT),12402,How satisfied are you with the online interaction you had with other learners in this program?,5321,Extremely Satisfied
1f97e241-1b91-4c5b-bf1e-09b4871e20dd,Understanding and Undoing Implicit Bias (Virtual ILT),12402,Recall key implicit bias (IB) concepts and key points.,5362,Strongly Disagree
1f97e241-1b91-4c5b-bf1e-09b4871e20dd,Understanding and Undoing Implicit Bias (Virtual ILT),12402,Analyze the current state of child welfare as it relates to racial disproportionality,5368,Strongly Disagree
1f97e241-1b91-4c5b-bf1e-09b4871e20dd,Understanding and Undoing Implicit Bias (Virtual ILT),12402,Apply debiasing strategies to undo individual implicit bias,5380,
edb2dd7f-cb67-450e-8081-45f0e3285817,Understanding and Undoing Implicit Bias (Virtual ILT),12402,"Prior to today, I knew how this learning program was intended to impact my job performance.",4454,Neutral
edb2dd7f-cb67-450e-8081-45f0e3285817,Understanding and Undoing Implicit Bias (Virtual ILT),12402,How satisfied are you with the Cornerstone learning management system?,4491,Satisfied
edb2dd7f-cb67-450e-8081-45f0e3285817,Understanding and Undoing Implicit Bias (Virtual ILT),12402,I felt comfortable using the video conferencing platform to participate in this learning program.,5011,Agree
edb2dd7f-cb67-450e-8081-45f0e3285817,Understanding and Undoing Implicit Bias (Virtual ILT),12402,"INSTRUCTOR.NAME maintained an effective pace through the agenda (discussion, activities, breaks, etc.).",5163,Agree
edb2dd7f-cb67-450e-8081-45f0e3285817,Understanding and Undoing Implicit Bias (Virtual ILT),12402,"INSTRUCTOR.NAME maintained an effective pace through the agenda (discussion, activities, breaks, etc.).",5163,Agree
edb2dd7f-cb67-450e-8081-45f0e3285817,Understanding and Undoing Implicit Bias (Virtual ILT),12402,How satisfied are you with taking this learning program in a virtual format?,5309,Satisfied
edb2dd7f-cb67-450e-8081-45f0e3285817,Understanding and Undoing Implicit Bias (Virtual ILT),12402,Recall key implicit bias (IB) concepts and key points.,5362,Neutral
edb2dd7f-cb67-450e-8081-45f0e3285817,Understanding and Undoing Implicit Bias (Virtual ILT),12402,"Draw connections between internalized oppression and trauma and their influence on institutional racism, structural inequity, and implicit bias",5374,Agree
1bb7b96c-b688-44c6-9155-51e057e2661d,Understanding and Undoing Implicit Bias (Virtual ILT),12402,"The instructional aids (forms, case scenarios, etc.) are very similar to real things I use on the job.",4472,Neutral
1bb7b96c-b688-44c6-9155-51e057e2661d,Understanding and Undoing Implicit Bias (Virtual ILT),12402,"On a scale of 0-10, how likely is it that you would recommend this learning program to a colleague? (0 = Not at all likely, 10 = Extremely likely)",4505,9
1bb7b96c-b688-44c6-9155-51e057e2661d,Understanding and Undoing Implicit Bias (Virtual ILT),12402,"In a typical workweek, how often will you apply knowledge or skills from this learning program? (In percentage of time on the job)",4520,Very Often (51-75% of the time)
1bb7b96c-b688-44c6-9155-51e057e2661d,Understanding and Undoing Implicit Bias (Virtual ILT),12402,I felt comfortable using the video conferencing platform to participate in this learning program.,5011,Strongly Agree
1bb7b96c-b688-44c6-9155-51e057e2661d,Understanding and Undoing Implicit Bias (Virtual ILT),12402,INSTRUCTOR.NAME provided opportunities for questions and checked in for understanding,5175,Strongly Agree
2626cdcc-5568-41db-9cea-539f7d62ff33,Understanding and Undoing Implicit Bias (Virtual ILT),12402,"Prior to today, I knew how this learning program was intended to impact my job performance.",4454,Agree
2626cdcc-5568-41db-9cea-539f7d62ff33,Understanding and Undoing Implicit Bias (Virtual ILT),12402,How satisfied are you with the Cornerstone learning management system?,4491,Satisfied
2626cdcc-5568-41db-9cea-539f7d62ff33,Understanding and Undoing Implicit Bias (Virtual ILT),12402,How satisfied are you with the Workforce Institute Help Desk (phone and/or email support)?,4498,Satisfied
2626cdcc-5568-41db-9cea-539f7d62ff33,Understanding and Undoing Implicit Bias (Virtual ILT),12402,What could be done differently to improve your overall learning experience?,4517,The ability to see all the attendees in the training all at once.
2626cdcc-5568-41db-9cea-539f7d62ff33,Understanding and Undoing Implicit Bias (Virtual ILT),12402,My supervisor met with me to discuss the relevance of this learning program to my current job.,4519,Yes
2626cdcc-5568-41db-9cea-539f7d62ff33,Understanding and Undoing Implicit Bias (Virtual ILT),12402,I felt comfortable using the video conferencing platform to participate in this learning program.,5011,Agree
2626cdcc-5568-41db-9cea-539f7d62ff33,Understanding and Undoing Implicit Bias (Virtual ILT),12402,"INSTRUCTOR.NAME maintained an effective pace through the agenda (discussion, activities, breaks, etc.).",5163,Strongly Agree
2626cdcc-5568-41db-9cea-539f7d62ff33,Understanding and Undoing Implicit Bias (Virtual ILT),12402,INSTRUCTOR.NAME provided opportunities for questions and checked in for understanding,5175,Agree
2626cdcc-5568-41db-9cea-539f7d62ff33,Understanding and Undoing Implicit Bias (Virtual ILT),12402,Analyze the current state of child welfare as it relates to racial disproportionality,5368,Strongly Agree
2626cdcc-5568-41db-9cea-539f7d62ff33,Understanding and Undoing Implicit Bias (Virtual ILT),12402,"Draw connections between internalized oppression and trauma and their influence on institutional racism, structural inequity, and implicit bias",5374,Strongly Agree
1973054b-20f8-443f-9927-59272d483373,Understanding and Undoing Implicit Bias (Virtual ILT),12402,How satisfied are you with the Workforce Institute Help Desk (phone and/or email support)?,4498,Extremely Satisfied
1973054b-20f8-443f-9927-59272d483373,Understanding and Undoing Implicit Bias (Virtual ILT),12402,I felt comfortable using the video conferencing platform to participate in this learning program.,5011,Strongly Agree
1973054b-20f8-443f-9927-59272d483373,Understanding and Undoing Implicit Bias (Virtual ILT),12402,INSTRUCTOR.NAME provided opportunities for questions and checked in for understanding,5175,Strongly Agree
f1550cbd-0203-4677-9371-5cdff1860189,Understanding and Undoing Implicit Bias (Virtual ILT),12402,The skills practice activities showed me how to use this learning on the job.,4460,Strongly Agree
f1550cbd-0203-4677-9371-5cdff1860189,Understanding and Undoing Implicit Bias (Virtual ILT),12402,"The instructional aids (forms, case scenarios, etc.) are very similar to real things I use on the job.",4472,Agree
f1550cbd-0203-4677-9371-5cdff1860189,Understanding and Undoing Implicit Bias (Virtual ILT),12402,I believe this learning program will help me do my current job better.,4478,Strongly Agree
f1550cbd-0203-4677-9371-5cdff1860189,Understanding and Undoing Implicit Bias (Virtual ILT),12402,"In a typical workweek, how often will you apply knowledge or skills from this learning program? (In percentage of time on the job)",4520,Almost Always (76-100% of the time)
f1550cbd-0203-4677-9371-5cdff1860189,Understanding and Undoing Implicit Bias (Virtual ILT),12402,I felt comfortable using the video conferencing platform to participate in this learning program.,5011,Strongly Agree
360b071a-0bfa-4e81-9d33-68b087710e0f,Understanding and Undoing Implicit Bias (Virtual ILT),12402,I believe this learning program will help me do my current job better.,4478,Strongly Agree
360b071a-0bfa-4e81-9d33-68b087710e0f,Understanding and Undoing Implicit Bias (Virtual ILT),12402,How satisfied are you with the Cornerstone learning management system?,4491,Satisfied
360b071a-0bfa-4e81-9d33-68b087710e0f,Understanding and Undoing Implicit Bias (Virtual ILT),12402,"INSTRUCTOR.NAME maintained an effective pace through the agenda (discussion, activities, breaks, etc.).",5163,Strongly Agree
360b071a-0bfa-4e81-9d33-68b087710e0f,Understanding and Undoing Implicit Bias (Virtual ILT),12402,INSTRUCTOR.NAME provided clear explanations of new concepts,5169,Strongly Agree
360b071a-0bfa-4e81-9d33-68b087710e0f,Understanding and Undoing Implicit Bias (Virtual ILT),12402,INSTRUCTOR.NAME provided clear explanations of new concepts,5169,Strongly Agree
360b071a-0bfa-4e81-9d33-68b087710e0f,Understanding and Undoing Implicit Bias (Virtual ILT),12402,How satisfied are you with taking this learning program in a virtual format?,5309,Extremely Satisfied
360b071a-0bfa-4e81-9d33-68b087710e0f,Understanding and Undoing Implicit Bias (Virtual ILT),12402,How satisfied are you with the online interaction you had with other learners in this program?,5321,Extremely Satisfied
ef33e1e0-3979-4328-a513-755356e34920,Understanding and Undoing Implicit Bias (Virtual ILT),12402,"Prior to today, I knew how this learning program was intended to impact my job performance.",4454,
ef33e1e0-3979-4328-a513-755356e34920,Understanding and Undoing Implicit Bias (Virtual ILT),12402,The skills practice activities showed me how to use this learning on the job.,4460,Strongly Agree
ef33e1e0-3979-4328-a513-755356e34920,Understanding and Undoing Implicit Bias (Virtual ILT),12402,How satisfied are you with the Cornerstone learning management system?,4491,Satisfied
ef33e1e0-3979-4328-a513-755356e34920,Understanding and Undoing Implicit Bias (Virtual ILT),12402,How satisfied are you with the Workforce Institute Help Desk (phone and/or email support)?,4498,Satisfied
ef33e1e0-3979-4328-a513-755356e34920,Understanding and Undoing Implicit Bias (Virtual ILT),12402,I felt comfortable using the video conferencing platform to participate in this learning program.,5011,Agree
ef33e1e0-3979-4328-a513-755356e34920,Understanding and Undoing Implicit Bias (Virtual ILT),12402,"INSTRUCTOR.NAME maintained an effective pace through the agenda (discussion, activities, breaks, etc.).",5163,Agree
ef33e1e0-3979-4328-a513-755356e34920,Understanding and Undoing Implicit Bias (Virtual ILT),12402,INSTRUCTOR.NAME provided opportunities for questions and checked in for understanding,5175,Agree
ef33e1e0-3979-4328-a513-755356e34920,Understanding and Undoing Implicit Bias (Virtual ILT),12402,"Draw connections between internalized oppression and trauma and their influence on institutional racism, structural inequity, and implicit bias",5374,Agree
0138acc7-e403-4edd-811c-87900bc14382,Understanding and Undoing Implicit Bias (Virtual ILT),12402,"Prior to today, I knew how this learning program was intended to impact my job performance.",4454,Agree
0138acc7-e403-4edd-811c-87900bc14382,Understanding and Undoing Implicit Bias (Virtual ILT),12402,The skills practice activities showed me how to use this learning on the job.,4460,Agree
0138acc7-e403-4edd-811c-87900bc14382,Understanding and Undoing Implicit Bias (Virtual ILT),12402,Which other training topics or learning methods would support your job performance?,4526,
0138acc7-e403-4edd-811c-87900bc14382,Understanding and Undoing Implicit Bias (Virtual ILT),12402,INSTRUCTOR.NAME provided opportunities for questions and checked in for understanding,5175,Strongly Agree
0138acc7-e403-4edd-811c-87900bc14382,Understanding and Undoing Implicit Bias (Virtual ILT),12402,INSTRUCTOR.NAME provided opportunities for questions and checked in for understanding,5175,Strongly Agree
0138acc7-e403-4edd-811c-87900bc14382,Understanding and Undoing Implicit Bias (Virtual ILT),12402,"Draw connections between internalized oppression and trauma and their influence on institutional racism, structural inequity, and implicit bias",5374,Agree
ab9647b9-ac6e-4db2-ba5d-9b1cc3f66d25,Understanding and Undoing Implicit Bias (Virtual ILT),12402,"Prior to today, I knew how this learning program was intended to impact my job performance.",4454,Agree
ab9647b9-ac6e-4db2-ba5d-9b1cc3f66d25,Understanding and Undoing Implicit Bias (Virtual ILT),12402,"The instructional aids (forms, case scenarios, etc.) are very similar to real things I use on the job.",4472,Neutral
ab9647b9-ac6e-4db2-ba5d-9b1cc3f66d25,Understanding and Undoing Implicit Bias (Virtual ILT),12402,How satisfied are you with the Workforce Institute registration notifications and reminders?,4484,Satisfied
ab9647b9-ac6e-4db2-ba5d-9b1cc3f66d25,Understanding and Undoing Implicit Bias (Virtual ILT),12402,How satisfied are you with the Cornerstone learning management system?,4491,Satisfied
ab9647b9-ac6e-4db2-ba5d-9b1cc3f66d25,Understanding and Undoing Implicit Bias (Virtual ILT),12402,"INSTRUCTOR.NAME maintained an effective pace through the agenda (discussion, activities, breaks, etc.).",5163,Strongly Agree
ab9647b9-ac6e-4db2-ba5d-9b1cc3f66d25,Understanding and Undoing Implicit Bias (Virtual ILT),12402,INSTRUCTOR.NAME provided clear explanations of new concepts,5169,Strongly Agree
ab9647b9-ac6e-4db2-ba5d-9b1cc3f66d25,Understanding and Undoing Implicit Bias (Virtual ILT),12402,Analyze the current state of child welfare as it relates to racial disproportionality,5368,Agree
aaa092b8-c708-4de5-8ce7-a0bb5da26149,Understanding and Undoing Implicit Bias (Virtual ILT),12402,"The instructional aids (forms, case scenarios, etc.) are very similar to real things I use on the job.",4472,Agree
aaa092b8-c708-4de5-8ce7-a0bb5da26149,Understanding and Undoing Implicit Bias (Virtual ILT),12402,I felt comfortable using the video conferencing platform to participate in this learning program.,5011,Agree
aaa092b8-c708-4de5-8ce7-a0bb5da26149,Understanding and Undoing Implicit Bias (Virtual ILT),12402,INSTRUCTOR.NAME provided clear explanations of new concepts,5169,Agree
aaa092b8-c708-4de5-8ce7-a0bb5da26149,Understanding and Undoing Implicit Bias (Virtual ILT),12402,How satisfied are you with the online interaction you had with other learners in this program?,5321,Neutral
aaa092b8-c708-4de5-8ce7-a0bb5da26149,Understanding and Undoing Implicit Bias (Virtual ILT),12402,"Draw connections between internalized oppression and trauma and their influence on institutional racism, structural inequity, and implicit bias",5374,Agree
5d262ffd-1f64-4649-b4e2-a470448a092d,Understanding and Undoing Implicit Bias (Virtual ILT),12402,I believe this learning program will help me do my current job better.,4478,Agree
5d262ffd-1f64-4649-b4e2-a470448a092d,Understanding and Undoing Implicit Bias (Virtual ILT),12402,How satisfied are you with the Cornerstone learning management system?,4491,Satisfied
5d262ffd-1f64-4649-b4e2-a470448a092d,Understanding and Undoing Implicit Bias (Virtual ILT),12402,How satisfied are you with the Workforce Institute Help Desk (phone and/or email support)?,4498,Satisfied
5d262ffd-1f64-4649-b4e2-a470448a092d,Understanding and Undoing Implicit Bias (Virtual ILT),12402,Which other training topics or learning methods would support your job performance?,4526,
5d262ffd-1f64-4649-b4e2-a470448a092d,Understanding and Undoing Implicit Bias (Virtual ILT),12402,"INSTRUCTOR.NAME maintained an effective pace through the agenda (discussion, activities, breaks, etc.).",5163,Agree
5d262ffd-1f64-4649-b4e2-a470448a092d,Understanding and Undoing Implicit Bias (Virtual ILT),12402,INSTRUCTOR.NAME provided clear explanations of new concepts,5169,Agree
5d262ffd-1f64-4649-b4e2-a470448a092d,Understanding and Undoing Implicit Bias (Virtual ILT),12402,How satisfied are you with taking this learning program in a virtual format?,5309,Satisfied
5d262ffd-1f64-4649-b4e2-a470448a092d,Understanding and Undoing Implicit Bias (Virtual ILT),12402,How satisfied are you with the online interaction you had with other learners in this program?,5321,Satisfied
5d262ffd-1f64-4649-b4e2-a470448a092d,Understanding and Undoing Implicit Bias (Virtual ILT),12402,Analyze the current state of child welfare as it relates to racial disproportionality,5368,Agree
5d262ffd-1f64-4649-b4e2-a470448a092d,Understanding and Undoing Implicit Bias (Virtual ILT),12402,Apply debiasing strategies to undo individual implicit bias,5380,Agree
43797410-bf8e-4765-a48c-b6896d7827e4,Understanding and Undoing Implicit Bias (Virtual ILT),12402,I believe this learning program will help me do my current job better.,4478,Agree
43797410-bf8e-4765-a48c-b6896d7827e4,Understanding and Undoing Implicit Bias (Virtual ILT),12402,How satisfied are you with the Cornerstone learning management system?,4491,Extremely Satisfied
43797410-bf8e-4765-a48c-b6896d7827e4,Understanding and Undoing Implicit Bias (Virtual ILT),12402,How satisfied are you with the Workforce Institute Help Desk (phone and/or email support)?,4498,N/A (did not access)
43797410-bf8e-4765-a48c-b6896d7827e4,Understanding and Undoing Implicit Bias (Virtual ILT),12402,I felt comfortable using the video conferencing platform to participate in this learning program.,5011,Agree
43797410-bf8e-4765-a48c-b6896d7827e4,Understanding and Undoing Implicit Bias (Virtual ILT),12402,INSTRUCTOR.NAME provided opportunities for questions and checked in for understanding,5175,Agree
43797410-bf8e-4765-a48c-b6896d7827e4,Understanding and Undoing Implicit Bias (Virtual ILT),12402,How satisfied are you with the online interaction you had with other learners in this program?,5321,Extremely Satisfied
43797410-bf8e-4765-a48c-b6896d7827e4,Understanding and Undoing Implicit Bias (Virtual ILT),12402,Apply debiasing strategies to undo individual implicit bias,5380,Agree
157e38ef-a7e4-406b-9f9a-ea371ae35cf4,Understanding and Undoing Implicit Bias (Virtual ILT),12402,What could be done differently to improve your overall learning experience?,4517,n/a
157e38ef-a7e4-406b-9f9a-ea371ae35cf4,Understanding and Undoing Implicit Bias (Virtual ILT),12402,"In a typical workweek, how often will you apply knowledge or skills from this learning program? (In percentage of time on the job)",4520,Almost Always (76-100% of the time)
157e38ef-a7e4-406b-9f9a-ea371ae35cf4,Understanding and Undoing Implicit Bias (Virtual ILT),12402,Which other training topics or learning methods would support your job performance?,4526,n/a
157e38ef-a7e4-406b-9f9a-ea371ae35cf4,Understanding and Undoing Implicit Bias (Virtual ILT),12402,"INSTRUCTOR.NAME maintained an effective pace through the agenda (discussion, activities, breaks, etc.).",5163,Neutral
157e38ef-a7e4-406b-9f9a-ea371ae35cf4,Understanding and Undoing Implicit Bias (Virtual ILT),12402,Analyze the current state of child welfare as it relates to racial disproportionality,5368,Neutral
157e38ef-a7e4-406b-9f9a-ea371ae35cf4,Understanding and Undoing Implicit Bias (Virtual ILT),12402,"Draw connections between internalized oppression and trauma and their influence on institutional racism, structural inequity, and implicit bias",5374,Neutral
1f97e241-1b91-4c5b-bf1e-09b4871e20dd,Understanding and Undoing Implicit Bias (Virtual ILT),12402,"Prior to today, I knew how this learning program was intended to impact my job performance.",4454,Strongly Disagree
1f97e241-1b91-4c5b-bf1e-09b4871e20dd,Understanding and Undoing Implicit Bias (Virtual ILT),12402,The skills practice activities showed me how to use this learning on the job.,4460,Strongly Disagree
1f97e241-1b91-4c5b-bf1e-09b4871e20dd,Understanding and Undoing Implicit Bias (Virtual ILT),12402,Which other training topics or learning methods would support your job performance?,4526,none
1f97e241-1b91-4c5b-bf1e-09b4871e20dd,Understanding and Undoing Implicit Bias (Virtual ILT),12402,INSTRUCTOR.NAME provided opportunities for questions and checked in for understanding,5175,Strongly Agree
1f97e241-1b91-4c5b-bf1e-09b4871e20dd,Understanding and Undoing Implicit Bias (Virtual ILT),12402,"Draw connections between internalized oppression and trauma and their influence on institutional racism, structural inequity, and implicit bias",5374,Strongly Disagree
edb2dd7f-cb67-450e-8081-45f0e3285817,Understanding and Undoing Implicit Bias (Virtual ILT),12402,"The instructional aids (forms, case scenarios, etc.) are very similar to real things I use on the job.",4472,Agree
edb2dd7f-cb67-450e-8081-45f0e3285817,Understanding and Undoing Implicit Bias (Virtual ILT),12402,How satisfied are you with the Workforce Institute registration notifications and reminders?,4484,Satisfied
edb2dd7f-cb67-450e-8081-45f0e3285817,Understanding and Undoing Implicit Bias (Virtual ILT),12402,How satisfied are you with the Workforce Institute Help Desk (phone and/or email support)?,4498,Satisfied
edb2dd7f-cb67-450e-8081-45f0e3285817,Understanding and Undoing Implicit Bias (Virtual ILT),12402,"On a scale of 0-10, how likely is it that you would recommend this learning program to a colleague? (0 = Not at all likely, 10 = Extremely likely)",4505,6
edb2dd7f-cb67-450e-8081-45f0e3285817,Understanding and Undoing Implicit Bias (Virtual ILT),12402,INSTRUCTOR.NAME provided opportunities for questions and checked in for understanding,5175,Agree
edb2dd7f-cb67-450e-8081-45f0e3285817,Understanding and Undoing Implicit Bias (Virtual ILT),12402,How satisfied are you with the online interaction you had with other learners in this program?,5321,Extremely Satisfied
1bb7b96c-b688-44c6-9155-51e057e2661d,Understanding and Undoing Implicit Bias (Virtual ILT),12402,"Prior to today, I knew how this learning program was intended to impact my job performance.",4454,Strongly Agree
1bb7b96c-b688-44c6-9155-51e057e2661d,Understanding and Undoing Implicit Bias (Virtual ILT),12402,I believe this learning program will help me do my current job better.,4478,Agree
1bb7b96c-b688-44c6-9155-51e057e2661d,Understanding and Undoing Implicit Bias (Virtual ILT),12402,How satisfied are you with the Workforce Institute registration notifications and reminders?,4484,Satisfied
1bb7b96c-b688-44c6-9155-51e057e2661d,Understanding and Undoing Implicit Bias (Virtual ILT),12402,How satisfied are you with the Cornerstone learning management system?,4491,Satisfied
1bb7b96c-b688-44c6-9155-51e057e2661d,Understanding and Undoing Implicit Bias (Virtual ILT),12402,What could be done differently to improve your overall learning experience?,4517,"There should be an advanced component. Also, this training focused mainly on child welfare. Not many examples pertained to juvenile justice work."
1bb7b96c-b688-44c6-9155-51e057e2661d,Understanding and Undoing Implicit Bias (Virtual ILT),12402,"INSTRUCTOR.NAME maintained an effective pace through the agenda (discussion, activities, breaks, etc.).",5163,Agree
1bb7b96c-b688-44c6-9155-51e057e2661d,Understanding and Undoing Implicit Bias (Virtual ILT),12402,INSTRUCTOR.NAME provided clear explanations of new concepts,5169,Agree
1bb7b96c-b688-44c6-9155-51e057e2661d,Understanding and Undoing Implicit Bias (Virtual ILT),12402,INSTRUCTOR.NAME provided opportunities for questions and checked in for understanding,5175,Strongly Agree
1bb7b96c-b688-44c6-9155-51e057e2661d,Understanding and Undoing Implicit Bias (Virtual ILT),12402,How satisfied are you with the online interaction you had with the facilitators?,5315,Satisfied
1bb7b96c-b688-44c6-9155-51e057e2661d,Understanding and Undoing Implicit Bias (Virtual ILT),12402,Recall key implicit bias (IB) concepts and key points.,5362,Strongly Agree
2626cdcc-5568-41db-9cea-539f7d62ff33,Understanding and Undoing Implicit Bias (Virtual ILT),12402,"The instructional aids (forms, case scenarios, etc.) are very similar to real things I use on the job.",4472,Agree
2626cdcc-5568-41db-9cea-539f7d62ff33,Understanding and Undoing Implicit Bias (Virtual ILT),12402,"On a scale of 0-10, how likely is it that you would recommend this learning program to a colleague? (0 = Not at all likely, 10 = Extremely likely)",4505,8
2626cdcc-5568-41db-9cea-539f7d62ff33,Understanding and Undoing Implicit Bias (Virtual ILT),12402,"In a typical workweek, how often will you apply knowledge or skills from this learning program? (In percentage of time on the job)",4520,Almost Always (76-100% of the time)
2626cdcc-5568-41db-9cea-539f7d62ff33,Understanding and Undoing Implicit Bias (Virtual ILT),12402,"INSTRUCTOR.NAME maintained an effective pace through the agenda (discussion, activities, breaks, etc.).",5163,Strongly Agree
2626cdcc-5568-41db-9cea-539f7d62ff33,Understanding and Undoing Implicit Bias (Virtual ILT),12402,INSTRUCTOR.NAME provided clear explanations of new concepts,5169,Strongly Agree
2626cdcc-5568-41db-9cea-539f7d62ff33,Understanding and Undoing Implicit Bias (Virtual ILT),12402,How satisfied are you with the online interaction you had with the facilitators?,5315,Satisfied
2626cdcc-5568-41db-9cea-539f7d62ff33,Understanding and Undoing Implicit Bias (Virtual ILT),12402,How satisfied are you with the online interaction you had with other learners in this program?,5321,Satisfied
1973054b-20f8-443f-9927-59272d483373,Understanding and Undoing Implicit Bias (Virtual ILT),12402,"The instructional aids (forms, case scenarios, etc.) are very similar to real things I use on the job.",4472,Strongly Agree
1973054b-20f8-443f-9927-59272d483373,Understanding and Undoing Implicit Bias (Virtual ILT),12402,How satisfied are you with the Cornerstone learning management system?,4491,Extremely Satisfied
1973054b-20f8-443f-9927-59272d483373,Understanding and Undoing Implicit Bias (Virtual ILT),12402,What could be done differently to improve your overall learning experience?,4517,n/a
1973054b-20f8-443f-9927-59272d483373,Understanding and Undoing Implicit Bias (Virtual ILT),12402,INSTRUCTOR.NAME provided clear explanations of new concepts,5169,Strongly Agree
1973054b-20f8-443f-9927-59272d483373,Understanding and Undoing Implicit Bias (Virtual ILT),12402,INSTRUCTOR.NAME provided clear explanations of new concepts,5169,Strongly Agree
1973054b-20f8-443f-9927-59272d483373,Understanding and Undoing Implicit Bias (Virtual ILT),12402,INSTRUCTOR.NAME provided opportunities for questions and checked in for understanding,5175,Strongly Agree
1973054b-20f8-443f-9927-59272d483373,Understanding and Undoing Implicit Bias (Virtual ILT),12402,How satisfied are you with the online interaction you had with other learners in this program?,5321,Extremely Satisfied
1973054b-20f8-443f-9927-59272d483373,Understanding and Undoing Implicit Bias (Virtual ILT),12402,Recall key implicit bias (IB) concepts and key points.,5362,Strongly Agree
f1550cbd-0203-4677-9371-5cdff1860189,Understanding and Undoing Implicit Bias (Virtual ILT),12402,How satisfied are you with the Workforce Institute registration notifications and reminders?,4484,Satisfied
f1550cbd-0203-4677-9371-5cdff1860189,Understanding and Undoing Implicit Bias (Virtual ILT),12402,How satisfied are you with the Workforce Institute Help Desk (phone and/or email support)?,4498,Extremely Satisfied
f1550cbd-0203-4677-9371-5cdff1860189,Understanding and Undoing Implicit Bias (Virtual ILT),12402,My supervisor met with me to discuss the relevance of this learning program to my current job.,4519,Yes
f1550cbd-0203-4677-9371-5cdff1860189,Understanding and Undoing Implicit Bias (Virtual ILT),12402,Which other training topics or learning methods would support your job performance?,4526,"Cognitve Behavioral Therapy, and Motivational Interviewing part 2 ."
f1550cbd-0203-4677-9371-5cdff1860189,Understanding and Undoing Implicit Bias (Virtual ILT),12402,"INSTRUCTOR.NAME maintained an effective pace through the agenda (discussion, activities, breaks, etc.).",5163,Strongly Agree
f1550cbd-0203-4677-9371-5cdff1860189,Understanding and Undoing Implicit Bias (Virtual ILT),12402,INSTRUCTOR.NAME provided clear explanations of new concepts,5169,Strongly Agree
f1550cbd-0203-4677-9371-5cdff1860189,Understanding and Undoing Implicit Bias (Virtual ILT),12402,INSTRUCTOR.NAME provided opportunities for questions and checked in for understanding,5175,Strongly Agree
f1550cbd-0203-4677-9371-5cdff1860189,Understanding and Undoing Implicit Bias (Virtual ILT),12402,How satisfied are you with taking this learning program in a virtual format?,5309,Extremely Satisfied
f1550cbd-0203-4677-9371-5cdff1860189,Understanding and Undoing Implicit Bias (Virtual ILT),12402,Analyze the current state of child welfare as it relates to racial disproportionality,5368,Agree
f1550cbd-0203-4677-9371-5cdff1860189,Understanding and Undoing Implicit Bias (Virtual ILT),12402,Apply debiasing strategies to undo individual implicit bias,5380,Strongly Agree
360b071a-0bfa-4e81-9d33-68b087710e0f,Understanding and Undoing Implicit Bias (Virtual ILT),12402,"Prior to today, I knew how this learning program was intended to impact my job performance.",4454,Agree
360b071a-0bfa-4e81-9d33-68b087710e0f,Understanding and Undoing Implicit Bias (Virtual ILT),12402,"The instructional aids (forms, case scenarios, etc.) are very similar to real things I use on the job.",4472,Strongly Agree
360b071a-0bfa-4e81-9d33-68b087710e0f,Understanding and Undoing Implicit Bias (Virtual ILT),12402,What could be done differently to improve your overall learning experience?,4517,"The class was great, no suggestions at this time."
360b071a-0bfa-4e81-9d33-68b087710e0f,Understanding and Undoing Implicit Bias (Virtual ILT),12402,INSTRUCTOR.NAME provided opportunities for questions and checked in for understanding,5175,Strongly Agree
360b071a-0bfa-4e81-9d33-68b087710e0f,Understanding and Undoing Implicit Bias (Virtual ILT),12402,Analyze the current state of child welfare as it relates to racial disproportionality,5368,Strongly Agree
ef33e1e0-3979-4328-a513-755356e34920,Understanding and Undoing Implicit Bias (Virtual ILT),12402,"The instructional aids (forms, case scenarios, etc.) are very similar to real things I use on the job.",4472,Strongly Agree
ef33e1e0-3979-4328-a513-755356e34920,Understanding and Undoing Implicit Bias (Virtual ILT),12402,I believe this learning program will help me do my current job better.,4478,Agree
ef33e1e0-3979-4328-a513-755356e34920,Understanding and Undoing Implicit Bias (Virtual ILT),12402,"INSTRUCTOR.NAME maintained an effective pace through the agenda (discussion, activities, breaks, etc.).",5163,Agree
ef33e1e0-3979-4328-a513-755356e34920,Understanding and Undoing Implicit Bias (Virtual ILT),12402,How satisfied are you with the online interaction you had with the facilitators?,5315,Satisfied
ef33e1e0-3979-4328-a513-755356e34920,Understanding and Undoing Implicit Bias (Virtual ILT),12402,Recall key implicit bias (IB) concepts and key points.,5362,Agree
ef33e1e0-3979-4328-a513-755356e34920,Understanding and Undoing Implicit Bias (Virtual ILT),12402,Apply debiasing strategies to undo individual implicit bias,5380,Neutral
0138acc7-e403-4edd-811c-87900bc14382,Understanding and Undoing Implicit Bias (Virtual ILT),12402,How satisfied are you with the Cornerstone learning management system?,4491,Satisfied
0138acc7-e403-4edd-811c-87900bc14382,Understanding and Undoing Implicit Bias (Virtual ILT),12402,My supervisor met with me to discuss the relevance of this learning program to my current job.,4519,Yes
0138acc7-e403-4edd-811c-87900bc14382,Understanding and Undoing Implicit Bias (Virtual ILT),12402,"INSTRUCTOR.NAME maintained an effective pace through the agenda (discussion, activities, breaks, etc.).",5163,Strongly Agree
0138acc7-e403-4edd-811c-87900bc14382,Understanding and Undoing Implicit Bias (Virtual ILT),12402,INSTRUCTOR.NAME provided clear explanations of new concepts,5169,Strongly Agree
0138acc7-e403-4edd-811c-87900bc14382,Understanding and Undoing Implicit Bias (Virtual ILT),12402,How satisfied are you with the online interaction you had with other learners in this program?,5321,Satisfied
0138acc7-e403-4edd-811c-87900bc14382,Understanding and Undoing Implicit Bias (Virtual ILT),12402,Recall key implicit bias (IB) concepts and key points.,5362,Agree
0138acc7-e403-4edd-811c-87900bc14382,Understanding and Undoing Implicit Bias (Virtual ILT),12402,Apply debiasing strategies to undo individual implicit bias,5380,Neutral
ab9647b9-ac6e-4db2-ba5d-9b1cc3f66d25,Understanding and Undoing Implicit Bias (Virtual ILT),12402,The skills practice activities showed me how to use this learning on the job.,4460,Agree
ab9647b9-ac6e-4db2-ba5d-9b1cc3f66d25,Understanding and Undoing Implicit Bias (Virtual ILT),12402,What could be done differently to improve your overall learning experience?,4517,Maybe a facilitator in the breakout groups to help those who are shy to participate.
ab9647b9-ac6e-4db2-ba5d-9b1cc3f66d25,Understanding and Undoing Implicit Bias (Virtual ILT),12402,INSTRUCTOR.NAME provided clear explanations of new concepts,5169,Strongly Agree
ab9647b9-ac6e-4db2-ba5d-9b1cc3f66d25,Understanding and Undoing Implicit Bias (Virtual ILT),12402,INSTRUCTOR.NAME provided opportunities for questions and checked in for understanding,5175,Strongly Agree
ab9647b9-ac6e-4db2-ba5d-9b1cc3f66d25,Understanding and Undoing Implicit Bias (Virtual ILT),12402,How satisfied are you with taking this learning program in a virtual format?,5309,Satisfied
ab9647b9-ac6e-4db2-ba5d-9b1cc3f66d25,Understanding and Undoing Implicit Bias (Virtual ILT),12402,How satisfied are you with the online interaction you had with other learners in this program?,5321,Neutral
ab9647b9-ac6e-4db2-ba5d-9b1cc3f66d25,Understanding and Undoing Implicit Bias (Virtual ILT),12402,Recall key implicit bias (IB) concepts and key points.,5362,Agree
ab9647b9-ac6e-4db2-ba5d-9b1cc3f66d25,Understanding and Undoing Implicit Bias (Virtual ILT),12402,Apply debiasing strategies to undo individual implicit bias,5380,Strongly Agree
aaa092b8-c708-4de5-8ce7-a0bb5da26149,Understanding and Undoing Implicit Bias (Virtual ILT),12402,The skills practice activities showed me how to use this learning on the job.,4460,Agree
aaa092b8-c708-4de5-8ce7-a0bb5da26149,Understanding and Undoing Implicit Bias (Virtual ILT),12402,I believe this learning program will help me do my current job better.,4478,Agree
aaa092b8-c708-4de5-8ce7-a0bb5da26149,Understanding and Undoing Implicit Bias (Virtual ILT),12402,How satisfied are you with the Workforce Institute Help Desk (phone and/or email support)?,4498,Satisfied
aaa092b8-c708-4de5-8ce7-a0bb5da26149,Understanding and Undoing Implicit Bias (Virtual ILT),12402,"INSTRUCTOR.NAME maintained an effective pace through the agenda (discussion, activities, breaks, etc.).",5163,Agree
aaa092b8-c708-4de5-8ce7-a0bb5da26149,Understanding and Undoing Implicit Bias (Virtual ILT),12402,INSTRUCTOR.NAME provided opportunities for questions and checked in for understanding,5175,Agree
aaa092b8-c708-4de5-8ce7-a0bb5da26149,Understanding and Undoing Implicit Bias (Virtual ILT),12402,How satisfied are you with taking this learning program in a virtual format?,5309,Satisfied
aaa092b8-c708-4de5-8ce7-a0bb5da26149,Understanding and Undoing Implicit Bias (Virtual ILT),12402,Analyze the current state of child welfare as it relates to racial disproportionality,5368,Agree
aaa092b8-c708-4de5-8ce7-a0bb5da26149,Understanding and Undoing Implicit Bias (Virtual ILT),12402,Apply debiasing strategies to undo individual implicit bias,5380,Agree
5d262ffd-1f64-4649-b4e2-a470448a092d,Understanding and Undoing Implicit Bias (Virtual ILT),12402,What could be done differently to improve your overall learning experience?,4517,
5d262ffd-1f64-4649-b4e2-a470448a092d,Understanding and Undoing Implicit Bias (Virtual ILT),12402,My supervisor met with me to discuss the relevance of this learning program to my current job.,4519,Yes
5d262ffd-1f64-4649-b4e2-a470448a092d,Understanding and Undoing Implicit Bias (Virtual ILT),12402,INSTRUCTOR.NAME provided opportunities for questions and checked in for understanding,5175,Agree
5d262ffd-1f64-4649-b4e2-a470448a092d,Understanding and Undoing Implicit Bias (Virtual ILT),12402,INSTRUCTOR.NAME provided opportunities for questions and checked in for understanding,5175,Agree
5d262ffd-1f64-4649-b4e2-a470448a092d,Understanding and Undoing Implicit Bias (Virtual ILT),12402,Recall key implicit bias (IB) concepts and key points.,5362,Agree
43797410-bf8e-4765-a48c-b6896d7827e4,Understanding and Undoing Implicit Bias (Virtual ILT),12402,"The instructional aids (forms, case scenarios, etc.) are very similar to real things I use on the job.",4472,Agree
43797410-bf8e-4765-a48c-b6896d7827e4,Understanding and Undoing Implicit Bias (Virtual ILT),12402,What could be done differently to improve your overall learning experience?,4517,N/A
43797410-bf8e-4765-a48c-b6896d7827e4,Understanding and Undoing Implicit Bias (Virtual ILT),12402,My supervisor met with me to discuss the relevance of this learning program to my current job.,4519,Yes
43797410-bf8e-4765-a48c-b6896d7827e4,Understanding and Undoing Implicit Bias (Virtual ILT),12402,"In a typical workweek, how often will you apply knowledge or skills from this learning program? (In percentage of time on the job)",4520,Almost Always (76-100% of the time)
43797410-bf8e-4765-a48c-b6896d7827e4,Understanding and Undoing Implicit Bias (Virtual ILT),12402,Which other training topics or learning methods would support your job performance?,4526,
43797410-bf8e-4765-a48c-b6896d7827e4,Understanding and Undoing Implicit Bias (Virtual ILT),12402,INSTRUCTOR.NAME provided clear explanations of new concepts,5169,Agree
43797410-bf8e-4765-a48c-b6896d7827e4,Understanding and Undoing Implicit Bias (Virtual ILT),12402,Recall key implicit bias (IB) concepts and key points.,5362,Agree
43797410-bf8e-4765-a48c-b6896d7827e4,Understanding and Undoing Implicit Bias (Virtual ILT),12402,Analyze the current state of child welfare as it relates to racial disproportionality,5368,Agree
157e38ef-a7e4-406b-9f9a-ea371ae35cf4,Understanding and Undoing Implicit Bias (Virtual ILT),12402,The skills practice activities showed me how to use this learning on the job.,4460,Neutral
157e38ef-a7e4-406b-9f9a-ea371ae35cf4,Understanding and Undoing Implicit Bias (Virtual ILT),12402,"The instructional aids (forms, case scenarios, etc.) are very similar to real things I use on the job.",4472,
157e38ef-a7e4-406b-9f9a-ea371ae35cf4,Understanding and Undoing Implicit Bias (Virtual ILT),12402,How satisfied are you with the Workforce Institute registration notifications and reminders?,4484,Neutral
157e38ef-a7e4-406b-9f9a-ea371ae35cf4,Understanding and Undoing Implicit Bias (Virtual ILT),12402,"On a scale of 0-10, how likely is it that you would recommend this learning program to a colleague? (0 = Not at all likely, 10 = Extremely likely)",4505,5
157e38ef-a7e4-406b-9f9a-ea371ae35cf4,Understanding and Undoing Implicit Bias (Virtual ILT),12402,I felt comfortable using the video conferencing platform to participate in this learning program.,5011,Neutral
157e38ef-a7e4-406b-9f9a-ea371ae35cf4,Understanding and Undoing Implicit Bias (Virtual ILT),12402,"INSTRUCTOR.NAME maintained an effective pace through the agenda (discussion, activities, breaks, etc.).",5163,Neutral
157e38ef-a7e4-406b-9f9a-ea371ae35cf4,Understanding and Undoing Implicit Bias (Virtual ILT),12402,INSTRUCTOR.NAME provided opportunities for questions and checked in for understanding,5175,Neutral
157e38ef-a7e4-406b-9f9a-ea371ae35cf4,Understanding and Undoing Implicit Bias (Virtual ILT),12402,How satisfied are you with taking this learning program in a virtual format?,5309,Neutral
157e38ef-a7e4-406b-9f9a-ea371ae35cf4,Understanding and Undoing Implicit Bias (Virtual ILT),12402,How satisfied are you with the online interaction you had with other learners in this program?,5321,Neutral
1f97e241-1b91-4c5b-bf1e-09b4871e20dd,Understanding and Undoing Implicit Bias (Virtual ILT),12402,How satisfied are you with the Workforce Institute Help Desk (phone and/or email support)?,4498,Extremely Satisfied
1f97e241-1b91-4c5b-bf1e-09b4871e20dd,Understanding and Undoing Implicit Bias (Virtual ILT),12402,"On a scale of 0-10, how likely is it that you would recommend this learning program to a colleague? (0 = Not at all likely, 10 = Extremely likely)",4505,10
1f97e241-1b91-4c5b-bf1e-09b4871e20dd,Understanding and Undoing Implicit Bias (Virtual ILT),12402,I felt comfortable using the video conferencing platform to participate in this learning program.,5011,Strongly Agree
1f97e241-1b91-4c5b-bf1e-09b4871e20dd,Understanding and Undoing Implicit Bias (Virtual ILT),12402,INSTRUCTOR.NAME provided clear explanations of new concepts,5169,Strongly Disagree
1f97e241-1b91-4c5b-bf1e-09b4871e20dd,Understanding and Undoing Implicit Bias (Virtual ILT),12402,INSTRUCTOR.NAME provided opportunities for questions and checked in for understanding,5175,Strongly Agree
1f97e241-1b91-4c5b-bf1e-09b4871e20dd,Understanding and Undoing Implicit Bias (Virtual ILT),12402,How satisfied are you with the online interaction you had with the facilitators?,5315,Extremely Satisfied
edb2dd7f-cb67-450e-8081-45f0e3285817,Understanding and Undoing Implicit Bias (Virtual ILT),12402,What could be done differently to improve your overall learning experience?,4517,
edb2dd7f-cb67-450e-8081-45f0e3285817,Understanding and Undoing Implicit Bias (Virtual ILT),12402,INSTRUCTOR.NAME provided clear explanations of new concepts,5169,Agree
edb2dd7f-cb67-450e-8081-45f0e3285817,Understanding and Undoing Implicit Bias (Virtual ILT),12402,INSTRUCTOR.NAME provided opportunities for questions and checked in for understanding,5175,Agree
edb2dd7f-cb67-450e-8081-45f0e3285817,Understanding and Undoing Implicit Bias (Virtual ILT),12402,Analyze the current state of child welfare as it relates to racial disproportionality,5368,Agree
1bb7b96c-b688-44c6-9155-51e057e2661d,Understanding and Undoing Implicit Bias (Virtual ILT),12402,The skills practice activities showed me how to use this learning on the job.,4460,Agree
1bb7b96c-b688-44c6-9155-51e057e2661d,Understanding and Undoing Implicit Bias (Virtual ILT),12402,My supervisor met with me to discuss the relevance of this learning program to my current job.,4519,No
1bb7b96c-b688-44c6-9155-51e057e2661d,Understanding and Undoing Implicit Bias (Virtual ILT),12402,Which other training topics or learning methods would support your job performance?,4526,"Perhaps a reading assignment prior to the course, or suggested reading materials that further support the instruction."
1bb7b96c-b688-44c6-9155-51e057e2661d,Understanding and Undoing Implicit Bias (Virtual ILT),12402,How satisfied are you with the online interaction you had with other learners in this program?,5321,Satisfied
1bb7b96c-b688-44c6-9155-51e057e2661d,Understanding and Undoing Implicit Bias (Virtual ILT),12402,"Draw connections between internalized oppression and trauma and their influence on institutional racism, structural inequity, and implicit bias",5374,Strongly Agree
2626cdcc-5568-41db-9cea-539f7d62ff33,Understanding and Undoing Implicit Bias (Virtual ILT),12402,The skills practice activities showed me how to use this learning on the job.,4460,Strongly Agree
2626cdcc-5568-41db-9cea-539f7d62ff33,Understanding and Undoing Implicit Bias (Virtual ILT),12402,How satisfied are you with the Workforce Institute registration notifications and reminders?,4484,Satisfied
2626cdcc-5568-41db-9cea-539f7d62ff33,Understanding and Undoing Implicit Bias (Virtual ILT),12402,Which other training topics or learning methods would support your job performance?,4526,LGBTQ Courses
2626cdcc-5568-41db-9cea-539f7d62ff33,Understanding and Undoing Implicit Bias (Virtual ILT),12402,INSTRUCTOR.NAME provided clear explanations of new concepts,5169,Strongly Agree
2626cdcc-5568-41db-9cea-539f7d62ff33,Understanding and Undoing Implicit Bias (Virtual ILT),12402,How satisfied are you with taking this learning program in a virtual format?,5309,Satisfied
2626cdcc-5568-41db-9cea-539f7d62ff33,Understanding and Undoing Implicit Bias (Virtual ILT),12402,Recall key implicit bias (IB) concepts and key points.,5362,Strongly Agree
1973054b-20f8-443f-9927-59272d483373,Understanding and Undoing Implicit Bias (Virtual ILT),12402,"Prior to today, I knew how this learning program was intended to impact my job performance.",4454,Strongly Agree
1973054b-20f8-443f-9927-59272d483373,Understanding and Undoing Implicit Bias (Virtual ILT),12402,I believe this learning program will help me do my current job better.,4478,Strongly Agree
1973054b-20f8-443f-9927-59272d483373,Understanding and Undoing Implicit Bias (Virtual ILT),12402,How satisfied are you with the Workforce Institute registration notifications and reminders?,4484,Extremely Satisfied
1973054b-20f8-443f-9927-59272d483373,Understanding and Undoing Implicit Bias (Virtual ILT),12402,"On a scale of 0-10, how likely is it that you would recommend this learning program to a colleague? (0 = Not at all likely, 10 = Extremely likely)",4505,9
1973054b-20f8-443f-9927-59272d483373,Understanding and Undoing Implicit Bias (Virtual ILT),12402,"INSTRUCTOR.NAME maintained an effective pace through the agenda (discussion, activities, breaks, etc.).",5163,Strongly Agree
1973054b-20f8-443f-9927-59272d483373,Understanding and Undoing Implicit Bias (Virtual ILT),12402,How satisfied are you with taking this learning program in a virtual format?,5309,Extremely Satisfied
1973054b-20f8-443f-9927-59272d483373,Understanding and Undoing Implicit Bias (Virtual ILT),12402,"Draw connections between internalized oppression and trauma and their influence on institutional racism, structural inequity, and implicit bias",5374,Strongly Agree
1973054b-20f8-443f-9927-59272d483373,Understanding and Undoing Implicit Bias (Virtual ILT),12402,Apply debiasing strategies to undo individual implicit bias,5380,Strongly Agree
f1550cbd-0203-4677-9371-5cdff1860189,Understanding and Undoing Implicit Bias (Virtual ILT),12402,How satisfied are you with the Cornerstone learning management system?,4491,Extremely Satisfied
f1550cbd-0203-4677-9371-5cdff1860189,Understanding and Undoing Implicit Bias (Virtual ILT),12402,"On a scale of 0-10, how likely is it that you would recommend this learning program to a colleague? (0 = Not at all likely, 10 = Extremely likely)",4505,10
f1550cbd-0203-4677-9371-5cdff1860189,Understanding and Undoing Implicit Bias (Virtual ILT),12402,INSTRUCTOR.NAME provided clear explanations of new concepts,5169,Strongly Agree
f1550cbd-0203-4677-9371-5cdff1860189,Understanding and Undoing Implicit Bias (Virtual ILT),12402,INSTRUCTOR.NAME provided opportunities for questions and checked in for understanding,5175,Strongly Agree
f1550cbd-0203-4677-9371-5cdff1860189,Understanding and Undoing Implicit Bias (Virtual ILT),12402,"Draw connections between internalized oppression and trauma and their influence on institutional racism, structural inequity, and implicit bias",5374,Strongly Agree
360b071a-0bfa-4e81-9d33-68b087710e0f,Understanding and Undoing Implicit Bias (Virtual ILT),12402,How satisfied are you with the Workforce Institute registration notifications and reminders?,4484,Extremely Satisfied
360b071a-0bfa-4e81-9d33-68b087710e0f,Understanding and Undoing Implicit Bias (Virtual ILT),12402,"On a scale of 0-10, how likely is it that you would recommend this learning program to a colleague? (0 = Not at all likely, 10 = Extremely likely)",4505,10
360b071a-0bfa-4e81-9d33-68b087710e0f,Understanding and Undoing Implicit Bias (Virtual ILT),12402,My supervisor met with me to discuss the relevance of this learning program to my current job.,4519,No
360b071a-0bfa-4e81-9d33-68b087710e0f,Understanding and Undoing Implicit Bias (Virtual ILT),12402,"In a typical workweek, how often will you apply knowledge or skills from this learning program? (In percentage of time on the job)",4520,Very Often (51-75% of the time)
360b071a-0bfa-4e81-9d33-68b087710e0f,Understanding and Undoing Implicit Bias (Virtual ILT),12402,Which other training topics or learning methods would support your job performance?,4526,
360b071a-0bfa-4e81-9d33-68b087710e0f,Understanding and Undoing Implicit Bias (Virtual ILT),12402,INSTRUCTOR.NAME provided opportunities for questions and checked in for understanding,5175,Strongly Agree
360b071a-0bfa-4e81-9d33-68b087710e0f,Understanding and Undoing Implicit Bias (Virtual ILT),12402,How satisfied are you with the online interaction you had with the facilitators?,5315,Extremely Satisfied
360b071a-0bfa-4e81-9d33-68b087710e0f,Understanding and Undoing Implicit Bias (Virtual ILT),12402,Recall key implicit bias (IB) concepts and key points.,5362,Strongly Agree
ef33e1e0-3979-4328-a513-755356e34920,Understanding and Undoing Implicit Bias (Virtual ILT),12402,My supervisor met with me to discuss the relevance of this learning program to my current job.,4519,No
ef33e1e0-3979-4328-a513-755356e34920,Understanding and Undoing Implicit Bias (Virtual ILT),12402,INSTRUCTOR.NAME provided clear explanations of new concepts,5169,Agree
ef33e1e0-3979-4328-a513-755356e34920,Understanding and Undoing Implicit Bias (Virtual ILT),12402,How satisfied are you with taking this learning program in a virtual format?,5309,Satisfied
ef33e1e0-3979-4328-a513-755356e34920,Understanding and Undoing Implicit Bias (Virtual ILT),12402,Analyze the current state of child welfare as it relates to racial disproportionality,5368,Agree
0138acc7-e403-4edd-811c-87900bc14382,Understanding and Undoing Implicit Bias (Virtual ILT),12402,How satisfied are you with the Workforce Institute registration notifications and reminders?,4484,Satisfied
0138acc7-e403-4edd-811c-87900bc14382,Understanding and Undoing Implicit Bias (Virtual ILT),12402,"In a typical workweek, how often will you apply knowledge or skills from this learning program? (In percentage of time on the job)",4520,Sometimes (1-25% of the time)
0138acc7-e403-4edd-811c-87900bc14382,Understanding and Undoing Implicit Bias (Virtual ILT),12402,"INSTRUCTOR.NAME maintained an effective pace through the agenda (discussion, activities, breaks, etc.).",5163,Strongly Agree
0138acc7-e403-4edd-811c-87900bc14382,Understanding and Undoing Implicit Bias (Virtual ILT),12402,INSTRUCTOR.NAME provided clear explanations of new concepts,5169,Strongly Agree
0138acc7-e403-4edd-811c-87900bc14382,Understanding and Undoing Implicit Bias (Virtual ILT),12402,How satisfied are you with taking this learning program in a virtual format?,5309,Satisfied
ab9647b9-ac6e-4db2-ba5d-9b1cc3f66d25,Understanding and Undoing Implicit Bias (Virtual ILT),12402,How satisfied are you with the Workforce Institute Help Desk (phone and/or email support)?,4498,N/A (did not access)
ab9647b9-ac6e-4db2-ba5d-9b1cc3f66d25,Understanding and Undoing Implicit Bias (Virtual ILT),12402,"On a scale of 0-10, how likely is it that you would recommend this learning program to a colleague? (0 = Not at all likely, 10 = Extremely likely)",4505,8
aaa092b8-c708-4de5-8ce7-a0bb5da26149,Understanding and Undoing Implicit Bias (Virtual ILT),12402,"Prior to today, I knew how this learning program was intended to impact my job performance.",4454,Agree
aaa092b8-c708-4de5-8ce7-a0bb5da26149,Understanding and Undoing Implicit Bias (Virtual ILT),12402,How satisfied are you with the Workforce Institute registration notifications and reminders?,4484,Satisfied
aaa092b8-c708-4de5-8ce7-a0bb5da26149,Understanding and Undoing Implicit Bias (Virtual ILT),12402,How satisfied are you with the Cornerstone learning management system?,4491,Satisfied
aaa092b8-c708-4de5-8ce7-a0bb5da26149,Understanding and Undoing Implicit Bias (Virtual ILT),12402,"On a scale of 0-10, how likely is it that you would recommend this learning program to a colleague? (0 = Not at all likely, 10 = Extremely likely)",4505,7
aaa092b8-c708-4de5-8ce7-a0bb5da26149,Understanding and Undoing Implicit Bias (Virtual ILT),12402,What could be done differently to improve your overall learning experience?,4517,
aaa092b8-c708-4de5-8ce7-a0bb5da26149,Understanding and Undoing Implicit Bias (Virtual ILT),12402,"In a typical workweek, how often will you apply knowledge or skills from this learning program? (In percentage of time on the job)",4520,Frequently (26-50% of the time)
aaa092b8-c708-4de5-8ce7-a0bb5da26149,Understanding and Undoing Implicit Bias (Virtual ILT),12402,Which other training topics or learning methods would support your job performance?,4526,
aaa092b8-c708-4de5-8ce7-a0bb5da26149,Understanding and Undoing Implicit Bias (Virtual ILT),12402,"INSTRUCTOR.NAME maintained an effective pace through the agenda (discussion, activities, breaks, etc.).",5163,Agree
aaa092b8-c708-4de5-8ce7-a0bb5da26149,Understanding and Undoing Implicit Bias (Virtual ILT),12402,Recall key implicit bias (IB) concepts and key points.,5362,Agree
5d262ffd-1f64-4649-b4e2-a470448a092d,Understanding and Undoing Implicit Bias (Virtual ILT),12402,"The instructional aids (forms, case scenarios, etc.) are very similar to real things I use on the job.",4472,Agree
5d262ffd-1f64-4649-b4e2-a470448a092d,Understanding and Undoing Implicit Bias (Virtual ILT),12402,I felt comfortable using the video conferencing platform to participate in this learning program.,5011,Agree
5d262ffd-1f64-4649-b4e2-a470448a092d,Understanding and Undoing Implicit Bias (Virtual ILT),12402,INSTRUCTOR.NAME provided clear explanations of new concepts,5169,Agree
5d262ffd-1f64-4649-b4e2-a470448a092d,Understanding and Undoing Implicit Bias (Virtual ILT),12402,How satisfied are you with the online interaction you had with the facilitators?,5315,Satisfied
5d262ffd-1f64-4649-b4e2-a470448a092d,Understanding and Undoing Implicit Bias (Virtual ILT),12402,"Draw connections between internalized oppression and trauma and their influence on institutional racism, structural inequity, and implicit bias",5374,Agree
43797410-bf8e-4765-a48c-b6896d7827e4,Understanding and Undoing Implicit Bias (Virtual ILT),12402,The skills practice activities showed me how to use this learning on the job.,4460,Agree
43797410-bf8e-4765-a48c-b6896d7827e4,Understanding and Undoing Implicit Bias (Virtual ILT),12402,"On a scale of 0-10, how likely is it that you would recommend this learning program to a colleague? (0 = Not at all likely, 10 = Extremely likely)",4505,8
43797410-bf8e-4765-a48c-b6896d7827e4,Understanding and Undoing Implicit Bias (Virtual ILT),12402,INSTRUCTOR.NAME provided opportunities for questions and checked in for understanding,5175,Agree
43797410-bf8e-4765-a48c-b6896d7827e4,Understanding and Undoing Implicit Bias (Virtual ILT),12402,How satisfied are you with the online interaction you had with the facilitators?,5315,Extremely Satisfied
157e38ef-a7e4-406b-9f9a-ea371ae35cf4,Understanding and Undoing Implicit Bias (Virtual ILT),12402,"Prior to today, I knew how this learning program was intended to impact my job performance.",4454,Neutral
157e38ef-a7e4-406b-9f9a-ea371ae35cf4,Understanding and Undoing Implicit Bias (Virtual ILT),12402,I believe this learning program will help me do my current job better.,4478,Neutral
157e38ef-a7e4-406b-9f9a-ea371ae35cf4,Understanding and Undoing Implicit Bias (Virtual ILT),12402,My supervisor met with me to discuss the relevance of this learning program to my current job.,4519,Yes
157e38ef-a7e4-406b-9f9a-ea371ae35cf4,Understanding and Undoing Implicit Bias (Virtual ILT),12402,INSTRUCTOR.NAME provided clear explanations of new concepts,5169,Neutral
157e38ef-a7e4-406b-9f9a-ea371ae35cf4,Understanding and Undoing Implicit Bias (Virtual ILT),12402,How satisfied are you with the online interaction you had with the facilitators?,5315,Neutral
9e061f58-f1d8-4993-a5a6-011a25658d34,Understanding and Undoing Implicit Bias (Virtual ILT),12213,"The instructional aids (forms, case scenarios, etc.) are very similar to real things I use on the job.",4472,Agree
9e061f58-f1d8-4993-a5a6-011a25658d34,Understanding and Undoing Implicit Bias (Virtual ILT),12213,How satisfied are you with the Workforce Institute registration notifications and reminders?,4484,
9e061f58-f1d8-4993-a5a6-011a25658d34,Understanding and Undoing Implicit Bias (Virtual ILT),12213,How satisfied are you with the Workforce Institute Help Desk (phone and/or email support)?,4498,Satisfied
9e061f58-f1d8-4993-a5a6-011a25658d34,Understanding and Undoing Implicit Bias (Virtual ILT),12213,What could be done differently to improve your overall learning experience?,4517,
9e061f58-f1d8-4993-a5a6-011a25658d34,Understanding and Undoing Implicit Bias (Virtual ILT),12213,Which other training topics or learning methods would support your job performance?,4526,
9e061f58-f1d8-4993-a5a6-011a25658d34,Understanding and Undoing Implicit Bias (Virtual ILT),12213,"INSTRUCTOR.NAME maintained an effective pace through the agenda (discussion, activities, breaks, etc.).",5163,Agree
9e061f58-f1d8-4993-a5a6-011a25658d34,Understanding and Undoing Implicit Bias (Virtual ILT),12213,INSTRUCTOR.NAME provided opportunities for questions and checked in for understanding,5175,Agree
9e061f58-f1d8-4993-a5a6-011a25658d34,Understanding and Undoing Implicit Bias (Virtual ILT),12213,How satisfied are you with the online interaction you had with the facilitators?,5315,Satisfied
9e061f58-f1d8-4993-a5a6-011a25658d34,Understanding and Undoing Implicit Bias (Virtual ILT),12213,How satisfied are you with the online interaction you had with other learners in this program?,5321,Satisfied
5ed1706b-8d67-4d7d-8353-26b60cdbf3b8,Understanding and Undoing Implicit Bias (Virtual ILT),12213,"Prior to today, I knew how this learning program was intended to impact my job performance.",4454,Agree
5ed1706b-8d67-4d7d-8353-26b60cdbf3b8,Understanding and Undoing Implicit Bias (Virtual ILT),12213,"The instructional aids (forms, case scenarios, etc.) are very similar to real things I use on the job.",4472,Agree
5ed1706b-8d67-4d7d-8353-26b60cdbf3b8,Understanding and Undoing Implicit Bias (Virtual ILT),12213,How satisfied are you with the Workforce Institute registration notifications and reminders?,4484,Satisfied
5ed1706b-8d67-4d7d-8353-26b60cdbf3b8,Understanding and Undoing Implicit Bias (Virtual ILT),12213,"In a typical workweek, how often will you apply knowledge or skills from this learning program? (In percentage of time on the job)",4520,Very Often (51-75% of the time)
5ed1706b-8d67-4d7d-8353-26b60cdbf3b8,Understanding and Undoing Implicit Bias (Virtual ILT),12213,Which other training topics or learning methods would support your job performance?,4526,How to Juggle cats and How to herd otters. :)
5ed1706b-8d67-4d7d-8353-26b60cdbf3b8,Understanding and Undoing Implicit Bias (Virtual ILT),12213,"INSTRUCTOR.NAME maintained an effective pace through the agenda (discussion, activities, breaks, etc.).",5163,Strongly Agree
5ed1706b-8d67-4d7d-8353-26b60cdbf3b8,Understanding and Undoing Implicit Bias (Virtual ILT),12213,INSTRUCTOR.NAME provided clear explanations of new concepts,5169,Strongly Agree
5ed1706b-8d67-4d7d-8353-26b60cdbf3b8,Understanding and Undoing Implicit Bias (Virtual ILT),12213,"Draw connections between internalized oppression and trauma and their influence on institutional racism, structural inequity, and implicit bias",5374,Agree
572c45c5-b4a6-4211-8db5-2b159c14467d,Understanding and Undoing Implicit Bias (Virtual ILT),12213,"Prior to today, I knew how this learning program was intended to impact my job performance.",4454,Agree
572c45c5-b4a6-4211-8db5-2b159c14467d,Understanding and Undoing Implicit Bias (Virtual ILT),12213,I believe this learning program will help me do my current job better.,4478,Agree
572c45c5-b4a6-4211-8db5-2b159c14467d,Understanding and Undoing Implicit Bias (Virtual ILT),12213,"INSTRUCTOR.NAME maintained an effective pace through the agenda (discussion, activities, breaks, etc.).",5163,Agree
572c45c5-b4a6-4211-8db5-2b159c14467d,Understanding and Undoing Implicit Bias (Virtual ILT),12213,"INSTRUCTOR.NAME maintained an effective pace through the agenda (discussion, activities, breaks, etc.).",5163,Agree
572c45c5-b4a6-4211-8db5-2b159c14467d,Understanding and Undoing Implicit Bias (Virtual ILT),12213,Analyze the current state of child welfare as it relates to racial disproportionality,5368,Agree
897c8faf-d725-49ad-8efe-56e86c6edbb5,Understanding and Undoing Implicit Bias (Virtual ILT),12213,The skills practice activities showed me how to use this learning on the job.,4460,Agree
897c8faf-d725-49ad-8efe-56e86c6edbb5,Understanding and Undoing Implicit Bias (Virtual ILT),12213,My supervisor met with me to discuss the relevance of this learning program to my current job.,4519,No
49113f18-8adf-4410-bba6-703551223a28,Understanding and Undoing Implicit Bias (Virtual ILT),12213,The skills practice activities showed me how to use this learning on the job.,4460,Strongly Agree
49113f18-8adf-4410-bba6-703551223a28,Understanding and Undoing Implicit Bias (Virtual ILT),12213,How satisfied are you with the Cornerstone learning management system?,4491,Extremely Satisfied
49113f18-8adf-4410-bba6-703551223a28,Understanding and Undoing Implicit Bias (Virtual ILT),12213,How satisfied are you with the Workforce Institute Help Desk (phone and/or email support)?,4498,Extremely Satisfied
49113f18-8adf-4410-bba6-703551223a28,Understanding and Undoing Implicit Bias (Virtual ILT),12213,INSTRUCTOR.NAME provided opportunities for questions and checked in for understanding,5175,Strongly Agree
49113f18-8adf-4410-bba6-703551223a28,Understanding and Undoing Implicit Bias (Virtual ILT),12213,INSTRUCTOR.NAME provided opportunities for questions and checked in for understanding,5175,Strongly Agree
49113f18-8adf-4410-bba6-703551223a28,Understanding and Undoing Implicit Bias (Virtual ILT),12213,How satisfied are you with taking this learning program in a virtual format?,5309,Extremely Satisfied
49113f18-8adf-4410-bba6-703551223a28,Understanding and Undoing Implicit Bias (Virtual ILT),12213,How satisfied are you with the online interaction you had with the facilitators?,5315,Extremely Satisfied
927f3f2a-fe0d-41e9-807c-76b3430782f1,Understanding and Undoing Implicit Bias (Virtual ILT),12213,The skills practice activities showed me how to use this learning on the job.,4460,Disagree
927f3f2a-fe0d-41e9-807c-76b3430782f1,Understanding and Undoing Implicit Bias (Virtual ILT),12213,"In a typical workweek, how often will you apply knowledge or skills from this learning program? (In percentage of time on the job)",4520,Sometimes (1-25% of the time)
927f3f2a-fe0d-41e9-807c-76b3430782f1,Understanding and Undoing Implicit Bias (Virtual ILT),12213,Which other training topics or learning methods would support your job performance?,4526,
927f3f2a-fe0d-41e9-807c-76b3430782f1,Understanding and Undoing Implicit Bias (Virtual ILT),12213,I felt comfortable using the video conferencing platform to participate in this learning program.,5011,Neutral
927f3f2a-fe0d-41e9-807c-76b3430782f1,Understanding and Undoing Implicit Bias (Virtual ILT),12213,"INSTRUCTOR.NAME maintained an effective pace through the agenda (discussion, activities, breaks, etc.).",5163,Disagree
927f3f2a-fe0d-41e9-807c-76b3430782f1,Understanding and Undoing Implicit Bias (Virtual ILT),12213,How satisfied are you with taking this learning program in a virtual format?,5309,Dissatisfied
927f3f2a-fe0d-41e9-807c-76b3430782f1,Understanding and Undoing Implicit Bias (Virtual ILT),12213,Analyze the current state of child welfare as it relates to racial disproportionality,5368,Disagree
927f3f2a-fe0d-41e9-807c-76b3430782f1,Understanding and Undoing Implicit Bias (Virtual ILT),12213,"Draw connections between internalized oppression and trauma and their influence on institutional racism, structural inequity, and implicit bias",5374,Disagree
e6f6199b-54e6-4676-921d-794f994dde7d,Understanding and Undoing Implicit Bias (Virtual ILT),12213,I believe this learning program will help me do my current job better.,4478,Agree
e6f6199b-54e6-4676-921d-794f994dde7d,Understanding and Undoing Implicit Bias (Virtual ILT),12213,How satisfied are you with the Cornerstone learning management system?,4491,Satisfied
e6f6199b-54e6-4676-921d-794f994dde7d,Understanding and Undoing Implicit Bias (Virtual ILT),12213,I felt comfortable using the video conferencing platform to participate in this learning program.,5011,Agree
e6f6199b-54e6-4676-921d-794f994dde7d,Understanding and Undoing Implicit Bias (Virtual ILT),12213,INSTRUCTOR.NAME provided opportunities for questions and checked in for understanding,5175,Agree
e6f6199b-54e6-4676-921d-794f994dde7d,Understanding and Undoing Implicit Bias (Virtual ILT),12213,How satisfied are you with the online interaction you had with the facilitators?,5315,Satisfied
e6f6199b-54e6-4676-921d-794f994dde7d,Understanding and Undoing Implicit Bias (Virtual ILT),12213,Apply debiasing strategies to undo individual implicit bias,5380,Agree
fb80f015-3255-4400-929c-88633325f537,Understanding and Undoing Implicit Bias (Virtual ILT),12213,"The instructional aids (forms, case scenarios, etc.) are very similar to real things I use on the job.",4472,Strongly Agree
fb80f015-3255-4400-929c-88633325f537,Understanding and Undoing Implicit Bias (Virtual ILT),12213,My supervisor met with me to discuss the relevance of this learning program to my current job.,4519,Yes
fb80f015-3255-4400-929c-88633325f537,Understanding and Undoing Implicit Bias (Virtual ILT),12213,"In a typical workweek, how often will you apply knowledge or skills from this learning program? (In percentage of time on the job)",4520,Very Often (51-75% of the time)
fb80f015-3255-4400-929c-88633325f537,Understanding and Undoing Implicit Bias (Virtual ILT),12213,Which other training topics or learning methods would support your job performance?,4526,More training such as these.
fb80f015-3255-4400-929c-88633325f537,Understanding and Undoing Implicit Bias (Virtual ILT),12213,"Draw connections between internalized oppression and trauma and their influence on institutional racism, structural inequity, and implicit bias",5374,Strongly Agree
c5890538-6626-4844-a3e7-b78ae6dfcb45,Understanding and Undoing Implicit Bias (Virtual ILT),12213,How satisfied are you with the Cornerstone learning management system?,4491,Extremely Satisfied
c5890538-6626-4844-a3e7-b78ae6dfcb45,Understanding and Undoing Implicit Bias (Virtual ILT),12213,"On a scale of 0-10, how likely is it that you would recommend this learning program to a colleague? (0 = Not at all likely, 10 = Extremely likely)",4505,10
c5890538-6626-4844-a3e7-b78ae6dfcb45,Understanding and Undoing Implicit Bias (Virtual ILT),12213,My supervisor met with me to discuss the relevance of this learning program to my current job.,4519,Yes
c5890538-6626-4844-a3e7-b78ae6dfcb45,Understanding and Undoing Implicit Bias (Virtual ILT),12213,"INSTRUCTOR.NAME maintained an effective pace through the agenda (discussion, activities, breaks, etc.).",5163,Strongly Agree
c5890538-6626-4844-a3e7-b78ae6dfcb45,Understanding and Undoing Implicit Bias (Virtual ILT),12213,How satisfied are you with the online interaction you had with other learners in this program?,5321,Extremely Satisfied
c5890538-6626-4844-a3e7-b78ae6dfcb45,Understanding and Undoing Implicit Bias (Virtual ILT),12213,Analyze the current state of child welfare as it relates to racial disproportionality,5368,Strongly Agree
7c7c1f6f-12dd-43ec-897d-f2a3248316e1,Understanding and Undoing Implicit Bias (Virtual ILT),12213,"Prior to today, I knew how this learning program was intended to impact my job performance.",4454,Neutral
7c7c1f6f-12dd-43ec-897d-f2a3248316e1,Understanding and Undoing Implicit Bias (Virtual ILT),12213,How satisfied are you with the Cornerstone learning management system?,4491,Neutral
7c7c1f6f-12dd-43ec-897d-f2a3248316e1,Understanding and Undoing Implicit Bias (Virtual ILT),12213,How satisfied are you with the Workforce Institute Help Desk (phone and/or email support)?,4498,Neutral
7c7c1f6f-12dd-43ec-897d-f2a3248316e1,Understanding and Undoing Implicit Bias (Virtual ILT),12213,My supervisor met with me to discuss the relevance of this learning program to my current job.,4519,Yes
7c7c1f6f-12dd-43ec-897d-f2a3248316e1,Understanding and Undoing Implicit Bias (Virtual ILT),12213,INSTRUCTOR.NAME provided clear explanations of new concepts,5169,Neutral
7c7c1f6f-12dd-43ec-897d-f2a3248316e1,Understanding and Undoing Implicit Bias (Virtual ILT),12213,How satisfied are you with the online interaction you had with other learners in this program?,5321,Neutral
dfcf9df8-36a2-4a33-b507-f42dc185e1ee,Understanding and Undoing Implicit Bias (Virtual ILT),12213,"Prior to today, I knew how this learning program was intended to impact my job performance.",4454,Disagree
dfcf9df8-36a2-4a33-b507-f42dc185e1ee,Understanding and Undoing Implicit Bias (Virtual ILT),12213,"On a scale of 0-10, how likely is it that you would recommend this learning program to a colleague? (0 = Not at all likely, 10 = Extremely likely)",4505,9
dfcf9df8-36a2-4a33-b507-f42dc185e1ee,Understanding and Undoing Implicit Bias (Virtual ILT),12213,I felt comfortable using the video conferencing platform to participate in this learning program.,5011,Agree
dfcf9df8-36a2-4a33-b507-f42dc185e1ee,Understanding and Undoing Implicit Bias (Virtual ILT),12213,INSTRUCTOR.NAME provided opportunities for questions and checked in for understanding,5175,Agree
dfcf9df8-36a2-4a33-b507-f42dc185e1ee,Understanding and Undoing Implicit Bias (Virtual ILT),12213,INSTRUCTOR.NAME provided opportunities for questions and checked in for understanding,5175,Agree
dfcf9df8-36a2-4a33-b507-f42dc185e1ee,Understanding and Undoing Implicit Bias (Virtual ILT),12213,"Draw connections between internalized oppression and trauma and their influence on institutional racism, structural inequity, and implicit bias",5374,Agree
9e061f58-f1d8-4993-a5a6-011a25658d34,Understanding and Undoing Implicit Bias (Virtual ILT),12213,"In a typical workweek, how often will you apply knowledge or skills from this learning program? (In percentage of time on the job)",4520,
9e061f58-f1d8-4993-a5a6-011a25658d34,Understanding and Undoing Implicit Bias (Virtual ILT),12213,I felt comfortable using the video conferencing platform to participate in this learning program.,5011,Agree
9e061f58-f1d8-4993-a5a6-011a25658d34,Understanding and Undoing Implicit Bias (Virtual ILT),12213,INSTRUCTOR.NAME provided clear explanations of new concepts,5169,Agree
9e061f58-f1d8-4993-a5a6-011a25658d34,Understanding and Undoing Implicit Bias (Virtual ILT),12213,INSTRUCTOR.NAME provided opportunities for questions and checked in for understanding,5175,Agree
9e061f58-f1d8-4993-a5a6-011a25658d34,Understanding and Undoing Implicit Bias (Virtual ILT),12213,Analyze the current state of child welfare as it relates to racial disproportionality,5368,Agree
5ed1706b-8d67-4d7d-8353-26b60cdbf3b8,Understanding and Undoing Implicit Bias (Virtual ILT),12213,"On a scale of 0-10, how likely is it that you would recommend this learning program to a colleague? (0 = Not at all likely, 10 = Extremely likely)",4505,8
5ed1706b-8d67-4d7d-8353-26b60cdbf3b8,Understanding and Undoing Implicit Bias (Virtual ILT),12213,I felt comfortable using the video conferencing platform to participate in this learning program.,5011,Agree
5ed1706b-8d67-4d7d-8353-26b60cdbf3b8,Understanding and Undoing Implicit Bias (Virtual ILT),12213,INSTRUCTOR.NAME provided clear explanations of new concepts,5169,Strongly Agree
5ed1706b-8d67-4d7d-8353-26b60cdbf3b8,Understanding and Undoing Implicit Bias (Virtual ILT),12213,INSTRUCTOR.NAME provided opportunities for questions and checked in for understanding,5175,Strongly Agree
5ed1706b-8d67-4d7d-8353-26b60cdbf3b8,Understanding and Undoing Implicit Bias (Virtual ILT),12213,How satisfied are you with taking this learning program in a virtual format?,5309,Satisfied
5ed1706b-8d67-4d7d-8353-26b60cdbf3b8,Understanding and Undoing Implicit Bias (Virtual ILT),12213,How satisfied are you with the online interaction you had with the facilitators?,5315,Satisfied
5ed1706b-8d67-4d7d-8353-26b60cdbf3b8,Understanding and Undoing Implicit Bias (Virtual ILT),12213,How satisfied are you with the online interaction you had with other learners in this program?,5321,Satisfied
5ed1706b-8d67-4d7d-8353-26b60cdbf3b8,Understanding and Undoing Implicit Bias (Virtual ILT),12213,Analyze the current state of child welfare as it relates to racial disproportionality,5368,Agree
5ed1706b-8d67-4d7d-8353-26b60cdbf3b8,Understanding and Undoing Implicit Bias (Virtual ILT),12213,Apply debiasing strategies to undo individual implicit bias,5380,Agree
572c45c5-b4a6-4211-8db5-2b159c14467d,Understanding and Undoing Implicit Bias (Virtual ILT),12213,The skills practice activities showed me how to use this learning on the job.,4460,Agree
572c45c5-b4a6-4211-8db5-2b159c14467d,Understanding and Undoing Implicit Bias (Virtual ILT),12213,"The instructional aids (forms, case scenarios, etc.) are very similar to real things I use on the job.",4472,Agree
572c45c5-b4a6-4211-8db5-2b159c14467d,Understanding and Undoing Implicit Bias (Virtual ILT),12213,What could be done differently to improve your overall learning experience?,4517,Give learners more time to work in groups in the break-out rooms for activites.
572c45c5-b4a6-4211-8db5-2b159c14467d,Understanding and Undoing Implicit Bias (Virtual ILT),12213,I felt comfortable using the video conferencing platform to participate in this learning program.,5011,Agree
572c45c5-b4a6-4211-8db5-2b159c14467d,Understanding and Undoing Implicit Bias (Virtual ILT),12213,INSTRUCTOR.NAME provided clear explanations of new concepts,5169,Agree
572c45c5-b4a6-4211-8db5-2b159c14467d,Understanding and Undoing Implicit Bias (Virtual ILT),12213,INSTRUCTOR.NAME provided opportunities for questions and checked in for understanding,5175,Agree
572c45c5-b4a6-4211-8db5-2b159c14467d,Understanding and Undoing Implicit Bias (Virtual ILT),12213,How satisfied are you with the online interaction you had with other learners in this program?,5321,Satisfied
572c45c5-b4a6-4211-8db5-2b159c14467d,Understanding and Undoing Implicit Bias (Virtual ILT),12213,Recall key implicit bias (IB) concepts and key points.,5362,Agree
897c8faf-d725-49ad-8efe-56e86c6edbb5,Understanding and Undoing Implicit Bias (Virtual ILT),12213,I believe this learning program will help me do my current job better.,4478,Agree
897c8faf-d725-49ad-8efe-56e86c6edbb5,Understanding and Undoing Implicit Bias (Virtual ILT),12213,How satisfied are you with the Workforce Institute Help Desk (phone and/or email support)?,4498,Neutral
897c8faf-d725-49ad-8efe-56e86c6edbb5,Understanding and Undoing Implicit Bias (Virtual ILT),12213,Which other training topics or learning methods would support your job performance?,4526,working with children who are transgender.
897c8faf-d725-49ad-8efe-56e86c6edbb5,Understanding and Undoing Implicit Bias (Virtual ILT),12213,"INSTRUCTOR.NAME maintained an effective pace through the agenda (discussion, activities, breaks, etc.).",5163,Agree
897c8faf-d725-49ad-8efe-56e86c6edbb5,Understanding and Undoing Implicit Bias (Virtual ILT),12213,INSTRUCTOR.NAME provided clear explanations of new concepts,5169,Agree
897c8faf-d725-49ad-8efe-56e86c6edbb5,Understanding and Undoing Implicit Bias (Virtual ILT),12213,INSTRUCTOR.NAME provided clear explanations of new concepts,5169,Agree
897c8faf-d725-49ad-8efe-56e86c6edbb5,Understanding and Undoing Implicit Bias (Virtual ILT),12213,INSTRUCTOR.NAME provided opportunities for questions and checked in for understanding,5175,Agree
897c8faf-d725-49ad-8efe-56e86c6edbb5,Understanding and Undoing Implicit Bias (Virtual ILT),12213,How satisfied are you with taking this learning program in a virtual format?,5309,Extremely Satisfied
897c8faf-d725-49ad-8efe-56e86c6edbb5,Understanding and Undoing Implicit Bias (Virtual ILT),12213,How satisfied are you with the online interaction you had with the facilitators?,5315,Extremely Satisfied
49113f18-8adf-4410-bba6-703551223a28,Understanding and Undoing Implicit Bias (Virtual ILT),12213,"Prior to today, I knew how this learning program was intended to impact my job performance.",4454,Strongly Agree
49113f18-8adf-4410-bba6-703551223a28,Understanding and Undoing Implicit Bias (Virtual ILT),12213,How satisfied are you with the Workforce Institute registration notifications and reminders?,4484,Extremely Satisfied
49113f18-8adf-4410-bba6-703551223a28,Understanding and Undoing Implicit Bias (Virtual ILT),12213,Which other training topics or learning methods would support your job performance?,4526,
49113f18-8adf-4410-bba6-703551223a28,Understanding and Undoing Implicit Bias (Virtual ILT),12213,INSTRUCTOR.NAME provided clear explanations of new concepts,5169,Strongly Agree
49113f18-8adf-4410-bba6-703551223a28,Understanding and Undoing Implicit Bias (Virtual ILT),12213,Apply debiasing strategies to undo individual implicit bias,5380,Strongly Agree
927f3f2a-fe0d-41e9-807c-76b3430782f1,Understanding and Undoing Implicit Bias (Virtual ILT),12213,How satisfied are you with the Workforce Institute registration notifications and reminders?,4484,Neutral
927f3f2a-fe0d-41e9-807c-76b3430782f1,Understanding and Undoing Implicit Bias (Virtual ILT),12213,How satisfied are you with the Cornerstone learning management system?,4491,Neutral
927f3f2a-fe0d-41e9-807c-76b3430782f1,Understanding and Undoing Implicit Bias (Virtual ILT),12213,My supervisor met with me to discuss the relevance of this learning program to my current job.,4519,No
927f3f2a-fe0d-41e9-807c-76b3430782f1,Understanding and Undoing Implicit Bias (Virtual ILT),12213,"INSTRUCTOR.NAME maintained an effective pace through the agenda (discussion, activities, breaks, etc.).",5163,Disagree
927f3f2a-fe0d-41e9-807c-76b3430782f1,Understanding and Undoing Implicit Bias (Virtual ILT),12213,INSTRUCTOR.NAME provided clear explanations of new concepts,5169,Disagree
927f3f2a-fe0d-41e9-807c-76b3430782f1,Understanding and Undoing Implicit Bias (Virtual ILT),12213,INSTRUCTOR.NAME provided clear explanations of new concepts,5169,Disagree
927f3f2a-fe0d-41e9-807c-76b3430782f1,Understanding and Undoing Implicit Bias (Virtual ILT),12213,INSTRUCTOR.NAME provided opportunities for questions and checked in for understanding,5175,Disagree
927f3f2a-fe0d-41e9-807c-76b3430782f1,Understanding and Undoing Implicit Bias (Virtual ILT),12213,How satisfied are you with the online interaction you had with the facilitators?,5315,Dissatisfied
927f3f2a-fe0d-41e9-807c-76b3430782f1,Understanding and Undoing Implicit Bias (Virtual ILT),12213,Recall key implicit bias (IB) concepts and key points.,5362,Disagree
927f3f2a-fe0d-41e9-807c-76b3430782f1,Understanding and Undoing Implicit Bias (Virtual ILT),12213,Apply debiasing strategies to undo individual implicit bias,5380,Disagree
e6f6199b-54e6-4676-921d-794f994dde7d,Understanding and Undoing Implicit Bias (Virtual ILT),12213,How satisfied are you with the Workforce Institute registration notifications and reminders?,4484,Satisfied
e6f6199b-54e6-4676-921d-794f994dde7d,Understanding and Undoing Implicit Bias (Virtual ILT),12213,How satisfied are you with the Workforce Institute Help Desk (phone and/or email support)?,4498,Satisfied
e6f6199b-54e6-4676-921d-794f994dde7d,Understanding and Undoing Implicit Bias (Virtual ILT),12213,"INSTRUCTOR.NAME maintained an effective pace through the agenda (discussion, activities, breaks, etc.).",5163,Agree
e6f6199b-54e6-4676-921d-794f994dde7d,Understanding and Undoing Implicit Bias (Virtual ILT),12213,How satisfied are you with taking this learning program in a virtual format?,5309,Satisfied
e6f6199b-54e6-4676-921d-794f994dde7d,Understanding and Undoing Implicit Bias (Virtual ILT),12213,Analyze the current state of child welfare as it relates to racial disproportionality,5368,
fb80f015-3255-4400-929c-88633325f537,Understanding and Undoing Implicit Bias (Virtual ILT),12213,"Prior to today, I knew how this learning program was intended to impact my job performance.",4454,Neutral
fb80f015-3255-4400-929c-88633325f537,Understanding and Undoing Implicit Bias (Virtual ILT),12213,How satisfied are you with the Workforce Institute registration notifications and reminders?,4484,Satisfied
fb80f015-3255-4400-929c-88633325f537,Understanding and Undoing Implicit Bias (Virtual ILT),12213,"On a scale of 0-10, how likely is it that you would recommend this learning program to a colleague? (0 = Not at all likely, 10 = Extremely likely)",4505,10
fb80f015-3255-4400-929c-88633325f537,Understanding and Undoing Implicit Bias (Virtual ILT),12213,How satisfied are you with taking this learning program in a virtual format?,5309,Extremely Satisfied
fb80f015-3255-4400-929c-88633325f537,Understanding and Undoing Implicit Bias (Virtual ILT),12213,How satisfied are you with the online interaction you had with the facilitators?,5315,Extremely Satisfied
fb80f015-3255-4400-929c-88633325f537,Understanding and Undoing Implicit Bias (Virtual ILT),12213,Apply debiasing strategies to undo individual implicit bias,5380,Strongly Agree
c5890538-6626-4844-a3e7-b78ae6dfcb45,Understanding and Undoing Implicit Bias (Virtual ILT),12213,What could be done differently to improve your overall learning experience?,4517,More time in break room and break in between during class sessions
c5890538-6626-4844-a3e7-b78ae6dfcb45,Understanding and Undoing Implicit Bias (Virtual ILT),12213,I felt comfortable using the video conferencing platform to participate in this learning program.,5011,Agree
c5890538-6626-4844-a3e7-b78ae6dfcb45,Understanding and Undoing Implicit Bias (Virtual ILT),12213,INSTRUCTOR.NAME provided clear explanations of new concepts,5169,Strongly Agree
c5890538-6626-4844-a3e7-b78ae6dfcb45,Understanding and Undoing Implicit Bias (Virtual ILT),12213,INSTRUCTOR.NAME provided opportunities for questions and checked in for understanding,5175,Strongly Agree
c5890538-6626-4844-a3e7-b78ae6dfcb45,Understanding and Undoing Implicit Bias (Virtual ILT),12213,How satisfied are you with taking this learning program in a virtual format?,5309,Satisfied
c5890538-6626-4844-a3e7-b78ae6dfcb45,Understanding and Undoing Implicit Bias (Virtual ILT),12213,How satisfied are you with the online interaction you had with the facilitators?,5315,Extremely Satisfied
c5890538-6626-4844-a3e7-b78ae6dfcb45,Understanding and Undoing Implicit Bias (Virtual ILT),12213,Apply debiasing strategies to undo individual implicit bias,5380,Strongly Agree
7c7c1f6f-12dd-43ec-897d-f2a3248316e1,Understanding and Undoing Implicit Bias (Virtual ILT),12213,"On a scale of 0-10, how likely is it that you would recommend this learning program to a colleague? (0 = Not at all likely, 10 = Extremely likely)",4505,9
7c7c1f6f-12dd-43ec-897d-f2a3248316e1,Understanding and Undoing Implicit Bias (Virtual ILT),12213,What could be done differently to improve your overall learning experience?,4517,
7c7c1f6f-12dd-43ec-897d-f2a3248316e1,Understanding and Undoing Implicit Bias (Virtual ILT),12213,I felt comfortable using the video conferencing platform to participate in this learning program.,5011,Neutral
7c7c1f6f-12dd-43ec-897d-f2a3248316e1,Understanding and Undoing Implicit Bias (Virtual ILT),12213,"INSTRUCTOR.NAME maintained an effective pace through the agenda (discussion, activities, breaks, etc.).",5163,Neutral
7c7c1f6f-12dd-43ec-897d-f2a3248316e1,Understanding and Undoing Implicit Bias (Virtual ILT),12213,How satisfied are you with the online interaction you had with the facilitators?,5315,Neutral
7c7c1f6f-12dd-43ec-897d-f2a3248316e1,Understanding and Undoing Implicit Bias (Virtual ILT),12213,Apply debiasing strategies to undo individual implicit bias,5380,Neutral
dfcf9df8-36a2-4a33-b507-f42dc185e1ee,Understanding and Undoing Implicit Bias (Virtual ILT),12213,The skills practice activities showed me how to use this learning on the job.,4460,Agree
dfcf9df8-36a2-4a33-b507-f42dc185e1ee,Understanding and Undoing Implicit Bias (Virtual ILT),12213,How satisfied are you with the Cornerstone learning management system?,4491,Satisfied
dfcf9df8-36a2-4a33-b507-f42dc185e1ee,Understanding and Undoing Implicit Bias (Virtual ILT),12213,What could be done differently to improve your overall learning experience?,4517,
dfcf9df8-36a2-4a33-b507-f42dc185e1ee,Understanding and Undoing Implicit Bias (Virtual ILT),12213,Which other training topics or learning methods would support your job performance?,4526,
dfcf9df8-36a2-4a33-b507-f42dc185e1ee,Understanding and Undoing Implicit Bias (Virtual ILT),12213,"INSTRUCTOR.NAME maintained an effective pace through the agenda (discussion, activities, breaks, etc.).",5163,Agree
dfcf9df8-36a2-4a33-b507-f42dc185e1ee,Understanding and Undoing Implicit Bias (Virtual ILT),12213,How satisfied are you with the online interaction you had with the facilitators?,5315,Satisfied
dfcf9df8-36a2-4a33-b507-f42dc185e1ee,Understanding and Undoing Implicit Bias (Virtual ILT),12213,Recall key implicit bias (IB) concepts and key points.,5362,Agree
9e061f58-f1d8-4993-a5a6-011a25658d34,Understanding and Undoing Implicit Bias (Virtual ILT),12213,"Prior to today, I knew how this learning program was intended to impact my job performance.",4454,Agree
9e061f58-f1d8-4993-a5a6-011a25658d34,Understanding and Undoing Implicit Bias (Virtual ILT),12213,The skills practice activities showed me how to use this learning on the job.,4460,Agree
9e061f58-f1d8-4993-a5a6-011a25658d34,Understanding and Undoing Implicit Bias (Virtual ILT),12213,How satisfied are you with the Cornerstone learning management system?,4491,
9e061f58-f1d8-4993-a5a6-011a25658d34,Understanding and Undoing Implicit Bias (Virtual ILT),12213,"On a scale of 0-10, how likely is it that you would recommend this learning program to a colleague? (0 = Not at all likely, 10 = Extremely likely)",4505,
9e061f58-f1d8-4993-a5a6-011a25658d34,Understanding and Undoing Implicit Bias (Virtual ILT),12213,Recall key implicit bias (IB) concepts and key points.,5362,Agree
9e061f58-f1d8-4993-a5a6-011a25658d34,Understanding and Undoing Implicit Bias (Virtual ILT),12213,"Draw connections between internalized oppression and trauma and their influence on institutional racism, structural inequity, and implicit bias",5374,Agree
9e061f58-f1d8-4993-a5a6-011a25658d34,Understanding and Undoing Implicit Bias (Virtual ILT),12213,Apply debiasing strategies to undo individual implicit bias,5380,Agree
5ed1706b-8d67-4d7d-8353-26b60cdbf3b8,Understanding and Undoing Implicit Bias (Virtual ILT),12213,I believe this learning program will help me do my current job better.,4478,Agree
5ed1706b-8d67-4d7d-8353-26b60cdbf3b8,Understanding and Undoing Implicit Bias (Virtual ILT),12213,How satisfied are you with the Cornerstone learning management system?,4491,Satisfied
5ed1706b-8d67-4d7d-8353-26b60cdbf3b8,Understanding and Undoing Implicit Bias (Virtual ILT),12213,My supervisor met with me to discuss the relevance of this learning program to my current job.,4519,Yes
5ed1706b-8d67-4d7d-8353-26b60cdbf3b8,Understanding and Undoing Implicit Bias (Virtual ILT),12213,INSTRUCTOR.NAME provided opportunities for questions and checked in for understanding,5175,Strongly Agree
5ed1706b-8d67-4d7d-8353-26b60cdbf3b8,Understanding and Undoing Implicit Bias (Virtual ILT),12213,Recall key implicit bias (IB) concepts and key points.,5362,Agree
572c45c5-b4a6-4211-8db5-2b159c14467d,Understanding and Undoing Implicit Bias (Virtual ILT),12213,How satisfied are you with the Workforce Institute registration notifications and reminders?,4484,Satisfied
572c45c5-b4a6-4211-8db5-2b159c14467d,Understanding and Undoing Implicit Bias (Virtual ILT),12213,"In a typical workweek, how often will you apply knowledge or skills from this learning program? (In percentage of time on the job)",4520,Almost Always (76-100% of the time)
572c45c5-b4a6-4211-8db5-2b159c14467d,Understanding and Undoing Implicit Bias (Virtual ILT),12213,INSTRUCTOR.NAME provided clear explanations of new concepts,5169,Agree
572c45c5-b4a6-4211-8db5-2b159c14467d,Understanding and Undoing Implicit Bias (Virtual ILT),12213,How satisfied are you with taking this learning program in a virtual format?,5309,Neutral
572c45c5-b4a6-4211-8db5-2b159c14467d,Understanding and Undoing Implicit Bias (Virtual ILT),12213,How satisfied are you with the online interaction you had with the facilitators?,5315,Neutral
897c8faf-d725-49ad-8efe-56e86c6edbb5,Understanding and Undoing Implicit Bias (Virtual ILT),12213,"The instructional aids (forms, case scenarios, etc.) are very similar to real things I use on the job.",4472,Agree
897c8faf-d725-49ad-8efe-56e86c6edbb5,Understanding and Undoing Implicit Bias (Virtual ILT),12213,How satisfied are you with the Workforce Institute registration notifications and reminders?,4484,Satisfied
897c8faf-d725-49ad-8efe-56e86c6edbb5,Understanding and Undoing Implicit Bias (Virtual ILT),12213,How satisfied are you with the Cornerstone learning management system?,4491,Satisfied
897c8faf-d725-49ad-8efe-56e86c6edbb5,Understanding and Undoing Implicit Bias (Virtual ILT),12213,"On a scale of 0-10, how likely is it that you would recommend this learning program to a colleague? (0 = Not at all likely, 10 = Extremely likely)",4505,10
897c8faf-d725-49ad-8efe-56e86c6edbb5,Understanding and Undoing Implicit Bias (Virtual ILT),12213,What could be done differently to improve your overall learning experience?,4517,nothing
897c8faf-d725-49ad-8efe-56e86c6edbb5,Understanding and Undoing Implicit Bias (Virtual ILT),12213,I felt comfortable using the video conferencing platform to participate in this learning program.,5011,Strongly Agree
897c8faf-d725-49ad-8efe-56e86c6edbb5,Understanding and Undoing Implicit Bias (Virtual ILT),12213,How satisfied are you with the online interaction you had with other learners in this program?,5321,Satisfied
897c8faf-d725-49ad-8efe-56e86c6edbb5,Understanding and Undoing Implicit Bias (Virtual ILT),12213,Recall key implicit bias (IB) concepts and key points.,5362,Strongly Agree
897c8faf-d725-49ad-8efe-56e86c6edbb5,Understanding and Undoing Implicit Bias (Virtual ILT),12213,"Draw connections between internalized oppression and trauma and their influence on institutional racism, structural inequity, and implicit bias",5374,Strongly Agree
897c8faf-d725-49ad-8efe-56e86c6edbb5,Understanding and Undoing Implicit Bias (Virtual ILT),12213,Apply debiasing strategies to undo individual implicit bias,5380,Agree
49113f18-8adf-4410-bba6-703551223a28,Understanding and Undoing Implicit Bias (Virtual ILT),12213,"On a scale of 0-10, how likely is it that you would recommend this learning program to a colleague? (0 = Not at all likely, 10 = Extremely likely)",4505,10
49113f18-8adf-4410-bba6-703551223a28,Understanding and Undoing Implicit Bias (Virtual ILT),12213,"In a typical workweek, how often will you apply knowledge or skills from this learning program? (In percentage of time on the job)",4520,Very Often (51-75% of the time)
49113f18-8adf-4410-bba6-703551223a28,Understanding and Undoing Implicit Bias (Virtual ILT),12213,"INSTRUCTOR.NAME maintained an effective pace through the agenda (discussion, activities, breaks, etc.).",5163,Strongly Agree
49113f18-8adf-4410-bba6-703551223a28,Understanding and Undoing Implicit Bias (Virtual ILT),12213,Analyze the current state of child welfare as it relates to racial disproportionality,5368,Strongly Agree
49113f18-8adf-4410-bba6-703551223a28,Understanding and Undoing Implicit Bias (Virtual ILT),12213,"Draw connections between internalized oppression and trauma and their influence on institutional racism, structural inequity, and implicit bias",5374,Strongly Agree
927f3f2a-fe0d-41e9-807c-76b3430782f1,Understanding and Undoing Implicit Bias (Virtual ILT),12213,"The instructional aids (forms, case scenarios, etc.) are very similar to real things I use on the job.",4472,Disagree
927f3f2a-fe0d-41e9-807c-76b3430782f1,Understanding and Undoing Implicit Bias (Virtual ILT),12213,"On a scale of 0-10, how likely is it that you would recommend this learning program to a colleague? (0 = Not at all likely, 10 = Extremely likely)",4505,2
927f3f2a-fe0d-41e9-807c-76b3430782f1,Understanding and Undoing Implicit Bias (Virtual ILT),12213,What could be done differently to improve your overall learning experience?,4517,Shorten
927f3f2a-fe0d-41e9-807c-76b3430782f1,Understanding and Undoing Implicit Bias (Virtual ILT),12213,INSTRUCTOR.NAME provided opportunities for questions and checked in for understanding,5175,Neutral
e6f6199b-54e6-4676-921d-794f994dde7d,Understanding and Undoing Implicit Bias (Virtual ILT),12213,The skills practice activities showed me how to use this learning on the job.,4460,Agree
e6f6199b-54e6-4676-921d-794f994dde7d,Understanding and Undoing Implicit Bias (Virtual ILT),12213,"On a scale of 0-10, how likely is it that you would recommend this learning program to a colleague? (0 = Not at all likely, 10 = Extremely likely)",4505,10
e6f6199b-54e6-4676-921d-794f994dde7d,Understanding and Undoing Implicit Bias (Virtual ILT),12213,What could be done differently to improve your overall learning experience?,4517,
e6f6199b-54e6-4676-921d-794f994dde7d,Understanding and Undoing Implicit Bias (Virtual ILT),12213,"INSTRUCTOR.NAME maintained an effective pace through the agenda (discussion, activities, breaks, etc.).",5163,Agree
e6f6199b-54e6-4676-921d-794f994dde7d,Understanding and Undoing Implicit Bias (Virtual ILT),12213,INSTRUCTOR.NAME provided clear explanations of new concepts,5169,Agree
e6f6199b-54e6-4676-921d-794f994dde7d,Understanding and Undoing Implicit Bias (Virtual ILT),12213,How satisfied are you with the online interaction you had with other learners in this program?,5321,Satisfied
e6f6199b-54e6-4676-921d-794f994dde7d,Understanding and Undoing Implicit Bias (Virtual ILT),12213,"Draw connections between internalized oppression and trauma and their influence on institutional racism, structural inequity, and implicit bias",5374,Agree
fb80f015-3255-4400-929c-88633325f537,Understanding and Undoing Implicit Bias (Virtual ILT),12213,I believe this learning program will help me do my current job better.,4478,Strongly Agree
fb80f015-3255-4400-929c-88633325f537,Understanding and Undoing Implicit Bias (Virtual ILT),12213,How satisfied are you with the Workforce Institute Help Desk (phone and/or email support)?,4498,Satisfied
fb80f015-3255-4400-929c-88633325f537,Understanding and Undoing Implicit Bias (Virtual ILT),12213,What could be done differently to improve your overall learning experience?,4517,I thought the training was excellent and gain a lot of fruitful information.
fb80f015-3255-4400-929c-88633325f537,Understanding and Undoing Implicit Bias (Virtual ILT),12213,"INSTRUCTOR.NAME maintained an effective pace through the agenda (discussion, activities, breaks, etc.).",5163,Strongly Agree
fb80f015-3255-4400-929c-88633325f537,Understanding and Undoing Implicit Bias (Virtual ILT),12213,"INSTRUCTOR.NAME maintained an effective pace through the agenda (discussion, activities, breaks, etc.).",5163,Strongly Agree
fb80f015-3255-4400-929c-88633325f537,Understanding and Undoing Implicit Bias (Virtual ILT),12213,INSTRUCTOR.NAME provided clear explanations of new concepts,5169,Strongly Agree
fb80f015-3255-4400-929c-88633325f537,Understanding and Undoing Implicit Bias (Virtual ILT),12213,INSTRUCTOR.NAME provided clear explanations of new concepts,5169,Strongly Agree
fb80f015-3255-4400-929c-88633325f537,Understanding and Undoing Implicit Bias (Virtual ILT),12213,INSTRUCTOR.NAME provided opportunities for questions and checked in for understanding,5175,Strongly Agree
fb80f015-3255-4400-929c-88633325f537,Understanding and Undoing Implicit Bias (Virtual ILT),12213,How satisfied are you with the online interaction you had with other learners in this program?,5321,Extremely Satisfied
fb80f015-3255-4400-929c-88633325f537,Understanding and Undoing Implicit Bias (Virtual ILT),12213,Recall key implicit bias (IB) concepts and key points.,5362,Strongly Agree
fb80f015-3255-4400-929c-88633325f537,Understanding and Undoing Implicit Bias (Virtual ILT),12213,Analyze the current state of child welfare as it relates to racial disproportionality,5368,Strongly Agree
c5890538-6626-4844-a3e7-b78ae6dfcb45,Understanding and Undoing Implicit Bias (Virtual ILT),12213,"Prior to today, I knew how this learning program was intended to impact my job performance.",4454,Strongly Agree
c5890538-6626-4844-a3e7-b78ae6dfcb45,Understanding and Undoing Implicit Bias (Virtual ILT),12213,The skills practice activities showed me how to use this learning on the job.,4460,Strongly Agree
c5890538-6626-4844-a3e7-b78ae6dfcb45,Understanding and Undoing Implicit Bias (Virtual ILT),12213,"The instructional aids (forms, case scenarios, etc.) are very similar to real things I use on the job.",4472,Strongly Agree
c5890538-6626-4844-a3e7-b78ae6dfcb45,Understanding and Undoing Implicit Bias (Virtual ILT),12213,I believe this learning program will help me do my current job better.,4478,Strongly Agree
c5890538-6626-4844-a3e7-b78ae6dfcb45,Understanding and Undoing Implicit Bias (Virtual ILT),12213,"In a typical workweek, how often will you apply knowledge or skills from this learning program? (In percentage of time on the job)",4520,Almost Always (76-100% of the time)
c5890538-6626-4844-a3e7-b78ae6dfcb45,Understanding and Undoing Implicit Bias (Virtual ILT),12213,"INSTRUCTOR.NAME maintained an effective pace through the agenda (discussion, activities, breaks, etc.).",5163,Strongly Agree
c5890538-6626-4844-a3e7-b78ae6dfcb45,Understanding and Undoing Implicit Bias (Virtual ILT),12213,INSTRUCTOR.NAME provided clear explanations of new concepts,5169,Strongly Agree
c5890538-6626-4844-a3e7-b78ae6dfcb45,Understanding and Undoing Implicit Bias (Virtual ILT),12213,"Draw connections between internalized oppression and trauma and their influence on institutional racism, structural inequity, and implicit bias",5374,Strongly Agree
7c7c1f6f-12dd-43ec-897d-f2a3248316e1,Understanding and Undoing Implicit Bias (Virtual ILT),12213,The skills practice activities showed me how to use this learning on the job.,4460,Neutral
7c7c1f6f-12dd-43ec-897d-f2a3248316e1,Understanding and Undoing Implicit Bias (Virtual ILT),12213,I believe this learning program will help me do my current job better.,4478,Neutral
7c7c1f6f-12dd-43ec-897d-f2a3248316e1,Understanding and Undoing Implicit Bias (Virtual ILT),12213,How satisfied are you with the Workforce Institute registration notifications and reminders?,4484,Neutral
7c7c1f6f-12dd-43ec-897d-f2a3248316e1,Understanding and Undoing Implicit Bias (Virtual ILT),12213,"In a typical workweek, how often will you apply knowledge or skills from this learning program? (In percentage of time on the job)",4520,Almost Always (76-100% of the time)
7c7c1f6f-12dd-43ec-897d-f2a3248316e1,Understanding and Undoing Implicit Bias (Virtual ILT),12213,Which other training topics or learning methods would support your job performance?,4526,
7c7c1f6f-12dd-43ec-897d-f2a3248316e1,Understanding and Undoing Implicit Bias (Virtual ILT),12213,How satisfied are you with taking this learning program in a virtual format?,5309,Neutral
7c7c1f6f-12dd-43ec-897d-f2a3248316e1,Understanding and Undoing Implicit Bias (Virtual ILT),12213,Analyze the current state of child welfare as it relates to racial disproportionality,5368,Neutral
dfcf9df8-36a2-4a33-b507-f42dc185e1ee,Understanding and Undoing Implicit Bias (Virtual ILT),12213,I believe this learning program will help me do my current job better.,4478,Strongly Agree
dfcf9df8-36a2-4a33-b507-f42dc185e1ee,Understanding and Undoing Implicit Bias (Virtual ILT),12213,How satisfied are you with the online interaction you had with other learners in this program?,5321,Satisfied
9e061f58-f1d8-4993-a5a6-011a25658d34,Understanding and Undoing Implicit Bias (Virtual ILT),12213,I believe this learning program will help me do my current job better.,4478,Agree
9e061f58-f1d8-4993-a5a6-011a25658d34,Understanding and Undoing Implicit Bias (Virtual ILT),12213,My supervisor met with me to discuss the relevance of this learning program to my current job.,4519,
9e061f58-f1d8-4993-a5a6-011a25658d34,Understanding and Undoing Implicit Bias (Virtual ILT),12213,"INSTRUCTOR.NAME maintained an effective pace through the agenda (discussion, activities, breaks, etc.).",5163,Agree
9e061f58-f1d8-4993-a5a6-011a25658d34,Understanding and Undoing Implicit Bias (Virtual ILT),12213,INSTRUCTOR.NAME provided clear explanations of new concepts,5169,Agree
9e061f58-f1d8-4993-a5a6-011a25658d34,Understanding and Undoing Implicit Bias (Virtual ILT),12213,How satisfied are you with taking this learning program in a virtual format?,5309,Satisfied
5ed1706b-8d67-4d7d-8353-26b60cdbf3b8,Understanding and Undoing Implicit Bias (Virtual ILT),12213,The skills practice activities showed me how to use this learning on the job.,4460,Neutral
5ed1706b-8d67-4d7d-8353-26b60cdbf3b8,Understanding and Undoing Implicit Bias (Virtual ILT),12213,How satisfied are you with the Workforce Institute Help Desk (phone and/or email support)?,4498,Satisfied
5ed1706b-8d67-4d7d-8353-26b60cdbf3b8,Understanding and Undoing Implicit Bias (Virtual ILT),12213,What could be done differently to improve your overall learning experience?,4517,"In person face to face learning, serve snacks"
5ed1706b-8d67-4d7d-8353-26b60cdbf3b8,Understanding and Undoing Implicit Bias (Virtual ILT),12213,"INSTRUCTOR.NAME maintained an effective pace through the agenda (discussion, activities, breaks, etc.).",5163,Strongly Agree
572c45c5-b4a6-4211-8db5-2b159c14467d,Understanding and Undoing Implicit Bias (Virtual ILT),12213,How satisfied are you with the Cornerstone learning management system?,4491,Satisfied
572c45c5-b4a6-4211-8db5-2b159c14467d,Understanding and Undoing Implicit Bias (Virtual ILT),12213,How satisfied are you with the Workforce Institute Help Desk (phone and/or email support)?,4498,N/A (did not access)
572c45c5-b4a6-4211-8db5-2b159c14467d,Understanding and Undoing Implicit Bias (Virtual ILT),12213,"On a scale of 0-10, how likely is it that you would recommend this learning program to a colleague? (0 = Not at all likely, 10 = Extremely likely)",4505,7
572c45c5-b4a6-4211-8db5-2b159c14467d,Understanding and Undoing Implicit Bias (Virtual ILT),12213,My supervisor met with me to discuss the relevance of this learning program to my current job.,4519,Yes
572c45c5-b4a6-4211-8db5-2b159c14467d,Understanding and Undoing Implicit Bias (Virtual ILT),12213,Which other training topics or learning methods would support your job performance?,4526,
572c45c5-b4a6-4211-8db5-2b159c14467d,Understanding and Undoing Implicit Bias (Virtual ILT),12213,INSTRUCTOR.NAME provided opportunities for questions and checked in for understanding,5175,Agree
572c45c5-b4a6-4211-8db5-2b159c14467d,Understanding and Undoing Implicit Bias (Virtual ILT),12213,"Draw connections between internalized oppression and trauma and their influence on institutional racism, structural inequity, and implicit bias",5374,Agree
572c45c5-b4a6-4211-8db5-2b159c14467d,Understanding and Undoing Implicit Bias (Virtual ILT),12213,Apply debiasing strategies to undo individual implicit bias,5380,Agree
897c8faf-d725-49ad-8efe-56e86c6edbb5,Understanding and Undoing Implicit Bias (Virtual ILT),12213,"Prior to today, I knew how this learning program was intended to impact my job performance.",4454,Strongly Agree
897c8faf-d725-49ad-8efe-56e86c6edbb5,Understanding and Undoing Implicit Bias (Virtual ILT),12213,"In a typical workweek, how often will you apply knowledge or skills from this learning program? (In percentage of time on the job)",4520,Very Often (51-75% of the time)
897c8faf-d725-49ad-8efe-56e86c6edbb5,Understanding and Undoing Implicit Bias (Virtual ILT),12213,"INSTRUCTOR.NAME maintained an effective pace through the agenda (discussion, activities, breaks, etc.).",5163,Strongly Agree
897c8faf-d725-49ad-8efe-56e86c6edbb5,Understanding and Undoing Implicit Bias (Virtual ILT),12213,INSTRUCTOR.NAME provided opportunities for questions and checked in for understanding,5175,Strongly Agree
897c8faf-d725-49ad-8efe-56e86c6edbb5,Understanding and Undoing Implicit Bias (Virtual ILT),12213,Analyze the current state of child welfare as it relates to racial disproportionality,5368,Agree
49113f18-8adf-4410-bba6-703551223a28,Understanding and Undoing Implicit Bias (Virtual ILT),12213,"The instructional aids (forms, case scenarios, etc.) are very similar to real things I use on the job.",4472,Strongly Agree
49113f18-8adf-4410-bba6-703551223a28,Understanding and Undoing Implicit Bias (Virtual ILT),12213,I believe this learning program will help me do my current job better.,4478,Strongly Agree
49113f18-8adf-4410-bba6-703551223a28,Understanding and Undoing Implicit Bias (Virtual ILT),12213,What could be done differently to improve your overall learning experience?,4517,
49113f18-8adf-4410-bba6-703551223a28,Understanding and Undoing Implicit Bias (Virtual ILT),12213,My supervisor met with me to discuss the relevance of this learning program to my current job.,4519,Yes
49113f18-8adf-4410-bba6-703551223a28,Understanding and Undoing Implicit Bias (Virtual ILT),12213,I felt comfortable using the video conferencing platform to participate in this learning program.,5011,Strongly Agree
49113f18-8adf-4410-bba6-703551223a28,Understanding and Undoing Implicit Bias (Virtual ILT),12213,"INSTRUCTOR.NAME maintained an effective pace through the agenda (discussion, activities, breaks, etc.).",5163,Strongly Agree
49113f18-8adf-4410-bba6-703551223a28,Understanding and Undoing Implicit Bias (Virtual ILT),12213,INSTRUCTOR.NAME provided clear explanations of new concepts,5169,Strongly Agree
49113f18-8adf-4410-bba6-703551223a28,Understanding and Undoing Implicit Bias (Virtual ILT),12213,How satisfied are you with the online interaction you had with other learners in this program?,5321,Extremely Satisfied
49113f18-8adf-4410-bba6-703551223a28,Understanding and Undoing Implicit Bias (Virtual ILT),12213,Recall key implicit bias (IB) concepts and key points.,5362,Strongly Agree
927f3f2a-fe0d-41e9-807c-76b3430782f1,Understanding and Undoing Implicit Bias (Virtual ILT),12213,"Prior to today, I knew how this learning program was intended to impact my job performance.",4454,Disagree
927f3f2a-fe0d-41e9-807c-76b3430782f1,Understanding and Undoing Implicit Bias (Virtual ILT),12213,I believe this learning program will help me do my current job better.,4478,Disagree
927f3f2a-fe0d-41e9-807c-76b3430782f1,Understanding and Undoing Implicit Bias (Virtual ILT),12213,How satisfied are you with the Workforce Institute Help Desk (phone and/or email support)?,4498,Neutral
927f3f2a-fe0d-41e9-807c-76b3430782f1,Understanding and Undoing Implicit Bias (Virtual ILT),12213,How satisfied are you with the online interaction you had with other learners in this program?,5321,Neutral
e6f6199b-54e6-4676-921d-794f994dde7d,Understanding and Undoing Implicit Bias (Virtual ILT),12213,"Prior to today, I knew how this learning program was intended to impact my job performance.",4454,Agree
e6f6199b-54e6-4676-921d-794f994dde7d,Understanding and Undoing Implicit Bias (Virtual ILT),12213,"The instructional aids (forms, case scenarios, etc.) are very similar to real things I use on the job.",4472,Agree
e6f6199b-54e6-4676-921d-794f994dde7d,Understanding and Undoing Implicit Bias (Virtual ILT),12213,My supervisor met with me to discuss the relevance of this learning program to my current job.,4519,No
e6f6199b-54e6-4676-921d-794f994dde7d,Understanding and Undoing Implicit Bias (Virtual ILT),12213,"In a typical workweek, how often will you apply knowledge or skills from this learning program? (In percentage of time on the job)",4520,Sometimes (1-25% of the time)
e6f6199b-54e6-4676-921d-794f994dde7d,Understanding and Undoing Implicit Bias (Virtual ILT),12213,Which other training topics or learning methods would support your job performance?,4526,
e6f6199b-54e6-4676-921d-794f994dde7d,Understanding and Undoing Implicit Bias (Virtual ILT),12213,INSTRUCTOR.NAME provided clear explanations of new concepts,5169,Agree
e6f6199b-54e6-4676-921d-794f994dde7d,Understanding and Undoing Implicit Bias (Virtual ILT),12213,INSTRUCTOR.NAME provided opportunities for questions and checked in for understanding,5175,Agree
e6f6199b-54e6-4676-921d-794f994dde7d,Understanding and Undoing Implicit Bias (Virtual ILT),12213,Recall key implicit bias (IB) concepts and key points.,5362,Agree
fb80f015-3255-4400-929c-88633325f537,Understanding and Undoing Implicit Bias (Virtual ILT),12213,The skills practice activities showed me how to use this learning on the job.,4460,Strongly Agree
fb80f015-3255-4400-929c-88633325f537,Understanding and Undoing Implicit Bias (Virtual ILT),12213,How satisfied are you with the Cornerstone learning management system?,4491,Satisfied
fb80f015-3255-4400-929c-88633325f537,Understanding and Undoing Implicit Bias (Virtual ILT),12213,I felt comfortable using the video conferencing platform to participate in this learning program.,5011,Strongly Agree
fb80f015-3255-4400-929c-88633325f537,Understanding and Undoing Implicit Bias (Virtual ILT),12213,INSTRUCTOR.NAME provided opportunities for questions and checked in for understanding,5175,Strongly Agree
c5890538-6626-4844-a3e7-b78ae6dfcb45,Understanding and Undoing Implicit Bias (Virtual ILT),12213,How satisfied are you with the Workforce Institute registration notifications and reminders?,4484,Extremely Satisfied
c5890538-6626-4844-a3e7-b78ae6dfcb45,Understanding and Undoing Implicit Bias (Virtual ILT),12213,How satisfied are you with the Workforce Institute Help Desk (phone and/or email support)?,4498,Extremely Satisfied
c5890538-6626-4844-a3e7-b78ae6dfcb45,Understanding and Undoing Implicit Bias (Virtual ILT),12213,Which other training topics or learning methods would support your job performance?,4526,UCMS
c5890538-6626-4844-a3e7-b78ae6dfcb45,Understanding and Undoing Implicit Bias (Virtual ILT),12213,INSTRUCTOR.NAME provided opportunities for questions and checked in for understanding,5175,Strongly Agree
c5890538-6626-4844-a3e7-b78ae6dfcb45,Understanding and Undoing Implicit Bias (Virtual ILT),12213,Recall key implicit bias (IB) concepts and key points.,5362,Strongly Agree
7c7c1f6f-12dd-43ec-897d-f2a3248316e1,Understanding and Undoing Implicit Bias (Virtual ILT),12213,"The instructional aids (forms, case scenarios, etc.) are very similar to real things I use on the job.",4472,Neutral
7c7c1f6f-12dd-43ec-897d-f2a3248316e1,Understanding and Undoing Implicit Bias (Virtual ILT),12213,"INSTRUCTOR.NAME maintained an effective pace through the agenda (discussion, activities, breaks, etc.).",5163,Neutral
7c7c1f6f-12dd-43ec-897d-f2a3248316e1,Understanding and Undoing Implicit Bias (Virtual ILT),12213,INSTRUCTOR.NAME provided clear explanations of new concepts,5169,Neutral
7c7c1f6f-12dd-43ec-897d-f2a3248316e1,Understanding and Undoing Implicit Bias (Virtual ILT),12213,INSTRUCTOR.NAME provided opportunities for questions and checked in for understanding,5175,Neutral
7c7c1f6f-12dd-43ec-897d-f2a3248316e1,Understanding and Undoing Implicit Bias (Virtual ILT),12213,INSTRUCTOR.NAME provided opportunities for questions and checked in for understanding,5175,Neutral
7c7c1f6f-12dd-43ec-897d-f2a3248316e1,Understanding and Undoing Implicit Bias (Virtual ILT),12213,Recall key implicit bias (IB) concepts and key points.,5362,Neutral
7c7c1f6f-12dd-43ec-897d-f2a3248316e1,Understanding and Undoing Implicit Bias (Virtual ILT),12213,"Draw connections between internalized oppression and trauma and their influence on institutional racism, structural inequity, and implicit bias",5374,Neutral
dfcf9df8-36a2-4a33-b507-f42dc185e1ee,Understanding and Undoing Implicit Bias (Virtual ILT),12213,"The instructional aids (forms, case scenarios, etc.) are very similar to real things I use on the job.",4472,Agree
dfcf9df8-36a2-4a33-b507-f42dc185e1ee,Understanding and Undoing Implicit Bias (Virtual ILT),12213,How satisfied are you with the Workforce Institute registration notifications and reminders?,4484,Extremely Satisfied
dfcf9df8-36a2-4a33-b507-f42dc185e1ee,Understanding and Undoing Implicit Bias (Virtual ILT),12213,How satisfied are you with the Workforce Institute Help Desk (phone and/or email support)?,4498,Neutral
dfcf9df8-36a2-4a33-b507-f42dc185e1ee,Understanding and Undoing Implicit Bias (Virtual ILT),12213,My supervisor met with me to discuss the relevance of this learning program to my current job.,4519,No
dfcf9df8-36a2-4a33-b507-f42dc185e1ee,Understanding and Undoing Implicit Bias (Virtual ILT),12213,"In a typical workweek, how often will you apply knowledge or skills from this learning program? (In percentage of time on the job)",4520,Frequently (26-50% of the time)
dfcf9df8-36a2-4a33-b507-f42dc185e1ee,Understanding and Undoing Implicit Bias (Virtual ILT),12213,"INSTRUCTOR.NAME maintained an effective pace through the agenda (discussion, activities, breaks, etc.).",5163,Agree
dfcf9df8-36a2-4a33-b507-f42dc185e1ee,Understanding and Undoing Implicit Bias (Virtual ILT),12213,INSTRUCTOR.NAME provided clear explanations of new concepts,5169,Agree
dfcf9df8-36a2-4a33-b507-f42dc185e1ee,Understanding and Undoing Implicit Bias (Virtual ILT),12213,INSTRUCTOR.NAME provided clear explanations of new concepts,5169,Agree
dfcf9df8-36a2-4a33-b507-f42dc185e1ee,Understanding and Undoing Implicit Bias (Virtual ILT),12213,How satisfied are you with taking this learning program in a virtual format?,5309,Satisfied
dfcf9df8-36a2-4a33-b507-f42dc185e1ee,Understanding and Undoing Implicit Bias (Virtual ILT),12213,Analyze the current state of child welfare as it relates to racial disproportionality,5368,Strongly Agree
dfcf9df8-36a2-4a33-b507-f42dc185e1ee,Understanding and Undoing Implicit Bias (Virtual ILT),12213,Apply debiasing strategies to undo individual implicit bias,5380,Agree
638fed43-7e76-439e-8566-028e6c1fbf08,Understanding and Undoing Implicit Bias (Virtual ILT),12212,"Prior to today, I knew how this learning program was intended to impact my job performance.",4454,Neutral
638fed43-7e76-439e-8566-028e6c1fbf08,Understanding and Undoing Implicit Bias (Virtual ILT),12212,"The instructional aids (forms, case scenarios, etc.) are very similar to real things I use on the job.",4472,Strongly Agree
638fed43-7e76-439e-8566-028e6c1fbf08,Understanding and Undoing Implicit Bias (Virtual ILT),12212,Which other training topics or learning methods would support your job performance?,4526,
638fed43-7e76-439e-8566-028e6c1fbf08,Understanding and Undoing Implicit Bias (Virtual ILT),12212,"INSTRUCTOR.NAME maintained an effective pace through the agenda (discussion, activities, breaks, etc.).",5163,Neutral
638fed43-7e76-439e-8566-028e6c1fbf08,Understanding and Undoing Implicit Bias (Virtual ILT),12212,INSTRUCTOR.NAME provided opportunities for questions and checked in for understanding,5175,Strongly Agree
638fed43-7e76-439e-8566-028e6c1fbf08,Understanding and Undoing Implicit Bias (Virtual ILT),12212,INSTRUCTOR.NAME provided opportunities for questions and checked in for understanding,5175,Neutral
638fed43-7e76-439e-8566-028e6c1fbf08,Understanding and Undoing Implicit Bias (Virtual ILT),12212,How satisfied are you with taking this learning program in a virtual format?,5309,Extremely Satisfied
638fed43-7e76-439e-8566-028e6c1fbf08,Understanding and Undoing Implicit Bias (Virtual ILT),12212,How satisfied are you with the online interaction you had with the facilitators?,5315,Extremely Satisfied
638fed43-7e76-439e-8566-028e6c1fbf08,Understanding and Undoing Implicit Bias (Virtual ILT),12212,Apply debiasing strategies to undo individual implicit bias,5380,Strongly Agree
a9ea6450-309b-45bf-9782-085b6ec0a3da,Understanding and Undoing Implicit Bias (Virtual ILT),12212,"INSTRUCTOR.NAME maintained an effective pace through the agenda (discussion, activities, breaks, etc.).",5163,Agree
a9ea6450-309b-45bf-9782-085b6ec0a3da,Understanding and Undoing Implicit Bias (Virtual ILT),12212,INSTRUCTOR.NAME provided opportunities for questions and checked in for understanding,5175,Agree
a9ea6450-309b-45bf-9782-085b6ec0a3da,Understanding and Undoing Implicit Bias (Virtual ILT),12212,How satisfied are you with taking this learning program in a virtual format?,5309,Satisfied
a9ea6450-309b-45bf-9782-085b6ec0a3da,Understanding and Undoing Implicit Bias (Virtual ILT),12212,How satisfied are you with the online interaction you had with the facilitators?,5315,Satisfied
edb5ba64-df72-4ed3-bc0c-0a474d91ae15,Understanding and Undoing Implicit Bias (Virtual ILT),12212,"Prior to today, I knew how this learning program was intended to impact my job performance.",4454,Neutral
edb5ba64-df72-4ed3-bc0c-0a474d91ae15,Understanding and Undoing Implicit Bias (Virtual ILT),12212,The skills practice activities showed me how to use this learning on the job.,4460,Agree
edb5ba64-df72-4ed3-bc0c-0a474d91ae15,Understanding and Undoing Implicit Bias (Virtual ILT),12212,"The instructional aids (forms, case scenarios, etc.) are very similar to real things I use on the job.",4472,Neutral
edb5ba64-df72-4ed3-bc0c-0a474d91ae15,Understanding and Undoing Implicit Bias (Virtual ILT),12212,Which other training topics or learning methods would support your job performance?,4526,N/A
edb5ba64-df72-4ed3-bc0c-0a474d91ae15,Understanding and Undoing Implicit Bias (Virtual ILT),12212,I felt comfortable using the video conferencing platform to participate in this learning program.,5011,Agree
edb5ba64-df72-4ed3-bc0c-0a474d91ae15,Understanding and Undoing Implicit Bias (Virtual ILT),12212,"INSTRUCTOR.NAME maintained an effective pace through the agenda (discussion, activities, breaks, etc.).",5163,Strongly Agree
edb5ba64-df72-4ed3-bc0c-0a474d91ae15,Understanding and Undoing Implicit Bias (Virtual ILT),12212,"INSTRUCTOR.NAME maintained an effective pace through the agenda (discussion, activities, breaks, etc.).",5163,Strongly Agree
edb5ba64-df72-4ed3-bc0c-0a474d91ae15,Understanding and Undoing Implicit Bias (Virtual ILT),12212,INSTRUCTOR.NAME provided opportunities for questions and checked in for understanding,5175,Strongly Agree
edb5ba64-df72-4ed3-bc0c-0a474d91ae15,Understanding and Undoing Implicit Bias (Virtual ILT),12212,How satisfied are you with the online interaction you had with other learners in this program?,5321,Satisfied
edb5ba64-df72-4ed3-bc0c-0a474d91ae15,Understanding and Undoing Implicit Bias (Virtual ILT),12212,Analyze the current state of child welfare as it relates to racial disproportionality,5368,Agree
edb5ba64-df72-4ed3-bc0c-0a474d91ae15,Understanding and Undoing Implicit Bias (Virtual ILT),12212,Apply debiasing strategies to undo individual implicit bias,5380,Strongly Agree
677fdf4f-6ff7-49c8-8c1e-2dbf9d90df31,Understanding and Undoing Implicit Bias (Virtual ILT),12212,I believe this learning program will help me do my current job better.,4478,Agree
677fdf4f-6ff7-49c8-8c1e-2dbf9d90df31,Understanding and Undoing Implicit Bias (Virtual ILT),12212,How satisfied are you with the Workforce Institute Help Desk (phone and/or email support)?,4498,Satisfied
677fdf4f-6ff7-49c8-8c1e-2dbf9d90df31,Understanding and Undoing Implicit Bias (Virtual ILT),12212,"In a typical workweek, how often will you apply knowledge or skills from this learning program? (In percentage of time on the job)",4520,Almost Always (76-100% of the time)
677fdf4f-6ff7-49c8-8c1e-2dbf9d90df31,Understanding and Undoing Implicit Bias (Virtual ILT),12212,INSTRUCTOR.NAME provided clear explanations of new concepts,5169,Agree
677fdf4f-6ff7-49c8-8c1e-2dbf9d90df31,Understanding and Undoing Implicit Bias (Virtual ILT),12212,INSTRUCTOR.NAME provided clear explanations of new concepts,5169,Agree
677fdf4f-6ff7-49c8-8c1e-2dbf9d90df31,Understanding and Undoing Implicit Bias (Virtual ILT),12212,INSTRUCTOR.NAME provided clear explanations of new concepts,5169,Agree
677fdf4f-6ff7-49c8-8c1e-2dbf9d90df31,Understanding and Undoing Implicit Bias (Virtual ILT),12212,Recall key implicit bias (IB) concepts and key points.,5362,Agree
677fdf4f-6ff7-49c8-8c1e-2dbf9d90df31,Understanding and Undoing Implicit Bias (Virtual ILT),12212,Analyze the current state of child welfare as it relates to racial disproportionality,5368,Agree
3a88b4e7-b59f-4920-a4ff-4fc737e8f605,Understanding and Undoing Implicit Bias (Virtual ILT),12212,"Prior to today, I knew how this learning program was intended to impact my job performance.",4454,Agree
3a88b4e7-b59f-4920-a4ff-4fc737e8f605,Understanding and Undoing Implicit Bias (Virtual ILT),12212,I believe this learning program will help me do my current job better.,4478,Strongly Agree
3a88b4e7-b59f-4920-a4ff-4fc737e8f605,Understanding and Undoing Implicit Bias (Virtual ILT),12212,How satisfied are you with the Workforce Institute registration notifications and reminders?,4484,Extremely Satisfied
3a88b4e7-b59f-4920-a4ff-4fc737e8f605,Understanding and Undoing Implicit Bias (Virtual ILT),12212,How satisfied are you with the Cornerstone learning management system?,4491,Extremely Satisfied
3a88b4e7-b59f-4920-a4ff-4fc737e8f605,Understanding and Undoing Implicit Bias (Virtual ILT),12212,How satisfied are you with the Workforce Institute Help Desk (phone and/or email support)?,4498,Satisfied
3a88b4e7-b59f-4920-a4ff-4fc737e8f605,Understanding and Undoing Implicit Bias (Virtual ILT),12212,My supervisor met with me to discuss the relevance of this learning program to my current job.,4519,No
3a88b4e7-b59f-4920-a4ff-4fc737e8f605,Understanding and Undoing Implicit Bias (Virtual ILT),12212,I felt comfortable using the video conferencing platform to participate in this learning program.,5011,Strongly Agree
3a88b4e7-b59f-4920-a4ff-4fc737e8f605,Understanding and Undoing Implicit Bias (Virtual ILT),12212,"INSTRUCTOR.NAME maintained an effective pace through the agenda (discussion, activities, breaks, etc.).",5163,Strongly Agree
3a88b4e7-b59f-4920-a4ff-4fc737e8f605,Understanding and Undoing Implicit Bias (Virtual ILT),12212,How satisfied are you with the online interaction you had with other learners in this program?,5321,Satisfied
3a88b4e7-b59f-4920-a4ff-4fc737e8f605,Understanding and Undoing Implicit Bias (Virtual ILT),12212,"Draw connections between internalized oppression and trauma and their influence on institutional racism, structural inequity, and implicit bias",5374,Agree
3a88b4e7-b59f-4920-a4ff-4fc737e8f605,Understanding and Undoing Implicit Bias (Virtual ILT),12212,Apply debiasing strategies to undo individual implicit bias,5380,Agree
5cf6da6f-9da8-4293-8a05-5defd303107d,Understanding and Undoing Implicit Bias (Virtual ILT),12212,My supervisor met with me to discuss the relevance of this learning program to my current job.,4519,No
5cf6da6f-9da8-4293-8a05-5defd303107d,Understanding and Undoing Implicit Bias (Virtual ILT),12212,"In a typical workweek, how often will you apply knowledge or skills from this learning program? (In percentage of time on the job)",4520,Almost Always (76-100% of the time)
5cf6da6f-9da8-4293-8a05-5defd303107d,Understanding and Undoing Implicit Bias (Virtual ILT),12212,"INSTRUCTOR.NAME maintained an effective pace through the agenda (discussion, activities, breaks, etc.).",5163,Strongly Agree
5cf6da6f-9da8-4293-8a05-5defd303107d,Understanding and Undoing Implicit Bias (Virtual ILT),12212,How satisfied are you with taking this learning program in a virtual format?,5309,Extremely Satisfied
5cf6da6f-9da8-4293-8a05-5defd303107d,Understanding and Undoing Implicit Bias (Virtual ILT),12212,Analyze the current state of child welfare as it relates to racial disproportionality,5368,Strongly Agree
c92a8d63-8bfe-42ee-ac7e-83e4912fcbd7,Understanding and Undoing Implicit Bias (Virtual ILT),12212,"Prior to today, I knew how this learning program was intended to impact my job performance.",4454,Strongly Agree
c92a8d63-8bfe-42ee-ac7e-83e4912fcbd7,Understanding and Undoing Implicit Bias (Virtual ILT),12212,The skills practice activities showed me how to use this learning on the job.,4460,Strongly Agree
c92a8d63-8bfe-42ee-ac7e-83e4912fcbd7,Understanding and Undoing Implicit Bias (Virtual ILT),12212,How satisfied are you with the Cornerstone learning management system?,4491,Satisfied
c92a8d63-8bfe-42ee-ac7e-83e4912fcbd7,Understanding and Undoing Implicit Bias (Virtual ILT),12212,"In a typical workweek, how often will you apply knowledge or skills from this learning program? (In percentage of time on the job)",4520,Very Often (51-75% of the time)
c92a8d63-8bfe-42ee-ac7e-83e4912fcbd7,Understanding and Undoing Implicit Bias (Virtual ILT),12212,I felt comfortable using the video conferencing platform to participate in this learning program.,5011,Agree
c92a8d63-8bfe-42ee-ac7e-83e4912fcbd7,Understanding and Undoing Implicit Bias (Virtual ILT),12212,"INSTRUCTOR.NAME maintained an effective pace through the agenda (discussion, activities, breaks, etc.).",5163,
c92a8d63-8bfe-42ee-ac7e-83e4912fcbd7,Understanding and Undoing Implicit Bias (Virtual ILT),12212,How satisfied are you with taking this learning program in a virtual format?,5309,Satisfied
c92a8d63-8bfe-42ee-ac7e-83e4912fcbd7,Understanding and Undoing Implicit Bias (Virtual ILT),12212,How satisfied are you with the online interaction you had with other learners in this program?,5321,Satisfied
c92a8d63-8bfe-42ee-ac7e-83e4912fcbd7,Understanding and Undoing Implicit Bias (Virtual ILT),12212,Analyze the current state of child welfare as it relates to racial disproportionality,5368,Strongly Agree
c92a8d63-8bfe-42ee-ac7e-83e4912fcbd7,Understanding and Undoing Implicit Bias (Virtual ILT),12212,"Draw connections between internalized oppression and trauma and their influence on institutional racism, structural inequity, and implicit bias",5374,Strongly Agree
a11f30f5-a109-4b25-ad51-84cfea1406bf,Understanding and Undoing Implicit Bias (Virtual ILT),12212,I believe this learning program will help me do my current job better.,4478,Strongly Agree
a11f30f5-a109-4b25-ad51-84cfea1406bf,Understanding and Undoing Implicit Bias (Virtual ILT),12212,"In a typical workweek, how often will you apply knowledge or skills from this learning program? (In percentage of time on the job)",4520,Almost Always (76-100% of the time)
a11f30f5-a109-4b25-ad51-84cfea1406bf,Understanding and Undoing Implicit Bias (Virtual ILT),12212,"INSTRUCTOR.NAME maintained an effective pace through the agenda (discussion, activities, breaks, etc.).",5163,Strongly Agree
a11f30f5-a109-4b25-ad51-84cfea1406bf,Understanding and Undoing Implicit Bias (Virtual ILT),12212,INSTRUCTOR.NAME provided opportunities for questions and checked in for understanding,5175,Strongly Agree
a11f30f5-a109-4b25-ad51-84cfea1406bf,Understanding and Undoing Implicit Bias (Virtual ILT),12212,INSTRUCTOR.NAME provided opportunities for questions and checked in for understanding,5175,Strongly Agree
a11f30f5-a109-4b25-ad51-84cfea1406bf,Understanding and Undoing Implicit Bias (Virtual ILT),12212,How satisfied are you with the online interaction you had with the facilitators?,5315,Extremely Satisfied
a87e3e5e-d573-4908-9e54-8dec22ed5852,Understanding and Undoing Implicit Bias (Virtual ILT),12212,"Prior to today, I knew how this learning program was intended to impact my job performance.",4454,Disagree
a87e3e5e-d573-4908-9e54-8dec22ed5852,Understanding and Undoing Implicit Bias (Virtual ILT),12212,"The instructional aids (forms, case scenarios, etc.) are very similar to real things I use on the job.",4472,Agree
a87e3e5e-d573-4908-9e54-8dec22ed5852,Understanding and Undoing Implicit Bias (Virtual ILT),12212,I believe this learning program will help me do my current job better.,4478,Agree
a87e3e5e-d573-4908-9e54-8dec22ed5852,Understanding and Undoing Implicit Bias (Virtual ILT),12212,What could be done differently to improve your overall learning experience?,4517,every thing was good
a87e3e5e-d573-4908-9e54-8dec22ed5852,Understanding and Undoing Implicit Bias (Virtual ILT),12212,"INSTRUCTOR.NAME maintained an effective pace through the agenda (discussion, activities, breaks, etc.).",5163,Agree
a87e3e5e-d573-4908-9e54-8dec22ed5852,Understanding and Undoing Implicit Bias (Virtual ILT),12212,How satisfied are you with the online interaction you had with the facilitators?,5315,Satisfied
a87e3e5e-d573-4908-9e54-8dec22ed5852,Understanding and Undoing Implicit Bias (Virtual ILT),12212,Analyze the current state of child welfare as it relates to racial disproportionality,5368,Agree
a87e3e5e-d573-4908-9e54-8dec22ed5852,Understanding and Undoing Implicit Bias (Virtual ILT),12212,"Draw connections between internalized oppression and trauma and their influence on institutional racism, structural inequity, and implicit bias",5374,Agree
87d42e84-109c-47be-abc3-9609b7312b5f,Understanding and Undoing Implicit Bias (Virtual ILT),12212,I believe this learning program will help me do my current job better.,4478,Strongly Agree
87d42e84-109c-47be-abc3-9609b7312b5f,Understanding and Undoing Implicit Bias (Virtual ILT),12212,Which other training topics or learning methods would support your job performance?,4526,
87d42e84-109c-47be-abc3-9609b7312b5f,Understanding and Undoing Implicit Bias (Virtual ILT),12212,"INSTRUCTOR.NAME maintained an effective pace through the agenda (discussion, activities, breaks, etc.).",5163,Agree
87d42e84-109c-47be-abc3-9609b7312b5f,Understanding and Undoing Implicit Bias (Virtual ILT),12212,"INSTRUCTOR.NAME maintained an effective pace through the agenda (discussion, activities, breaks, etc.).",5163,Agree
87d42e84-109c-47be-abc3-9609b7312b5f,Understanding and Undoing Implicit Bias (Virtual ILT),12212,INSTRUCTOR.NAME provided clear explanations of new concepts,5169,Agree
87d42e84-109c-47be-abc3-9609b7312b5f,Understanding and Undoing Implicit Bias (Virtual ILT),12212,INSTRUCTOR.NAME provided opportunities for questions and checked in for understanding,5175,Agree
4fc868a5-9190-4a93-a9ef-97bad4c7b234,Understanding and Undoing Implicit Bias (Virtual ILT),12212,The skills practice activities showed me how to use this learning on the job.,4460,Agree
4fc868a5-9190-4a93-a9ef-97bad4c7b234,Understanding and Undoing Implicit Bias (Virtual ILT),12212,"The instructional aids (forms, case scenarios, etc.) are very similar to real things I use on the job.",4472,Agree
4fc868a5-9190-4a93-a9ef-97bad4c7b234,Understanding and Undoing Implicit Bias (Virtual ILT),12212,Which other training topics or learning methods would support your job performance?,4526,n/a
4fc868a5-9190-4a93-a9ef-97bad4c7b234,Understanding and Undoing Implicit Bias (Virtual ILT),12212,I felt comfortable using the video conferencing platform to participate in this learning program.,5011,Agree
4fc868a5-9190-4a93-a9ef-97bad4c7b234,Understanding and Undoing Implicit Bias (Virtual ILT),12212,INSTRUCTOR.NAME provided clear explanations of new concepts,5169,Agree
4fc868a5-9190-4a93-a9ef-97bad4c7b234,Understanding and Undoing Implicit Bias (Virtual ILT),12212,INSTRUCTOR.NAME provided opportunities for questions and checked in for understanding,5175,Agree
4fc868a5-9190-4a93-a9ef-97bad4c7b234,Understanding and Undoing Implicit Bias (Virtual ILT),12212,"Draw connections between internalized oppression and trauma and their influence on institutional racism, structural inequity, and implicit bias",5374,Agree
4fc868a5-9190-4a93-a9ef-97bad4c7b234,Understanding and Undoing Implicit Bias (Virtual ILT),12212,Apply debiasing strategies to undo individual implicit bias,5380,Agree
75f562c2-dd56-4d4e-b92d-ae6db2a02c64,Understanding and Undoing Implicit Bias (Virtual ILT),12212,How satisfied are you with the Cornerstone learning management system?,4491,Extremely Satisfied
75f562c2-dd56-4d4e-b92d-ae6db2a02c64,Understanding and Undoing Implicit Bias (Virtual ILT),12212,How satisfied are you with the Workforce Institute Help Desk (phone and/or email support)?,4498,Extremely Satisfied
75f562c2-dd56-4d4e-b92d-ae6db2a02c64,Understanding and Undoing Implicit Bias (Virtual ILT),12212,I felt comfortable using the video conferencing platform to participate in this learning program.,5011,Agree
75f562c2-dd56-4d4e-b92d-ae6db2a02c64,Understanding and Undoing Implicit Bias (Virtual ILT),12212,INSTRUCTOR.NAME provided clear explanations of new concepts,5169,Strongly Agree
75f562c2-dd56-4d4e-b92d-ae6db2a02c64,Understanding and Undoing Implicit Bias (Virtual ILT),12212,INSTRUCTOR.NAME provided opportunities for questions and checked in for understanding,5175,Strongly Agree
75f562c2-dd56-4d4e-b92d-ae6db2a02c64,Understanding and Undoing Implicit Bias (Virtual ILT),12212,INSTRUCTOR.NAME provided opportunities for questions and checked in for understanding,5175,Strongly Agree
75f562c2-dd56-4d4e-b92d-ae6db2a02c64,Understanding and Undoing Implicit Bias (Virtual ILT),12212,Apply debiasing strategies to undo individual implicit bias,5380,Strongly Agree
8d71e38f-2f8a-4a16-ae00-d41372960e33,Understanding and Undoing Implicit Bias (Virtual ILT),12212,How satisfied are you with the Cornerstone learning management system?,4491,Neutral
8d71e38f-2f8a-4a16-ae00-d41372960e33,Understanding and Undoing Implicit Bias (Virtual ILT),12212,"On a scale of 0-10, how likely is it that you would recommend this learning program to a colleague? (0 = Not at all likely, 10 = Extremely likely)",4505,7
8d71e38f-2f8a-4a16-ae00-d41372960e33,Understanding and Undoing Implicit Bias (Virtual ILT),12212,"INSTRUCTOR.NAME maintained an effective pace through the agenda (discussion, activities, breaks, etc.).",5163,Neutral
8d71e38f-2f8a-4a16-ae00-d41372960e33,Understanding and Undoing Implicit Bias (Virtual ILT),12212,INSTRUCTOR.NAME provided clear explanations of new concepts,5169,Neutral
8d71e38f-2f8a-4a16-ae00-d41372960e33,Understanding and Undoing Implicit Bias (Virtual ILT),12212,INSTRUCTOR.NAME provided opportunities for questions and checked in for understanding,5175,Agree
8d71e38f-2f8a-4a16-ae00-d41372960e33,Understanding and Undoing Implicit Bias (Virtual ILT),12212,INSTRUCTOR.NAME provided opportunities for questions and checked in for understanding,5175,Agree
8d71e38f-2f8a-4a16-ae00-d41372960e33,Understanding and Undoing Implicit Bias (Virtual ILT),12212,How satisfied are you with taking this learning program in a virtual format?,5309,Satisfied
8d71e38f-2f8a-4a16-ae00-d41372960e33,Understanding and Undoing Implicit Bias (Virtual ILT),12212,Apply debiasing strategies to undo individual implicit bias,5380,Agree
3decbfd4-1d8b-4f29-a390-e3cc1546a95b,Understanding and Undoing Implicit Bias (Virtual ILT),12212,"Prior to today, I knew how this learning program was intended to impact my job performance.",4454,Strongly Agree
3decbfd4-1d8b-4f29-a390-e3cc1546a95b,Understanding and Undoing Implicit Bias (Virtual ILT),12212,The skills practice activities showed me how to use this learning on the job.,4460,Strongly Agree
3decbfd4-1d8b-4f29-a390-e3cc1546a95b,Understanding and Undoing Implicit Bias (Virtual ILT),12212,"On a scale of 0-10, how likely is it that you would recommend this learning program to a colleague? (0 = Not at all likely, 10 = Extremely likely)",4505,10
3decbfd4-1d8b-4f29-a390-e3cc1546a95b,Understanding and Undoing Implicit Bias (Virtual ILT),12212,My supervisor met with me to discuss the relevance of this learning program to my current job.,4519,No
3decbfd4-1d8b-4f29-a390-e3cc1546a95b,Understanding and Undoing Implicit Bias (Virtual ILT),12212,"INSTRUCTOR.NAME maintained an effective pace through the agenda (discussion, activities, breaks, etc.).",5163,Strongly Agree
3decbfd4-1d8b-4f29-a390-e3cc1546a95b,Understanding and Undoing Implicit Bias (Virtual ILT),12212,INSTRUCTOR.NAME provided clear explanations of new concepts,5169,Strongly Agree
3decbfd4-1d8b-4f29-a390-e3cc1546a95b,Understanding and Undoing Implicit Bias (Virtual ILT),12212,How satisfied are you with the online interaction you had with the facilitators?,5315,Satisfied
b6b8648d-39fa-46a3-a069-e631f9d14be6,Understanding and Undoing Implicit Bias (Virtual ILT),12212,I believe this learning program will help me do my current job better.,4478,Neutral
b6b8648d-39fa-46a3-a069-e631f9d14be6,Understanding and Undoing Implicit Bias (Virtual ILT),12212,How satisfied are you with the Cornerstone learning management system?,4491,Extremely Satisfied
b6b8648d-39fa-46a3-a069-e631f9d14be6,Understanding and Undoing Implicit Bias (Virtual ILT),12212,I felt comfortable using the video conferencing platform to participate in this learning program.,5011,Strongly Agree
b6b8648d-39fa-46a3-a069-e631f9d14be6,Understanding and Undoing Implicit Bias (Virtual ILT),12212,"INSTRUCTOR.NAME maintained an effective pace through the agenda (discussion, activities, breaks, etc.).",5163,Strongly Agree
b6b8648d-39fa-46a3-a069-e631f9d14be6,Understanding and Undoing Implicit Bias (Virtual ILT),12212,"INSTRUCTOR.NAME maintained an effective pace through the agenda (discussion, activities, breaks, etc.).",5163,Neutral
b6b8648d-39fa-46a3-a069-e631f9d14be6,Understanding and Undoing Implicit Bias (Virtual ILT),12212,INSTRUCTOR.NAME provided opportunities for questions and checked in for understanding,5175,Strongly Agree
b6b8648d-39fa-46a3-a069-e631f9d14be6,Understanding and Undoing Implicit Bias (Virtual ILT),12212,How satisfied are you with the online interaction you had with the facilitators?,5315,Neutral
b6b8648d-39fa-46a3-a069-e631f9d14be6,Understanding and Undoing Implicit Bias (Virtual ILT),12212,How satisfied are you with the online interaction you had with other learners in this program?,5321,Neutral
b6b8648d-39fa-46a3-a069-e631f9d14be6,Understanding and Undoing Implicit Bias (Virtual ILT),12212,Apply debiasing strategies to undo individual implicit bias,5380,Agree
bb840887-d1a4-45e0-9424-e7d701c50802,Understanding and Undoing Implicit Bias (Virtual ILT),12212,"The instructional aids (forms, case scenarios, etc.) are very similar to real things I use on the job.",4472,Neutral
bb840887-d1a4-45e0-9424-e7d701c50802,Understanding and Undoing Implicit Bias (Virtual ILT),12212,How satisfied are you with the Workforce Institute registration notifications and reminders?,4484,Extremely Satisfied
bb840887-d1a4-45e0-9424-e7d701c50802,Understanding and Undoing Implicit Bias (Virtual ILT),12212,How satisfied are you with the Workforce Institute Help Desk (phone and/or email support)?,4498,N/A (did not access)
bb840887-d1a4-45e0-9424-e7d701c50802,Understanding and Undoing Implicit Bias (Virtual ILT),12212,"In a typical workweek, how often will you apply knowledge or skills from this learning program? (In percentage of time on the job)",4520,Sometimes (1-25% of the time)
bb840887-d1a4-45e0-9424-e7d701c50802,Understanding and Undoing Implicit Bias (Virtual ILT),12212,"INSTRUCTOR.NAME maintained an effective pace through the agenda (discussion, activities, breaks, etc.).",5163,Agree
bb840887-d1a4-45e0-9424-e7d701c50802,Understanding and Undoing Implicit Bias (Virtual ILT),12212,"INSTRUCTOR.NAME maintained an effective pace through the agenda (discussion, activities, breaks, etc.).",5163,
bb840887-d1a4-45e0-9424-e7d701c50802,Understanding and Undoing Implicit Bias (Virtual ILT),12212,INSTRUCTOR.NAME provided opportunities for questions and checked in for understanding,5175,Agree
bb840887-d1a4-45e0-9424-e7d701c50802,Understanding and Undoing Implicit Bias (Virtual ILT),12212,How satisfied are you with the online interaction you had with other learners in this program?,5321,Satisfied
bb840887-d1a4-45e0-9424-e7d701c50802,Understanding and Undoing Implicit Bias (Virtual ILT),12212,Apply debiasing strategies to undo individual implicit bias,5380,Agree
a7527387-8d22-45fd-b0f7-ffb6bd305f4a,Understanding and Undoing Implicit Bias (Virtual ILT),12212,I believe this learning program will help me do my current job better.,4478,Strongly Agree
a7527387-8d22-45fd-b0f7-ffb6bd305f4a,Understanding and Undoing Implicit Bias (Virtual ILT),12212,How satisfied are you with the Cornerstone learning management system?,4491,Extremely Satisfied
a7527387-8d22-45fd-b0f7-ffb6bd305f4a,Understanding and Undoing Implicit Bias (Virtual ILT),12212,"On a scale of 0-10, how likely is it that you would recommend this learning program to a colleague? (0 = Not at all likely, 10 = Extremely likely)",4505,10
a7527387-8d22-45fd-b0f7-ffb6bd305f4a,Understanding and Undoing Implicit Bias (Virtual ILT),12212,INSTRUCTOR.NAME provided opportunities for questions and checked in for understanding,5175,Strongly Agree
638fed43-7e76-439e-8566-028e6c1fbf08,Understanding and Undoing Implicit Bias (Virtual ILT),12212,How satisfied are you with the Cornerstone learning management system?,4491,Extremely Satisfied
638fed43-7e76-439e-8566-028e6c1fbf08,Understanding and Undoing Implicit Bias (Virtual ILT),12212,How satisfied are you with the Workforce Institute Help Desk (phone and/or email support)?,4498,Extremely Satisfied
638fed43-7e76-439e-8566-028e6c1fbf08,Understanding and Undoing Implicit Bias (Virtual ILT),12212,Recall key implicit bias (IB) concepts and key points.,5362,Strongly Agree
a9ea6450-309b-45bf-9782-085b6ec0a3da,Understanding and Undoing Implicit Bias (Virtual ILT),12212,"Prior to today, I knew how this learning program was intended to impact my job performance.",4454,Agree
a9ea6450-309b-45bf-9782-085b6ec0a3da,Understanding and Undoing Implicit Bias (Virtual ILT),12212,The skills practice activities showed me how to use this learning on the job.,4460,Agree
a9ea6450-309b-45bf-9782-085b6ec0a3da,Understanding and Undoing Implicit Bias (Virtual ILT),12212,How satisfied are you with the Workforce Institute registration notifications and reminders?,4484,Satisfied
a9ea6450-309b-45bf-9782-085b6ec0a3da,Understanding and Undoing Implicit Bias (Virtual ILT),12212,How satisfied are you with the Workforce Institute Help Desk (phone and/or email support)?,4498,Satisfied
a9ea6450-309b-45bf-9782-085b6ec0a3da,Understanding and Undoing Implicit Bias (Virtual ILT),12212,"On a scale of 0-10, how likely is it that you would recommend this learning program to a colleague? (0 = Not at all likely, 10 = Extremely likely)",4505,10
a9ea6450-309b-45bf-9782-085b6ec0a3da,Understanding and Undoing Implicit Bias (Virtual ILT),12212,"In a typical workweek, how often will you apply knowledge or skills from this learning program? (In percentage of time on the job)",4520,Frequently (26-50% of the time)
a9ea6450-309b-45bf-9782-085b6ec0a3da,Understanding and Undoing Implicit Bias (Virtual ILT),12212,I felt comfortable using the video conferencing platform to participate in this learning program.,5011,Agree
a9ea6450-309b-45bf-9782-085b6ec0a3da,Understanding and Undoing Implicit Bias (Virtual ILT),12212,INSTRUCTOR.NAME provided clear explanations of new concepts,5169,Agree
a9ea6450-309b-45bf-9782-085b6ec0a3da,Understanding and Undoing Implicit Bias (Virtual ILT),12212,INSTRUCTOR.NAME provided opportunities for questions and checked in for understanding,5175,Agree
a9ea6450-309b-45bf-9782-085b6ec0a3da,Understanding and Undoing Implicit Bias (Virtual ILT),12212,How satisfied are you with the online interaction you had with other learners in this program?,5321,Satisfied
edb5ba64-df72-4ed3-bc0c-0a474d91ae15,Understanding and Undoing Implicit Bias (Virtual ILT),12212,How satisfied are you with the Workforce Institute registration notifications and reminders?,4484,Satisfied
edb5ba64-df72-4ed3-bc0c-0a474d91ae15,Understanding and Undoing Implicit Bias (Virtual ILT),12212,What could be done differently to improve your overall learning experience?,4517,Reduce the time
edb5ba64-df72-4ed3-bc0c-0a474d91ae15,Understanding and Undoing Implicit Bias (Virtual ILT),12212,"In a typical workweek, how often will you apply knowledge or skills from this learning program? (In percentage of time on the job)",4520,Almost Always (76-100% of the time)
edb5ba64-df72-4ed3-bc0c-0a474d91ae15,Understanding and Undoing Implicit Bias (Virtual ILT),12212,INSTRUCTOR.NAME provided opportunities for questions and checked in for understanding,5175,Strongly Agree
edb5ba64-df72-4ed3-bc0c-0a474d91ae15,Understanding and Undoing Implicit Bias (Virtual ILT),12212,"Draw connections between internalized oppression and trauma and their influence on institutional racism, structural inequity, and implicit bias",5374,Agree
677fdf4f-6ff7-49c8-8c1e-2dbf9d90df31,Understanding and Undoing Implicit Bias (Virtual ILT),12212,"The instructional aids (forms, case scenarios, etc.) are very similar to real things I use on the job.",4472,Agree
677fdf4f-6ff7-49c8-8c1e-2dbf9d90df31,Understanding and Undoing Implicit Bias (Virtual ILT),12212,How satisfied are you with the Workforce Institute registration notifications and reminders?,4484,Satisfied
677fdf4f-6ff7-49c8-8c1e-2dbf9d90df31,Understanding and Undoing Implicit Bias (Virtual ILT),12212,How satisfied are you with the Cornerstone learning management system?,4491,
677fdf4f-6ff7-49c8-8c1e-2dbf9d90df31,Understanding and Undoing Implicit Bias (Virtual ILT),12212,"On a scale of 0-10, how likely is it that you would recommend this learning program to a colleague? (0 = Not at all likely, 10 = Extremely likely)",4505,8
677fdf4f-6ff7-49c8-8c1e-2dbf9d90df31,Understanding and Undoing Implicit Bias (Virtual ILT),12212,I felt comfortable using the video conferencing platform to participate in this learning program.,5011,Agree
677fdf4f-6ff7-49c8-8c1e-2dbf9d90df31,Understanding and Undoing Implicit Bias (Virtual ILT),12212,"INSTRUCTOR.NAME maintained an effective pace through the agenda (discussion, activities, breaks, etc.).",5163,Agree
677fdf4f-6ff7-49c8-8c1e-2dbf9d90df31,Understanding and Undoing Implicit Bias (Virtual ILT),12212,INSTRUCTOR.NAME provided opportunities for questions and checked in for understanding,5175,Agree
677fdf4f-6ff7-49c8-8c1e-2dbf9d90df31,Understanding and Undoing Implicit Bias (Virtual ILT),12212,INSTRUCTOR.NAME provided opportunities for questions and checked in for understanding,5175,Agree
677fdf4f-6ff7-49c8-8c1e-2dbf9d90df31,Understanding and Undoing Implicit Bias (Virtual ILT),12212,How satisfied are you with the online interaction you had with other learners in this program?,5321,Satisfied
677fdf4f-6ff7-49c8-8c1e-2dbf9d90df31,Understanding and Undoing Implicit Bias (Virtual ILT),12212,"Draw connections between internalized oppression and trauma and their influence on institutional racism, structural inequity, and implicit bias",5374,Agree
677fdf4f-6ff7-49c8-8c1e-2dbf9d90df31,Understanding and Undoing Implicit Bias (Virtual ILT),12212,Apply debiasing strategies to undo individual implicit bias,5380,Agree
3a88b4e7-b59f-4920-a4ff-4fc737e8f605,Understanding and Undoing Implicit Bias (Virtual ILT),12212,INSTRUCTOR.NAME provided opportunities for questions and checked in for understanding,5175,Strongly Agree
5cf6da6f-9da8-4293-8a05-5defd303107d,Understanding and Undoing Implicit Bias (Virtual ILT),12212,"Prior to today, I knew how this learning program was intended to impact my job performance.",4454,Agree
5cf6da6f-9da8-4293-8a05-5defd303107d,Understanding and Undoing Implicit Bias (Virtual ILT),12212,I believe this learning program will help me do my current job better.,4478,Agree
5cf6da6f-9da8-4293-8a05-5defd303107d,Understanding and Undoing Implicit Bias (Virtual ILT),12212,"INSTRUCTOR.NAME maintained an effective pace through the agenda (discussion, activities, breaks, etc.).",5163,Strongly Agree
5cf6da6f-9da8-4293-8a05-5defd303107d,Understanding and Undoing Implicit Bias (Virtual ILT),12212,"INSTRUCTOR.NAME maintained an effective pace through the agenda (discussion, activities, breaks, etc.).",5163,Strongly Agree
5cf6da6f-9da8-4293-8a05-5defd303107d,Understanding and Undoing Implicit Bias (Virtual ILT),12212,INSTRUCTOR.NAME provided opportunities for questions and checked in for understanding,5175,Strongly Agree
5cf6da6f-9da8-4293-8a05-5defd303107d,Understanding and Undoing Implicit Bias (Virtual ILT),12212,How satisfied are you with the online interaction you had with the facilitators?,5315,Extremely Satisfied
5cf6da6f-9da8-4293-8a05-5defd303107d,Understanding and Undoing Implicit Bias (Virtual ILT),12212,"Draw connections between internalized oppression and trauma and their influence on institutional racism, structural inequity, and implicit bias",5374,Strongly Agree
5cf6da6f-9da8-4293-8a05-5defd303107d,Understanding and Undoing Implicit Bias (Virtual ILT),12212,Apply debiasing strategies to undo individual implicit bias,5380,Strongly Agree
c92a8d63-8bfe-42ee-ac7e-83e4912fcbd7,Understanding and Undoing Implicit Bias (Virtual ILT),12212,"The instructional aids (forms, case scenarios, etc.) are very similar to real things I use on the job.",4472,Strongly Agree
c92a8d63-8bfe-42ee-ac7e-83e4912fcbd7,Understanding and Undoing Implicit Bias (Virtual ILT),12212,How satisfied are you with the Workforce Institute registration notifications and reminders?,4484,
c92a8d63-8bfe-42ee-ac7e-83e4912fcbd7,Understanding and Undoing Implicit Bias (Virtual ILT),12212,How satisfied are you with the Workforce Institute Help Desk (phone and/or email support)?,4498,Satisfied
c92a8d63-8bfe-42ee-ac7e-83e4912fcbd7,Understanding and Undoing Implicit Bias (Virtual ILT),12212,What could be done differently to improve your overall learning experience?,4517,
c92a8d63-8bfe-42ee-ac7e-83e4912fcbd7,Understanding and Undoing Implicit Bias (Virtual ILT),12212,Which other training topics or learning methods would support your job performance?,4526,
c92a8d63-8bfe-42ee-ac7e-83e4912fcbd7,Understanding and Undoing Implicit Bias (Virtual ILT),12212,"INSTRUCTOR.NAME maintained an effective pace through the agenda (discussion, activities, breaks, etc.).",5163,Strongly Agree
c92a8d63-8bfe-42ee-ac7e-83e4912fcbd7,Understanding and Undoing Implicit Bias (Virtual ILT),12212,INSTRUCTOR.NAME provided opportunities for questions and checked in for understanding,5175,Agree
a11f30f5-a109-4b25-ad51-84cfea1406bf,Understanding and Undoing Implicit Bias (Virtual ILT),12212,"Prior to today, I knew how this learning program was intended to impact my job performance.",4454,Agree
a11f30f5-a109-4b25-ad51-84cfea1406bf,Understanding and Undoing Implicit Bias (Virtual ILT),12212,"The instructional aids (forms, case scenarios, etc.) are very similar to real things I use on the job.",4472,Strongly Agree
a11f30f5-a109-4b25-ad51-84cfea1406bf,Understanding and Undoing Implicit Bias (Virtual ILT),12212,How satisfied are you with the Workforce Institute registration notifications and reminders?,4484,Satisfied
a11f30f5-a109-4b25-ad51-84cfea1406bf,Understanding and Undoing Implicit Bias (Virtual ILT),12212,"On a scale of 0-10, how likely is it that you would recommend this learning program to a colleague? (0 = Not at all likely, 10 = Extremely likely)",4505,10
a11f30f5-a109-4b25-ad51-84cfea1406bf,Understanding and Undoing Implicit Bias (Virtual ILT),12212,My supervisor met with me to discuss the relevance of this learning program to my current job.,4519,No
a11f30f5-a109-4b25-ad51-84cfea1406bf,Understanding and Undoing Implicit Bias (Virtual ILT),12212,Which other training topics or learning methods would support your job performance?,4526,
a11f30f5-a109-4b25-ad51-84cfea1406bf,Understanding and Undoing Implicit Bias (Virtual ILT),12212,"INSTRUCTOR.NAME maintained an effective pace through the agenda (discussion, activities, breaks, etc.).",5163,Strongly Agree
a11f30f5-a109-4b25-ad51-84cfea1406bf,Understanding and Undoing Implicit Bias (Virtual ILT),12212,INSTRUCTOR.NAME provided clear explanations of new concepts,5169,Strongly Agree
a11f30f5-a109-4b25-ad51-84cfea1406bf,Understanding and Undoing Implicit Bias (Virtual ILT),12212,Analyze the current state of child welfare as it relates to racial disproportionality,5368,Strongly Agree
a87e3e5e-d573-4908-9e54-8dec22ed5852,Understanding and Undoing Implicit Bias (Virtual ILT),12212,The skills practice activities showed me how to use this learning on the job.,4460,Agree
a87e3e5e-d573-4908-9e54-8dec22ed5852,Understanding and Undoing Implicit Bias (Virtual ILT),12212,"INSTRUCTOR.NAME maintained an effective pace through the agenda (discussion, activities, breaks, etc.).",5163,Strongly Agree
a87e3e5e-d573-4908-9e54-8dec22ed5852,Understanding and Undoing Implicit Bias (Virtual ILT),12212,"INSTRUCTOR.NAME maintained an effective pace through the agenda (discussion, activities, breaks, etc.).",5163,Strongly Agree
a87e3e5e-d573-4908-9e54-8dec22ed5852,Understanding and Undoing Implicit Bias (Virtual ILT),12212,INSTRUCTOR.NAME provided opportunities for questions and checked in for understanding,5175,Strongly Agree
a87e3e5e-d573-4908-9e54-8dec22ed5852,Understanding and Undoing Implicit Bias (Virtual ILT),12212,INSTRUCTOR.NAME provided opportunities for questions and checked in for understanding,5175,Strongly Agree
a87e3e5e-d573-4908-9e54-8dec22ed5852,Understanding and Undoing Implicit Bias (Virtual ILT),12212,How satisfied are you with the online interaction you had with other learners in this program?,5321,Satisfied
87d42e84-109c-47be-abc3-9609b7312b5f,Understanding and Undoing Implicit Bias (Virtual ILT),12212,How satisfied are you with the Cornerstone learning management system?,4491,Satisfied
87d42e84-109c-47be-abc3-9609b7312b5f,Understanding and Undoing Implicit Bias (Virtual ILT),12212,How satisfied are you with the Workforce Institute Help Desk (phone and/or email support)?,4498,N/A (did not access)
87d42e84-109c-47be-abc3-9609b7312b5f,Understanding and Undoing Implicit Bias (Virtual ILT),12212,"On a scale of 0-10, how likely is it that you would recommend this learning program to a colleague? (0 = Not at all likely, 10 = Extremely likely)",4505,7
87d42e84-109c-47be-abc3-9609b7312b5f,Understanding and Undoing Implicit Bias (Virtual ILT),12212,INSTRUCTOR.NAME provided opportunities for questions and checked in for understanding,5175,Agree
87d42e84-109c-47be-abc3-9609b7312b5f,Understanding and Undoing Implicit Bias (Virtual ILT),12212,How satisfied are you with taking this learning program in a virtual format?,5309,Satisfied
87d42e84-109c-47be-abc3-9609b7312b5f,Understanding and Undoing Implicit Bias (Virtual ILT),12212,Recall key implicit bias (IB) concepts and key points.,5362,Strongly Agree
87d42e84-109c-47be-abc3-9609b7312b5f,Understanding and Undoing Implicit Bias (Virtual ILT),12212,Apply debiasing strategies to undo individual implicit bias,5380,Agree
4fc868a5-9190-4a93-a9ef-97bad4c7b234,Understanding and Undoing Implicit Bias (Virtual ILT),12212,How satisfied are you with the Workforce Institute registration notifications and reminders?,4484,Neutral
4fc868a5-9190-4a93-a9ef-97bad4c7b234,Understanding and Undoing Implicit Bias (Virtual ILT),12212,How satisfied are you with the Cornerstone learning management system?,4491,Neutral
4fc868a5-9190-4a93-a9ef-97bad4c7b234,Understanding and Undoing Implicit Bias (Virtual ILT),12212,What could be done differently to improve your overall learning experience?,4517,n/a
4fc868a5-9190-4a93-a9ef-97bad4c7b234,Understanding and Undoing Implicit Bias (Virtual ILT),12212,My supervisor met with me to discuss the relevance of this learning program to my current job.,4519,Yes
4fc868a5-9190-4a93-a9ef-97bad4c7b234,Understanding and Undoing Implicit Bias (Virtual ILT),12212,"In a typical workweek, how often will you apply knowledge or skills from this learning program? (In percentage of time on the job)",4520,Very Often (51-75% of the time)
4fc868a5-9190-4a93-a9ef-97bad4c7b234,Understanding and Undoing Implicit Bias (Virtual ILT),12212,INSTRUCTOR.NAME provided clear explanations of new concepts,5169,Agree
4fc868a5-9190-4a93-a9ef-97bad4c7b234,Understanding and Undoing Implicit Bias (Virtual ILT),12212,Analyze the current state of child welfare as it relates to racial disproportionality,5368,Agree
75f562c2-dd56-4d4e-b92d-ae6db2a02c64,Understanding and Undoing Implicit Bias (Virtual ILT),12212,The skills practice activities showed me how to use this learning on the job.,4460,Strongly Agree
75f562c2-dd56-4d4e-b92d-ae6db2a02c64,Understanding and Undoing Implicit Bias (Virtual ILT),12212,I believe this learning program will help me do my current job better.,4478,Strongly Agree
75f562c2-dd56-4d4e-b92d-ae6db2a02c64,Understanding and Undoing Implicit Bias (Virtual ILT),12212,"On a scale of 0-10, how likely is it that you would recommend this learning program to a colleague? (0 = Not at all likely, 10 = Extremely likely)",4505,10
75f562c2-dd56-4d4e-b92d-ae6db2a02c64,Understanding and Undoing Implicit Bias (Virtual ILT),12212,"In a typical workweek, how often will you apply knowledge or skills from this learning program? (In percentage of time on the job)",4520,Almost Always (76-100% of the time)
75f562c2-dd56-4d4e-b92d-ae6db2a02c64,Understanding and Undoing Implicit Bias (Virtual ILT),12212,"INSTRUCTOR.NAME maintained an effective pace through the agenda (discussion, activities, breaks, etc.).",5163,Strongly Agree
75f562c2-dd56-4d4e-b92d-ae6db2a02c64,Understanding and Undoing Implicit Bias (Virtual ILT),12212,Recall key implicit bias (IB) concepts and key points.,5362,Strongly Agree
75f562c2-dd56-4d4e-b92d-ae6db2a02c64,Understanding and Undoing Implicit Bias (Virtual ILT),12212,"Draw connections between internalized oppression and trauma and their influence on institutional racism, structural inequity, and implicit bias",5374,Strongly Agree
8d71e38f-2f8a-4a16-ae00-d41372960e33,Understanding and Undoing Implicit Bias (Virtual ILT),12212,"The instructional aids (forms, case scenarios, etc.) are very similar to real things I use on the job.",4472,Agree
8d71e38f-2f8a-4a16-ae00-d41372960e33,Understanding and Undoing Implicit Bias (Virtual ILT),12212,How satisfied are you with the Workforce Institute registration notifications and reminders?,4484,Neutral
8d71e38f-2f8a-4a16-ae00-d41372960e33,Understanding and Undoing Implicit Bias (Virtual ILT),12212,I felt comfortable using the video conferencing platform to participate in this learning program.,5011,Agree
8d71e38f-2f8a-4a16-ae00-d41372960e33,Understanding and Undoing Implicit Bias (Virtual ILT),12212,INSTRUCTOR.NAME provided clear explanations of new concepts,5169,Agree
8d71e38f-2f8a-4a16-ae00-d41372960e33,Understanding and Undoing Implicit Bias (Virtual ILT),12212,INSTRUCTOR.NAME provided opportunities for questions and checked in for understanding,5175,
8d71e38f-2f8a-4a16-ae00-d41372960e33,Understanding and Undoing Implicit Bias (Virtual ILT),12212,How satisfied are you with the online interaction you had with the facilitators?,5315,Satisfied
8d71e38f-2f8a-4a16-ae00-d41372960e33,Understanding and Undoing Implicit Bias (Virtual ILT),12212,"Draw connections between internalized oppression and trauma and their influence on institutional racism, structural inequity, and implicit bias",5374,Agree
3decbfd4-1d8b-4f29-a390-e3cc1546a95b,Understanding and Undoing Implicit Bias (Virtual ILT),12212,"The instructional aids (forms, case scenarios, etc.) are very similar to real things I use on the job.",4472,Strongly Agree
3decbfd4-1d8b-4f29-a390-e3cc1546a95b,Understanding and Undoing Implicit Bias (Virtual ILT),12212,How satisfied are you with the Workforce Institute Help Desk (phone and/or email support)?,4498,Satisfied
3decbfd4-1d8b-4f29-a390-e3cc1546a95b,Understanding and Undoing Implicit Bias (Virtual ILT),12212,"In a typical workweek, how often will you apply knowledge or skills from this learning program? (In percentage of time on the job)",4520,Almost Always (76-100% of the time)
3decbfd4-1d8b-4f29-a390-e3cc1546a95b,Understanding and Undoing Implicit Bias (Virtual ILT),12212,"INSTRUCTOR.NAME maintained an effective pace through the agenda (discussion, activities, breaks, etc.).",5163,Strongly Agree
3decbfd4-1d8b-4f29-a390-e3cc1546a95b,Understanding and Undoing Implicit Bias (Virtual ILT),12212,INSTRUCTOR.NAME provided clear explanations of new concepts,5169,Strongly Agree
3decbfd4-1d8b-4f29-a390-e3cc1546a95b,Understanding and Undoing Implicit Bias (Virtual ILT),12212,INSTRUCTOR.NAME provided opportunities for questions and checked in for understanding,5175,Strongly Agree
3decbfd4-1d8b-4f29-a390-e3cc1546a95b,Understanding and Undoing Implicit Bias (Virtual ILT),12212,INSTRUCTOR.NAME provided opportunities for questions and checked in for understanding,5175,Strongly Agree
3decbfd4-1d8b-4f29-a390-e3cc1546a95b,Understanding and Undoing Implicit Bias (Virtual ILT),12212,How satisfied are you with taking this learning program in a virtual format?,5309,Satisfied
3decbfd4-1d8b-4f29-a390-e3cc1546a95b,Understanding and Undoing Implicit Bias (Virtual ILT),12212,Recall key implicit bias (IB) concepts and key points.,5362,Strongly Agree
3decbfd4-1d8b-4f29-a390-e3cc1546a95b,Understanding and Undoing Implicit Bias (Virtual ILT),12212,Analyze the current state of child welfare as it relates to racial disproportionality,5368,Strongly Agree
3decbfd4-1d8b-4f29-a390-e3cc1546a95b,Understanding and Undoing Implicit Bias (Virtual ILT),12212,Apply debiasing strategies to undo individual implicit bias,5380,Strongly Agree
b6b8648d-39fa-46a3-a069-e631f9d14be6,Understanding and Undoing Implicit Bias (Virtual ILT),12212,"Prior to today, I knew how this learning program was intended to impact my job performance.",4454,Agree
b6b8648d-39fa-46a3-a069-e631f9d14be6,Understanding and Undoing Implicit Bias (Virtual ILT),12212,How satisfied are you with the Workforce Institute registration notifications and reminders?,4484,Satisfied
b6b8648d-39fa-46a3-a069-e631f9d14be6,Understanding and Undoing Implicit Bias (Virtual ILT),12212,"In a typical workweek, how often will you apply knowledge or skills from this learning program? (In percentage of time on the job)",4520,Sometimes (1-25% of the time)
b6b8648d-39fa-46a3-a069-e631f9d14be6,Understanding and Undoing Implicit Bias (Virtual ILT),12212,Which other training topics or learning methods would support your job performance?,4526,"More focus on mindfullness, destressing"
b6b8648d-39fa-46a3-a069-e631f9d14be6,Understanding and Undoing Implicit Bias (Virtual ILT),12212,INSTRUCTOR.NAME provided clear explanations of new concepts,5169,Strongly Agree
b6b8648d-39fa-46a3-a069-e631f9d14be6,Understanding and Undoing Implicit Bias (Virtual ILT),12212,INSTRUCTOR.NAME provided clear explanations of new concepts,5169,Neutral
b6b8648d-39fa-46a3-a069-e631f9d14be6,Understanding and Undoing Implicit Bias (Virtual ILT),12212,How satisfied are you with taking this learning program in a virtual format?,5309,Neutral
b6b8648d-39fa-46a3-a069-e631f9d14be6,Understanding and Undoing Implicit Bias (Virtual ILT),12212,Recall key implicit bias (IB) concepts and key points.,5362,Agree
b6b8648d-39fa-46a3-a069-e631f9d14be6,Understanding and Undoing Implicit Bias (Virtual ILT),12212,Analyze the current state of child welfare as it relates to racial disproportionality,5368,Agree
bb840887-d1a4-45e0-9424-e7d701c50802,Understanding and Undoing Implicit Bias (Virtual ILT),12212,How satisfied are you with the Cornerstone learning management system?,4491,Neutral
bb840887-d1a4-45e0-9424-e7d701c50802,Understanding and Undoing Implicit Bias (Virtual ILT),12212,My supervisor met with me to discuss the relevance of this learning program to my current job.,4519,No
bb840887-d1a4-45e0-9424-e7d701c50802,Understanding and Undoing Implicit Bias (Virtual ILT),12212,INSTRUCTOR.NAME provided clear explanations of new concepts,5169,
bb840887-d1a4-45e0-9424-e7d701c50802,Understanding and Undoing Implicit Bias (Virtual ILT),12212,INSTRUCTOR.NAME provided opportunities for questions and checked in for understanding,5175,
bb840887-d1a4-45e0-9424-e7d701c50802,Understanding and Undoing Implicit Bias (Virtual ILT),12212,Recall key implicit bias (IB) concepts and key points.,5362,Agree
bb840887-d1a4-45e0-9424-e7d701c50802,Understanding and Undoing Implicit Bias (Virtual ILT),12212,"Draw connections between internalized oppression and trauma and their influence on institutional racism, structural inequity, and implicit bias",5374,Neutral
a7527387-8d22-45fd-b0f7-ffb6bd305f4a,Understanding and Undoing Implicit Bias (Virtual ILT),12212,What could be done differently to improve your overall learning experience?,4517,Nothing
a7527387-8d22-45fd-b0f7-ffb6bd305f4a,Understanding and Undoing Implicit Bias (Virtual ILT),12212,"INSTRUCTOR.NAME maintained an effective pace through the agenda (discussion, activities, breaks, etc.).",5163,Strongly Agree
a7527387-8d22-45fd-b0f7-ffb6bd305f4a,Understanding and Undoing Implicit Bias (Virtual ILT),12212,"INSTRUCTOR.NAME maintained an effective pace through the agenda (discussion, activities, breaks, etc.).",5163,Strongly Agree
a7527387-8d22-45fd-b0f7-ffb6bd305f4a,Understanding and Undoing Implicit Bias (Virtual ILT),12212,INSTRUCTOR.NAME provided clear explanations of new concepts,5169,Strongly Agree
a7527387-8d22-45fd-b0f7-ffb6bd305f4a,Understanding and Undoing Implicit Bias (Virtual ILT),12212,How satisfied are you with taking this learning program in a virtual format?,5309,Extremely Satisfied
a7527387-8d22-45fd-b0f7-ffb6bd305f4a,Understanding and Undoing Implicit Bias (Virtual ILT),12212,How satisfied are you with the online interaction you had with the facilitators?,5315,Extremely Satisfied
638fed43-7e76-439e-8566-028e6c1fbf08,Understanding and Undoing Implicit Bias (Virtual ILT),12212,How satisfied are you with the Workforce Institute registration notifications and reminders?,4484,Extremely Satisfied
638fed43-7e76-439e-8566-028e6c1fbf08,Understanding and Undoing Implicit Bias (Virtual ILT),12212,"On a scale of 0-10, how likely is it that you would recommend this learning program to a colleague? (0 = Not at all likely, 10 = Extremely likely)",4505,10
638fed43-7e76-439e-8566-028e6c1fbf08,Understanding and Undoing Implicit Bias (Virtual ILT),12212,What could be done differently to improve your overall learning experience?,4517,
638fed43-7e76-439e-8566-028e6c1fbf08,Understanding and Undoing Implicit Bias (Virtual ILT),12212,I felt comfortable using the video conferencing platform to participate in this learning program.,5011,Strongly Agree
638fed43-7e76-439e-8566-028e6c1fbf08,Understanding and Undoing Implicit Bias (Virtual ILT),12212,"INSTRUCTOR.NAME maintained an effective pace through the agenda (discussion, activities, breaks, etc.).",5163,Strongly Agree
638fed43-7e76-439e-8566-028e6c1fbf08,Understanding and Undoing Implicit Bias (Virtual ILT),12212,INSTRUCTOR.NAME provided clear explanations of new concepts,5169,Neutral
638fed43-7e76-439e-8566-028e6c1fbf08,Understanding and Undoing Implicit Bias (Virtual ILT),12212,INSTRUCTOR.NAME provided opportunities for questions and checked in for understanding,5175,Strongly Agree
638fed43-7e76-439e-8566-028e6c1fbf08,Understanding and Undoing Implicit Bias (Virtual ILT),12212,How satisfied are you with the online interaction you had with other learners in this program?,5321,Extremely Satisfied
638fed43-7e76-439e-8566-028e6c1fbf08,Understanding and Undoing Implicit Bias (Virtual ILT),12212,Analyze the current state of child welfare as it relates to racial disproportionality,5368,Strongly Agree
a9ea6450-309b-45bf-9782-085b6ec0a3da,Understanding and Undoing Implicit Bias (Virtual ILT),12212,"The instructional aids (forms, case scenarios, etc.) are very similar to real things I use on the job.",4472,Agree
a9ea6450-309b-45bf-9782-085b6ec0a3da,Understanding and Undoing Implicit Bias (Virtual ILT),12212,How satisfied are you with the Cornerstone learning management system?,4491,Satisfied
a9ea6450-309b-45bf-9782-085b6ec0a3da,Understanding and Undoing Implicit Bias (Virtual ILT),12212,What could be done differently to improve your overall learning experience?,4517,n/a
a9ea6450-309b-45bf-9782-085b6ec0a3da,Understanding and Undoing Implicit Bias (Virtual ILT),12212,Which other training topics or learning methods would support your job performance?,4526,n/a
a9ea6450-309b-45bf-9782-085b6ec0a3da,Understanding and Undoing Implicit Bias (Virtual ILT),12212,"INSTRUCTOR.NAME maintained an effective pace through the agenda (discussion, activities, breaks, etc.).",5163,Agree
a9ea6450-309b-45bf-9782-085b6ec0a3da,Understanding and Undoing Implicit Bias (Virtual ILT),12212,INSTRUCTOR.NAME provided opportunities for questions and checked in for understanding,5175,Agree
a9ea6450-309b-45bf-9782-085b6ec0a3da,Understanding and Undoing Implicit Bias (Virtual ILT),12212,"Draw connections between internalized oppression and trauma and their influence on institutional racism, structural inequity, and implicit bias",5374,Agree
a9ea6450-309b-45bf-9782-085b6ec0a3da,Understanding and Undoing Implicit Bias (Virtual ILT),12212,Apply debiasing strategies to undo individual implicit bias,5380,Agree
edb5ba64-df72-4ed3-bc0c-0a474d91ae15,Understanding and Undoing Implicit Bias (Virtual ILT),12212,I believe this learning program will help me do my current job better.,4478,Strongly Agree
edb5ba64-df72-4ed3-bc0c-0a474d91ae15,Understanding and Undoing Implicit Bias (Virtual ILT),12212,How satisfied are you with the Cornerstone learning management system?,4491,Satisfied
edb5ba64-df72-4ed3-bc0c-0a474d91ae15,Understanding and Undoing Implicit Bias (Virtual ILT),12212,How satisfied are you with the Workforce Institute Help Desk (phone and/or email support)?,4498,Satisfied
edb5ba64-df72-4ed3-bc0c-0a474d91ae15,Understanding and Undoing Implicit Bias (Virtual ILT),12212,How satisfied are you with taking this learning program in a virtual format?,5309,Extremely Satisfied
677fdf4f-6ff7-49c8-8c1e-2dbf9d90df31,Understanding and Undoing Implicit Bias (Virtual ILT),12212,The skills practice activities showed me how to use this learning on the job.,4460,Agree
677fdf4f-6ff7-49c8-8c1e-2dbf9d90df31,Understanding and Undoing Implicit Bias (Virtual ILT),12212,What could be done differently to improve your overall learning experience?,4517,
677fdf4f-6ff7-49c8-8c1e-2dbf9d90df31,Understanding and Undoing Implicit Bias (Virtual ILT),12212,My supervisor met with me to discuss the relevance of this learning program to my current job.,4519,No
677fdf4f-6ff7-49c8-8c1e-2dbf9d90df31,Understanding and Undoing Implicit Bias (Virtual ILT),12212,Which other training topics or learning methods would support your job performance?,4526,
677fdf4f-6ff7-49c8-8c1e-2dbf9d90df31,Understanding and Undoing Implicit Bias (Virtual ILT),12212,INSTRUCTOR.NAME provided opportunities for questions and checked in for understanding,5175,Agree
677fdf4f-6ff7-49c8-8c1e-2dbf9d90df31,Understanding and Undoing Implicit Bias (Virtual ILT),12212,How satisfied are you with the online interaction you had with the facilitators?,5315,Satisfied
3a88b4e7-b59f-4920-a4ff-4fc737e8f605,Understanding and Undoing Implicit Bias (Virtual ILT),12212,The skills practice activities showed me how to use this learning on the job.,4460,Agree
3a88b4e7-b59f-4920-a4ff-4fc737e8f605,Understanding and Undoing Implicit Bias (Virtual ILT),12212,"The instructional aids (forms, case scenarios, etc.) are very similar to real things I use on the job.",4472,Strongly Agree
3a88b4e7-b59f-4920-a4ff-4fc737e8f605,Understanding and Undoing Implicit Bias (Virtual ILT),12212,Which other training topics or learning methods would support your job performance?,4526,
3a88b4e7-b59f-4920-a4ff-4fc737e8f605,Understanding and Undoing Implicit Bias (Virtual ILT),12212,INSTRUCTOR.NAME provided clear explanations of new concepts,5169,Strongly Agree
3a88b4e7-b59f-4920-a4ff-4fc737e8f605,Understanding and Undoing Implicit Bias (Virtual ILT),12212,INSTRUCTOR.NAME provided clear explanations of new concepts,5169,Neutral
3a88b4e7-b59f-4920-a4ff-4fc737e8f605,Understanding and Undoing Implicit Bias (Virtual ILT),12212,INSTRUCTOR.NAME provided opportunities for questions and checked in for understanding,5175,Neutral
3a88b4e7-b59f-4920-a4ff-4fc737e8f605,Understanding and Undoing Implicit Bias (Virtual ILT),12212,Analyze the current state of child welfare as it relates to racial disproportionality,5368,Agree
5cf6da6f-9da8-4293-8a05-5defd303107d,Understanding and Undoing Implicit Bias (Virtual ILT),12212,"The instructional aids (forms, case scenarios, etc.) are very similar to real things I use on the job.",4472,Agree
5cf6da6f-9da8-4293-8a05-5defd303107d,Understanding and Undoing Implicit Bias (Virtual ILT),12212,How satisfied are you with the Workforce Institute Help Desk (phone and/or email support)?,4498,Extremely Satisfied
5cf6da6f-9da8-4293-8a05-5defd303107d,Understanding and Undoing Implicit Bias (Virtual ILT),12212,"On a scale of 0-10, how likely is it that you would recommend this learning program to a colleague? (0 = Not at all likely, 10 = Extremely likely)",4505,10
5cf6da6f-9da8-4293-8a05-5defd303107d,Understanding and Undoing Implicit Bias (Virtual ILT),12212,What could be done differently to improve your overall learning experience?,4517,Less training time.
5cf6da6f-9da8-4293-8a05-5defd303107d,Understanding and Undoing Implicit Bias (Virtual ILT),12212,Which other training topics or learning methods would support your job performance?,4526,Work efficiency and time management.
5cf6da6f-9da8-4293-8a05-5defd303107d,Understanding and Undoing Implicit Bias (Virtual ILT),12212,I felt comfortable using the video conferencing platform to participate in this learning program.,5011,Strongly Agree
5cf6da6f-9da8-4293-8a05-5defd303107d,Understanding and Undoing Implicit Bias (Virtual ILT),12212,INSTRUCTOR.NAME provided clear explanations of new concepts,5169,Strongly Agree
5cf6da6f-9da8-4293-8a05-5defd303107d,Understanding and Undoing Implicit Bias (Virtual ILT),12212,INSTRUCTOR.NAME provided clear explanations of new concepts,5169,Strongly Agree
5cf6da6f-9da8-4293-8a05-5defd303107d,Understanding and Undoing Implicit Bias (Virtual ILT),12212,INSTRUCTOR.NAME provided opportunities for questions and checked in for understanding,5175,Strongly Agree
c92a8d63-8bfe-42ee-ac7e-83e4912fcbd7,Understanding and Undoing Implicit Bias (Virtual ILT),12212,I believe this learning program will help me do my current job better.,4478,Strongly Agree
c92a8d63-8bfe-42ee-ac7e-83e4912fcbd7,Understanding and Undoing Implicit Bias (Virtual ILT),12212,INSTRUCTOR.NAME provided opportunities for questions and checked in for understanding,5175,Strongly Agree
c92a8d63-8bfe-42ee-ac7e-83e4912fcbd7,Understanding and Undoing Implicit Bias (Virtual ILT),12212,Apply debiasing strategies to undo individual implicit bias,5380,Strongly Agree
a11f30f5-a109-4b25-ad51-84cfea1406bf,Understanding and Undoing Implicit Bias (Virtual ILT),12212,The skills practice activities showed me how to use this learning on the job.,4460,Strongly Agree
a11f30f5-a109-4b25-ad51-84cfea1406bf,Understanding and Undoing Implicit Bias (Virtual ILT),12212,How satisfied are you with the Cornerstone learning management system?,4491,Satisfied
a11f30f5-a109-4b25-ad51-84cfea1406bf,Understanding and Undoing Implicit Bias (Virtual ILT),12212,How satisfied are you with the Workforce Institute Help Desk (phone and/or email support)?,4498,N/A (did not access)
a11f30f5-a109-4b25-ad51-84cfea1406bf,Understanding and Undoing Implicit Bias (Virtual ILT),12212,I felt comfortable using the video conferencing platform to participate in this learning program.,5011,Strongly Agree
a11f30f5-a109-4b25-ad51-84cfea1406bf,Understanding and Undoing Implicit Bias (Virtual ILT),12212,"INSTRUCTOR.NAME maintained an effective pace through the agenda (discussion, activities, breaks, etc.).",5163,
a11f30f5-a109-4b25-ad51-84cfea1406bf,Understanding and Undoing Implicit Bias (Virtual ILT),12212,INSTRUCTOR.NAME provided opportunities for questions and checked in for understanding,5175,
a11f30f5-a109-4b25-ad51-84cfea1406bf,Understanding and Undoing Implicit Bias (Virtual ILT),12212,How satisfied are you with taking this learning program in a virtual format?,5309,Extremely Satisfied
a11f30f5-a109-4b25-ad51-84cfea1406bf,Understanding and Undoing Implicit Bias (Virtual ILT),12212,How satisfied are you with the online interaction you had with other learners in this program?,5321,Extremely Satisfied
a11f30f5-a109-4b25-ad51-84cfea1406bf,Understanding and Undoing Implicit Bias (Virtual ILT),12212,"Draw connections between internalized oppression and trauma and their influence on institutional racism, structural inequity, and implicit bias",5374,Strongly Agree
a11f30f5-a109-4b25-ad51-84cfea1406bf,Understanding and Undoing Implicit Bias (Virtual ILT),12212,Apply debiasing strategies to undo individual implicit bias,5380,Strongly Agree
a87e3e5e-d573-4908-9e54-8dec22ed5852,Understanding and Undoing Implicit Bias (Virtual ILT),12212,My supervisor met with me to discuss the relevance of this learning program to my current job.,4519,Yes
a87e3e5e-d573-4908-9e54-8dec22ed5852,Understanding and Undoing Implicit Bias (Virtual ILT),12212,"In a typical workweek, how often will you apply knowledge or skills from this learning program? (In percentage of time on the job)",4520,Very Often (51-75% of the time)
a87e3e5e-d573-4908-9e54-8dec22ed5852,Understanding and Undoing Implicit Bias (Virtual ILT),12212,INSTRUCTOR.NAME provided clear explanations of new concepts,5169,Strongly Agree
a87e3e5e-d573-4908-9e54-8dec22ed5852,Understanding and Undoing Implicit Bias (Virtual ILT),12212,INSTRUCTOR.NAME provided clear explanations of new concepts,5169,Strongly Agree
a87e3e5e-d573-4908-9e54-8dec22ed5852,Understanding and Undoing Implicit Bias (Virtual ILT),12212,How satisfied are you with taking this learning program in a virtual format?,5309,Satisfied
a87e3e5e-d573-4908-9e54-8dec22ed5852,Understanding and Undoing Implicit Bias (Virtual ILT),12212,Apply debiasing strategies to undo individual implicit bias,5380,Agree
87d42e84-109c-47be-abc3-9609b7312b5f,Understanding and Undoing Implicit Bias (Virtual ILT),12212,"Prior to today, I knew how this learning program was intended to impact my job performance.",4454,Neutral
87d42e84-109c-47be-abc3-9609b7312b5f,Understanding and Undoing Implicit Bias (Virtual ILT),12212,"INSTRUCTOR.NAME maintained an effective pace through the agenda (discussion, activities, breaks, etc.).",5163,Neutral
87d42e84-109c-47be-abc3-9609b7312b5f,Understanding and Undoing Implicit Bias (Virtual ILT),12212,INSTRUCTOR.NAME provided clear explanations of new concepts,5169,Agree
87d42e84-109c-47be-abc3-9609b7312b5f,Understanding and Undoing Implicit Bias (Virtual ILT),12212,INSTRUCTOR.NAME provided opportunities for questions and checked in for understanding,5175,Neutral
87d42e84-109c-47be-abc3-9609b7312b5f,Understanding and Undoing Implicit Bias (Virtual ILT),12212,Analyze the current state of child welfare as it relates to racial disproportionality,5368,Agree
4fc868a5-9190-4a93-a9ef-97bad4c7b234,Understanding and Undoing Implicit Bias (Virtual ILT),12212,"Prior to today, I knew how this learning program was intended to impact my job performance.",4454,Agree
4fc868a5-9190-4a93-a9ef-97bad4c7b234,Understanding and Undoing Implicit Bias (Virtual ILT),12212,How satisfied are you with the Workforce Institute Help Desk (phone and/or email support)?,4498,Neutral
4fc868a5-9190-4a93-a9ef-97bad4c7b234,Understanding and Undoing Implicit Bias (Virtual ILT),12212,"On a scale of 0-10, how likely is it that you would recommend this learning program to a colleague? (0 = Not at all likely, 10 = Extremely likely)",4505,7
4fc868a5-9190-4a93-a9ef-97bad4c7b234,Understanding and Undoing Implicit Bias (Virtual ILT),12212,INSTRUCTOR.NAME provided clear explanations of new concepts,5169,Agree
4fc868a5-9190-4a93-a9ef-97bad4c7b234,Understanding and Undoing Implicit Bias (Virtual ILT),12212,INSTRUCTOR.NAME provided opportunities for questions and checked in for understanding,5175,Agree
4fc868a5-9190-4a93-a9ef-97bad4c7b234,Understanding and Undoing Implicit Bias (Virtual ILT),12212,How satisfied are you with taking this learning program in a virtual format?,5309,Neutral
4fc868a5-9190-4a93-a9ef-97bad4c7b234,Understanding and Undoing Implicit Bias (Virtual ILT),12212,How satisfied are you with the online interaction you had with other learners in this program?,5321,Neutral
4fc868a5-9190-4a93-a9ef-97bad4c7b234,Understanding and Undoing Implicit Bias (Virtual ILT),12212,Recall key implicit bias (IB) concepts and key points.,5362,Agree
75f562c2-dd56-4d4e-b92d-ae6db2a02c64,Understanding and Undoing Implicit Bias (Virtual ILT),12212,"The instructional aids (forms, case scenarios, etc.) are very similar to real things I use on the job.",4472,Strongly Agree
75f562c2-dd56-4d4e-b92d-ae6db2a02c64,Understanding and Undoing Implicit Bias (Virtual ILT),12212,Which other training topics or learning methods would support your job performance?,4526,"Being aware of my self.  Being attentive to others.  Having empathy towards my clients.  Using, practicing, learning more interpersonal skills, and listening more to others,  in a city were more than 200 ethnic groups live and work, and knowing that at the end...we all need each other...from our Governor to the person that sweeps our streets...regardless of their gender/sex/believes/level of education, religion, color of their skin, and so on.  I enjoyed this training very much and for that I thank you."
75f562c2-dd56-4d4e-b92d-ae6db2a02c64,Understanding and Undoing Implicit Bias (Virtual ILT),12212,INSTRUCTOR.NAME provided clear explanations of new concepts,5169,Strongly Agree
75f562c2-dd56-4d4e-b92d-ae6db2a02c64,Understanding and Undoing Implicit Bias (Virtual ILT),12212,INSTRUCTOR.NAME provided opportunities for questions and checked in for understanding,5175,Strongly Agree
75f562c2-dd56-4d4e-b92d-ae6db2a02c64,Understanding and Undoing Implicit Bias (Virtual ILT),12212,How satisfied are you with taking this learning program in a virtual format?,5309,Extremely Satisfied
75f562c2-dd56-4d4e-b92d-ae6db2a02c64,Understanding and Undoing Implicit Bias (Virtual ILT),12212,Analyze the current state of child welfare as it relates to racial disproportionality,5368,Strongly Agree
8d71e38f-2f8a-4a16-ae00-d41372960e33,Understanding and Undoing Implicit Bias (Virtual ILT),12212,"Prior to today, I knew how this learning program was intended to impact my job performance.",4454,Agree
8d71e38f-2f8a-4a16-ae00-d41372960e33,Understanding and Undoing Implicit Bias (Virtual ILT),12212,The skills practice activities showed me how to use this learning on the job.,4460,Agree
8d71e38f-2f8a-4a16-ae00-d41372960e33,Understanding and Undoing Implicit Bias (Virtual ILT),12212,What could be done differently to improve your overall learning experience?,4517,
8d71e38f-2f8a-4a16-ae00-d41372960e33,Understanding and Undoing Implicit Bias (Virtual ILT),12212,"In a typical workweek, how often will you apply knowledge or skills from this learning program? (In percentage of time on the job)",4520,Very Often (51-75% of the time)
8d71e38f-2f8a-4a16-ae00-d41372960e33,Understanding and Undoing Implicit Bias (Virtual ILT),12212,"INSTRUCTOR.NAME maintained an effective pace through the agenda (discussion, activities, breaks, etc.).",5163,Agree
8d71e38f-2f8a-4a16-ae00-d41372960e33,Understanding and Undoing Implicit Bias (Virtual ILT),12212,INSTRUCTOR.NAME provided clear explanations of new concepts,5169,Agree
8d71e38f-2f8a-4a16-ae00-d41372960e33,Understanding and Undoing Implicit Bias (Virtual ILT),12212,How satisfied are you with the online interaction you had with other learners in this program?,5321,Satisfied
8d71e38f-2f8a-4a16-ae00-d41372960e33,Understanding and Undoing Implicit Bias (Virtual ILT),12212,Analyze the current state of child welfare as it relates to racial disproportionality,5368,
3decbfd4-1d8b-4f29-a390-e3cc1546a95b,Understanding and Undoing Implicit Bias (Virtual ILT),12212,Which other training topics or learning methods would support your job performance?,4526,
3decbfd4-1d8b-4f29-a390-e3cc1546a95b,Understanding and Undoing Implicit Bias (Virtual ILT),12212,"INSTRUCTOR.NAME maintained an effective pace through the agenda (discussion, activities, breaks, etc.).",5163,Strongly Agree
3decbfd4-1d8b-4f29-a390-e3cc1546a95b,Understanding and Undoing Implicit Bias (Virtual ILT),12212,INSTRUCTOR.NAME provided clear explanations of new concepts,5169,Strongly Agree
b6b8648d-39fa-46a3-a069-e631f9d14be6,Understanding and Undoing Implicit Bias (Virtual ILT),12212,The skills practice activities showed me how to use this learning on the job.,4460,Neutral
b6b8648d-39fa-46a3-a069-e631f9d14be6,Understanding and Undoing Implicit Bias (Virtual ILT),12212,What could be done differently to improve your overall learning experience?,4517,
b6b8648d-39fa-46a3-a069-e631f9d14be6,Understanding and Undoing Implicit Bias (Virtual ILT),12212,"INSTRUCTOR.NAME maintained an effective pace through the agenda (discussion, activities, breaks, etc.).",5163,Strongly Agree
b6b8648d-39fa-46a3-a069-e631f9d14be6,Understanding and Undoing Implicit Bias (Virtual ILT),12212,INSTRUCTOR.NAME provided clear explanations of new concepts,5169,Strongly Agree
b6b8648d-39fa-46a3-a069-e631f9d14be6,Understanding and Undoing Implicit Bias (Virtual ILT),12212,INSTRUCTOR.NAME provided opportunities for questions and checked in for understanding,5175,Strongly Agree
b6b8648d-39fa-46a3-a069-e631f9d14be6,Understanding and Undoing Implicit Bias (Virtual ILT),12212,INSTRUCTOR.NAME provided opportunities for questions and checked in for understanding,5175,Neutral
bb840887-d1a4-45e0-9424-e7d701c50802,Understanding and Undoing Implicit Bias (Virtual ILT),12212,"On a scale of 0-10, how likely is it that you would recommend this learning program to a colleague? (0 = Not at all likely, 10 = Extremely likely)",4505,8
bb840887-d1a4-45e0-9424-e7d701c50802,Understanding and Undoing Implicit Bias (Virtual ILT),12212,What could be done differently to improve your overall learning experience?,4517,N/A
bb840887-d1a4-45e0-9424-e7d701c50802,Understanding and Undoing Implicit Bias (Virtual ILT),12212,I felt comfortable using the video conferencing platform to participate in this learning program.,5011,Agree
bb840887-d1a4-45e0-9424-e7d701c50802,Understanding and Undoing Implicit Bias (Virtual ILT),12212,INSTRUCTOR.NAME provided clear explanations of new concepts,5169,Strongly Agree
bb840887-d1a4-45e0-9424-e7d701c50802,Understanding and Undoing Implicit Bias (Virtual ILT),12212,How satisfied are you with taking this learning program in a virtual format?,5309,Extremely Satisfied
bb840887-d1a4-45e0-9424-e7d701c50802,Understanding and Undoing Implicit Bias (Virtual ILT),12212,Analyze the current state of child welfare as it relates to racial disproportionality,5368,Agree
a7527387-8d22-45fd-b0f7-ffb6bd305f4a,Understanding and Undoing Implicit Bias (Virtual ILT),12212,My supervisor met with me to discuss the relevance of this learning program to my current job.,4519,No
a7527387-8d22-45fd-b0f7-ffb6bd305f4a,Understanding and Undoing Implicit Bias (Virtual ILT),12212,"In a typical workweek, how often will you apply knowledge or skills from this learning program? (In percentage of time on the job)",4520,Very Often (51-75% of the time)
a7527387-8d22-45fd-b0f7-ffb6bd305f4a,Understanding and Undoing Implicit Bias (Virtual ILT),12212,Which other training topics or learning methods would support your job performance?,4526,Not sure
a7527387-8d22-45fd-b0f7-ffb6bd305f4a,Understanding and Undoing Implicit Bias (Virtual ILT),12212,I felt comfortable using the video conferencing platform to participate in this learning program.,5011,Strongly Agree
a7527387-8d22-45fd-b0f7-ffb6bd305f4a,Understanding and Undoing Implicit Bias (Virtual ILT),12212,"INSTRUCTOR.NAME maintained an effective pace through the agenda (discussion, activities, breaks, etc.).",5163,Strongly Agree
a7527387-8d22-45fd-b0f7-ffb6bd305f4a,Understanding and Undoing Implicit Bias (Virtual ILT),12212,INSTRUCTOR.NAME provided clear explanations of new concepts,5169,Strongly Agree
a7527387-8d22-45fd-b0f7-ffb6bd305f4a,Understanding and Undoing Implicit Bias (Virtual ILT),12212,INSTRUCTOR.NAME provided opportunities for questions and checked in for understanding,5175,Strongly Agree
a7527387-8d22-45fd-b0f7-ffb6bd305f4a,Understanding and Undoing Implicit Bias (Virtual ILT),12212,Recall key implicit bias (IB) concepts and key points.,5362,Strongly Agree
a7527387-8d22-45fd-b0f7-ffb6bd305f4a,Understanding and Undoing Implicit Bias (Virtual ILT),12212,Analyze the current state of child welfare as it relates to racial disproportionality,5368,Strongly Agree
638fed43-7e76-439e-8566-028e6c1fbf08,Understanding and Undoing Implicit Bias (Virtual ILT),12212,The skills practice activities showed me how to use this learning on the job.,4460,Strongly Agree
638fed43-7e76-439e-8566-028e6c1fbf08,Understanding and Undoing Implicit Bias (Virtual ILT),12212,I believe this learning program will help me do my current job better.,4478,Strongly Agree
638fed43-7e76-439e-8566-028e6c1fbf08,Understanding and Undoing Implicit Bias (Virtual ILT),12212,My supervisor met with me to discuss the relevance of this learning program to my current job.,4519,No
638fed43-7e76-439e-8566-028e6c1fbf08,Understanding and Undoing Implicit Bias (Virtual ILT),12212,"In a typical workweek, how often will you apply knowledge or skills from this learning program? (In percentage of time on the job)",4520,Almost Always (76-100% of the time)
638fed43-7e76-439e-8566-028e6c1fbf08,Understanding and Undoing Implicit Bias (Virtual ILT),12212,"INSTRUCTOR.NAME maintained an effective pace through the agenda (discussion, activities, breaks, etc.).",5163,Strongly Agree
638fed43-7e76-439e-8566-028e6c1fbf08,Understanding and Undoing Implicit Bias (Virtual ILT),12212,INSTRUCTOR.NAME provided clear explanations of new concepts,5169,Strongly Agree
638fed43-7e76-439e-8566-028e6c1fbf08,Understanding and Undoing Implicit Bias (Virtual ILT),12212,INSTRUCTOR.NAME provided clear explanations of new concepts,5169,Strongly Agree
638fed43-7e76-439e-8566-028e6c1fbf08,Understanding and Undoing Implicit Bias (Virtual ILT),12212,"Draw connections between internalized oppression and trauma and their influence on institutional racism, structural inequity, and implicit bias",5374,Strongly Agree
a9ea6450-309b-45bf-9782-085b6ec0a3da,Understanding and Undoing Implicit Bias (Virtual ILT),12212,I believe this learning program will help me do my current job better.,4478,Agree
a9ea6450-309b-45bf-9782-085b6ec0a3da,Understanding and Undoing Implicit Bias (Virtual ILT),12212,My supervisor met with me to discuss the relevance of this learning program to my current job.,4519,Yes
a9ea6450-309b-45bf-9782-085b6ec0a3da,Understanding and Undoing Implicit Bias (Virtual ILT),12212,"INSTRUCTOR.NAME maintained an effective pace through the agenda (discussion, activities, breaks, etc.).",5163,Agree
a9ea6450-309b-45bf-9782-085b6ec0a3da,Understanding and Undoing Implicit Bias (Virtual ILT),12212,INSTRUCTOR.NAME provided clear explanations of new concepts,5169,Agree
a9ea6450-309b-45bf-9782-085b6ec0a3da,Understanding and Undoing Implicit Bias (Virtual ILT),12212,INSTRUCTOR.NAME provided clear explanations of new concepts,5169,Agree
a9ea6450-309b-45bf-9782-085b6ec0a3da,Understanding and Undoing Implicit Bias (Virtual ILT),12212,Recall key implicit bias (IB) concepts and key points.,5362,Agree
a9ea6450-309b-45bf-9782-085b6ec0a3da,Understanding and Undoing Implicit Bias (Virtual ILT),12212,Analyze the current state of child welfare as it relates to racial disproportionality,5368,Agree
edb5ba64-df72-4ed3-bc0c-0a474d91ae15,Understanding and Undoing Implicit Bias (Virtual ILT),12212,"On a scale of 0-10, how likely is it that you would recommend this learning program to a colleague? (0 = Not at all likely, 10 = Extremely likely)",4505,7
edb5ba64-df72-4ed3-bc0c-0a474d91ae15,Understanding and Undoing Implicit Bias (Virtual ILT),12212,My supervisor met with me to discuss the relevance of this learning program to my current job.,4519,Yes
edb5ba64-df72-4ed3-bc0c-0a474d91ae15,Understanding and Undoing Implicit Bias (Virtual ILT),12212,"INSTRUCTOR.NAME maintained an effective pace through the agenda (discussion, activities, breaks, etc.).",5163,Strongly Agree
edb5ba64-df72-4ed3-bc0c-0a474d91ae15,Understanding and Undoing Implicit Bias (Virtual ILT),12212,INSTRUCTOR.NAME provided clear explanations of new concepts,5169,Strongly Agree
edb5ba64-df72-4ed3-bc0c-0a474d91ae15,Understanding and Undoing Implicit Bias (Virtual ILT),12212,INSTRUCTOR.NAME provided clear explanations of new concepts,5169,Strongly Agree
edb5ba64-df72-4ed3-bc0c-0a474d91ae15,Understanding and Undoing Implicit Bias (Virtual ILT),12212,INSTRUCTOR.NAME provided clear explanations of new concepts,5169,Strongly Agree
edb5ba64-df72-4ed3-bc0c-0a474d91ae15,Understanding and Undoing Implicit Bias (Virtual ILT),12212,INSTRUCTOR.NAME provided opportunities for questions and checked in for understanding,5175,Strongly Agree
edb5ba64-df72-4ed3-bc0c-0a474d91ae15,Understanding and Undoing Implicit Bias (Virtual ILT),12212,How satisfied are you with the online interaction you had with the facilitators?,5315,Satisfied
edb5ba64-df72-4ed3-bc0c-0a474d91ae15,Understanding and Undoing Implicit Bias (Virtual ILT),12212,Recall key implicit bias (IB) concepts and key points.,5362,Strongly Agree
677fdf4f-6ff7-49c8-8c1e-2dbf9d90df31,Understanding and Undoing Implicit Bias (Virtual ILT),12212,"Prior to today, I knew how this learning program was intended to impact my job performance.",4454,Agree
677fdf4f-6ff7-49c8-8c1e-2dbf9d90df31,Understanding and Undoing Implicit Bias (Virtual ILT),12212,"INSTRUCTOR.NAME maintained an effective pace through the agenda (discussion, activities, breaks, etc.).",5163,Agree
677fdf4f-6ff7-49c8-8c1e-2dbf9d90df31,Understanding and Undoing Implicit Bias (Virtual ILT),12212,"INSTRUCTOR.NAME maintained an effective pace through the agenda (discussion, activities, breaks, etc.).",5163,Agree
677fdf4f-6ff7-49c8-8c1e-2dbf9d90df31,Understanding and Undoing Implicit Bias (Virtual ILT),12212,How satisfied are you with taking this learning program in a virtual format?,5309,Satisfied
3a88b4e7-b59f-4920-a4ff-4fc737e8f605,Understanding and Undoing Implicit Bias (Virtual ILT),12212,"On a scale of 0-10, how likely is it that you would recommend this learning program to a colleague? (0 = Not at all likely, 10 = Extremely likely)",4505,10
3a88b4e7-b59f-4920-a4ff-4fc737e8f605,Understanding and Undoing Implicit Bias (Virtual ILT),12212,What could be done differently to improve your overall learning experience?,4517,
3a88b4e7-b59f-4920-a4ff-4fc737e8f605,Understanding and Undoing Implicit Bias (Virtual ILT),12212,"In a typical workweek, how often will you apply knowledge or skills from this learning program? (In percentage of time on the job)",4520,Almost Always (76-100% of the time)
3a88b4e7-b59f-4920-a4ff-4fc737e8f605,Understanding and Undoing Implicit Bias (Virtual ILT),12212,"INSTRUCTOR.NAME maintained an effective pace through the agenda (discussion, activities, breaks, etc.).",5163,Strongly Agree
3a88b4e7-b59f-4920-a4ff-4fc737e8f605,Understanding and Undoing Implicit Bias (Virtual ILT),12212,"INSTRUCTOR.NAME maintained an effective pace through the agenda (discussion, activities, breaks, etc.).",5163,Neutral
3a88b4e7-b59f-4920-a4ff-4fc737e8f605,Understanding and Undoing Implicit Bias (Virtual ILT),12212,INSTRUCTOR.NAME provided clear explanations of new concepts,5169,Strongly Agree
3a88b4e7-b59f-4920-a4ff-4fc737e8f605,Understanding and Undoing Implicit Bias (Virtual ILT),12212,INSTRUCTOR.NAME provided opportunities for questions and checked in for understanding,5175,Strongly Agree
3a88b4e7-b59f-4920-a4ff-4fc737e8f605,Understanding and Undoing Implicit Bias (Virtual ILT),12212,How satisfied are you with taking this learning program in a virtual format?,5309,Satisfied
3a88b4e7-b59f-4920-a4ff-4fc737e8f605,Understanding and Undoing Implicit Bias (Virtual ILT),12212,How satisfied are you with the online interaction you had with the facilitators?,5315,Satisfied
3a88b4e7-b59f-4920-a4ff-4fc737e8f605,Understanding and Undoing Implicit Bias (Virtual ILT),12212,Recall key implicit bias (IB) concepts and key points.,5362,Agree
5cf6da6f-9da8-4293-8a05-5defd303107d,Understanding and Undoing Implicit Bias (Virtual ILT),12212,The skills practice activities showed me how to use this learning on the job.,4460,Strongly Agree
5cf6da6f-9da8-4293-8a05-5defd303107d,Understanding and Undoing Implicit Bias (Virtual ILT),12212,How satisfied are you with the Workforce Institute registration notifications and reminders?,4484,Extremely Satisfied
5cf6da6f-9da8-4293-8a05-5defd303107d,Understanding and Undoing Implicit Bias (Virtual ILT),12212,How satisfied are you with the Cornerstone learning management system?,4491,Extremely Satisfied
5cf6da6f-9da8-4293-8a05-5defd303107d,Understanding and Undoing Implicit Bias (Virtual ILT),12212,INSTRUCTOR.NAME provided clear explanations of new concepts,5169,Strongly Agree
5cf6da6f-9da8-4293-8a05-5defd303107d,Understanding and Undoing Implicit Bias (Virtual ILT),12212,INSTRUCTOR.NAME provided opportunities for questions and checked in for understanding,5175,Strongly Agree
5cf6da6f-9da8-4293-8a05-5defd303107d,Understanding and Undoing Implicit Bias (Virtual ILT),12212,How satisfied are you with the online interaction you had with other learners in this program?,5321,Extremely Satisfied
5cf6da6f-9da8-4293-8a05-5defd303107d,Understanding and Undoing Implicit Bias (Virtual ILT),12212,Recall key implicit bias (IB) concepts and key points.,5362,Strongly Agree
c92a8d63-8bfe-42ee-ac7e-83e4912fcbd7,Understanding and Undoing Implicit Bias (Virtual ILT),12212,"On a scale of 0-10, how likely is it that you would recommend this learning program to a colleague? (0 = Not at all likely, 10 = Extremely likely)",4505,9
c92a8d63-8bfe-42ee-ac7e-83e4912fcbd7,Understanding and Undoing Implicit Bias (Virtual ILT),12212,My supervisor met with me to discuss the relevance of this learning program to my current job.,4519,Yes
c92a8d63-8bfe-42ee-ac7e-83e4912fcbd7,Understanding and Undoing Implicit Bias (Virtual ILT),12212,"INSTRUCTOR.NAME maintained an effective pace through the agenda (discussion, activities, breaks, etc.).",5163,Strongly Agree
c92a8d63-8bfe-42ee-ac7e-83e4912fcbd7,Understanding and Undoing Implicit Bias (Virtual ILT),12212,INSTRUCTOR.NAME provided clear explanations of new concepts,5169,Strongly Agree
c92a8d63-8bfe-42ee-ac7e-83e4912fcbd7,Understanding and Undoing Implicit Bias (Virtual ILT),12212,INSTRUCTOR.NAME provided clear explanations of new concepts,5169,Strongly Agree
c92a8d63-8bfe-42ee-ac7e-83e4912fcbd7,Understanding and Undoing Implicit Bias (Virtual ILT),12212,INSTRUCTOR.NAME provided clear explanations of new concepts,5169,Strongly Agree
c92a8d63-8bfe-42ee-ac7e-83e4912fcbd7,Understanding and Undoing Implicit Bias (Virtual ILT),12212,INSTRUCTOR.NAME provided opportunities for questions and checked in for understanding,5175,Agree
c92a8d63-8bfe-42ee-ac7e-83e4912fcbd7,Understanding and Undoing Implicit Bias (Virtual ILT),12212,How satisfied are you with the online interaction you had with the facilitators?,5315,Satisfied
c92a8d63-8bfe-42ee-ac7e-83e4912fcbd7,Understanding and Undoing Implicit Bias (Virtual ILT),12212,Recall key implicit bias (IB) concepts and key points.,5362,Strongly Agree
a11f30f5-a109-4b25-ad51-84cfea1406bf,Understanding and Undoing Implicit Bias (Virtual ILT),12212,What could be done differently to improve your overall learning experience?,4517,
a11f30f5-a109-4b25-ad51-84cfea1406bf,Understanding and Undoing Implicit Bias (Virtual ILT),12212,INSTRUCTOR.NAME provided clear explanations of new concepts,5169,Strongly Agree
a11f30f5-a109-4b25-ad51-84cfea1406bf,Understanding and Undoing Implicit Bias (Virtual ILT),12212,INSTRUCTOR.NAME provided clear explanations of new concepts,5169,
a11f30f5-a109-4b25-ad51-84cfea1406bf,Understanding and Undoing Implicit Bias (Virtual ILT),12212,Recall key implicit bias (IB) concepts and key points.,5362,Strongly Agree
a87e3e5e-d573-4908-9e54-8dec22ed5852,Understanding and Undoing Implicit Bias (Virtual ILT),12212,How satisfied are you with the Workforce Institute registration notifications and reminders?,4484,Satisfied
a87e3e5e-d573-4908-9e54-8dec22ed5852,Understanding and Undoing Implicit Bias (Virtual ILT),12212,How satisfied are you with the Cornerstone learning management system?,4491,Satisfied
a87e3e5e-d573-4908-9e54-8dec22ed5852,Understanding and Undoing Implicit Bias (Virtual ILT),12212,How satisfied are you with the Workforce Institute Help Desk (phone and/or email support)?,4498,Satisfied
a87e3e5e-d573-4908-9e54-8dec22ed5852,Understanding and Undoing Implicit Bias (Virtual ILT),12212,"On a scale of 0-10, how likely is it that you would recommend this learning program to a colleague? (0 = Not at all likely, 10 = Extremely likely)",4505,9
a87e3e5e-d573-4908-9e54-8dec22ed5852,Understanding and Undoing Implicit Bias (Virtual ILT),12212,Which other training topics or learning methods would support your job performance?,4526,
a87e3e5e-d573-4908-9e54-8dec22ed5852,Understanding and Undoing Implicit Bias (Virtual ILT),12212,I felt comfortable using the video conferencing platform to participate in this learning program.,5011,Agree
a87e3e5e-d573-4908-9e54-8dec22ed5852,Understanding and Undoing Implicit Bias (Virtual ILT),12212,INSTRUCTOR.NAME provided clear explanations of new concepts,5169,Agree
a87e3e5e-d573-4908-9e54-8dec22ed5852,Understanding and Undoing Implicit Bias (Virtual ILT),12212,INSTRUCTOR.NAME provided opportunities for questions and checked in for understanding,5175,Agree
a87e3e5e-d573-4908-9e54-8dec22ed5852,Understanding and Undoing Implicit Bias (Virtual ILT),12212,Recall key implicit bias (IB) concepts and key points.,5362,Agree
87d42e84-109c-47be-abc3-9609b7312b5f,Understanding and Undoing Implicit Bias (Virtual ILT),12212,The skills practice activities showed me how to use this learning on the job.,4460,Agree
87d42e84-109c-47be-abc3-9609b7312b5f,Understanding and Undoing Implicit Bias (Virtual ILT),12212,"The instructional aids (forms, case scenarios, etc.) are very similar to real things I use on the job.",4472,Agree
87d42e84-109c-47be-abc3-9609b7312b5f,Understanding and Undoing Implicit Bias (Virtual ILT),12212,How satisfied are you with the Workforce Institute registration notifications and reminders?,4484,Extremely Satisfied
87d42e84-109c-47be-abc3-9609b7312b5f,Understanding and Undoing Implicit Bias (Virtual ILT),12212,What could be done differently to improve your overall learning experience?,4517,"This course was quite long for one day. Perhaps two half days would be better. Honestly, I got frustrated in the first part of the class while we were still introducing ourselves. When I informed that I'm Mexican, another Latinx registrant wrote on the group chat for all to see that he was ""amazed"" that I was Mexican and ""never in a million dollars"" would he think this. He wrote he thought I looked Polish or European. While he wasn't intending to be offensive, I couldn't believe that the instructor (who was reading all of the comments aloud) didn't acknowledge that THIS was an example of a microaggression. If fact, he didn't read this comment, like he did all the others. He skipped it because he knew it was offensive. This could have been a great teaching opportunity about how to confront these awkward moments, too. Instead, it was ignored. The facilitators should identify and respond to moments of bias and/or microaggression in the class. Funny enough, when we were asked to write examples in the group chat of microaggression, another Mexican woman in the class wrote (under the comment about me looking European, ""You don't even look Mexican."" I felt like she had my back in that moment, but since none of us know each other well, I didn't feel comfortable confronting the other attendee about his comment."
87d42e84-109c-47be-abc3-9609b7312b5f,Understanding and Undoing Implicit Bias (Virtual ILT),12212,My supervisor met with me to discuss the relevance of this learning program to my current job.,4519,Yes
87d42e84-109c-47be-abc3-9609b7312b5f,Understanding and Undoing Implicit Bias (Virtual ILT),12212,"In a typical workweek, how often will you apply knowledge or skills from this learning program? (In percentage of time on the job)",4520,Almost Always (76-100% of the time)
87d42e84-109c-47be-abc3-9609b7312b5f,Understanding and Undoing Implicit Bias (Virtual ILT),12212,I felt comfortable using the video conferencing platform to participate in this learning program.,5011,Agree
87d42e84-109c-47be-abc3-9609b7312b5f,Understanding and Undoing Implicit Bias (Virtual ILT),12212,INSTRUCTOR.NAME provided clear explanations of new concepts,5169,Neutral
87d42e84-109c-47be-abc3-9609b7312b5f,Understanding and Undoing Implicit Bias (Virtual ILT),12212,How satisfied are you with the online interaction you had with the facilitators?,5315,Neutral
87d42e84-109c-47be-abc3-9609b7312b5f,Understanding and Undoing Implicit Bias (Virtual ILT),12212,How satisfied are you with the online interaction you had with other learners in this program?,5321,Neutral
87d42e84-109c-47be-abc3-9609b7312b5f,Understanding and Undoing Implicit Bias (Virtual ILT),12212,"Draw connections between internalized oppression and trauma and their influence on institutional racism, structural inequity, and implicit bias",5374,Agree
4fc868a5-9190-4a93-a9ef-97bad4c7b234,Understanding and Undoing Implicit Bias (Virtual ILT),12212,I believe this learning program will help me do my current job better.,4478,Agree
4fc868a5-9190-4a93-a9ef-97bad4c7b234,Understanding and Undoing Implicit Bias (Virtual ILT),12212,"INSTRUCTOR.NAME maintained an effective pace through the agenda (discussion, activities, breaks, etc.).",5163,Agree
4fc868a5-9190-4a93-a9ef-97bad4c7b234,Understanding and Undoing Implicit Bias (Virtual ILT),12212,"INSTRUCTOR.NAME maintained an effective pace through the agenda (discussion, activities, breaks, etc.).",5163,Agree
4fc868a5-9190-4a93-a9ef-97bad4c7b234,Understanding and Undoing Implicit Bias (Virtual ILT),12212,"INSTRUCTOR.NAME maintained an effective pace through the agenda (discussion, activities, breaks, etc.).",5163,Agree
4fc868a5-9190-4a93-a9ef-97bad4c7b234,Understanding and Undoing Implicit Bias (Virtual ILT),12212,INSTRUCTOR.NAME provided opportunities for questions and checked in for understanding,5175,Agree
4fc868a5-9190-4a93-a9ef-97bad4c7b234,Understanding and Undoing Implicit Bias (Virtual ILT),12212,How satisfied are you with the online interaction you had with the facilitators?,5315,Satisfied
75f562c2-dd56-4d4e-b92d-ae6db2a02c64,Understanding and Undoing Implicit Bias (Virtual ILT),12212,"Prior to today, I knew how this learning program was intended to impact my job performance.",4454,Agree
75f562c2-dd56-4d4e-b92d-ae6db2a02c64,Understanding and Undoing Implicit Bias (Virtual ILT),12212,How satisfied are you with the Workforce Institute registration notifications and reminders?,4484,Extremely Satisfied
75f562c2-dd56-4d4e-b92d-ae6db2a02c64,Understanding and Undoing Implicit Bias (Virtual ILT),12212,What could be done differently to improve your overall learning experience?,4517,"I Cannot think of any at this time.... Wait.  Maybe to spend a bit  more time about the concept/word/consequences/roots/barriers created by the action/inaction of the word ""Inclusion/Exclusion"" as it relates to ACS promotional opportunities in the office, after evaluating and counting the total number of employees by race/nationality/ethnicity/gender  employees in ACS."
75f562c2-dd56-4d4e-b92d-ae6db2a02c64,Understanding and Undoing Implicit Bias (Virtual ILT),12212,My supervisor met with me to discuss the relevance of this learning program to my current job.,4519,No
75f562c2-dd56-4d4e-b92d-ae6db2a02c64,Understanding and Undoing Implicit Bias (Virtual ILT),12212,"INSTRUCTOR.NAME maintained an effective pace through the agenda (discussion, activities, breaks, etc.).",5163,Strongly Agree
75f562c2-dd56-4d4e-b92d-ae6db2a02c64,Understanding and Undoing Implicit Bias (Virtual ILT),12212,"INSTRUCTOR.NAME maintained an effective pace through the agenda (discussion, activities, breaks, etc.).",5163,Strongly Agree
75f562c2-dd56-4d4e-b92d-ae6db2a02c64,Understanding and Undoing Implicit Bias (Virtual ILT),12212,INSTRUCTOR.NAME provided clear explanations of new concepts,5169,Strongly Agree
75f562c2-dd56-4d4e-b92d-ae6db2a02c64,Understanding and Undoing Implicit Bias (Virtual ILT),12212,How satisfied are you with the online interaction you had with the facilitators?,5315,Extremely Satisfied
75f562c2-dd56-4d4e-b92d-ae6db2a02c64,Understanding and Undoing Implicit Bias (Virtual ILT),12212,How satisfied are you with the online interaction you had with other learners in this program?,5321,Extremely Satisfied
8d71e38f-2f8a-4a16-ae00-d41372960e33,Understanding and Undoing Implicit Bias (Virtual ILT),12212,I believe this learning program will help me do my current job better.,4478,Agree
8d71e38f-2f8a-4a16-ae00-d41372960e33,Understanding and Undoing Implicit Bias (Virtual ILT),12212,How satisfied are you with the Workforce Institute Help Desk (phone and/or email support)?,4498,Neutral
8d71e38f-2f8a-4a16-ae00-d41372960e33,Understanding and Undoing Implicit Bias (Virtual ILT),12212,My supervisor met with me to discuss the relevance of this learning program to my current job.,4519,No
8d71e38f-2f8a-4a16-ae00-d41372960e33,Understanding and Undoing Implicit Bias (Virtual ILT),12212,Which other training topics or learning methods would support your job performance?,4526,
8d71e38f-2f8a-4a16-ae00-d41372960e33,Understanding and Undoing Implicit Bias (Virtual ILT),12212,"INSTRUCTOR.NAME maintained an effective pace through the agenda (discussion, activities, breaks, etc.).",5163,Agree
8d71e38f-2f8a-4a16-ae00-d41372960e33,Understanding and Undoing Implicit Bias (Virtual ILT),12212,Recall key implicit bias (IB) concepts and key points.,5362,Agree
3decbfd4-1d8b-4f29-a390-e3cc1546a95b,Understanding and Undoing Implicit Bias (Virtual ILT),12212,I believe this learning program will help me do my current job better.,4478,Strongly Agree
3decbfd4-1d8b-4f29-a390-e3cc1546a95b,Understanding and Undoing Implicit Bias (Virtual ILT),12212,How satisfied are you with the Workforce Institute registration notifications and reminders?,4484,Satisfied
3decbfd4-1d8b-4f29-a390-e3cc1546a95b,Understanding and Undoing Implicit Bias (Virtual ILT),12212,How satisfied are you with the Cornerstone learning management system?,4491,Satisfied
3decbfd4-1d8b-4f29-a390-e3cc1546a95b,Understanding and Undoing Implicit Bias (Virtual ILT),12212,What could be done differently to improve your overall learning experience?,4517,
3decbfd4-1d8b-4f29-a390-e3cc1546a95b,Understanding and Undoing Implicit Bias (Virtual ILT),12212,I felt comfortable using the video conferencing platform to participate in this learning program.,5011,Strongly Agree
3decbfd4-1d8b-4f29-a390-e3cc1546a95b,Understanding and Undoing Implicit Bias (Virtual ILT),12212,INSTRUCTOR.NAME provided opportunities for questions and checked in for understanding,5175,Strongly Agree
3decbfd4-1d8b-4f29-a390-e3cc1546a95b,Understanding and Undoing Implicit Bias (Virtual ILT),12212,How satisfied are you with the online interaction you had with other learners in this program?,5321,Satisfied
3decbfd4-1d8b-4f29-a390-e3cc1546a95b,Understanding and Undoing Implicit Bias (Virtual ILT),12212,"Draw connections between internalized oppression and trauma and their influence on institutional racism, structural inequity, and implicit bias",5374,Strongly Agree
b6b8648d-39fa-46a3-a069-e631f9d14be6,Understanding and Undoing Implicit Bias (Virtual ILT),12212,"The instructional aids (forms, case scenarios, etc.) are very similar to real things I use on the job.",4472,Agree
b6b8648d-39fa-46a3-a069-e631f9d14be6,Understanding and Undoing Implicit Bias (Virtual ILT),12212,How satisfied are you with the Workforce Institute Help Desk (phone and/or email support)?,4498,Satisfied
b6b8648d-39fa-46a3-a069-e631f9d14be6,Understanding and Undoing Implicit Bias (Virtual ILT),12212,"On a scale of 0-10, how likely is it that you would recommend this learning program to a colleague? (0 = Not at all likely, 10 = Extremely likely)",4505,3
b6b8648d-39fa-46a3-a069-e631f9d14be6,Understanding and Undoing Implicit Bias (Virtual ILT),12212,My supervisor met with me to discuss the relevance of this learning program to my current job.,4519,Yes
b6b8648d-39fa-46a3-a069-e631f9d14be6,Understanding and Undoing Implicit Bias (Virtual ILT),12212,"Draw connections between internalized oppression and trauma and their influence on institutional racism, structural inequity, and implicit bias",5374,Agree
bb840887-d1a4-45e0-9424-e7d701c50802,Understanding and Undoing Implicit Bias (Virtual ILT),12212,"Prior to today, I knew how this learning program was intended to impact my job performance.",4454,Agree
bb840887-d1a4-45e0-9424-e7d701c50802,Understanding and Undoing Implicit Bias (Virtual ILT),12212,The skills practice activities showed me how to use this learning on the job.,4460,Agree
bb840887-d1a4-45e0-9424-e7d701c50802,Understanding and Undoing Implicit Bias (Virtual ILT),12212,I believe this learning program will help me do my current job better.,4478,Agree
bb840887-d1a4-45e0-9424-e7d701c50802,Understanding and Undoing Implicit Bias (Virtual ILT),12212,Which other training topics or learning methods would support your job performance?,4526,A module/section on applying these principles to supervision/managing staff would be great!
bb840887-d1a4-45e0-9424-e7d701c50802,Understanding and Undoing Implicit Bias (Virtual ILT),12212,"INSTRUCTOR.NAME maintained an effective pace through the agenda (discussion, activities, breaks, etc.).",5163,Agree
bb840887-d1a4-45e0-9424-e7d701c50802,Understanding and Undoing Implicit Bias (Virtual ILT),12212,INSTRUCTOR.NAME provided clear explanations of new concepts,5169,Agree
bb840887-d1a4-45e0-9424-e7d701c50802,Understanding and Undoing Implicit Bias (Virtual ILT),12212,INSTRUCTOR.NAME provided opportunities for questions and checked in for understanding,5175,Agree
bb840887-d1a4-45e0-9424-e7d701c50802,Understanding and Undoing Implicit Bias (Virtual ILT),12212,How satisfied are you with the online interaction you had with the facilitators?,5315,Satisfied
a7527387-8d22-45fd-b0f7-ffb6bd305f4a,Understanding and Undoing Implicit Bias (Virtual ILT),12212,"Prior to today, I knew how this learning program was intended to impact my job performance.",4454,Strongly Agree
a7527387-8d22-45fd-b0f7-ffb6bd305f4a,Understanding and Undoing Implicit Bias (Virtual ILT),12212,The skills practice activities showed me how to use this learning on the job.,4460,Strongly Agree
a7527387-8d22-45fd-b0f7-ffb6bd305f4a,Understanding and Undoing Implicit Bias (Virtual ILT),12212,"The instructional aids (forms, case scenarios, etc.) are very similar to real things I use on the job.",4472,Strongly Agree
a7527387-8d22-45fd-b0f7-ffb6bd305f4a,Understanding and Undoing Implicit Bias (Virtual ILT),12212,How satisfied are you with the Workforce Institute registration notifications and reminders?,4484,Extremely Satisfied
a7527387-8d22-45fd-b0f7-ffb6bd305f4a,Understanding and Undoing Implicit Bias (Virtual ILT),12212,How satisfied are you with the Workforce Institute Help Desk (phone and/or email support)?,4498,N/A (did not access)
a7527387-8d22-45fd-b0f7-ffb6bd305f4a,Understanding and Undoing Implicit Bias (Virtual ILT),12212,INSTRUCTOR.NAME provided clear explanations of new concepts,5169,Strongly Agree
a7527387-8d22-45fd-b0f7-ffb6bd305f4a,Understanding and Undoing Implicit Bias (Virtual ILT),12212,INSTRUCTOR.NAME provided opportunities for questions and checked in for understanding,5175,Strongly Agree
a7527387-8d22-45fd-b0f7-ffb6bd305f4a,Understanding and Undoing Implicit Bias (Virtual ILT),12212,How satisfied are you with the online interaction you had with other learners in this program?,5321,
a7527387-8d22-45fd-b0f7-ffb6bd305f4a,Understanding and Undoing Implicit Bias (Virtual ILT),12212,"Draw connections between internalized oppression and trauma and their influence on institutional racism, structural inequity, and implicit bias",5374,Strongly Agree
a7527387-8d22-45fd-b0f7-ffb6bd305f4a,Understanding and Undoing Implicit Bias (Virtual ILT),12212,Apply debiasing strategies to undo individual implicit bias,5380,Strongly Agree
9ab7ce47-be4a-4858-b253-05f8226411f7,Understanding and Undoing Implicit Bias (Virtual ILT),12211,The skills practice activities showed me how to use this learning on the job.,4460,Agree
9ab7ce47-be4a-4858-b253-05f8226411f7,Understanding and Undoing Implicit Bias (Virtual ILT),12211,How satisfied are you with the Cornerstone learning management system?,4491,Satisfied
9ab7ce47-be4a-4858-b253-05f8226411f7,Understanding and Undoing Implicit Bias (Virtual ILT),12211,My supervisor met with me to discuss the relevance of this learning program to my current job.,4519,No
9ab7ce47-be4a-4858-b253-05f8226411f7,Understanding and Undoing Implicit Bias (Virtual ILT),12211,INSTRUCTOR.NAME provided clear explanations of new concepts,5169,
9ab7ce47-be4a-4858-b253-05f8226411f7,Understanding and Undoing Implicit Bias (Virtual ILT),12211,INSTRUCTOR.NAME provided opportunities for questions and checked in for understanding,5175,
9ab7ce47-be4a-4858-b253-05f8226411f7,Understanding and Undoing Implicit Bias (Virtual ILT),12211,How satisfied are you with taking this learning program in a virtual format?,5309,Extremely Satisfied
9ab7ce47-be4a-4858-b253-05f8226411f7,Understanding and Undoing Implicit Bias (Virtual ILT),12211,How satisfied are you with the online interaction you had with the facilitators?,5315,Satisfied
9ab7ce47-be4a-4858-b253-05f8226411f7,Understanding and Undoing Implicit Bias (Virtual ILT),12211,"Draw connections between internalized oppression and trauma and their influence on institutional racism, structural inequity, and implicit bias",5374,Agree
ce7fec69-4452-4295-a453-08dcef42e835,Understanding and Undoing Implicit Bias (Virtual ILT),12211,I believe this learning program will help me do my current job better.,4478,Agree
ce7fec69-4452-4295-a453-08dcef42e835,Understanding and Undoing Implicit Bias (Virtual ILT),12211,How satisfied are you with the Workforce Institute registration notifications and reminders?,4484,Satisfied
ce7fec69-4452-4295-a453-08dcef42e835,Understanding and Undoing Implicit Bias (Virtual ILT),12211,INSTRUCTOR.NAME provided clear explanations of new concepts,5169,Agree
ea692674-777a-46ac-8b73-6823bf109579,Understanding and Undoing Implicit Bias (Virtual ILT),12211,"The instructional aids (forms, case scenarios, etc.) are very similar to real things I use on the job.",4472,Strongly Agree
ea692674-777a-46ac-8b73-6823bf109579,Understanding and Undoing Implicit Bias (Virtual ILT),12211,I believe this learning program will help me do my current job better.,4478,Strongly Agree
ea692674-777a-46ac-8b73-6823bf109579,Understanding and Undoing Implicit Bias (Virtual ILT),12211,How satisfied are you with the Workforce Institute registration notifications and reminders?,4484,Extremely Satisfied
ea692674-777a-46ac-8b73-6823bf109579,Understanding and Undoing Implicit Bias (Virtual ILT),12211,I felt comfortable using the video conferencing platform to participate in this learning program.,5011,Strongly Agree
ea692674-777a-46ac-8b73-6823bf109579,Understanding and Undoing Implicit Bias (Virtual ILT),12211,Apply debiasing strategies to undo individual implicit bias,5380,Strongly Agree
c3af0fb6-e7e3-433e-98a1-7fcc354e6282,Understanding and Undoing Implicit Bias (Virtual ILT),12211,"The instructional aids (forms, case scenarios, etc.) are very similar to real things I use on the job.",4472,Strongly Agree
c3af0fb6-e7e3-433e-98a1-7fcc354e6282,Understanding and Undoing Implicit Bias (Virtual ILT),12211,How satisfied are you with the Cornerstone learning management system?,4491,Extremely Satisfied
c3af0fb6-e7e3-433e-98a1-7fcc354e6282,Understanding and Undoing Implicit Bias (Virtual ILT),12211,What could be done differently to improve your overall learning experience?,4517,n
c3af0fb6-e7e3-433e-98a1-7fcc354e6282,Understanding and Undoing Implicit Bias (Virtual ILT),12211,My supervisor met with me to discuss the relevance of this learning program to my current job.,4519,Yes
c3af0fb6-e7e3-433e-98a1-7fcc354e6282,Understanding and Undoing Implicit Bias (Virtual ILT),12211,"In a typical workweek, how often will you apply knowledge or skills from this learning program? (In percentage of time on the job)",4520,Almost Always (76-100% of the time)
c3af0fb6-e7e3-433e-98a1-7fcc354e6282,Understanding and Undoing Implicit Bias (Virtual ILT),12211,INSTRUCTOR.NAME provided clear explanations of new concepts,5169,Strongly Agree
c3af0fb6-e7e3-433e-98a1-7fcc354e6282,Understanding and Undoing Implicit Bias (Virtual ILT),12211,Recall key implicit bias (IB) concepts and key points.,5362,Strongly Agree
c3af0fb6-e7e3-433e-98a1-7fcc354e6282,Understanding and Undoing Implicit Bias (Virtual ILT),12211,Apply debiasing strategies to undo individual implicit bias,5380,Strongly Agree
0829ec1d-2038-4658-89b0-7fda756d9741,Understanding and Undoing Implicit Bias (Virtual ILT),12211,I believe this learning program will help me do my current job better.,4478,Agree
0829ec1d-2038-4658-89b0-7fda756d9741,Understanding and Undoing Implicit Bias (Virtual ILT),12211,How satisfied are you with the Cornerstone learning management system?,4491,Satisfied
0829ec1d-2038-4658-89b0-7fda756d9741,Understanding and Undoing Implicit Bias (Virtual ILT),12211,Which other training topics or learning methods would support your job performance?,4526,
0829ec1d-2038-4658-89b0-7fda756d9741,Understanding and Undoing Implicit Bias (Virtual ILT),12211,INSTRUCTOR.NAME provided opportunities for questions and checked in for understanding,5175,Agree
0829ec1d-2038-4658-89b0-7fda756d9741,Understanding and Undoing Implicit Bias (Virtual ILT),12211,How satisfied are you with taking this learning program in a virtual format?,5309,Satisfied
0829ec1d-2038-4658-89b0-7fda756d9741,Understanding and Undoing Implicit Bias (Virtual ILT),12211,Apply debiasing strategies to undo individual implicit bias,5380,Agree
fd0d1d11-6083-4b1c-93e0-8ccfb67cfa98,Understanding and Undoing Implicit Bias (Virtual ILT),12211,How satisfied are you with the Cornerstone learning management system?,4491,Extremely Satisfied
fd0d1d11-6083-4b1c-93e0-8ccfb67cfa98,Understanding and Undoing Implicit Bias (Virtual ILT),12211,How satisfied are you with taking this learning program in a virtual format?,5309,Satisfied
6add3f3a-2cf4-4913-ac23-8f29439009c7,Understanding and Undoing Implicit Bias (Virtual ILT),12211,"Prior to today, I knew how this learning program was intended to impact my job performance.",4454,Agree
6add3f3a-2cf4-4913-ac23-8f29439009c7,Understanding and Undoing Implicit Bias (Virtual ILT),12211,How satisfied are you with the Workforce Institute registration notifications and reminders?,4484,Neutral
6add3f3a-2cf4-4913-ac23-8f29439009c7,Understanding and Undoing Implicit Bias (Virtual ILT),12211,How satisfied are you with the Cornerstone learning management system?,4491,Satisfied
6add3f3a-2cf4-4913-ac23-8f29439009c7,Understanding and Undoing Implicit Bias (Virtual ILT),12211,"In a typical workweek, how often will you apply knowledge or skills from this learning program? (In percentage of time on the job)",4520,Very Often (51-75% of the time)
6add3f3a-2cf4-4913-ac23-8f29439009c7,Understanding and Undoing Implicit Bias (Virtual ILT),12211,"INSTRUCTOR.NAME maintained an effective pace through the agenda (discussion, activities, breaks, etc.).",5163,Strongly Agree
6add3f3a-2cf4-4913-ac23-8f29439009c7,Understanding and Undoing Implicit Bias (Virtual ILT),12211,INSTRUCTOR.NAME provided opportunities for questions and checked in for understanding,5175,Strongly Agree
6add3f3a-2cf4-4913-ac23-8f29439009c7,Understanding and Undoing Implicit Bias (Virtual ILT),12211,INSTRUCTOR.NAME provided opportunities for questions and checked in for understanding,5175,Strongly Agree
6add3f3a-2cf4-4913-ac23-8f29439009c7,Understanding and Undoing Implicit Bias (Virtual ILT),12211,How satisfied are you with the online interaction you had with the facilitators?,5315,Satisfied
6add3f3a-2cf4-4913-ac23-8f29439009c7,Understanding and Undoing Implicit Bias (Virtual ILT),12211,Analyze the current state of child welfare as it relates to racial disproportionality,5368,Strongly Agree
6add3f3a-2cf4-4913-ac23-8f29439009c7,Understanding and Undoing Implicit Bias (Virtual ILT),12211,"Draw connections between internalized oppression and trauma and their influence on institutional racism, structural inequity, and implicit bias",5374,Strongly Agree
db8b278c-f21a-431d-bf59-c2faca46b159,Understanding and Undoing Implicit Bias (Virtual ILT),12211,How satisfied are you with the Cornerstone learning management system?,4491,Neutral
db8b278c-f21a-431d-bf59-c2faca46b159,Understanding and Undoing Implicit Bias (Virtual ILT),12211,How satisfied are you with the online interaction you had with other learners in this program?,5321,Neutral
892928ee-4632-4b14-80b3-c4dcbc8f6e20,Understanding and Undoing Implicit Bias (Virtual ILT),12211,"The instructional aids (forms, case scenarios, etc.) are very similar to real things I use on the job.",4472,Neutral
892928ee-4632-4b14-80b3-c4dcbc8f6e20,Understanding and Undoing Implicit Bias (Virtual ILT),12211,I believe this learning program will help me do my current job better.,4478,Neutral
892928ee-4632-4b14-80b3-c4dcbc8f6e20,Understanding and Undoing Implicit Bias (Virtual ILT),12211,How satisfied are you with taking this learning program in a virtual format?,5309,Neutral
892928ee-4632-4b14-80b3-c4dcbc8f6e20,Understanding and Undoing Implicit Bias (Virtual ILT),12211,How satisfied are you with the online interaction you had with other learners in this program?,5321,Neutral
892928ee-4632-4b14-80b3-c4dcbc8f6e20,Understanding and Undoing Implicit Bias (Virtual ILT),12211,Recall key implicit bias (IB) concepts and key points.,5362,Neutral
89cdcd57-097d-48c2-a9b7-c927f4252d61,Understanding and Undoing Implicit Bias (Virtual ILT),12211,"The instructional aids (forms, case scenarios, etc.) are very similar to real things I use on the job.",4472,Strongly Agree
89cdcd57-097d-48c2-a9b7-c927f4252d61,Understanding and Undoing Implicit Bias (Virtual ILT),12211,What could be done differently to improve your overall learning experience?,4517,Nothing. Everything was wonderful.
89cdcd57-097d-48c2-a9b7-c927f4252d61,Understanding and Undoing Implicit Bias (Virtual ILT),12211,My supervisor met with me to discuss the relevance of this learning program to my current job.,4519,No
89cdcd57-097d-48c2-a9b7-c927f4252d61,Understanding and Undoing Implicit Bias (Virtual ILT),12211,I felt comfortable using the video conferencing platform to participate in this learning program.,5011,Strongly Agree
89cdcd57-097d-48c2-a9b7-c927f4252d61,Understanding and Undoing Implicit Bias (Virtual ILT),12211,INSTRUCTOR.NAME provided clear explanations of new concepts,5169,Strongly Agree
89cdcd57-097d-48c2-a9b7-c927f4252d61,Understanding and Undoing Implicit Bias (Virtual ILT),12211,INSTRUCTOR.NAME provided clear explanations of new concepts,5169,Strongly Agree
89cdcd57-097d-48c2-a9b7-c927f4252d61,Understanding and Undoing Implicit Bias (Virtual ILT),12211,INSTRUCTOR.NAME provided opportunities for questions and checked in for understanding,5175,Strongly Agree
89cdcd57-097d-48c2-a9b7-c927f4252d61,Understanding and Undoing Implicit Bias (Virtual ILT),12211,INSTRUCTOR.NAME provided opportunities for questions and checked in for understanding,5175,Strongly Agree
89cdcd57-097d-48c2-a9b7-c927f4252d61,Understanding and Undoing Implicit Bias (Virtual ILT),12211,How satisfied are you with the online interaction you had with other learners in this program?,5321,Extremely Satisfied
89cdcd57-097d-48c2-a9b7-c927f4252d61,Understanding and Undoing Implicit Bias (Virtual ILT),12211,Recall key implicit bias (IB) concepts and key points.,5362,Strongly Agree
89cdcd57-097d-48c2-a9b7-c927f4252d61,Understanding and Undoing Implicit Bias (Virtual ILT),12211,Analyze the current state of child welfare as it relates to racial disproportionality,5368,Strongly Agree
89cdcd57-097d-48c2-a9b7-c927f4252d61,Understanding and Undoing Implicit Bias (Virtual ILT),12211,"Draw connections between internalized oppression and trauma and their influence on institutional racism, structural inequity, and implicit bias",5374,Strongly Agree
bca62d4e-a3ac-473f-9142-cda9122255f2,Understanding and Undoing Implicit Bias (Virtual ILT),12211,"Prior to today, I knew how this learning program was intended to impact my job performance.",4454,Agree
bca62d4e-a3ac-473f-9142-cda9122255f2,Understanding and Undoing Implicit Bias (Virtual ILT),12211,The skills practice activities showed me how to use this learning on the job.,4460,Strongly Agree
bca62d4e-a3ac-473f-9142-cda9122255f2,Understanding and Undoing Implicit Bias (Virtual ILT),12211,I believe this learning program will help me do my current job better.,4478,Strongly Agree
bca62d4e-a3ac-473f-9142-cda9122255f2,Understanding and Undoing Implicit Bias (Virtual ILT),12211,How satisfied are you with the Workforce Institute registration notifications and reminders?,4484,Satisfied
bca62d4e-a3ac-473f-9142-cda9122255f2,Understanding and Undoing Implicit Bias (Virtual ILT),12211,Which other training topics or learning methods would support your job performance?,4526,
bca62d4e-a3ac-473f-9142-cda9122255f2,Understanding and Undoing Implicit Bias (Virtual ILT),12211,"INSTRUCTOR.NAME maintained an effective pace through the agenda (discussion, activities, breaks, etc.).",5163,Strongly Agree
bca62d4e-a3ac-473f-9142-cda9122255f2,Understanding and Undoing Implicit Bias (Virtual ILT),12211,INSTRUCTOR.NAME provided clear explanations of new concepts,5169,Strongly Agree
bca62d4e-a3ac-473f-9142-cda9122255f2,Understanding and Undoing Implicit Bias (Virtual ILT),12211,Apply debiasing strategies to undo individual implicit bias,5380,Strongly Agree
9dea86c0-cde2-462d-875a-db33d4e3cbc7,Understanding and Undoing Implicit Bias (Virtual ILT),12211,How satisfied are you with the Cornerstone learning management system?,4491,Neutral
9dea86c0-cde2-462d-875a-db33d4e3cbc7,Understanding and Undoing Implicit Bias (Virtual ILT),12211,How satisfied are you with the Workforce Institute Help Desk (phone and/or email support)?,4498,Neutral
9dea86c0-cde2-462d-875a-db33d4e3cbc7,Understanding and Undoing Implicit Bias (Virtual ILT),12211,Which other training topics or learning methods would support your job performance?,4526,
9dea86c0-cde2-462d-875a-db33d4e3cbc7,Understanding and Undoing Implicit Bias (Virtual ILT),12211,I felt comfortable using the video conferencing platform to participate in this learning program.,5011,Strongly Agree
9dea86c0-cde2-462d-875a-db33d4e3cbc7,Understanding and Undoing Implicit Bias (Virtual ILT),12211,"INSTRUCTOR.NAME maintained an effective pace through the agenda (discussion, activities, breaks, etc.).",5163,Agree
9dea86c0-cde2-462d-875a-db33d4e3cbc7,Understanding and Undoing Implicit Bias (Virtual ILT),12211,"INSTRUCTOR.NAME maintained an effective pace through the agenda (discussion, activities, breaks, etc.).",5163,Agree
9dea86c0-cde2-462d-875a-db33d4e3cbc7,Understanding and Undoing Implicit Bias (Virtual ILT),12211,INSTRUCTOR.NAME provided clear explanations of new concepts,5169,Agree
9dea86c0-cde2-462d-875a-db33d4e3cbc7,Understanding and Undoing Implicit Bias (Virtual ILT),12211,INSTRUCTOR.NAME provided opportunities for questions and checked in for understanding,5175,Agree
9dea86c0-cde2-462d-875a-db33d4e3cbc7,Understanding and Undoing Implicit Bias (Virtual ILT),12211,How satisfied are you with taking this learning program in a virtual format?,5309,Neutral
9dea86c0-cde2-462d-875a-db33d4e3cbc7,Understanding and Undoing Implicit Bias (Virtual ILT),12211,How satisfied are you with the online interaction you had with the facilitators?,5315,Neutral
0bbf9ca5-032a-4cc3-840d-ddea598a037b,Understanding and Undoing Implicit Bias (Virtual ILT),12211,"Prior to today, I knew how this learning program was intended to impact my job performance.",4454,Agree
0bbf9ca5-032a-4cc3-840d-ddea598a037b,Understanding and Undoing Implicit Bias (Virtual ILT),12211,How satisfied are you with the Workforce Institute registration notifications and reminders?,4484,Extremely Satisfied
0bbf9ca5-032a-4cc3-840d-ddea598a037b,Understanding and Undoing Implicit Bias (Virtual ILT),12211,"In a typical workweek, how often will you apply knowledge or skills from this learning program? (In percentage of time on the job)",4520,Sometimes (1-25% of the time)
0bbf9ca5-032a-4cc3-840d-ddea598a037b,Understanding and Undoing Implicit Bias (Virtual ILT),12211,"INSTRUCTOR.NAME maintained an effective pace through the agenda (discussion, activities, breaks, etc.).",5163,Agree
0bbf9ca5-032a-4cc3-840d-ddea598a037b,Understanding and Undoing Implicit Bias (Virtual ILT),12211,"INSTRUCTOR.NAME maintained an effective pace through the agenda (discussion, activities, breaks, etc.).",5163,Agree
0bbf9ca5-032a-4cc3-840d-ddea598a037b,Understanding and Undoing Implicit Bias (Virtual ILT),12211,INSTRUCTOR.NAME provided opportunities for questions and checked in for understanding,5175,Agree
0bbf9ca5-032a-4cc3-840d-ddea598a037b,Understanding and Undoing Implicit Bias (Virtual ILT),12211,INSTRUCTOR.NAME provided opportunities for questions and checked in for understanding,5175,Agree
0bbf9ca5-032a-4cc3-840d-ddea598a037b,Understanding and Undoing Implicit Bias (Virtual ILT),12211,How satisfied are you with the online interaction you had with the facilitators?,5315,Extremely Satisfied
0bbf9ca5-032a-4cc3-840d-ddea598a037b,Understanding and Undoing Implicit Bias (Virtual ILT),12211,Apply debiasing strategies to undo individual implicit bias,5380,Agree
9d5c6b8f-c751-4fbf-9cf6-ee9ed13a2a7f,Understanding and Undoing Implicit Bias (Virtual ILT),12211,I believe this learning program will help me do my current job better.,4478,Strongly Agree
9d5c6b8f-c751-4fbf-9cf6-ee9ed13a2a7f,Understanding and Undoing Implicit Bias (Virtual ILT),12211,How satisfied are you with the Workforce Institute Help Desk (phone and/or email support)?,4498,N/A (did not access)
9d5c6b8f-c751-4fbf-9cf6-ee9ed13a2a7f,Understanding and Undoing Implicit Bias (Virtual ILT),12211,"On a scale of 0-10, how likely is it that you would recommend this learning program to a colleague? (0 = Not at all likely, 10 = Extremely likely)",4505,10
9d5c6b8f-c751-4fbf-9cf6-ee9ed13a2a7f,Understanding and Undoing Implicit Bias (Virtual ILT),12211,Which other training topics or learning methods would support your job performance?,4526,
9d5c6b8f-c751-4fbf-9cf6-ee9ed13a2a7f,Understanding and Undoing Implicit Bias (Virtual ILT),12211,INSTRUCTOR.NAME provided opportunities for questions and checked in for understanding,5175,Strongly Agree
9d5c6b8f-c751-4fbf-9cf6-ee9ed13a2a7f,Understanding and Undoing Implicit Bias (Virtual ILT),12211,Apply debiasing strategies to undo individual implicit bias,5380,Strongly Agree
96986cee-22a5-4d71-b4ca-f0d50eaec290,Understanding and Undoing Implicit Bias (Virtual ILT),12211,"Prior to today, I knew how this learning program was intended to impact my job performance.",4454,Strongly Agree
96986cee-22a5-4d71-b4ca-f0d50eaec290,Understanding and Undoing Implicit Bias (Virtual ILT),12211,"On a scale of 0-10, how likely is it that you would recommend this learning program to a colleague? (0 = Not at all likely, 10 = Extremely likely)",4505,10
96986cee-22a5-4d71-b4ca-f0d50eaec290,Understanding and Undoing Implicit Bias (Virtual ILT),12211,I felt comfortable using the video conferencing platform to participate in this learning program.,5011,Strongly Agree
96986cee-22a5-4d71-b4ca-f0d50eaec290,Understanding and Undoing Implicit Bias (Virtual ILT),12211,"INSTRUCTOR.NAME maintained an effective pace through the agenda (discussion, activities, breaks, etc.).",5163,Strongly Agree
96986cee-22a5-4d71-b4ca-f0d50eaec290,Understanding and Undoing Implicit Bias (Virtual ILT),12211,INSTRUCTOR.NAME provided clear explanations of new concepts,5169,Strongly Agree
96986cee-22a5-4d71-b4ca-f0d50eaec290,Understanding and Undoing Implicit Bias (Virtual ILT),12211,INSTRUCTOR.NAME provided opportunities for questions and checked in for understanding,5175,Strongly Agree
96986cee-22a5-4d71-b4ca-f0d50eaec290,Understanding and Undoing Implicit Bias (Virtual ILT),12211,How satisfied are you with taking this learning program in a virtual format?,5309,Extremely Satisfied
96986cee-22a5-4d71-b4ca-f0d50eaec290,Understanding and Undoing Implicit Bias (Virtual ILT),12211,Analyze the current state of child welfare as it relates to racial disproportionality,5368,Strongly Agree
9ab7ce47-be4a-4858-b253-05f8226411f7,Understanding and Undoing Implicit Bias (Virtual ILT),12211,"The instructional aids (forms, case scenarios, etc.) are very similar to real things I use on the job.",4472,Neutral
9ab7ce47-be4a-4858-b253-05f8226411f7,Understanding and Undoing Implicit Bias (Virtual ILT),12211,Which other training topics or learning methods would support your job performance?,4526,
9ab7ce47-be4a-4858-b253-05f8226411f7,Understanding and Undoing Implicit Bias (Virtual ILT),12211,INSTRUCTOR.NAME provided clear explanations of new concepts,5169,Strongly Agree
ce7fec69-4452-4295-a453-08dcef42e835,Understanding and Undoing Implicit Bias (Virtual ILT),12211,The skills practice activities showed me how to use this learning on the job.,4460,Agree
ce7fec69-4452-4295-a453-08dcef42e835,Understanding and Undoing Implicit Bias (Virtual ILT),12211,"On a scale of 0-10, how likely is it that you would recommend this learning program to a colleague? (0 = Not at all likely, 10 = Extremely likely)",4505,10
ce7fec69-4452-4295-a453-08dcef42e835,Understanding and Undoing Implicit Bias (Virtual ILT),12211,I felt comfortable using the video conferencing platform to participate in this learning program.,5011,Agree
ce7fec69-4452-4295-a453-08dcef42e835,Understanding and Undoing Implicit Bias (Virtual ILT),12211,INSTRUCTOR.NAME provided opportunities for questions and checked in for understanding,5175,Agree
ce7fec69-4452-4295-a453-08dcef42e835,Understanding and Undoing Implicit Bias (Virtual ILT),12211,INSTRUCTOR.NAME provided opportunities for questions and checked in for understanding,5175,Agree
ce7fec69-4452-4295-a453-08dcef42e835,Understanding and Undoing Implicit Bias (Virtual ILT),12211,Analyze the current state of child welfare as it relates to racial disproportionality,5368,Agree
ce7fec69-4452-4295-a453-08dcef42e835,Understanding and Undoing Implicit Bias (Virtual ILT),12211,"Draw connections between internalized oppression and trauma and their influence on institutional racism, structural inequity, and implicit bias",5374,Agree
ce7fec69-4452-4295-a453-08dcef42e835,Understanding and Undoing Implicit Bias (Virtual ILT),12211,Apply debiasing strategies to undo individual implicit bias,5380,Agree
ea692674-777a-46ac-8b73-6823bf109579,Understanding and Undoing Implicit Bias (Virtual ILT),12211,The skills practice activities showed me how to use this learning on the job.,4460,Strongly Agree
ea692674-777a-46ac-8b73-6823bf109579,Understanding and Undoing Implicit Bias (Virtual ILT),12211,How satisfied are you with the Cornerstone learning management system?,4491,Extremely Satisfied
ea692674-777a-46ac-8b73-6823bf109579,Understanding and Undoing Implicit Bias (Virtual ILT),12211,"INSTRUCTOR.NAME maintained an effective pace through the agenda (discussion, activities, breaks, etc.).",5163,Strongly Agree
ea692674-777a-46ac-8b73-6823bf109579,Understanding and Undoing Implicit Bias (Virtual ILT),12211,INSTRUCTOR.NAME provided clear explanations of new concepts,5169,Strongly Agree
ea692674-777a-46ac-8b73-6823bf109579,Understanding and Undoing Implicit Bias (Virtual ILT),12211,INSTRUCTOR.NAME provided opportunities for questions and checked in for understanding,5175,Strongly Agree
ea692674-777a-46ac-8b73-6823bf109579,Understanding and Undoing Implicit Bias (Virtual ILT),12211,How satisfied are you with the online interaction you had with the facilitators?,5315,Extremely Satisfied
ea692674-777a-46ac-8b73-6823bf109579,Understanding and Undoing Implicit Bias (Virtual ILT),12211,How satisfied are you with the online interaction you had with other learners in this program?,5321,Extremely Satisfied
ea692674-777a-46ac-8b73-6823bf109579,Understanding and Undoing Implicit Bias (Virtual ILT),12211,Analyze the current state of child welfare as it relates to racial disproportionality,5368,Strongly Agree
ea692674-777a-46ac-8b73-6823bf109579,Understanding and Undoing Implicit Bias (Virtual ILT),12211,"Draw connections between internalized oppression and trauma and their influence on institutional racism, structural inequity, and implicit bias",5374,Strongly Agree
c3af0fb6-e7e3-433e-98a1-7fcc354e6282,Understanding and Undoing Implicit Bias (Virtual ILT),12211,"Prior to today, I knew how this learning program was intended to impact my job performance.",4454,Strongly Agree
c3af0fb6-e7e3-433e-98a1-7fcc354e6282,Understanding and Undoing Implicit Bias (Virtual ILT),12211,How satisfied are you with the Workforce Institute registration notifications and reminders?,4484,Extremely Satisfied
c3af0fb6-e7e3-433e-98a1-7fcc354e6282,Understanding and Undoing Implicit Bias (Virtual ILT),12211,How satisfied are you with the Workforce Institute Help Desk (phone and/or email support)?,4498,Extremely Satisfied
c3af0fb6-e7e3-433e-98a1-7fcc354e6282,Understanding and Undoing Implicit Bias (Virtual ILT),12211,"On a scale of 0-10, how likely is it that you would recommend this learning program to a colleague? (0 = Not at all likely, 10 = Extremely likely)",4505,10
c3af0fb6-e7e3-433e-98a1-7fcc354e6282,Understanding and Undoing Implicit Bias (Virtual ILT),12211,"INSTRUCTOR.NAME maintained an effective pace through the agenda (discussion, activities, breaks, etc.).",5163,Strongly Agree
c3af0fb6-e7e3-433e-98a1-7fcc354e6282,Understanding and Undoing Implicit Bias (Virtual ILT),12211,INSTRUCTOR.NAME provided clear explanations of new concepts,5169,Strongly Agree
c3af0fb6-e7e3-433e-98a1-7fcc354e6282,Understanding and Undoing Implicit Bias (Virtual ILT),12211,INSTRUCTOR.NAME provided opportunities for questions and checked in for understanding,5175,Strongly Agree
c3af0fb6-e7e3-433e-98a1-7fcc354e6282,Understanding and Undoing Implicit Bias (Virtual ILT),12211,How satisfied are you with taking this learning program in a virtual format?,5309,Extremely Satisfied
c3af0fb6-e7e3-433e-98a1-7fcc354e6282,Understanding and Undoing Implicit Bias (Virtual ILT),12211,How satisfied are you with the online interaction you had with other learners in this program?,5321,Extremely Satisfied
0829ec1d-2038-4658-89b0-7fda756d9741,Understanding and Undoing Implicit Bias (Virtual ILT),12211,"Prior to today, I knew how this learning program was intended to impact my job performance.",4454,Agree
0829ec1d-2038-4658-89b0-7fda756d9741,Understanding and Undoing Implicit Bias (Virtual ILT),12211,How satisfied are you with the Workforce Institute registration notifications and reminders?,4484,Satisfied
0829ec1d-2038-4658-89b0-7fda756d9741,Understanding and Undoing Implicit Bias (Virtual ILT),12211,How satisfied are you with the Workforce Institute Help Desk (phone and/or email support)?,4498,Satisfied
0829ec1d-2038-4658-89b0-7fda756d9741,Understanding and Undoing Implicit Bias (Virtual ILT),12211,I felt comfortable using the video conferencing platform to participate in this learning program.,5011,Agree
0829ec1d-2038-4658-89b0-7fda756d9741,Understanding and Undoing Implicit Bias (Virtual ILT),12211,"INSTRUCTOR.NAME maintained an effective pace through the agenda (discussion, activities, breaks, etc.).",5163,Agree
0829ec1d-2038-4658-89b0-7fda756d9741,Understanding and Undoing Implicit Bias (Virtual ILT),12211,"INSTRUCTOR.NAME maintained an effective pace through the agenda (discussion, activities, breaks, etc.).",5163,Agree
0829ec1d-2038-4658-89b0-7fda756d9741,Understanding and Undoing Implicit Bias (Virtual ILT),12211,INSTRUCTOR.NAME provided clear explanations of new concepts,5169,Agree
0829ec1d-2038-4658-89b0-7fda756d9741,Understanding and Undoing Implicit Bias (Virtual ILT),12211,How satisfied are you with the online interaction you had with the facilitators?,5315,Satisfied
0829ec1d-2038-4658-89b0-7fda756d9741,Understanding and Undoing Implicit Bias (Virtual ILT),12211,"Draw connections between internalized oppression and trauma and their influence on institutional racism, structural inequity, and implicit bias",5374,Agree
fd0d1d11-6083-4b1c-93e0-8ccfb67cfa98,Understanding and Undoing Implicit Bias (Virtual ILT),12211,How satisfied are you with the Workforce Institute registration notifications and reminders?,4484,Extremely Satisfied
fd0d1d11-6083-4b1c-93e0-8ccfb67cfa98,Understanding and Undoing Implicit Bias (Virtual ILT),12211,"INSTRUCTOR.NAME maintained an effective pace through the agenda (discussion, activities, breaks, etc.).",5163,Strongly Agree
fd0d1d11-6083-4b1c-93e0-8ccfb67cfa98,Understanding and Undoing Implicit Bias (Virtual ILT),12211,Apply debiasing strategies to undo individual implicit bias,5380,Agree
6add3f3a-2cf4-4913-ac23-8f29439009c7,Understanding and Undoing Implicit Bias (Virtual ILT),12211,"The instructional aids (forms, case scenarios, etc.) are very similar to real things I use on the job.",4472,Strongly Agree
6add3f3a-2cf4-4913-ac23-8f29439009c7,Understanding and Undoing Implicit Bias (Virtual ILT),12211,"On a scale of 0-10, how likely is it that you would recommend this learning program to a colleague? (0 = Not at all likely, 10 = Extremely likely)",4505,10
6add3f3a-2cf4-4913-ac23-8f29439009c7,Understanding and Undoing Implicit Bias (Virtual ILT),12211,How satisfied are you with taking this learning program in a virtual format?,5309,Satisfied
6add3f3a-2cf4-4913-ac23-8f29439009c7,Understanding and Undoing Implicit Bias (Virtual ILT),12211,How satisfied are you with the online interaction you had with other learners in this program?,5321,Satisfied
6add3f3a-2cf4-4913-ac23-8f29439009c7,Understanding and Undoing Implicit Bias (Virtual ILT),12211,Apply debiasing strategies to undo individual implicit bias,5380,Agree
db8b278c-f21a-431d-bf59-c2faca46b159,Understanding and Undoing Implicit Bias (Virtual ILT),12211,"Prior to today, I knew how this learning program was intended to impact my job performance.",4454,Agree
db8b278c-f21a-431d-bf59-c2faca46b159,Understanding and Undoing Implicit Bias (Virtual ILT),12211,The skills practice activities showed me how to use this learning on the job.,4460,Agree
db8b278c-f21a-431d-bf59-c2faca46b159,Understanding and Undoing Implicit Bias (Virtual ILT),12211,"The instructional aids (forms, case scenarios, etc.) are very similar to real things I use on the job.",4472,Agree
db8b278c-f21a-431d-bf59-c2faca46b159,Understanding and Undoing Implicit Bias (Virtual ILT),12211,I believe this learning program will help me do my current job better.,4478,Agree
db8b278c-f21a-431d-bf59-c2faca46b159,Understanding and Undoing Implicit Bias (Virtual ILT),12211,How satisfied are you with the Workforce Institute Help Desk (phone and/or email support)?,4498,Neutral
db8b278c-f21a-431d-bf59-c2faca46b159,Understanding and Undoing Implicit Bias (Virtual ILT),12211,"On a scale of 0-10, how likely is it that you would recommend this learning program to a colleague? (0 = Not at all likely, 10 = Extremely likely)",4505,10
db8b278c-f21a-431d-bf59-c2faca46b159,Understanding and Undoing Implicit Bias (Virtual ILT),12211,What could be done differently to improve your overall learning experience?,4517,
db8b278c-f21a-431d-bf59-c2faca46b159,Understanding and Undoing Implicit Bias (Virtual ILT),12211,My supervisor met with me to discuss the relevance of this learning program to my current job.,4519,Yes
db8b278c-f21a-431d-bf59-c2faca46b159,Understanding and Undoing Implicit Bias (Virtual ILT),12211,"In a typical workweek, how often will you apply knowledge or skills from this learning program? (In percentage of time on the job)",4520,
db8b278c-f21a-431d-bf59-c2faca46b159,Understanding and Undoing Implicit Bias (Virtual ILT),12211,"INSTRUCTOR.NAME maintained an effective pace through the agenda (discussion, activities, breaks, etc.).",5163,Agree
db8b278c-f21a-431d-bf59-c2faca46b159,Understanding and Undoing Implicit Bias (Virtual ILT),12211,INSTRUCTOR.NAME provided opportunities for questions and checked in for understanding,5175,Agree
db8b278c-f21a-431d-bf59-c2faca46b159,Understanding and Undoing Implicit Bias (Virtual ILT),12211,Recall key implicit bias (IB) concepts and key points.,5362,Agree
db8b278c-f21a-431d-bf59-c2faca46b159,Understanding and Undoing Implicit Bias (Virtual ILT),12211,Analyze the current state of child welfare as it relates to racial disproportionality,5368,Agree
db8b278c-f21a-431d-bf59-c2faca46b159,Understanding and Undoing Implicit Bias (Virtual ILT),12211,Apply debiasing strategies to undo individual implicit bias,5380,Agree
892928ee-4632-4b14-80b3-c4dcbc8f6e20,Understanding and Undoing Implicit Bias (Virtual ILT),12211,How satisfied are you with the Workforce Institute Help Desk (phone and/or email support)?,4498,Neutral
892928ee-4632-4b14-80b3-c4dcbc8f6e20,Understanding and Undoing Implicit Bias (Virtual ILT),12211,My supervisor met with me to discuss the relevance of this learning program to my current job.,4519,
892928ee-4632-4b14-80b3-c4dcbc8f6e20,Understanding and Undoing Implicit Bias (Virtual ILT),12211,Which other training topics or learning methods would support your job performance?,4526,
892928ee-4632-4b14-80b3-c4dcbc8f6e20,Understanding and Undoing Implicit Bias (Virtual ILT),12211,"INSTRUCTOR.NAME maintained an effective pace through the agenda (discussion, activities, breaks, etc.).",5163,Neutral
892928ee-4632-4b14-80b3-c4dcbc8f6e20,Understanding and Undoing Implicit Bias (Virtual ILT),12211,INSTRUCTOR.NAME provided clear explanations of new concepts,5169,Neutral
892928ee-4632-4b14-80b3-c4dcbc8f6e20,Understanding and Undoing Implicit Bias (Virtual ILT),12211,INSTRUCTOR.NAME provided opportunities for questions and checked in for understanding,5175,Neutral
892928ee-4632-4b14-80b3-c4dcbc8f6e20,Understanding and Undoing Implicit Bias (Virtual ILT),12211,"Draw connections between internalized oppression and trauma and their influence on institutional racism, structural inequity, and implicit bias",5374,Neutral
892928ee-4632-4b14-80b3-c4dcbc8f6e20,Understanding and Undoing Implicit Bias (Virtual ILT),12211,Apply debiasing strategies to undo individual implicit bias,5380,Neutral
89cdcd57-097d-48c2-a9b7-c927f4252d61,Understanding and Undoing Implicit Bias (Virtual ILT),12211,How satisfied are you with the Workforce Institute registration notifications and reminders?,4484,Satisfied
89cdcd57-097d-48c2-a9b7-c927f4252d61,Understanding and Undoing Implicit Bias (Virtual ILT),12211,"INSTRUCTOR.NAME maintained an effective pace through the agenda (discussion, activities, breaks, etc.).",5163,Strongly Agree
89cdcd57-097d-48c2-a9b7-c927f4252d61,Understanding and Undoing Implicit Bias (Virtual ILT),12211,How satisfied are you with the online interaction you had with the facilitators?,5315,Extremely Satisfied
89cdcd57-097d-48c2-a9b7-c927f4252d61,Understanding and Undoing Implicit Bias (Virtual ILT),12211,Apply debiasing strategies to undo individual implicit bias,5380,Strongly Agree
bca62d4e-a3ac-473f-9142-cda9122255f2,Understanding and Undoing Implicit Bias (Virtual ILT),12211,"INSTRUCTOR.NAME maintained an effective pace through the agenda (discussion, activities, breaks, etc.).",5163,Strongly Agree
bca62d4e-a3ac-473f-9142-cda9122255f2,Understanding and Undoing Implicit Bias (Virtual ILT),12211,INSTRUCTOR.NAME provided opportunities for questions and checked in for understanding,5175,Strongly Agree
bca62d4e-a3ac-473f-9142-cda9122255f2,Understanding and Undoing Implicit Bias (Virtual ILT),12211,How satisfied are you with taking this learning program in a virtual format?,5309,Neutral
9dea86c0-cde2-462d-875a-db33d4e3cbc7,Understanding and Undoing Implicit Bias (Virtual ILT),12211,Recall key implicit bias (IB) concepts and key points.,5362,Agree
9dea86c0-cde2-462d-875a-db33d4e3cbc7,Understanding and Undoing Implicit Bias (Virtual ILT),12211,"Draw connections between internalized oppression and trauma and their influence on institutional racism, structural inequity, and implicit bias",5374,Agree
9dea86c0-cde2-462d-875a-db33d4e3cbc7,Understanding and Undoing Implicit Bias (Virtual ILT),12211,Apply debiasing strategies to undo individual implicit bias,5380,
0bbf9ca5-032a-4cc3-840d-ddea598a037b,Understanding and Undoing Implicit Bias (Virtual ILT),12211,I believe this learning program will help me do my current job better.,4478,Neutral
0bbf9ca5-032a-4cc3-840d-ddea598a037b,Understanding and Undoing Implicit Bias (Virtual ILT),12211,"On a scale of 0-10, how likely is it that you would recommend this learning program to a colleague? (0 = Not at all likely, 10 = Extremely likely)",4505,7
0bbf9ca5-032a-4cc3-840d-ddea598a037b,Understanding and Undoing Implicit Bias (Virtual ILT),12211,What could be done differently to improve your overall learning experience?,4517,Making training more relevant to the mandated participants. More solid group exercises
0bbf9ca5-032a-4cc3-840d-ddea598a037b,Understanding and Undoing Implicit Bias (Virtual ILT),12211,Which other training topics or learning methods would support your job performance?,4526,
0bbf9ca5-032a-4cc3-840d-ddea598a037b,Understanding and Undoing Implicit Bias (Virtual ILT),12211,I felt comfortable using the video conferencing platform to participate in this learning program.,5011,Strongly Agree
0bbf9ca5-032a-4cc3-840d-ddea598a037b,Understanding and Undoing Implicit Bias (Virtual ILT),12211,INSTRUCTOR.NAME provided clear explanations of new concepts,5169,Agree
0bbf9ca5-032a-4cc3-840d-ddea598a037b,Understanding and Undoing Implicit Bias (Virtual ILT),12211,How satisfied are you with taking this learning program in a virtual format?,5309,Extremely Satisfied
0bbf9ca5-032a-4cc3-840d-ddea598a037b,Understanding and Undoing Implicit Bias (Virtual ILT),12211,Recall key implicit bias (IB) concepts and key points.,5362,Agree
9d5c6b8f-c751-4fbf-9cf6-ee9ed13a2a7f,Understanding and Undoing Implicit Bias (Virtual ILT),12211,"Prior to today, I knew how this learning program was intended to impact my job performance.",4454,Strongly Agree
9d5c6b8f-c751-4fbf-9cf6-ee9ed13a2a7f,Understanding and Undoing Implicit Bias (Virtual ILT),12211,What could be done differently to improve your overall learning experience?,4517,n/a
9d5c6b8f-c751-4fbf-9cf6-ee9ed13a2a7f,Understanding and Undoing Implicit Bias (Virtual ILT),12211,My supervisor met with me to discuss the relevance of this learning program to my current job.,4519,No
9d5c6b8f-c751-4fbf-9cf6-ee9ed13a2a7f,Understanding and Undoing Implicit Bias (Virtual ILT),12211,"INSTRUCTOR.NAME maintained an effective pace through the agenda (discussion, activities, breaks, etc.).",5163,Strongly Agree
9d5c6b8f-c751-4fbf-9cf6-ee9ed13a2a7f,Understanding and Undoing Implicit Bias (Virtual ILT),12211,INSTRUCTOR.NAME provided clear explanations of new concepts,5169,Strongly Agree
9d5c6b8f-c751-4fbf-9cf6-ee9ed13a2a7f,Understanding and Undoing Implicit Bias (Virtual ILT),12211,How satisfied are you with taking this learning program in a virtual format?,5309,Extremely Satisfied
96986cee-22a5-4d71-b4ca-f0d50eaec290,Understanding and Undoing Implicit Bias (Virtual ILT),12211,The skills practice activities showed me how to use this learning on the job.,4460,Strongly Agree
96986cee-22a5-4d71-b4ca-f0d50eaec290,Understanding and Undoing Implicit Bias (Virtual ILT),12211,"The instructional aids (forms, case scenarios, etc.) are very similar to real things I use on the job.",4472,Strongly Agree
96986cee-22a5-4d71-b4ca-f0d50eaec290,Understanding and Undoing Implicit Bias (Virtual ILT),12211,How satisfied are you with the Workforce Institute registration notifications and reminders?,4484,Extremely Satisfied
96986cee-22a5-4d71-b4ca-f0d50eaec290,Understanding and Undoing Implicit Bias (Virtual ILT),12211,"INSTRUCTOR.NAME maintained an effective pace through the agenda (discussion, activities, breaks, etc.).",5163,Strongly Agree
96986cee-22a5-4d71-b4ca-f0d50eaec290,Understanding and Undoing Implicit Bias (Virtual ILT),12211,INSTRUCTOR.NAME provided opportunities for questions and checked in for understanding,5175,Strongly Agree
96986cee-22a5-4d71-b4ca-f0d50eaec290,Understanding and Undoing Implicit Bias (Virtual ILT),12211,How satisfied are you with the online interaction you had with the facilitators?,5315,Extremely Satisfied
96986cee-22a5-4d71-b4ca-f0d50eaec290,Understanding and Undoing Implicit Bias (Virtual ILT),12211,"Draw connections between internalized oppression and trauma and their influence on institutional racism, structural inequity, and implicit bias",5374,Strongly Agree
96986cee-22a5-4d71-b4ca-f0d50eaec290,Understanding and Undoing Implicit Bias (Virtual ILT),12211,Apply debiasing strategies to undo individual implicit bias,5380,Strongly Agree
9ab7ce47-be4a-4858-b253-05f8226411f7,Understanding and Undoing Implicit Bias (Virtual ILT),12211,"Prior to today, I knew how this learning program was intended to impact my job performance.",4454,Agree
9ab7ce47-be4a-4858-b253-05f8226411f7,Understanding and Undoing Implicit Bias (Virtual ILT),12211,"In a typical workweek, how often will you apply knowledge or skills from this learning program? (In percentage of time on the job)",4520,Very Often (51-75% of the time)
9ab7ce47-be4a-4858-b253-05f8226411f7,Understanding and Undoing Implicit Bias (Virtual ILT),12211,"INSTRUCTOR.NAME maintained an effective pace through the agenda (discussion, activities, breaks, etc.).",5163,
9ab7ce47-be4a-4858-b253-05f8226411f7,Understanding and Undoing Implicit Bias (Virtual ILT),12211,Apply debiasing strategies to undo individual implicit bias,5380,Agree
ce7fec69-4452-4295-a453-08dcef42e835,Understanding and Undoing Implicit Bias (Virtual ILT),12211,"The instructional aids (forms, case scenarios, etc.) are very similar to real things I use on the job.",4472,Agree
ce7fec69-4452-4295-a453-08dcef42e835,Understanding and Undoing Implicit Bias (Virtual ILT),12211,How satisfied are you with the Cornerstone learning management system?,4491,Satisfied
ce7fec69-4452-4295-a453-08dcef42e835,Understanding and Undoing Implicit Bias (Virtual ILT),12211,How satisfied are you with the Workforce Institute Help Desk (phone and/or email support)?,4498,Satisfied
ce7fec69-4452-4295-a453-08dcef42e835,Understanding and Undoing Implicit Bias (Virtual ILT),12211,What could be done differently to improve your overall learning experience?,4517,Give participants a chance to study the terms prior to attending the class
ce7fec69-4452-4295-a453-08dcef42e835,Understanding and Undoing Implicit Bias (Virtual ILT),12211,My supervisor met with me to discuss the relevance of this learning program to my current job.,4519,No
ce7fec69-4452-4295-a453-08dcef42e835,Understanding and Undoing Implicit Bias (Virtual ILT),12211,Which other training topics or learning methods would support your job performance?,4526,N/A
ce7fec69-4452-4295-a453-08dcef42e835,Understanding and Undoing Implicit Bias (Virtual ILT),12211,"INSTRUCTOR.NAME maintained an effective pace through the agenda (discussion, activities, breaks, etc.).",5163,Agree
ce7fec69-4452-4295-a453-08dcef42e835,Understanding and Undoing Implicit Bias (Virtual ILT),12211,INSTRUCTOR.NAME provided clear explanations of new concepts,5169,Agree
ce7fec69-4452-4295-a453-08dcef42e835,Understanding and Undoing Implicit Bias (Virtual ILT),12211,How satisfied are you with the online interaction you had with the facilitators?,5315,
ce7fec69-4452-4295-a453-08dcef42e835,Understanding and Undoing Implicit Bias (Virtual ILT),12211,Recall key implicit bias (IB) concepts and key points.,5362,Agree
ea692674-777a-46ac-8b73-6823bf109579,Understanding and Undoing Implicit Bias (Virtual ILT),12211,"Prior to today, I knew how this learning program was intended to impact my job performance.",4454,Strongly Agree
ea692674-777a-46ac-8b73-6823bf109579,Understanding and Undoing Implicit Bias (Virtual ILT),12211,How satisfied are you with the Workforce Institute Help Desk (phone and/or email support)?,4498,Extremely Satisfied
ea692674-777a-46ac-8b73-6823bf109579,Understanding and Undoing Implicit Bias (Virtual ILT),12211,"On a scale of 0-10, how likely is it that you would recommend this learning program to a colleague? (0 = Not at all likely, 10 = Extremely likely)",4505,9
ea692674-777a-46ac-8b73-6823bf109579,Understanding and Undoing Implicit Bias (Virtual ILT),12211,What could be done differently to improve your overall learning experience?,4517,
ea692674-777a-46ac-8b73-6823bf109579,Understanding and Undoing Implicit Bias (Virtual ILT),12211,My supervisor met with me to discuss the relevance of this learning program to my current job.,4519,Yes
ea692674-777a-46ac-8b73-6823bf109579,Understanding and Undoing Implicit Bias (Virtual ILT),12211,Which other training topics or learning methods would support your job performance?,4526,
ea692674-777a-46ac-8b73-6823bf109579,Understanding and Undoing Implicit Bias (Virtual ILT),12211,"INSTRUCTOR.NAME maintained an effective pace through the agenda (discussion, activities, breaks, etc.).",5163,Strongly Agree
ea692674-777a-46ac-8b73-6823bf109579,Understanding and Undoing Implicit Bias (Virtual ILT),12211,INSTRUCTOR.NAME provided clear explanations of new concepts,5169,Strongly Agree
ea692674-777a-46ac-8b73-6823bf109579,Understanding and Undoing Implicit Bias (Virtual ILT),12211,INSTRUCTOR.NAME provided opportunities for questions and checked in for understanding,5175,Strongly Agree
ea692674-777a-46ac-8b73-6823bf109579,Understanding and Undoing Implicit Bias (Virtual ILT),12211,How satisfied are you with taking this learning program in a virtual format?,5309,Extremely Satisfied
c3af0fb6-e7e3-433e-98a1-7fcc354e6282,Understanding and Undoing Implicit Bias (Virtual ILT),12211,The skills practice activities showed me how to use this learning on the job.,4460,Strongly Agree
c3af0fb6-e7e3-433e-98a1-7fcc354e6282,Understanding and Undoing Implicit Bias (Virtual ILT),12211,INSTRUCTOR.NAME provided opportunities for questions and checked in for understanding,5175,Strongly Agree
c3af0fb6-e7e3-433e-98a1-7fcc354e6282,Understanding and Undoing Implicit Bias (Virtual ILT),12211,Analyze the current state of child welfare as it relates to racial disproportionality,5368,Strongly Agree
c3af0fb6-e7e3-433e-98a1-7fcc354e6282,Understanding and Undoing Implicit Bias (Virtual ILT),12211,"Draw connections between internalized oppression and trauma and their influence on institutional racism, structural inequity, and implicit bias",5374,Strongly Agree
0829ec1d-2038-4658-89b0-7fda756d9741,Understanding and Undoing Implicit Bias (Virtual ILT),12211,What could be done differently to improve your overall learning experience?,4517,
0829ec1d-2038-4658-89b0-7fda756d9741,Understanding and Undoing Implicit Bias (Virtual ILT),12211,My supervisor met with me to discuss the relevance of this learning program to my current job.,4519,Yes
0829ec1d-2038-4658-89b0-7fda756d9741,Understanding and Undoing Implicit Bias (Virtual ILT),12211,"In a typical workweek, how often will you apply knowledge or skills from this learning program? (In percentage of time on the job)",4520,Frequently (26-50% of the time)
0829ec1d-2038-4658-89b0-7fda756d9741,Understanding and Undoing Implicit Bias (Virtual ILT),12211,INSTRUCTOR.NAME provided clear explanations of new concepts,5169,Agree
fd0d1d11-6083-4b1c-93e0-8ccfb67cfa98,Understanding and Undoing Implicit Bias (Virtual ILT),12211,"Prior to today, I knew how this learning program was intended to impact my job performance.",4454,Neutral
fd0d1d11-6083-4b1c-93e0-8ccfb67cfa98,Understanding and Undoing Implicit Bias (Virtual ILT),12211,The skills practice activities showed me how to use this learning on the job.,4460,Agree
fd0d1d11-6083-4b1c-93e0-8ccfb67cfa98,Understanding and Undoing Implicit Bias (Virtual ILT),12211,"The instructional aids (forms, case scenarios, etc.) are very similar to real things I use on the job.",4472,Agree
fd0d1d11-6083-4b1c-93e0-8ccfb67cfa98,Understanding and Undoing Implicit Bias (Virtual ILT),12211,What could be done differently to improve your overall learning experience?,4517,I would not recommend any improvements at this time.  I enjoyed and learned from the program.  The Facilitators were knowledgeable and kept my attention going.
fd0d1d11-6083-4b1c-93e0-8ccfb67cfa98,Understanding and Undoing Implicit Bias (Virtual ILT),12211,"In a typical workweek, how often will you apply knowledge or skills from this learning program? (In percentage of time on the job)",4520,Almost Always (76-100% of the time)
fd0d1d11-6083-4b1c-93e0-8ccfb67cfa98,Understanding and Undoing Implicit Bias (Virtual ILT),12211,I felt comfortable using the video conferencing platform to participate in this learning program.,5011,Agree
fd0d1d11-6083-4b1c-93e0-8ccfb67cfa98,Understanding and Undoing Implicit Bias (Virtual ILT),12211,"INSTRUCTOR.NAME maintained an effective pace through the agenda (discussion, activities, breaks, etc.).",5163,Strongly Agree
fd0d1d11-6083-4b1c-93e0-8ccfb67cfa98,Understanding and Undoing Implicit Bias (Virtual ILT),12211,INSTRUCTOR.NAME provided clear explanations of new concepts,5169,Strongly Agree
fd0d1d11-6083-4b1c-93e0-8ccfb67cfa98,Understanding and Undoing Implicit Bias (Virtual ILT),12211,INSTRUCTOR.NAME provided clear explanations of new concepts,5169,Strongly Agree
fd0d1d11-6083-4b1c-93e0-8ccfb67cfa98,Understanding and Undoing Implicit Bias (Virtual ILT),12211,INSTRUCTOR.NAME provided opportunities for questions and checked in for understanding,5175,Strongly Agree
fd0d1d11-6083-4b1c-93e0-8ccfb67cfa98,Understanding and Undoing Implicit Bias (Virtual ILT),12211,How satisfied are you with the online interaction you had with other learners in this program?,5321,Extremely Satisfied
fd0d1d11-6083-4b1c-93e0-8ccfb67cfa98,Understanding and Undoing Implicit Bias (Virtual ILT),12211,Analyze the current state of child welfare as it relates to racial disproportionality,5368,Agree
6add3f3a-2cf4-4913-ac23-8f29439009c7,Understanding and Undoing Implicit Bias (Virtual ILT),12211,The skills practice activities showed me how to use this learning on the job.,4460,Agree
6add3f3a-2cf4-4913-ac23-8f29439009c7,Understanding and Undoing Implicit Bias (Virtual ILT),12211,I believe this learning program will help me do my current job better.,4478,Strongly Agree
6add3f3a-2cf4-4913-ac23-8f29439009c7,Understanding and Undoing Implicit Bias (Virtual ILT),12211,What could be done differently to improve your overall learning experience?,4517,Staff should be allowed to participate in the virtual platform outside of the office to minimize distractions and heighten the learning process of the content.
6add3f3a-2cf4-4913-ac23-8f29439009c7,Understanding and Undoing Implicit Bias (Virtual ILT),12211,"INSTRUCTOR.NAME maintained an effective pace through the agenda (discussion, activities, breaks, etc.).",5163,Strongly Agree
6add3f3a-2cf4-4913-ac23-8f29439009c7,Understanding and Undoing Implicit Bias (Virtual ILT),12211,INSTRUCTOR.NAME provided clear explanations of new concepts,5169,Strongly Agree
6add3f3a-2cf4-4913-ac23-8f29439009c7,Understanding and Undoing Implicit Bias (Virtual ILT),12211,INSTRUCTOR.NAME provided clear explanations of new concepts,5169,Strongly Agree
6add3f3a-2cf4-4913-ac23-8f29439009c7,Understanding and Undoing Implicit Bias (Virtual ILT),12211,Recall key implicit bias (IB) concepts and key points.,5362,Strongly Agree
db8b278c-f21a-431d-bf59-c2faca46b159,Understanding and Undoing Implicit Bias (Virtual ILT),12211,"INSTRUCTOR.NAME maintained an effective pace through the agenda (discussion, activities, breaks, etc.).",5163,Agree
db8b278c-f21a-431d-bf59-c2faca46b159,Understanding and Undoing Implicit Bias (Virtual ILT),12211,INSTRUCTOR.NAME provided clear explanations of new concepts,5169,Agree
db8b278c-f21a-431d-bf59-c2faca46b159,Understanding and Undoing Implicit Bias (Virtual ILT),12211,"Draw connections between internalized oppression and trauma and their influence on institutional racism, structural inequity, and implicit bias",5374,Agree
892928ee-4632-4b14-80b3-c4dcbc8f6e20,Understanding and Undoing Implicit Bias (Virtual ILT),12211,"Prior to today, I knew how this learning program was intended to impact my job performance.",4454,Neutral
892928ee-4632-4b14-80b3-c4dcbc8f6e20,Understanding and Undoing Implicit Bias (Virtual ILT),12211,"On a scale of 0-10, how likely is it that you would recommend this learning program to a colleague? (0 = Not at all likely, 10 = Extremely likely)",4505,6
892928ee-4632-4b14-80b3-c4dcbc8f6e20,Understanding and Undoing Implicit Bias (Virtual ILT),12211,"In a typical workweek, how often will you apply knowledge or skills from this learning program? (In percentage of time on the job)",4520,
892928ee-4632-4b14-80b3-c4dcbc8f6e20,Understanding and Undoing Implicit Bias (Virtual ILT),12211,I felt comfortable using the video conferencing platform to participate in this learning program.,5011,Neutral
892928ee-4632-4b14-80b3-c4dcbc8f6e20,Understanding and Undoing Implicit Bias (Virtual ILT),12211,"INSTRUCTOR.NAME maintained an effective pace through the agenda (discussion, activities, breaks, etc.).",5163,Neutral
892928ee-4632-4b14-80b3-c4dcbc8f6e20,Understanding and Undoing Implicit Bias (Virtual ILT),12211,INSTRUCTOR.NAME provided opportunities for questions and checked in for understanding,5175,Neutral
892928ee-4632-4b14-80b3-c4dcbc8f6e20,Understanding and Undoing Implicit Bias (Virtual ILT),12211,Analyze the current state of child welfare as it relates to racial disproportionality,5368,Neutral
89cdcd57-097d-48c2-a9b7-c927f4252d61,Understanding and Undoing Implicit Bias (Virtual ILT),12211,How satisfied are you with the Cornerstone learning management system?,4491,Satisfied
89cdcd57-097d-48c2-a9b7-c927f4252d61,Understanding and Undoing Implicit Bias (Virtual ILT),12211,"INSTRUCTOR.NAME maintained an effective pace through the agenda (discussion, activities, breaks, etc.).",5163,Strongly Agree
bca62d4e-a3ac-473f-9142-cda9122255f2,Understanding and Undoing Implicit Bias (Virtual ILT),12211,"The instructional aids (forms, case scenarios, etc.) are very similar to real things I use on the job.",4472,Strongly Agree
bca62d4e-a3ac-473f-9142-cda9122255f2,Understanding and Undoing Implicit Bias (Virtual ILT),12211,"On a scale of 0-10, how likely is it that you would recommend this learning program to a colleague? (0 = Not at all likely, 10 = Extremely likely)",4505,10
bca62d4e-a3ac-473f-9142-cda9122255f2,Understanding and Undoing Implicit Bias (Virtual ILT),12211,What could be done differently to improve your overall learning experience?,4517,a more diverse group of people as far as the actual class. The hosts were amazing.
bca62d4e-a3ac-473f-9142-cda9122255f2,Understanding and Undoing Implicit Bias (Virtual ILT),12211,My supervisor met with me to discuss the relevance of this learning program to my current job.,4519,Yes
bca62d4e-a3ac-473f-9142-cda9122255f2,Understanding and Undoing Implicit Bias (Virtual ILT),12211,INSTRUCTOR.NAME provided opportunities for questions and checked in for understanding,5175,Strongly Agree
bca62d4e-a3ac-473f-9142-cda9122255f2,Understanding and Undoing Implicit Bias (Virtual ILT),12211,How satisfied are you with the online interaction you had with the facilitators?,5315,Extremely Satisfied
bca62d4e-a3ac-473f-9142-cda9122255f2,Understanding and Undoing Implicit Bias (Virtual ILT),12211,Recall key implicit bias (IB) concepts and key points.,5362,Strongly Agree
bca62d4e-a3ac-473f-9142-cda9122255f2,Understanding and Undoing Implicit Bias (Virtual ILT),12211,Analyze the current state of child welfare as it relates to racial disproportionality,5368,
bca62d4e-a3ac-473f-9142-cda9122255f2,Understanding and Undoing Implicit Bias (Virtual ILT),12211,"Draw connections between internalized oppression and trauma and their influence on institutional racism, structural inequity, and implicit bias",5374,Strongly Agree
9dea86c0-cde2-462d-875a-db33d4e3cbc7,Understanding and Undoing Implicit Bias (Virtual ILT),12211,"Prior to today, I knew how this learning program was intended to impact my job performance.",4454,Agree
9dea86c0-cde2-462d-875a-db33d4e3cbc7,Understanding and Undoing Implicit Bias (Virtual ILT),12211,How satisfied are you with the Workforce Institute registration notifications and reminders?,4484,Neutral
9dea86c0-cde2-462d-875a-db33d4e3cbc7,Understanding and Undoing Implicit Bias (Virtual ILT),12211,What could be done differently to improve your overall learning experience?,4517,N/A
9dea86c0-cde2-462d-875a-db33d4e3cbc7,Understanding and Undoing Implicit Bias (Virtual ILT),12211,My supervisor met with me to discuss the relevance of this learning program to my current job.,4519,Yes
9dea86c0-cde2-462d-875a-db33d4e3cbc7,Understanding and Undoing Implicit Bias (Virtual ILT),12211,"In a typical workweek, how often will you apply knowledge or skills from this learning program? (In percentage of time on the job)",4520,Frequently (26-50% of the time)
9dea86c0-cde2-462d-875a-db33d4e3cbc7,Understanding and Undoing Implicit Bias (Virtual ILT),12211,INSTRUCTOR.NAME provided clear explanations of new concepts,5169,
9dea86c0-cde2-462d-875a-db33d4e3cbc7,Understanding and Undoing Implicit Bias (Virtual ILT),12211,INSTRUCTOR.NAME provided opportunities for questions and checked in for understanding,5175,Agree
0bbf9ca5-032a-4cc3-840d-ddea598a037b,Understanding and Undoing Implicit Bias (Virtual ILT),12211,How satisfied are you with the Cornerstone learning management system?,4491,Extremely Satisfied
0bbf9ca5-032a-4cc3-840d-ddea598a037b,Understanding and Undoing Implicit Bias (Virtual ILT),12211,My supervisor met with me to discuss the relevance of this learning program to my current job.,4519,No
0bbf9ca5-032a-4cc3-840d-ddea598a037b,Understanding and Undoing Implicit Bias (Virtual ILT),12211,How satisfied are you with the online interaction you had with other learners in this program?,5321,Neutral
0bbf9ca5-032a-4cc3-840d-ddea598a037b,Understanding and Undoing Implicit Bias (Virtual ILT),12211,Analyze the current state of child welfare as it relates to racial disproportionality,5368,Agree
0bbf9ca5-032a-4cc3-840d-ddea598a037b,Understanding and Undoing Implicit Bias (Virtual ILT),12211,"Draw connections between internalized oppression and trauma and their influence on institutional racism, structural inequity, and implicit bias",5374,Agree
9d5c6b8f-c751-4fbf-9cf6-ee9ed13a2a7f,Understanding and Undoing Implicit Bias (Virtual ILT),12211,"The instructional aids (forms, case scenarios, etc.) are very similar to real things I use on the job.",4472,
9d5c6b8f-c751-4fbf-9cf6-ee9ed13a2a7f,Understanding and Undoing Implicit Bias (Virtual ILT),12211,How satisfied are you with the Cornerstone learning management system?,4491,Satisfied
9d5c6b8f-c751-4fbf-9cf6-ee9ed13a2a7f,Understanding and Undoing Implicit Bias (Virtual ILT),12211,"In a typical workweek, how often will you apply knowledge or skills from this learning program? (In percentage of time on the job)",4520,Very Often (51-75% of the time)
9d5c6b8f-c751-4fbf-9cf6-ee9ed13a2a7f,Understanding and Undoing Implicit Bias (Virtual ILT),12211,"INSTRUCTOR.NAME maintained an effective pace through the agenda (discussion, activities, breaks, etc.).",5163,Strongly Agree
9d5c6b8f-c751-4fbf-9cf6-ee9ed13a2a7f,Understanding and Undoing Implicit Bias (Virtual ILT),12211,INSTRUCTOR.NAME provided clear explanations of new concepts,5169,Strongly Agree
9d5c6b8f-c751-4fbf-9cf6-ee9ed13a2a7f,Understanding and Undoing Implicit Bias (Virtual ILT),12211,Recall key implicit bias (IB) concepts and key points.,5362,Strongly Agree
9d5c6b8f-c751-4fbf-9cf6-ee9ed13a2a7f,Understanding and Undoing Implicit Bias (Virtual ILT),12211,"Draw connections between internalized oppression and trauma and their influence on institutional racism, structural inequity, and implicit bias",5374,Strongly Agree
96986cee-22a5-4d71-b4ca-f0d50eaec290,Understanding and Undoing Implicit Bias (Virtual ILT),12211,How satisfied are you with the Workforce Institute Help Desk (phone and/or email support)?,4498,Extremely Satisfied
96986cee-22a5-4d71-b4ca-f0d50eaec290,Understanding and Undoing Implicit Bias (Virtual ILT),12211,What could be done differently to improve your overall learning experience?,4517,nothing
96986cee-22a5-4d71-b4ca-f0d50eaec290,Understanding and Undoing Implicit Bias (Virtual ILT),12211,"In a typical workweek, how often will you apply knowledge or skills from this learning program? (In percentage of time on the job)",4520,Almost Always (76-100% of the time)
96986cee-22a5-4d71-b4ca-f0d50eaec290,Understanding and Undoing Implicit Bias (Virtual ILT),12211,Which other training topics or learning methods would support your job performance?,4526,
96986cee-22a5-4d71-b4ca-f0d50eaec290,Understanding and Undoing Implicit Bias (Virtual ILT),12211,INSTRUCTOR.NAME provided clear explanations of new concepts,5169,Strongly Agree
9ab7ce47-be4a-4858-b253-05f8226411f7,Understanding and Undoing Implicit Bias (Virtual ILT),12211,I believe this learning program will help me do my current job better.,4478,Agree
9ab7ce47-be4a-4858-b253-05f8226411f7,Understanding and Undoing Implicit Bias (Virtual ILT),12211,How satisfied are you with the Workforce Institute registration notifications and reminders?,4484,Satisfied
9ab7ce47-be4a-4858-b253-05f8226411f7,Understanding and Undoing Implicit Bias (Virtual ILT),12211,How satisfied are you with the Workforce Institute Help Desk (phone and/or email support)?,4498,N/A (did not access)
9ab7ce47-be4a-4858-b253-05f8226411f7,Understanding and Undoing Implicit Bias (Virtual ILT),12211,"On a scale of 0-10, how likely is it that you would recommend this learning program to a colleague? (0 = Not at all likely, 10 = Extremely likely)",4505,8
9ab7ce47-be4a-4858-b253-05f8226411f7,Understanding and Undoing Implicit Bias (Virtual ILT),12211,What could be done differently to improve your overall learning experience?,4517,"It would be helpful to provide the slides in advance so the terms and definition could be reviewed prior to the class especially if you are not 100% familiar with the terms.  Additionally, provide examples with the terms so it is easier for everyone to jump into the discussion phase of the class.  Yet, the training was great with good facilitators who keep the topic relatable and easy to talk about."
9ab7ce47-be4a-4858-b253-05f8226411f7,Understanding and Undoing Implicit Bias (Virtual ILT),12211,I felt comfortable using the video conferencing platform to participate in this learning program.,5011,Strongly Agree
9ab7ce47-be4a-4858-b253-05f8226411f7,Understanding and Undoing Implicit Bias (Virtual ILT),12211,"INSTRUCTOR.NAME maintained an effective pace through the agenda (discussion, activities, breaks, etc.).",5163,Strongly Agree
9ab7ce47-be4a-4858-b253-05f8226411f7,Understanding and Undoing Implicit Bias (Virtual ILT),12211,INSTRUCTOR.NAME provided opportunities for questions and checked in for understanding,5175,Strongly Agree
9ab7ce47-be4a-4858-b253-05f8226411f7,Understanding and Undoing Implicit Bias (Virtual ILT),12211,How satisfied are you with the online interaction you had with other learners in this program?,5321,
9ab7ce47-be4a-4858-b253-05f8226411f7,Understanding and Undoing Implicit Bias (Virtual ILT),12211,Recall key implicit bias (IB) concepts and key points.,5362,Neutral
9ab7ce47-be4a-4858-b253-05f8226411f7,Understanding and Undoing Implicit Bias (Virtual ILT),12211,Analyze the current state of child welfare as it relates to racial disproportionality,5368,Strongly Agree
ce7fec69-4452-4295-a453-08dcef42e835,Understanding and Undoing Implicit Bias (Virtual ILT),12211,"Prior to today, I knew how this learning program was intended to impact my job performance.",4454,Agree
ce7fec69-4452-4295-a453-08dcef42e835,Understanding and Undoing Implicit Bias (Virtual ILT),12211,"In a typical workweek, how often will you apply knowledge or skills from this learning program? (In percentage of time on the job)",4520,Frequently (26-50% of the time)
ce7fec69-4452-4295-a453-08dcef42e835,Understanding and Undoing Implicit Bias (Virtual ILT),12211,"INSTRUCTOR.NAME maintained an effective pace through the agenda (discussion, activities, breaks, etc.).",5163,Agree
ce7fec69-4452-4295-a453-08dcef42e835,Understanding and Undoing Implicit Bias (Virtual ILT),12211,How satisfied are you with taking this learning program in a virtual format?,5309,Satisfied
ce7fec69-4452-4295-a453-08dcef42e835,Understanding and Undoing Implicit Bias (Virtual ILT),12211,How satisfied are you with the online interaction you had with other learners in this program?,5321,Satisfied
ea692674-777a-46ac-8b73-6823bf109579,Understanding and Undoing Implicit Bias (Virtual ILT),12211,"In a typical workweek, how often will you apply knowledge or skills from this learning program? (In percentage of time on the job)",4520,Almost Always (76-100% of the time)
ea692674-777a-46ac-8b73-6823bf109579,Understanding and Undoing Implicit Bias (Virtual ILT),12211,Recall key implicit bias (IB) concepts and key points.,5362,Strongly Agree
c3af0fb6-e7e3-433e-98a1-7fcc354e6282,Understanding and Undoing Implicit Bias (Virtual ILT),12211,I believe this learning program will help me do my current job better.,4478,Strongly Agree
c3af0fb6-e7e3-433e-98a1-7fcc354e6282,Understanding and Undoing Implicit Bias (Virtual ILT),12211,Which other training topics or learning methods would support your job performance?,4526,n
c3af0fb6-e7e3-433e-98a1-7fcc354e6282,Understanding and Undoing Implicit Bias (Virtual ILT),12211,I felt comfortable using the video conferencing platform to participate in this learning program.,5011,Strongly Agree
c3af0fb6-e7e3-433e-98a1-7fcc354e6282,Understanding and Undoing Implicit Bias (Virtual ILT),12211,"INSTRUCTOR.NAME maintained an effective pace through the agenda (discussion, activities, breaks, etc.).",5163,Strongly Agree
c3af0fb6-e7e3-433e-98a1-7fcc354e6282,Understanding and Undoing Implicit Bias (Virtual ILT),12211,How satisfied are you with the online interaction you had with the facilitators?,5315,Extremely Satisfied
0829ec1d-2038-4658-89b0-7fda756d9741,Understanding and Undoing Implicit Bias (Virtual ILT),12211,The skills practice activities showed me how to use this learning on the job.,4460,Agree
0829ec1d-2038-4658-89b0-7fda756d9741,Understanding and Undoing Implicit Bias (Virtual ILT),12211,"The instructional aids (forms, case scenarios, etc.) are very similar to real things I use on the job.",4472,Agree
0829ec1d-2038-4658-89b0-7fda756d9741,Understanding and Undoing Implicit Bias (Virtual ILT),12211,"On a scale of 0-10, how likely is it that you would recommend this learning program to a colleague? (0 = Not at all likely, 10 = Extremely likely)",4505,9
0829ec1d-2038-4658-89b0-7fda756d9741,Understanding and Undoing Implicit Bias (Virtual ILT),12211,INSTRUCTOR.NAME provided opportunities for questions and checked in for understanding,5175,Agree
0829ec1d-2038-4658-89b0-7fda756d9741,Understanding and Undoing Implicit Bias (Virtual ILT),12211,How satisfied are you with the online interaction you had with other learners in this program?,5321,Satisfied
0829ec1d-2038-4658-89b0-7fda756d9741,Understanding and Undoing Implicit Bias (Virtual ILT),12211,Recall key implicit bias (IB) concepts and key points.,5362,Agree
0829ec1d-2038-4658-89b0-7fda756d9741,Understanding and Undoing Implicit Bias (Virtual ILT),12211,Analyze the current state of child welfare as it relates to racial disproportionality,5368,Agree
fd0d1d11-6083-4b1c-93e0-8ccfb67cfa98,Understanding and Undoing Implicit Bias (Virtual ILT),12211,I believe this learning program will help me do my current job better.,4478,Agree
fd0d1d11-6083-4b1c-93e0-8ccfb67cfa98,Understanding and Undoing Implicit Bias (Virtual ILT),12211,How satisfied are you with the Workforce Institute Help Desk (phone and/or email support)?,4498,N/A (did not access)
fd0d1d11-6083-4b1c-93e0-8ccfb67cfa98,Understanding and Undoing Implicit Bias (Virtual ILT),12211,"On a scale of 0-10, how likely is it that you would recommend this learning program to a colleague? (0 = Not at all likely, 10 = Extremely likely)",4505,10
fd0d1d11-6083-4b1c-93e0-8ccfb67cfa98,Understanding and Undoing Implicit Bias (Virtual ILT),12211,My supervisor met with me to discuss the relevance of this learning program to my current job.,4519,No
fd0d1d11-6083-4b1c-93e0-8ccfb67cfa98,Understanding and Undoing Implicit Bias (Virtual ILT),12211,Which other training topics or learning methods would support your job performance?,4526,How to work with difficult to engaged youths and gang affiliation.
fd0d1d11-6083-4b1c-93e0-8ccfb67cfa98,Understanding and Undoing Implicit Bias (Virtual ILT),12211,INSTRUCTOR.NAME provided opportunities for questions and checked in for understanding,5175,Strongly Agree
fd0d1d11-6083-4b1c-93e0-8ccfb67cfa98,Understanding and Undoing Implicit Bias (Virtual ILT),12211,How satisfied are you with the online interaction you had with the facilitators?,5315,Extremely Satisfied
fd0d1d11-6083-4b1c-93e0-8ccfb67cfa98,Understanding and Undoing Implicit Bias (Virtual ILT),12211,Recall key implicit bias (IB) concepts and key points.,5362,Agree
fd0d1d11-6083-4b1c-93e0-8ccfb67cfa98,Understanding and Undoing Implicit Bias (Virtual ILT),12211,"Draw connections between internalized oppression and trauma and their influence on institutional racism, structural inequity, and implicit bias",5374,Agree
6add3f3a-2cf4-4913-ac23-8f29439009c7,Understanding and Undoing Implicit Bias (Virtual ILT),12211,How satisfied are you with the Workforce Institute Help Desk (phone and/or email support)?,4498,N/A (did not access)
6add3f3a-2cf4-4913-ac23-8f29439009c7,Understanding and Undoing Implicit Bias (Virtual ILT),12211,My supervisor met with me to discuss the relevance of this learning program to my current job.,4519,Yes
6add3f3a-2cf4-4913-ac23-8f29439009c7,Understanding and Undoing Implicit Bias (Virtual ILT),12211,Which other training topics or learning methods would support your job performance?,4526,Coaching modules
6add3f3a-2cf4-4913-ac23-8f29439009c7,Understanding and Undoing Implicit Bias (Virtual ILT),12211,I felt comfortable using the video conferencing platform to participate in this learning program.,5011,Strongly Agree
db8b278c-f21a-431d-bf59-c2faca46b159,Understanding and Undoing Implicit Bias (Virtual ILT),12211,How satisfied are you with the Workforce Institute registration notifications and reminders?,4484,
db8b278c-f21a-431d-bf59-c2faca46b159,Understanding and Undoing Implicit Bias (Virtual ILT),12211,Which other training topics or learning methods would support your job performance?,4526,
db8b278c-f21a-431d-bf59-c2faca46b159,Understanding and Undoing Implicit Bias (Virtual ILT),12211,I felt comfortable using the video conferencing platform to participate in this learning program.,5011,Agree
db8b278c-f21a-431d-bf59-c2faca46b159,Understanding and Undoing Implicit Bias (Virtual ILT),12211,INSTRUCTOR.NAME provided clear explanations of new concepts,5169,Agree
db8b278c-f21a-431d-bf59-c2faca46b159,Understanding and Undoing Implicit Bias (Virtual ILT),12211,INSTRUCTOR.NAME provided opportunities for questions and checked in for understanding,5175,Agree
db8b278c-f21a-431d-bf59-c2faca46b159,Understanding and Undoing Implicit Bias (Virtual ILT),12211,How satisfied are you with taking this learning program in a virtual format?,5309,Neutral
db8b278c-f21a-431d-bf59-c2faca46b159,Understanding and Undoing Implicit Bias (Virtual ILT),12211,How satisfied are you with the online interaction you had with the facilitators?,5315,Neutral
892928ee-4632-4b14-80b3-c4dcbc8f6e20,Understanding and Undoing Implicit Bias (Virtual ILT),12211,The skills practice activities showed me how to use this learning on the job.,4460,Neutral
892928ee-4632-4b14-80b3-c4dcbc8f6e20,Understanding and Undoing Implicit Bias (Virtual ILT),12211,How satisfied are you with the Workforce Institute registration notifications and reminders?,4484,Neutral
892928ee-4632-4b14-80b3-c4dcbc8f6e20,Understanding and Undoing Implicit Bias (Virtual ILT),12211,How satisfied are you with the Cornerstone learning management system?,4491,Neutral
892928ee-4632-4b14-80b3-c4dcbc8f6e20,Understanding and Undoing Implicit Bias (Virtual ILT),12211,What could be done differently to improve your overall learning experience?,4517,
892928ee-4632-4b14-80b3-c4dcbc8f6e20,Understanding and Undoing Implicit Bias (Virtual ILT),12211,INSTRUCTOR.NAME provided clear explanations of new concepts,5169,Neutral
892928ee-4632-4b14-80b3-c4dcbc8f6e20,Understanding and Undoing Implicit Bias (Virtual ILT),12211,How satisfied are you with the online interaction you had with the facilitators?,5315,Neutral
89cdcd57-097d-48c2-a9b7-c927f4252d61,Understanding and Undoing Implicit Bias (Virtual ILT),12211,"Prior to today, I knew how this learning program was intended to impact my job performance.",4454,Agree
89cdcd57-097d-48c2-a9b7-c927f4252d61,Understanding and Undoing Implicit Bias (Virtual ILT),12211,The skills practice activities showed me how to use this learning on the job.,4460,Strongly Agree
89cdcd57-097d-48c2-a9b7-c927f4252d61,Understanding and Undoing Implicit Bias (Virtual ILT),12211,I believe this learning program will help me do my current job better.,4478,Strongly Agree
89cdcd57-097d-48c2-a9b7-c927f4252d61,Understanding and Undoing Implicit Bias (Virtual ILT),12211,How satisfied are you with the Workforce Institute Help Desk (phone and/or email support)?,4498,Satisfied
89cdcd57-097d-48c2-a9b7-c927f4252d61,Understanding and Undoing Implicit Bias (Virtual ILT),12211,"On a scale of 0-10, how likely is it that you would recommend this learning program to a colleague? (0 = Not at all likely, 10 = Extremely likely)",4505,10
89cdcd57-097d-48c2-a9b7-c927f4252d61,Understanding and Undoing Implicit Bias (Virtual ILT),12211,"In a typical workweek, how often will you apply knowledge or skills from this learning program? (In percentage of time on the job)",4520,Almost Always (76-100% of the time)
89cdcd57-097d-48c2-a9b7-c927f4252d61,Understanding and Undoing Implicit Bias (Virtual ILT),12211,Which other training topics or learning methods would support your job performance?,4526,How to Deal with Difficult Parents
89cdcd57-097d-48c2-a9b7-c927f4252d61,Understanding and Undoing Implicit Bias (Virtual ILT),12211,How satisfied are you with taking this learning program in a virtual format?,5309,Extremely Satisfied
bca62d4e-a3ac-473f-9142-cda9122255f2,Understanding and Undoing Implicit Bias (Virtual ILT),12211,How satisfied are you with the Cornerstone learning management system?,4491,Satisfied
bca62d4e-a3ac-473f-9142-cda9122255f2,Understanding and Undoing Implicit Bias (Virtual ILT),12211,How satisfied are you with the Workforce Institute Help Desk (phone and/or email support)?,4498,Satisfied
bca62d4e-a3ac-473f-9142-cda9122255f2,Understanding and Undoing Implicit Bias (Virtual ILT),12211,"In a typical workweek, how often will you apply knowledge or skills from this learning program? (In percentage of time on the job)",4520,
bca62d4e-a3ac-473f-9142-cda9122255f2,Understanding and Undoing Implicit Bias (Virtual ILT),12211,I felt comfortable using the video conferencing platform to participate in this learning program.,5011,Neutral
bca62d4e-a3ac-473f-9142-cda9122255f2,Understanding and Undoing Implicit Bias (Virtual ILT),12211,INSTRUCTOR.NAME provided clear explanations of new concepts,5169,Strongly Agree
bca62d4e-a3ac-473f-9142-cda9122255f2,Understanding and Undoing Implicit Bias (Virtual ILT),12211,How satisfied are you with the online interaction you had with other learners in this program?,5321,Extremely Satisfied
9dea86c0-cde2-462d-875a-db33d4e3cbc7,Understanding and Undoing Implicit Bias (Virtual ILT),12211,The skills practice activities showed me how to use this learning on the job.,4460,Agree
9dea86c0-cde2-462d-875a-db33d4e3cbc7,Understanding and Undoing Implicit Bias (Virtual ILT),12211,"The instructional aids (forms, case scenarios, etc.) are very similar to real things I use on the job.",4472,Agree
9dea86c0-cde2-462d-875a-db33d4e3cbc7,Understanding and Undoing Implicit Bias (Virtual ILT),12211,I believe this learning program will help me do my current job better.,4478,Agree
9dea86c0-cde2-462d-875a-db33d4e3cbc7,Understanding and Undoing Implicit Bias (Virtual ILT),12211,"On a scale of 0-10, how likely is it that you would recommend this learning program to a colleague? (0 = Not at all likely, 10 = Extremely likely)",4505,
9dea86c0-cde2-462d-875a-db33d4e3cbc7,Understanding and Undoing Implicit Bias (Virtual ILT),12211,How satisfied are you with the online interaction you had with other learners in this program?,5321,
9dea86c0-cde2-462d-875a-db33d4e3cbc7,Understanding and Undoing Implicit Bias (Virtual ILT),12211,Analyze the current state of child welfare as it relates to racial disproportionality,5368,Agree
0bbf9ca5-032a-4cc3-840d-ddea598a037b,Understanding and Undoing Implicit Bias (Virtual ILT),12211,The skills practice activities showed me how to use this learning on the job.,4460,Disagree
0bbf9ca5-032a-4cc3-840d-ddea598a037b,Understanding and Undoing Implicit Bias (Virtual ILT),12211,"The instructional aids (forms, case scenarios, etc.) are very similar to real things I use on the job.",4472,Disagree
0bbf9ca5-032a-4cc3-840d-ddea598a037b,Understanding and Undoing Implicit Bias (Virtual ILT),12211,How satisfied are you with the Workforce Institute Help Desk (phone and/or email support)?,4498,Extremely Satisfied
0bbf9ca5-032a-4cc3-840d-ddea598a037b,Understanding and Undoing Implicit Bias (Virtual ILT),12211,INSTRUCTOR.NAME provided clear explanations of new concepts,5169,Agree
9d5c6b8f-c751-4fbf-9cf6-ee9ed13a2a7f,Understanding and Undoing Implicit Bias (Virtual ILT),12211,The skills practice activities showed me how to use this learning on the job.,4460,Strongly Agree
9d5c6b8f-c751-4fbf-9cf6-ee9ed13a2a7f,Understanding and Undoing Implicit Bias (Virtual ILT),12211,How satisfied are you with the Workforce Institute registration notifications and reminders?,4484,Satisfied
9d5c6b8f-c751-4fbf-9cf6-ee9ed13a2a7f,Understanding and Undoing Implicit Bias (Virtual ILT),12211,I felt comfortable using the video conferencing platform to participate in this learning program.,5011,Strongly Agree
9d5c6b8f-c751-4fbf-9cf6-ee9ed13a2a7f,Understanding and Undoing Implicit Bias (Virtual ILT),12211,INSTRUCTOR.NAME provided opportunities for questions and checked in for understanding,5175,Strongly Agree
9d5c6b8f-c751-4fbf-9cf6-ee9ed13a2a7f,Understanding and Undoing Implicit Bias (Virtual ILT),12211,How satisfied are you with the online interaction you had with the facilitators?,5315,Extremely Satisfied
9d5c6b8f-c751-4fbf-9cf6-ee9ed13a2a7f,Understanding and Undoing Implicit Bias (Virtual ILT),12211,How satisfied are you with the online interaction you had with other learners in this program?,5321,Extremely Satisfied
9d5c6b8f-c751-4fbf-9cf6-ee9ed13a2a7f,Understanding and Undoing Implicit Bias (Virtual ILT),12211,Analyze the current state of child welfare as it relates to racial disproportionality,5368,Strongly Agree
96986cee-22a5-4d71-b4ca-f0d50eaec290,Understanding and Undoing Implicit Bias (Virtual ILT),12211,I believe this learning program will help me do my current job better.,4478,Strongly Agree
96986cee-22a5-4d71-b4ca-f0d50eaec290,Understanding and Undoing Implicit Bias (Virtual ILT),12211,How satisfied are you with the Cornerstone learning management system?,4491,Extremely Satisfied
96986cee-22a5-4d71-b4ca-f0d50eaec290,Understanding and Undoing Implicit Bias (Virtual ILT),12211,My supervisor met with me to discuss the relevance of this learning program to my current job.,4519,No
96986cee-22a5-4d71-b4ca-f0d50eaec290,Understanding and Undoing Implicit Bias (Virtual ILT),12211,How satisfied are you with the online interaction you had with other learners in this program?,5321,Extremely Satisfied
96986cee-22a5-4d71-b4ca-f0d50eaec290,Understanding and Undoing Implicit Bias (Virtual ILT),12211,Recall key implicit bias (IB) concepts and key points.,5362,Strongly Agree
8892e340-d6a4-46a8-9c2d-2db760940633,Understanding and Undoing Implicit Bias (Virtual ILT),12210,The skills practice activities showed me how to use this learning on the job.,4460,Strongly Agree
8892e340-d6a4-46a8-9c2d-2db760940633,Understanding and Undoing Implicit Bias (Virtual ILT),12210,I believe this learning program will help me do my current job better.,4478,Strongly Agree
8892e340-d6a4-46a8-9c2d-2db760940633,Understanding and Undoing Implicit Bias (Virtual ILT),12210,What could be done differently to improve your overall learning experience?,4517,
8892e340-d6a4-46a8-9c2d-2db760940633,Understanding and Undoing Implicit Bias (Virtual ILT),12210,INSTRUCTOR.NAME provided opportunities for questions and checked in for understanding,5175,Strongly Agree
8892e340-d6a4-46a8-9c2d-2db760940633,Understanding and Undoing Implicit Bias (Virtual ILT),12210,How satisfied are you with taking this learning program in a virtual format?,5309,Extremely Satisfied
8892e340-d6a4-46a8-9c2d-2db760940633,Understanding and Undoing Implicit Bias (Virtual ILT),12210,Apply debiasing strategies to undo individual implicit bias,5380,Strongly Agree
31b740eb-ed5d-4e4a-b9c5-35c6b7deb15b,Understanding and Undoing Implicit Bias (Virtual ILT),12210,I believe this learning program will help me do my current job better.,4478,Agree
31b740eb-ed5d-4e4a-b9c5-35c6b7deb15b,Understanding and Undoing Implicit Bias (Virtual ILT),12210,I felt comfortable using the video conferencing platform to participate in this learning program.,5011,Agree
31b740eb-ed5d-4e4a-b9c5-35c6b7deb15b,Understanding and Undoing Implicit Bias (Virtual ILT),12210,"INSTRUCTOR.NAME maintained an effective pace through the agenda (discussion, activities, breaks, etc.).",5163,
31b740eb-ed5d-4e4a-b9c5-35c6b7deb15b,Understanding and Undoing Implicit Bias (Virtual ILT),12210,How satisfied are you with taking this learning program in a virtual format?,5309,Extremely Satisfied
31b740eb-ed5d-4e4a-b9c5-35c6b7deb15b,Understanding and Undoing Implicit Bias (Virtual ILT),12210,Recall key implicit bias (IB) concepts and key points.,5362,Strongly Agree
b435b3ec-f861-4152-adcb-6d3d9749e01d,Understanding and Undoing Implicit Bias (Virtual ILT),12210,What could be done differently to improve your overall learning experience?,4517,
b435b3ec-f861-4152-adcb-6d3d9749e01d,Understanding and Undoing Implicit Bias (Virtual ILT),12210,INSTRUCTOR.NAME provided opportunities for questions and checked in for understanding,5175,Strongly Agree
3ae1c1d4-9901-4a88-a9d4-741afb6e6342,Understanding and Undoing Implicit Bias (Virtual ILT),12210,"Prior to today, I knew how this learning program was intended to impact my job performance.",4454,Strongly Agree
3ae1c1d4-9901-4a88-a9d4-741afb6e6342,Understanding and Undoing Implicit Bias (Virtual ILT),12210,How satisfied are you with the Workforce Institute Help Desk (phone and/or email support)?,4498,Satisfied
3ae1c1d4-9901-4a88-a9d4-741afb6e6342,Understanding and Undoing Implicit Bias (Virtual ILT),12210,My supervisor met with me to discuss the relevance of this learning program to my current job.,4519,Yes
3ae1c1d4-9901-4a88-a9d4-741afb6e6342,Understanding and Undoing Implicit Bias (Virtual ILT),12210,"In a typical workweek, how often will you apply knowledge or skills from this learning program? (In percentage of time on the job)",4520,Almost Always (76-100% of the time)
3ae1c1d4-9901-4a88-a9d4-741afb6e6342,Understanding and Undoing Implicit Bias (Virtual ILT),12210,INSTRUCTOR.NAME provided clear explanations of new concepts,5169,Strongly Agree
3ae1c1d4-9901-4a88-a9d4-741afb6e6342,Understanding and Undoing Implicit Bias (Virtual ILT),12210,Apply debiasing strategies to undo individual implicit bias,5380,Strongly Agree
7c77ab2a-acf9-40dc-bdab-8e663c56bf21,Understanding and Undoing Implicit Bias (Virtual ILT),12210,"On a scale of 0-10, how likely is it that you would recommend this learning program to a colleague? (0 = Not at all likely, 10 = Extremely likely)",4505,8
7c77ab2a-acf9-40dc-bdab-8e663c56bf21,Understanding and Undoing Implicit Bias (Virtual ILT),12210,My supervisor met with me to discuss the relevance of this learning program to my current job.,4519,No
7c77ab2a-acf9-40dc-bdab-8e663c56bf21,Understanding and Undoing Implicit Bias (Virtual ILT),12210,"INSTRUCTOR.NAME maintained an effective pace through the agenda (discussion, activities, breaks, etc.).",5163,Strongly Agree
7c77ab2a-acf9-40dc-bdab-8e663c56bf21,Understanding and Undoing Implicit Bias (Virtual ILT),12210,"INSTRUCTOR.NAME maintained an effective pace through the agenda (discussion, activities, breaks, etc.).",5163,Strongly Agree
7c77ab2a-acf9-40dc-bdab-8e663c56bf21,Understanding and Undoing Implicit Bias (Virtual ILT),12210,INSTRUCTOR.NAME provided opportunities for questions and checked in for understanding,5175,Strongly Agree
7c77ab2a-acf9-40dc-bdab-8e663c56bf21,Understanding and Undoing Implicit Bias (Virtual ILT),12210,How satisfied are you with the online interaction you had with the facilitators?,5315,Satisfied
7c77ab2a-acf9-40dc-bdab-8e663c56bf21,Understanding and Undoing Implicit Bias (Virtual ILT),12210,How satisfied are you with the online interaction you had with other learners in this program?,5321,Satisfied
7c77ab2a-acf9-40dc-bdab-8e663c56bf21,Understanding and Undoing Implicit Bias (Virtual ILT),12210,"Draw connections between internalized oppression and trauma and their influence on institutional racism, structural inequity, and implicit bias",5374,Agree
7c77ab2a-acf9-40dc-bdab-8e663c56bf21,Understanding and Undoing Implicit Bias (Virtual ILT),12210,Apply debiasing strategies to undo individual implicit bias,5380,Agree
65d5c4dd-a26c-4991-86ec-9d1760abaf08,Understanding and Undoing Implicit Bias (Virtual ILT),12210,"The instructional aids (forms, case scenarios, etc.) are very similar to real things I use on the job.",4472,Strongly Agree
65d5c4dd-a26c-4991-86ec-9d1760abaf08,Understanding and Undoing Implicit Bias (Virtual ILT),12210,"In a typical workweek, how often will you apply knowledge or skills from this learning program? (In percentage of time on the job)",4520,Very Often (51-75% of the time)
65d5c4dd-a26c-4991-86ec-9d1760abaf08,Understanding and Undoing Implicit Bias (Virtual ILT),12210,INSTRUCTOR.NAME provided clear explanations of new concepts,5169,Strongly Agree
65d5c4dd-a26c-4991-86ec-9d1760abaf08,Understanding and Undoing Implicit Bias (Virtual ILT),12210,INSTRUCTOR.NAME provided clear explanations of new concepts,5169,Strongly Agree
65d5c4dd-a26c-4991-86ec-9d1760abaf08,Understanding and Undoing Implicit Bias (Virtual ILT),12210,INSTRUCTOR.NAME provided opportunities for questions and checked in for understanding,5175,Strongly Agree
65d5c4dd-a26c-4991-86ec-9d1760abaf08,Understanding and Undoing Implicit Bias (Virtual ILT),12210,How satisfied are you with the online interaction you had with the facilitators?,5315,Extremely Satisfied
65d5c4dd-a26c-4991-86ec-9d1760abaf08,Understanding and Undoing Implicit Bias (Virtual ILT),12210,Analyze the current state of child welfare as it relates to racial disproportionality,5368,Strongly Agree
6121acf0-17ec-4918-9bd9-9f3a20365b08,Understanding and Undoing Implicit Bias (Virtual ILT),12210,"The instructional aids (forms, case scenarios, etc.) are very similar to real things I use on the job.",4472,Strongly Agree
6121acf0-17ec-4918-9bd9-9f3a20365b08,Understanding and Undoing Implicit Bias (Virtual ILT),12210,What could be done differently to improve your overall learning experience?,4517,
6121acf0-17ec-4918-9bd9-9f3a20365b08,Understanding and Undoing Implicit Bias (Virtual ILT),12210,"In a typical workweek, how often will you apply knowledge or skills from this learning program? (In percentage of time on the job)",4520,Almost Always (76-100% of the time)
6121acf0-17ec-4918-9bd9-9f3a20365b08,Understanding and Undoing Implicit Bias (Virtual ILT),12210,I felt comfortable using the video conferencing platform to participate in this learning program.,5011,Agree
6121acf0-17ec-4918-9bd9-9f3a20365b08,Understanding and Undoing Implicit Bias (Virtual ILT),12210,"INSTRUCTOR.NAME maintained an effective pace through the agenda (discussion, activities, breaks, etc.).",5163,Strongly Agree
6121acf0-17ec-4918-9bd9-9f3a20365b08,Understanding and Undoing Implicit Bias (Virtual ILT),12210,INSTRUCTOR.NAME provided clear explanations of new concepts,5169,Strongly Agree
6121acf0-17ec-4918-9bd9-9f3a20365b08,Understanding and Undoing Implicit Bias (Virtual ILT),12210,INSTRUCTOR.NAME provided clear explanations of new concepts,5169,Strongly Agree
6121acf0-17ec-4918-9bd9-9f3a20365b08,Understanding and Undoing Implicit Bias (Virtual ILT),12210,"Draw connections between internalized oppression and trauma and their influence on institutional racism, structural inequity, and implicit bias",5374,Strongly Agree
fd9343d5-9c94-4e92-8be7-b12b0349870d,Understanding and Undoing Implicit Bias (Virtual ILT),12210,"The instructional aids (forms, case scenarios, etc.) are very similar to real things I use on the job.",4472,Agree
fd9343d5-9c94-4e92-8be7-b12b0349870d,Understanding and Undoing Implicit Bias (Virtual ILT),12210,How satisfied are you with the Cornerstone learning management system?,4491,Satisfied
fd9343d5-9c94-4e92-8be7-b12b0349870d,Understanding and Undoing Implicit Bias (Virtual ILT),12210,What could be done differently to improve your overall learning experience?,4517,
fd9343d5-9c94-4e92-8be7-b12b0349870d,Understanding and Undoing Implicit Bias (Virtual ILT),12210,Which other training topics or learning methods would support your job performance?,4526,
fd9343d5-9c94-4e92-8be7-b12b0349870d,Understanding and Undoing Implicit Bias (Virtual ILT),12210,I felt comfortable using the video conferencing platform to participate in this learning program.,5011,Agree
fd9343d5-9c94-4e92-8be7-b12b0349870d,Understanding and Undoing Implicit Bias (Virtual ILT),12210,"INSTRUCTOR.NAME maintained an effective pace through the agenda (discussion, activities, breaks, etc.).",5163,Agree
fd9343d5-9c94-4e92-8be7-b12b0349870d,Understanding and Undoing Implicit Bias (Virtual ILT),12210,INSTRUCTOR.NAME provided opportunities for questions and checked in for understanding,5175,Agree
fd9343d5-9c94-4e92-8be7-b12b0349870d,Understanding and Undoing Implicit Bias (Virtual ILT),12210,How satisfied are you with the online interaction you had with the facilitators?,5315,Satisfied
3b76313d-4154-44a8-a708-df372b6aa6b6,Understanding and Undoing Implicit Bias (Virtual ILT),12210,How satisfied are you with the Workforce Institute registration notifications and reminders?,4484,Extremely Satisfied
3b76313d-4154-44a8-a708-df372b6aa6b6,Understanding and Undoing Implicit Bias (Virtual ILT),12210,INSTRUCTOR.NAME provided clear explanations of new concepts,5169,Neutral
3b76313d-4154-44a8-a708-df372b6aa6b6,Understanding and Undoing Implicit Bias (Virtual ILT),12210,How satisfied are you with the online interaction you had with other learners in this program?,5321,Extremely Satisfied
3b76313d-4154-44a8-a708-df372b6aa6b6,Understanding and Undoing Implicit Bias (Virtual ILT),12210,Recall key implicit bias (IB) concepts and key points.,5362,Agree
3b76313d-4154-44a8-a708-df372b6aa6b6,Understanding and Undoing Implicit Bias (Virtual ILT),12210,Analyze the current state of child welfare as it relates to racial disproportionality,5368,Agree
3b76313d-4154-44a8-a708-df372b6aa6b6,Understanding and Undoing Implicit Bias (Virtual ILT),12210,Apply debiasing strategies to undo individual implicit bias,5380,Strongly Agree
03f9f9b2-6e24-4e67-b274-e0321d3b2e12,Understanding and Undoing Implicit Bias (Virtual ILT),12210,"Prior to today, I knew how this learning program was intended to impact my job performance.",4454,Strongly Agree
03f9f9b2-6e24-4e67-b274-e0321d3b2e12,Understanding and Undoing Implicit Bias (Virtual ILT),12210,How satisfied are you with the Workforce Institute Help Desk (phone and/or email support)?,4498,Extremely Dissatisfied
03f9f9b2-6e24-4e67-b274-e0321d3b2e12,Understanding and Undoing Implicit Bias (Virtual ILT),12210,"On a scale of 0-10, how likely is it that you would recommend this learning program to a colleague? (0 = Not at all likely, 10 = Extremely likely)",4505,10
03f9f9b2-6e24-4e67-b274-e0321d3b2e12,Understanding and Undoing Implicit Bias (Virtual ILT),12210,Which other training topics or learning methods would support your job performance?,4526,
03f9f9b2-6e24-4e67-b274-e0321d3b2e12,Understanding and Undoing Implicit Bias (Virtual ILT),12210,INSTRUCTOR.NAME provided opportunities for questions and checked in for understanding,5175,Strongly Agree
03f9f9b2-6e24-4e67-b274-e0321d3b2e12,Understanding and Undoing Implicit Bias (Virtual ILT),12210,How satisfied are you with the online interaction you had with other learners in this program?,5321,Extremely Dissatisfied
44083878-9dbb-40ab-8ef3-e0c44b40b495,Understanding and Undoing Implicit Bias (Virtual ILT),12210,"Prior to today, I knew how this learning program was intended to impact my job performance.",4454,Neutral
44083878-9dbb-40ab-8ef3-e0c44b40b495,Understanding and Undoing Implicit Bias (Virtual ILT),12210,"The instructional aids (forms, case scenarios, etc.) are very similar to real things I use on the job.",4472,Neutral
44083878-9dbb-40ab-8ef3-e0c44b40b495,Understanding and Undoing Implicit Bias (Virtual ILT),12210,How satisfied are you with the Cornerstone learning management system?,4491,Satisfied
44083878-9dbb-40ab-8ef3-e0c44b40b495,Understanding and Undoing Implicit Bias (Virtual ILT),12210,I felt comfortable using the video conferencing platform to participate in this learning program.,5011,Agree
44083878-9dbb-40ab-8ef3-e0c44b40b495,Understanding and Undoing Implicit Bias (Virtual ILT),12210,INSTRUCTOR.NAME provided clear explanations of new concepts,5169,Strongly Agree
44083878-9dbb-40ab-8ef3-e0c44b40b495,Understanding and Undoing Implicit Bias (Virtual ILT),12210,INSTRUCTOR.NAME provided opportunities for questions and checked in for understanding,5175,Agree
44083878-9dbb-40ab-8ef3-e0c44b40b495,Understanding and Undoing Implicit Bias (Virtual ILT),12210,INSTRUCTOR.NAME provided opportunities for questions and checked in for understanding,5175,Agree
b4e1b085-faa7-4447-8161-e7ef7efbbdfe,Understanding and Undoing Implicit Bias (Virtual ILT),12210,I believe this learning program will help me do my current job better.,4478,Neutral
b4e1b085-faa7-4447-8161-e7ef7efbbdfe,Understanding and Undoing Implicit Bias (Virtual ILT),12210,"In a typical workweek, how often will you apply knowledge or skills from this learning program? (In percentage of time on the job)",4520,Frequently (26-50% of the time)
b4e1b085-faa7-4447-8161-e7ef7efbbdfe,Understanding and Undoing Implicit Bias (Virtual ILT),12210,Analyze the current state of child welfare as it relates to racial disproportionality,5368,Agree
b4e1b085-faa7-4447-8161-e7ef7efbbdfe,Understanding and Undoing Implicit Bias (Virtual ILT),12210,"Draw connections between internalized oppression and trauma and their influence on institutional racism, structural inequity, and implicit bias",5374,Agree
e908264e-4f75-4b17-8cf9-e9526fd94370,Understanding and Undoing Implicit Bias (Virtual ILT),12210,"Prior to today, I knew how this learning program was intended to impact my job performance.",4454,Strongly Agree
e908264e-4f75-4b17-8cf9-e9526fd94370,Understanding and Undoing Implicit Bias (Virtual ILT),12210,I believe this learning program will help me do my current job better.,4478,Strongly Agree
e908264e-4f75-4b17-8cf9-e9526fd94370,Understanding and Undoing Implicit Bias (Virtual ILT),12210,My supervisor met with me to discuss the relevance of this learning program to my current job.,4519,No
e908264e-4f75-4b17-8cf9-e9526fd94370,Understanding and Undoing Implicit Bias (Virtual ILT),12210,"In a typical workweek, how often will you apply knowledge or skills from this learning program? (In percentage of time on the job)",4520,Almost Always (76-100% of the time)
e908264e-4f75-4b17-8cf9-e9526fd94370,Understanding and Undoing Implicit Bias (Virtual ILT),12210,I felt comfortable using the video conferencing platform to participate in this learning program.,5011,Strongly Agree
e908264e-4f75-4b17-8cf9-e9526fd94370,Understanding and Undoing Implicit Bias (Virtual ILT),12210,INSTRUCTOR.NAME provided opportunities for questions and checked in for understanding,5175,Strongly Agree
e908264e-4f75-4b17-8cf9-e9526fd94370,Understanding and Undoing Implicit Bias (Virtual ILT),12210,How satisfied are you with the online interaction you had with the facilitators?,5315,Extremely Satisfied
a890702b-be31-4ff3-9e04-f1361226ec8d,Understanding and Undoing Implicit Bias (Virtual ILT),12210,How satisfied are you with the Workforce Institute registration notifications and reminders?,4484,Satisfied
a890702b-be31-4ff3-9e04-f1361226ec8d,Understanding and Undoing Implicit Bias (Virtual ILT),12210,"INSTRUCTOR.NAME maintained an effective pace through the agenda (discussion, activities, breaks, etc.).",5163,Strongly Disagree
a890702b-be31-4ff3-9e04-f1361226ec8d,Understanding and Undoing Implicit Bias (Virtual ILT),12210,How satisfied are you with taking this learning program in a virtual format?,5309,Satisfied
a890702b-be31-4ff3-9e04-f1361226ec8d,Understanding and Undoing Implicit Bias (Virtual ILT),12210,Recall key implicit bias (IB) concepts and key points.,5362,Disagree
25e80732-93b3-491d-b0e7-f69530488570,Understanding and Undoing Implicit Bias (Virtual ILT),12210,"The instructional aids (forms, case scenarios, etc.) are very similar to real things I use on the job.",4472,Agree
25e80732-93b3-491d-b0e7-f69530488570,Understanding and Undoing Implicit Bias (Virtual ILT),12210,How satisfied are you with the Workforce Institute registration notifications and reminders?,4484,Satisfied
25e80732-93b3-491d-b0e7-f69530488570,Understanding and Undoing Implicit Bias (Virtual ILT),12210,How satisfied are you with the Cornerstone learning management system?,4491,Satisfied
25e80732-93b3-491d-b0e7-f69530488570,Understanding and Undoing Implicit Bias (Virtual ILT),12210,Which other training topics or learning methods would support your job performance?,4526,
25e80732-93b3-491d-b0e7-f69530488570,Understanding and Undoing Implicit Bias (Virtual ILT),12210,INSTRUCTOR.NAME provided clear explanations of new concepts,5169,Agree
25e80732-93b3-491d-b0e7-f69530488570,Understanding and Undoing Implicit Bias (Virtual ILT),12210,INSTRUCTOR.NAME provided opportunities for questions and checked in for understanding,5175,Agree
25e80732-93b3-491d-b0e7-f69530488570,Understanding and Undoing Implicit Bias (Virtual ILT),12210,How satisfied are you with the online interaction you had with the facilitators?,5315,Satisfied
25e80732-93b3-491d-b0e7-f69530488570,Understanding and Undoing Implicit Bias (Virtual ILT),12210,Apply debiasing strategies to undo individual implicit bias,5380,Agree
8892e340-d6a4-46a8-9c2d-2db760940633,Understanding and Undoing Implicit Bias (Virtual ILT),12210,My supervisor met with me to discuss the relevance of this learning program to my current job.,4519,Yes
8892e340-d6a4-46a8-9c2d-2db760940633,Understanding and Undoing Implicit Bias (Virtual ILT),12210,Which other training topics or learning methods would support your job performance?,4526,
8892e340-d6a4-46a8-9c2d-2db760940633,Understanding and Undoing Implicit Bias (Virtual ILT),12210,INSTRUCTOR.NAME provided clear explanations of new concepts,5169,Strongly Agree
31b740eb-ed5d-4e4a-b9c5-35c6b7deb15b,Understanding and Undoing Implicit Bias (Virtual ILT),12210,"The instructional aids (forms, case scenarios, etc.) are very similar to real things I use on the job.",4472,Agree
31b740eb-ed5d-4e4a-b9c5-35c6b7deb15b,Understanding and Undoing Implicit Bias (Virtual ILT),12210,My supervisor met with me to discuss the relevance of this learning program to my current job.,4519,Yes
31b740eb-ed5d-4e4a-b9c5-35c6b7deb15b,Understanding and Undoing Implicit Bias (Virtual ILT),12210,"In a typical workweek, how often will you apply knowledge or skills from this learning program? (In percentage of time on the job)",4520,Sometimes (1-25% of the time)
31b740eb-ed5d-4e4a-b9c5-35c6b7deb15b,Understanding and Undoing Implicit Bias (Virtual ILT),12210,"INSTRUCTOR.NAME maintained an effective pace through the agenda (discussion, activities, breaks, etc.).",5163,Strongly Agree
31b740eb-ed5d-4e4a-b9c5-35c6b7deb15b,Understanding and Undoing Implicit Bias (Virtual ILT),12210,INSTRUCTOR.NAME provided opportunities for questions and checked in for understanding,5175,Strongly Agree
31b740eb-ed5d-4e4a-b9c5-35c6b7deb15b,Understanding and Undoing Implicit Bias (Virtual ILT),12210,How satisfied are you with the online interaction you had with other learners in this program?,5321,Extremely Satisfied
31b740eb-ed5d-4e4a-b9c5-35c6b7deb15b,Understanding and Undoing Implicit Bias (Virtual ILT),12210,Apply debiasing strategies to undo individual implicit bias,5380,Strongly Agree
b435b3ec-f861-4152-adcb-6d3d9749e01d,Understanding and Undoing Implicit Bias (Virtual ILT),12210,"Prior to today, I knew how this learning program was intended to impact my job performance.",4454,Agree
b435b3ec-f861-4152-adcb-6d3d9749e01d,Understanding and Undoing Implicit Bias (Virtual ILT),12210,"The instructional aids (forms, case scenarios, etc.) are very similar to real things I use on the job.",4472,Agree
b435b3ec-f861-4152-adcb-6d3d9749e01d,Understanding and Undoing Implicit Bias (Virtual ILT),12210,How satisfied are you with the Cornerstone learning management system?,4491,Neutral
b435b3ec-f861-4152-adcb-6d3d9749e01d,Understanding and Undoing Implicit Bias (Virtual ILT),12210,INSTRUCTOR.NAME provided clear explanations of new concepts,5169,Strongly Agree
b435b3ec-f861-4152-adcb-6d3d9749e01d,Understanding and Undoing Implicit Bias (Virtual ILT),12210,INSTRUCTOR.NAME provided opportunities for questions and checked in for understanding,5175,Strongly Agree
b435b3ec-f861-4152-adcb-6d3d9749e01d,Understanding and Undoing Implicit Bias (Virtual ILT),12210,How satisfied are you with the online interaction you had with other learners in this program?,5321,Extremely Satisfied
b435b3ec-f861-4152-adcb-6d3d9749e01d,Understanding and Undoing Implicit Bias (Virtual ILT),12210,Apply debiasing strategies to undo individual implicit bias,5380,Agree
3ae1c1d4-9901-4a88-a9d4-741afb6e6342,Understanding and Undoing Implicit Bias (Virtual ILT),12210,The skills practice activities showed me how to use this learning on the job.,4460,Strongly Agree
3ae1c1d4-9901-4a88-a9d4-741afb6e6342,Understanding and Undoing Implicit Bias (Virtual ILT),12210,How satisfied are you with the Cornerstone learning management system?,4491,Satisfied
3ae1c1d4-9901-4a88-a9d4-741afb6e6342,Understanding and Undoing Implicit Bias (Virtual ILT),12210,"INSTRUCTOR.NAME maintained an effective pace through the agenda (discussion, activities, breaks, etc.).",5163,Strongly Agree
3ae1c1d4-9901-4a88-a9d4-741afb6e6342,Understanding and Undoing Implicit Bias (Virtual ILT),12210,INSTRUCTOR.NAME provided clear explanations of new concepts,5169,Strongly Agree
3ae1c1d4-9901-4a88-a9d4-741afb6e6342,Understanding and Undoing Implicit Bias (Virtual ILT),12210,INSTRUCTOR.NAME provided opportunities for questions and checked in for understanding,5175,Strongly Agree
3ae1c1d4-9901-4a88-a9d4-741afb6e6342,Understanding and Undoing Implicit Bias (Virtual ILT),12210,How satisfied are you with taking this learning program in a virtual format?,5309,Extremely Satisfied
3ae1c1d4-9901-4a88-a9d4-741afb6e6342,Understanding and Undoing Implicit Bias (Virtual ILT),12210,How satisfied are you with the online interaction you had with the facilitators?,5315,Extremely Satisfied
3ae1c1d4-9901-4a88-a9d4-741afb6e6342,Understanding and Undoing Implicit Bias (Virtual ILT),12210,Recall key implicit bias (IB) concepts and key points.,5362,Strongly Agree
7c77ab2a-acf9-40dc-bdab-8e663c56bf21,Understanding and Undoing Implicit Bias (Virtual ILT),12210,"The instructional aids (forms, case scenarios, etc.) are very similar to real things I use on the job.",4472,Agree
7c77ab2a-acf9-40dc-bdab-8e663c56bf21,Understanding and Undoing Implicit Bias (Virtual ILT),12210,How satisfied are you with the Workforce Institute registration notifications and reminders?,4484,Satisfied
7c77ab2a-acf9-40dc-bdab-8e663c56bf21,Understanding and Undoing Implicit Bias (Virtual ILT),12210,INSTRUCTOR.NAME provided clear explanations of new concepts,5169,Strongly Agree
7c77ab2a-acf9-40dc-bdab-8e663c56bf21,Understanding and Undoing Implicit Bias (Virtual ILT),12210,INSTRUCTOR.NAME provided opportunities for questions and checked in for understanding,5175,Strongly Agree
7c77ab2a-acf9-40dc-bdab-8e663c56bf21,Understanding and Undoing Implicit Bias (Virtual ILT),12210,Analyze the current state of child welfare as it relates to racial disproportionality,5368,Agree
65d5c4dd-a26c-4991-86ec-9d1760abaf08,Understanding and Undoing Implicit Bias (Virtual ILT),12210,"On a scale of 0-10, how likely is it that you would recommend this learning program to a colleague? (0 = Not at all likely, 10 = Extremely likely)",4505,10
65d5c4dd-a26c-4991-86ec-9d1760abaf08,Understanding and Undoing Implicit Bias (Virtual ILT),12210,What could be done differently to improve your overall learning experience?,4517,The facilitators were excellent in providing information of the situation in everyday life.
65d5c4dd-a26c-4991-86ec-9d1760abaf08,Understanding and Undoing Implicit Bias (Virtual ILT),12210,Which other training topics or learning methods would support your job performance?,4526,All the trainings that I have taken have support my job.
65d5c4dd-a26c-4991-86ec-9d1760abaf08,Understanding and Undoing Implicit Bias (Virtual ILT),12210,I felt comfortable using the video conferencing platform to participate in this learning program.,5011,Strongly Agree
65d5c4dd-a26c-4991-86ec-9d1760abaf08,Understanding and Undoing Implicit Bias (Virtual ILT),12210,"INSTRUCTOR.NAME maintained an effective pace through the agenda (discussion, activities, breaks, etc.).",5163,Strongly Agree
65d5c4dd-a26c-4991-86ec-9d1760abaf08,Understanding and Undoing Implicit Bias (Virtual ILT),12210,"Draw connections between internalized oppression and trauma and their influence on institutional racism, structural inequity, and implicit bias",5374,Strongly Agree
6121acf0-17ec-4918-9bd9-9f3a20365b08,Understanding and Undoing Implicit Bias (Virtual ILT),12210,"Prior to today, I knew how this learning program was intended to impact my job performance.",4454,Strongly Agree
6121acf0-17ec-4918-9bd9-9f3a20365b08,Understanding and Undoing Implicit Bias (Virtual ILT),12210,The skills practice activities showed me how to use this learning on the job.,4460,Strongly Agree
6121acf0-17ec-4918-9bd9-9f3a20365b08,Understanding and Undoing Implicit Bias (Virtual ILT),12210,How satisfied are you with the Workforce Institute registration notifications and reminders?,4484,Extremely Satisfied
6121acf0-17ec-4918-9bd9-9f3a20365b08,Understanding and Undoing Implicit Bias (Virtual ILT),12210,How satisfied are you with the Workforce Institute Help Desk (phone and/or email support)?,4498,Extremely Satisfied
6121acf0-17ec-4918-9bd9-9f3a20365b08,Understanding and Undoing Implicit Bias (Virtual ILT),12210,INSTRUCTOR.NAME provided opportunities for questions and checked in for understanding,5175,Strongly Agree
6121acf0-17ec-4918-9bd9-9f3a20365b08,Understanding and Undoing Implicit Bias (Virtual ILT),12210,How satisfied are you with the online interaction you had with the facilitators?,5315,Extremely Satisfied
fd9343d5-9c94-4e92-8be7-b12b0349870d,Understanding and Undoing Implicit Bias (Virtual ILT),12210,Recall key implicit bias (IB) concepts and key points.,5362,Agree
3b76313d-4154-44a8-a708-df372b6aa6b6,Understanding and Undoing Implicit Bias (Virtual ILT),12210,"Prior to today, I knew how this learning program was intended to impact my job performance.",4454,Strongly Agree
3b76313d-4154-44a8-a708-df372b6aa6b6,Understanding and Undoing Implicit Bias (Virtual ILT),12210,"The instructional aids (forms, case scenarios, etc.) are very similar to real things I use on the job.",4472,Strongly Agree
3b76313d-4154-44a8-a708-df372b6aa6b6,Understanding and Undoing Implicit Bias (Virtual ILT),12210,How satisfied are you with the Cornerstone learning management system?,4491,Extremely Satisfied
3b76313d-4154-44a8-a708-df372b6aa6b6,Understanding and Undoing Implicit Bias (Virtual ILT),12210,"On a scale of 0-10, how likely is it that you would recommend this learning program to a colleague? (0 = Not at all likely, 10 = Extremely likely)",4505,8
3b76313d-4154-44a8-a708-df372b6aa6b6,Understanding and Undoing Implicit Bias (Virtual ILT),12210,Which other training topics or learning methods would support your job performance?,4526,Getting the PowerPoint at the end of the training so that you can refer back to information that you might have missed or forgotten.
3b76313d-4154-44a8-a708-df372b6aa6b6,Understanding and Undoing Implicit Bias (Virtual ILT),12210,I felt comfortable using the video conferencing platform to participate in this learning program.,5011,Strongly Agree
3b76313d-4154-44a8-a708-df372b6aa6b6,Understanding and Undoing Implicit Bias (Virtual ILT),12210,"INSTRUCTOR.NAME maintained an effective pace through the agenda (discussion, activities, breaks, etc.).",5163,Strongly Agree
3b76313d-4154-44a8-a708-df372b6aa6b6,Understanding and Undoing Implicit Bias (Virtual ILT),12210,"INSTRUCTOR.NAME maintained an effective pace through the agenda (discussion, activities, breaks, etc.).",5163,Neutral
3b76313d-4154-44a8-a708-df372b6aa6b6,Understanding and Undoing Implicit Bias (Virtual ILT),12210,INSTRUCTOR.NAME provided clear explanations of new concepts,5169,Strongly Agree
03f9f9b2-6e24-4e67-b274-e0321d3b2e12,Understanding and Undoing Implicit Bias (Virtual ILT),12210,The skills practice activities showed me how to use this learning on the job.,4460,Strongly Agree
03f9f9b2-6e24-4e67-b274-e0321d3b2e12,Understanding and Undoing Implicit Bias (Virtual ILT),12210,"The instructional aids (forms, case scenarios, etc.) are very similar to real things I use on the job.",4472,Strongly Agree
03f9f9b2-6e24-4e67-b274-e0321d3b2e12,Understanding and Undoing Implicit Bias (Virtual ILT),12210,How satisfied are you with the Workforce Institute registration notifications and reminders?,4484,Extremely Dissatisfied
03f9f9b2-6e24-4e67-b274-e0321d3b2e12,Understanding and Undoing Implicit Bias (Virtual ILT),12210,What could be done differently to improve your overall learning experience?,4517,
03f9f9b2-6e24-4e67-b274-e0321d3b2e12,Understanding and Undoing Implicit Bias (Virtual ILT),12210,I felt comfortable using the video conferencing platform to participate in this learning program.,5011,Strongly Agree
03f9f9b2-6e24-4e67-b274-e0321d3b2e12,Understanding and Undoing Implicit Bias (Virtual ILT),12210,INSTRUCTOR.NAME provided clear explanations of new concepts,5169,Strongly Agree
03f9f9b2-6e24-4e67-b274-e0321d3b2e12,Understanding and Undoing Implicit Bias (Virtual ILT),12210,INSTRUCTOR.NAME provided opportunities for questions and checked in for understanding,5175,Strongly Agree
03f9f9b2-6e24-4e67-b274-e0321d3b2e12,Understanding and Undoing Implicit Bias (Virtual ILT),12210,How satisfied are you with taking this learning program in a virtual format?,5309,Extremely Dissatisfied
03f9f9b2-6e24-4e67-b274-e0321d3b2e12,Understanding and Undoing Implicit Bias (Virtual ILT),12210,Analyze the current state of child welfare as it relates to racial disproportionality,5368,Agree
44083878-9dbb-40ab-8ef3-e0c44b40b495,Understanding and Undoing Implicit Bias (Virtual ILT),12210,I believe this learning program will help me do my current job better.,4478,Agree
44083878-9dbb-40ab-8ef3-e0c44b40b495,Understanding and Undoing Implicit Bias (Virtual ILT),12210,"INSTRUCTOR.NAME maintained an effective pace through the agenda (discussion, activities, breaks, etc.).",5163,Strongly Agree
44083878-9dbb-40ab-8ef3-e0c44b40b495,Understanding and Undoing Implicit Bias (Virtual ILT),12210,How satisfied are you with taking this learning program in a virtual format?,5309,Satisfied
44083878-9dbb-40ab-8ef3-e0c44b40b495,Understanding and Undoing Implicit Bias (Virtual ILT),12210,How satisfied are you with the online interaction you had with other learners in this program?,5321,Satisfied
b4e1b085-faa7-4447-8161-e7ef7efbbdfe,Understanding and Undoing Implicit Bias (Virtual ILT),12210,The skills practice activities showed me how to use this learning on the job.,4460,
b4e1b085-faa7-4447-8161-e7ef7efbbdfe,Understanding and Undoing Implicit Bias (Virtual ILT),12210,How satisfied are you with the Cornerstone learning management system?,4491,Satisfied
b4e1b085-faa7-4447-8161-e7ef7efbbdfe,Understanding and Undoing Implicit Bias (Virtual ILT),12210,"On a scale of 0-10, how likely is it that you would recommend this learning program to a colleague? (0 = Not at all likely, 10 = Extremely likely)",4505,8
b4e1b085-faa7-4447-8161-e7ef7efbbdfe,Understanding and Undoing Implicit Bias (Virtual ILT),12210,"INSTRUCTOR.NAME maintained an effective pace through the agenda (discussion, activities, breaks, etc.).",5163,Agree
b4e1b085-faa7-4447-8161-e7ef7efbbdfe,Understanding and Undoing Implicit Bias (Virtual ILT),12210,How satisfied are you with the online interaction you had with other learners in this program?,5321,Extremely Satisfied
e908264e-4f75-4b17-8cf9-e9526fd94370,Understanding and Undoing Implicit Bias (Virtual ILT),12210,The skills practice activities showed me how to use this learning on the job.,4460,Strongly Agree
e908264e-4f75-4b17-8cf9-e9526fd94370,Understanding and Undoing Implicit Bias (Virtual ILT),12210,How satisfied are you with the Workforce Institute registration notifications and reminders?,4484,Extremely Satisfied
e908264e-4f75-4b17-8cf9-e9526fd94370,Understanding and Undoing Implicit Bias (Virtual ILT),12210,"On a scale of 0-10, how likely is it that you would recommend this learning program to a colleague? (0 = Not at all likely, 10 = Extremely likely)",4505,10
e908264e-4f75-4b17-8cf9-e9526fd94370,Understanding and Undoing Implicit Bias (Virtual ILT),12210,"INSTRUCTOR.NAME maintained an effective pace through the agenda (discussion, activities, breaks, etc.).",5163,Strongly Agree
e908264e-4f75-4b17-8cf9-e9526fd94370,Understanding and Undoing Implicit Bias (Virtual ILT),12210,INSTRUCTOR.NAME provided clear explanations of new concepts,5169,Strongly Agree
e908264e-4f75-4b17-8cf9-e9526fd94370,Understanding and Undoing Implicit Bias (Virtual ILT),12210,INSTRUCTOR.NAME provided opportunities for questions and checked in for understanding,5175,Strongly Agree
e908264e-4f75-4b17-8cf9-e9526fd94370,Understanding and Undoing Implicit Bias (Virtual ILT),12210,How satisfied are you with taking this learning program in a virtual format?,5309,Extremely Satisfied
e908264e-4f75-4b17-8cf9-e9526fd94370,Understanding and Undoing Implicit Bias (Virtual ILT),12210,Apply debiasing strategies to undo individual implicit bias,5380,Strongly Agree
a890702b-be31-4ff3-9e04-f1361226ec8d,Understanding and Undoing Implicit Bias (Virtual ILT),12210,"In a typical workweek, how often will you apply knowledge or skills from this learning program? (In percentage of time on the job)",4520,Sometimes (1-25% of the time)
a890702b-be31-4ff3-9e04-f1361226ec8d,Understanding and Undoing Implicit Bias (Virtual ILT),12210,INSTRUCTOR.NAME provided clear explanations of new concepts,5169,Strongly Disagree
a890702b-be31-4ff3-9e04-f1361226ec8d,Understanding and Undoing Implicit Bias (Virtual ILT),12210,INSTRUCTOR.NAME provided clear explanations of new concepts,5169,Strongly Disagree
a890702b-be31-4ff3-9e04-f1361226ec8d,Understanding and Undoing Implicit Bias (Virtual ILT),12210,How satisfied are you with the online interaction you had with the facilitators?,5315,Satisfied
a890702b-be31-4ff3-9e04-f1361226ec8d,Understanding and Undoing Implicit Bias (Virtual ILT),12210,"Draw connections between internalized oppression and trauma and their influence on institutional racism, structural inequity, and implicit bias",5374,Agree
a890702b-be31-4ff3-9e04-f1361226ec8d,Understanding and Undoing Implicit Bias (Virtual ILT),12210,Apply debiasing strategies to undo individual implicit bias,5380,Agree
25e80732-93b3-491d-b0e7-f69530488570,Understanding and Undoing Implicit Bias (Virtual ILT),12210,How satisfied are you with the Workforce Institute Help Desk (phone and/or email support)?,4498,Satisfied
25e80732-93b3-491d-b0e7-f69530488570,Understanding and Undoing Implicit Bias (Virtual ILT),12210,"On a scale of 0-10, how likely is it that you would recommend this learning program to a colleague? (0 = Not at all likely, 10 = Extremely likely)",4505,8
25e80732-93b3-491d-b0e7-f69530488570,Understanding and Undoing Implicit Bias (Virtual ILT),12210,My supervisor met with me to discuss the relevance of this learning program to my current job.,4519,No
25e80732-93b3-491d-b0e7-f69530488570,Understanding and Undoing Implicit Bias (Virtual ILT),12210,I felt comfortable using the video conferencing platform to participate in this learning program.,5011,Agree
25e80732-93b3-491d-b0e7-f69530488570,Understanding and Undoing Implicit Bias (Virtual ILT),12210,"INSTRUCTOR.NAME maintained an effective pace through the agenda (discussion, activities, breaks, etc.).",5163,Agree
25e80732-93b3-491d-b0e7-f69530488570,Understanding and Undoing Implicit Bias (Virtual ILT),12210,INSTRUCTOR.NAME provided clear explanations of new concepts,5169,Agree
25e80732-93b3-491d-b0e7-f69530488570,Understanding and Undoing Implicit Bias (Virtual ILT),12210,Recall key implicit bias (IB) concepts and key points.,5362,Agree
25e80732-93b3-491d-b0e7-f69530488570,Understanding and Undoing Implicit Bias (Virtual ILT),12210,Analyze the current state of child welfare as it relates to racial disproportionality,5368,Agree
8892e340-d6a4-46a8-9c2d-2db760940633,Understanding and Undoing Implicit Bias (Virtual ILT),12210,"Prior to today, I knew how this learning program was intended to impact my job performance.",4454,Strongly Agree
8892e340-d6a4-46a8-9c2d-2db760940633,Understanding and Undoing Implicit Bias (Virtual ILT),12210,How satisfied are you with the Workforce Institute Help Desk (phone and/or email support)?,4498,Satisfied
8892e340-d6a4-46a8-9c2d-2db760940633,Understanding and Undoing Implicit Bias (Virtual ILT),12210,"On a scale of 0-10, how likely is it that you would recommend this learning program to a colleague? (0 = Not at all likely, 10 = Extremely likely)",4505,10
8892e340-d6a4-46a8-9c2d-2db760940633,Understanding and Undoing Implicit Bias (Virtual ILT),12210,"In a typical workweek, how often will you apply knowledge or skills from this learning program? (In percentage of time on the job)",4520,Almost Always (76-100% of the time)
8892e340-d6a4-46a8-9c2d-2db760940633,Understanding and Undoing Implicit Bias (Virtual ILT),12210,"INSTRUCTOR.NAME maintained an effective pace through the agenda (discussion, activities, breaks, etc.).",5163,Strongly Agree
8892e340-d6a4-46a8-9c2d-2db760940633,Understanding and Undoing Implicit Bias (Virtual ILT),12210,INSTRUCTOR.NAME provided clear explanations of new concepts,5169,Strongly Agree
8892e340-d6a4-46a8-9c2d-2db760940633,Understanding and Undoing Implicit Bias (Virtual ILT),12210,How satisfied are you with the online interaction you had with the facilitators?,5315,Extremely Satisfied
8892e340-d6a4-46a8-9c2d-2db760940633,Understanding and Undoing Implicit Bias (Virtual ILT),12210,How satisfied are you with the online interaction you had with other learners in this program?,5321,Extremely Satisfied
8892e340-d6a4-46a8-9c2d-2db760940633,Understanding and Undoing Implicit Bias (Virtual ILT),12210,"Draw connections between internalized oppression and trauma and their influence on institutional racism, structural inequity, and implicit bias",5374,Strongly Agree
31b740eb-ed5d-4e4a-b9c5-35c6b7deb15b,Understanding and Undoing Implicit Bias (Virtual ILT),12210,"Prior to today, I knew how this learning program was intended to impact my job performance.",4454,Strongly Agree
31b740eb-ed5d-4e4a-b9c5-35c6b7deb15b,Understanding and Undoing Implicit Bias (Virtual ILT),12210,The skills practice activities showed me how to use this learning on the job.,4460,Agree
31b740eb-ed5d-4e4a-b9c5-35c6b7deb15b,Understanding and Undoing Implicit Bias (Virtual ILT),12210,How satisfied are you with the Cornerstone learning management system?,4491,Satisfied
31b740eb-ed5d-4e4a-b9c5-35c6b7deb15b,Understanding and Undoing Implicit Bias (Virtual ILT),12210,How satisfied are you with the Workforce Institute Help Desk (phone and/or email support)?,4498,Extremely Satisfied
31b740eb-ed5d-4e4a-b9c5-35c6b7deb15b,Understanding and Undoing Implicit Bias (Virtual ILT),12210,"On a scale of 0-10, how likely is it that you would recommend this learning program to a colleague? (0 = Not at all likely, 10 = Extremely likely)",4505,10
31b740eb-ed5d-4e4a-b9c5-35c6b7deb15b,Understanding and Undoing Implicit Bias (Virtual ILT),12210,INSTRUCTOR.NAME provided clear explanations of new concepts,5169,Strongly Agree
31b740eb-ed5d-4e4a-b9c5-35c6b7deb15b,Understanding and Undoing Implicit Bias (Virtual ILT),12210,INSTRUCTOR.NAME provided clear explanations of new concepts,5169,
b435b3ec-f861-4152-adcb-6d3d9749e01d,Understanding and Undoing Implicit Bias (Virtual ILT),12210,The skills practice activities showed me how to use this learning on the job.,4460,Agree
b435b3ec-f861-4152-adcb-6d3d9749e01d,Understanding and Undoing Implicit Bias (Virtual ILT),12210,How satisfied are you with the Workforce Institute Help Desk (phone and/or email support)?,4498,Neutral
b435b3ec-f861-4152-adcb-6d3d9749e01d,Understanding and Undoing Implicit Bias (Virtual ILT),12210,"On a scale of 0-10, how likely is it that you would recommend this learning program to a colleague? (0 = Not at all likely, 10 = Extremely likely)",4505,10
b435b3ec-f861-4152-adcb-6d3d9749e01d,Understanding and Undoing Implicit Bias (Virtual ILT),12210,My supervisor met with me to discuss the relevance of this learning program to my current job.,4519,No
b435b3ec-f861-4152-adcb-6d3d9749e01d,Understanding and Undoing Implicit Bias (Virtual ILT),12210,"In a typical workweek, how often will you apply knowledge or skills from this learning program? (In percentage of time on the job)",4520,Almost Always (76-100% of the time)
b435b3ec-f861-4152-adcb-6d3d9749e01d,Understanding and Undoing Implicit Bias (Virtual ILT),12210,I felt comfortable using the video conferencing platform to participate in this learning program.,5011,Strongly Agree
b435b3ec-f861-4152-adcb-6d3d9749e01d,Understanding and Undoing Implicit Bias (Virtual ILT),12210,INSTRUCTOR.NAME provided clear explanations of new concepts,5169,Strongly Agree
b435b3ec-f861-4152-adcb-6d3d9749e01d,Understanding and Undoing Implicit Bias (Virtual ILT),12210,How satisfied are you with taking this learning program in a virtual format?,5309,Extremely Satisfied
b435b3ec-f861-4152-adcb-6d3d9749e01d,Understanding and Undoing Implicit Bias (Virtual ILT),12210,"Draw connections between internalized oppression and trauma and their influence on institutional racism, structural inequity, and implicit bias",5374,Agree
3ae1c1d4-9901-4a88-a9d4-741afb6e6342,Understanding and Undoing Implicit Bias (Virtual ILT),12210,I believe this learning program will help me do my current job better.,4478,Strongly Agree
3ae1c1d4-9901-4a88-a9d4-741afb6e6342,Understanding and Undoing Implicit Bias (Virtual ILT),12210,How satisfied are you with the Workforce Institute registration notifications and reminders?,4484,Satisfied
3ae1c1d4-9901-4a88-a9d4-741afb6e6342,Understanding and Undoing Implicit Bias (Virtual ILT),12210,What could be done differently to improve your overall learning experience?,4517,
3ae1c1d4-9901-4a88-a9d4-741afb6e6342,Understanding and Undoing Implicit Bias (Virtual ILT),12210,INSTRUCTOR.NAME provided opportunities for questions and checked in for understanding,5175,Strongly Agree
7c77ab2a-acf9-40dc-bdab-8e663c56bf21,Understanding and Undoing Implicit Bias (Virtual ILT),12210,I believe this learning program will help me do my current job better.,4478,Agree
7c77ab2a-acf9-40dc-bdab-8e663c56bf21,Understanding and Undoing Implicit Bias (Virtual ILT),12210,How satisfied are you with the Cornerstone learning management system?,4491,Satisfied
7c77ab2a-acf9-40dc-bdab-8e663c56bf21,Understanding and Undoing Implicit Bias (Virtual ILT),12210,How satisfied are you with the Workforce Institute Help Desk (phone and/or email support)?,4498,Satisfied
7c77ab2a-acf9-40dc-bdab-8e663c56bf21,Understanding and Undoing Implicit Bias (Virtual ILT),12210,What could be done differently to improve your overall learning experience?,4517,just make sure our PC's or laptops are working and updated
7c77ab2a-acf9-40dc-bdab-8e663c56bf21,Understanding and Undoing Implicit Bias (Virtual ILT),12210,"In a typical workweek, how often will you apply knowledge or skills from this learning program? (In percentage of time on the job)",4520,Very Often (51-75% of the time)
7c77ab2a-acf9-40dc-bdab-8e663c56bf21,Understanding and Undoing Implicit Bias (Virtual ILT),12210,Which other training topics or learning methods would support your job performance?,4526,work place favoritism and improper use of authority
7c77ab2a-acf9-40dc-bdab-8e663c56bf21,Understanding and Undoing Implicit Bias (Virtual ILT),12210,INSTRUCTOR.NAME provided clear explanations of new concepts,5169,Strongly Agree
7c77ab2a-acf9-40dc-bdab-8e663c56bf21,Understanding and Undoing Implicit Bias (Virtual ILT),12210,How satisfied are you with taking this learning program in a virtual format?,5309,Satisfied
65d5c4dd-a26c-4991-86ec-9d1760abaf08,Understanding and Undoing Implicit Bias (Virtual ILT),12210,"Prior to today, I knew how this learning program was intended to impact my job performance.",4454,Strongly Agree
65d5c4dd-a26c-4991-86ec-9d1760abaf08,Understanding and Undoing Implicit Bias (Virtual ILT),12210,The skills practice activities showed me how to use this learning on the job.,4460,Strongly Agree
65d5c4dd-a26c-4991-86ec-9d1760abaf08,Understanding and Undoing Implicit Bias (Virtual ILT),12210,How satisfied are you with the Workforce Institute registration notifications and reminders?,4484,Extremely Satisfied
65d5c4dd-a26c-4991-86ec-9d1760abaf08,Understanding and Undoing Implicit Bias (Virtual ILT),12210,How satisfied are you with the Workforce Institute Help Desk (phone and/or email support)?,4498,Extremely Satisfied
65d5c4dd-a26c-4991-86ec-9d1760abaf08,Understanding and Undoing Implicit Bias (Virtual ILT),12210,My supervisor met with me to discuss the relevance of this learning program to my current job.,4519,Yes
65d5c4dd-a26c-4991-86ec-9d1760abaf08,Understanding and Undoing Implicit Bias (Virtual ILT),12210,"INSTRUCTOR.NAME maintained an effective pace through the agenda (discussion, activities, breaks, etc.).",5163,Strongly Agree
65d5c4dd-a26c-4991-86ec-9d1760abaf08,Understanding and Undoing Implicit Bias (Virtual ILT),12210,INSTRUCTOR.NAME provided opportunities for questions and checked in for understanding,5175,Strongly Agree
65d5c4dd-a26c-4991-86ec-9d1760abaf08,Understanding and Undoing Implicit Bias (Virtual ILT),12210,Apply debiasing strategies to undo individual implicit bias,5380,Agree
6121acf0-17ec-4918-9bd9-9f3a20365b08,Understanding and Undoing Implicit Bias (Virtual ILT),12210,I believe this learning program will help me do my current job better.,4478,Strongly Agree
6121acf0-17ec-4918-9bd9-9f3a20365b08,Understanding and Undoing Implicit Bias (Virtual ILT),12210,How satisfied are you with the Cornerstone learning management system?,4491,Satisfied
6121acf0-17ec-4918-9bd9-9f3a20365b08,Understanding and Undoing Implicit Bias (Virtual ILT),12210,"On a scale of 0-10, how likely is it that you would recommend this learning program to a colleague? (0 = Not at all likely, 10 = Extremely likely)",4505,9
6121acf0-17ec-4918-9bd9-9f3a20365b08,Understanding and Undoing Implicit Bias (Virtual ILT),12210,Which other training topics or learning methods would support your job performance?,4526,In person learning works best for me.
6121acf0-17ec-4918-9bd9-9f3a20365b08,Understanding and Undoing Implicit Bias (Virtual ILT),12210,Apply debiasing strategies to undo individual implicit bias,5380,Strongly Agree
fd9343d5-9c94-4e92-8be7-b12b0349870d,Understanding and Undoing Implicit Bias (Virtual ILT),12210,I believe this learning program will help me do my current job better.,4478,Agree
fd9343d5-9c94-4e92-8be7-b12b0349870d,Understanding and Undoing Implicit Bias (Virtual ILT),12210,How satisfied are you with the Workforce Institute registration notifications and reminders?,4484,Satisfied
fd9343d5-9c94-4e92-8be7-b12b0349870d,Understanding and Undoing Implicit Bias (Virtual ILT),12210,How satisfied are you with the Workforce Institute Help Desk (phone and/or email support)?,4498,Satisfied
fd9343d5-9c94-4e92-8be7-b12b0349870d,Understanding and Undoing Implicit Bias (Virtual ILT),12210,"On a scale of 0-10, how likely is it that you would recommend this learning program to a colleague? (0 = Not at all likely, 10 = Extremely likely)",4505,9
fd9343d5-9c94-4e92-8be7-b12b0349870d,Understanding and Undoing Implicit Bias (Virtual ILT),12210,"In a typical workweek, how often will you apply knowledge or skills from this learning program? (In percentage of time on the job)",4520,Almost Always (76-100% of the time)
fd9343d5-9c94-4e92-8be7-b12b0349870d,Understanding and Undoing Implicit Bias (Virtual ILT),12210,INSTRUCTOR.NAME provided clear explanations of new concepts,5169,Agree
fd9343d5-9c94-4e92-8be7-b12b0349870d,Understanding and Undoing Implicit Bias (Virtual ILT),12210,Analyze the current state of child welfare as it relates to racial disproportionality,5368,Agree
fd9343d5-9c94-4e92-8be7-b12b0349870d,Understanding and Undoing Implicit Bias (Virtual ILT),12210,"Draw connections between internalized oppression and trauma and their influence on institutional racism, structural inequity, and implicit bias",5374,Agree
3b76313d-4154-44a8-a708-df372b6aa6b6,Understanding and Undoing Implicit Bias (Virtual ILT),12210,The skills practice activities showed me how to use this learning on the job.,4460,Strongly Agree
3b76313d-4154-44a8-a708-df372b6aa6b6,Understanding and Undoing Implicit Bias (Virtual ILT),12210,How satisfied are you with the Workforce Institute Help Desk (phone and/or email support)?,4498,Neutral
3b76313d-4154-44a8-a708-df372b6aa6b6,Understanding and Undoing Implicit Bias (Virtual ILT),12210,My supervisor met with me to discuss the relevance of this learning program to my current job.,4519,No
3b76313d-4154-44a8-a708-df372b6aa6b6,Understanding and Undoing Implicit Bias (Virtual ILT),12210,INSTRUCTOR.NAME provided opportunities for questions and checked in for understanding,5175,Strongly Agree
3b76313d-4154-44a8-a708-df372b6aa6b6,Understanding and Undoing Implicit Bias (Virtual ILT),12210,INSTRUCTOR.NAME provided opportunities for questions and checked in for understanding,5175,Neutral
3b76313d-4154-44a8-a708-df372b6aa6b6,Understanding and Undoing Implicit Bias (Virtual ILT),12210,How satisfied are you with taking this learning program in a virtual format?,5309,Satisfied
3b76313d-4154-44a8-a708-df372b6aa6b6,Understanding and Undoing Implicit Bias (Virtual ILT),12210,How satisfied are you with the online interaction you had with the facilitators?,5315,Satisfied
3b76313d-4154-44a8-a708-df372b6aa6b6,Understanding and Undoing Implicit Bias (Virtual ILT),12210,"Draw connections between internalized oppression and trauma and their influence on institutional racism, structural inequity, and implicit bias",5374,Neutral
03f9f9b2-6e24-4e67-b274-e0321d3b2e12,Understanding and Undoing Implicit Bias (Virtual ILT),12210,How satisfied are you with the Cornerstone learning management system?,4491,Extremely Dissatisfied
03f9f9b2-6e24-4e67-b274-e0321d3b2e12,Understanding and Undoing Implicit Bias (Virtual ILT),12210,My supervisor met with me to discuss the relevance of this learning program to my current job.,4519,Yes
03f9f9b2-6e24-4e67-b274-e0321d3b2e12,Understanding and Undoing Implicit Bias (Virtual ILT),12210,INSTRUCTOR.NAME provided clear explanations of new concepts,5169,Strongly Agree
03f9f9b2-6e24-4e67-b274-e0321d3b2e12,Understanding and Undoing Implicit Bias (Virtual ILT),12210,How satisfied are you with the online interaction you had with the facilitators?,5315,Extremely Dissatisfied
03f9f9b2-6e24-4e67-b274-e0321d3b2e12,Understanding and Undoing Implicit Bias (Virtual ILT),12210,Recall key implicit bias (IB) concepts and key points.,5362,Agree
03f9f9b2-6e24-4e67-b274-e0321d3b2e12,Understanding and Undoing Implicit Bias (Virtual ILT),12210,"Draw connections between internalized oppression and trauma and their influence on institutional racism, structural inequity, and implicit bias",5374,Agree
44083878-9dbb-40ab-8ef3-e0c44b40b495,Understanding and Undoing Implicit Bias (Virtual ILT),12210,The skills practice activities showed me how to use this learning on the job.,4460,Agree
44083878-9dbb-40ab-8ef3-e0c44b40b495,Understanding and Undoing Implicit Bias (Virtual ILT),12210,"On a scale of 0-10, how likely is it that you would recommend this learning program to a colleague? (0 = Not at all likely, 10 = Extremely likely)",4505,8
44083878-9dbb-40ab-8ef3-e0c44b40b495,Understanding and Undoing Implicit Bias (Virtual ILT),12210,Which other training topics or learning methods would support your job performance?,4526,N/A
44083878-9dbb-40ab-8ef3-e0c44b40b495,Understanding and Undoing Implicit Bias (Virtual ILT),12210,"INSTRUCTOR.NAME maintained an effective pace through the agenda (discussion, activities, breaks, etc.).",5163,Strongly Agree
44083878-9dbb-40ab-8ef3-e0c44b40b495,Understanding and Undoing Implicit Bias (Virtual ILT),12210,Apply debiasing strategies to undo individual implicit bias,5380,Agree
b4e1b085-faa7-4447-8161-e7ef7efbbdfe,Understanding and Undoing Implicit Bias (Virtual ILT),12210,"Prior to today, I knew how this learning program was intended to impact my job performance.",4454,Agree
b4e1b085-faa7-4447-8161-e7ef7efbbdfe,Understanding and Undoing Implicit Bias (Virtual ILT),12210,How satisfied are you with the Workforce Institute Help Desk (phone and/or email support)?,4498,Satisfied
b4e1b085-faa7-4447-8161-e7ef7efbbdfe,Understanding and Undoing Implicit Bias (Virtual ILT),12210,What could be done differently to improve your overall learning experience?,4517,NA
b4e1b085-faa7-4447-8161-e7ef7efbbdfe,Understanding and Undoing Implicit Bias (Virtual ILT),12210,I felt comfortable using the video conferencing platform to participate in this learning program.,5011,Agree
b4e1b085-faa7-4447-8161-e7ef7efbbdfe,Understanding and Undoing Implicit Bias (Virtual ILT),12210,"INSTRUCTOR.NAME maintained an effective pace through the agenda (discussion, activities, breaks, etc.).",5163,Agree
b4e1b085-faa7-4447-8161-e7ef7efbbdfe,Understanding and Undoing Implicit Bias (Virtual ILT),12210,INSTRUCTOR.NAME provided opportunities for questions and checked in for understanding,5175,Agree
b4e1b085-faa7-4447-8161-e7ef7efbbdfe,Understanding and Undoing Implicit Bias (Virtual ILT),12210,INSTRUCTOR.NAME provided opportunities for questions and checked in for understanding,5175,Agree
b4e1b085-faa7-4447-8161-e7ef7efbbdfe,Understanding and Undoing Implicit Bias (Virtual ILT),12210,How satisfied are you with the online interaction you had with the facilitators?,5315,Extremely Satisfied
b4e1b085-faa7-4447-8161-e7ef7efbbdfe,Understanding and Undoing Implicit Bias (Virtual ILT),12210,Recall key implicit bias (IB) concepts and key points.,5362,Neutral
b4e1b085-faa7-4447-8161-e7ef7efbbdfe,Understanding and Undoing Implicit Bias (Virtual ILT),12210,Apply debiasing strategies to undo individual implicit bias,5380,Agree
e908264e-4f75-4b17-8cf9-e9526fd94370,Understanding and Undoing Implicit Bias (Virtual ILT),12210,How satisfied are you with the Workforce Institute Help Desk (phone and/or email support)?,4498,Extremely Satisfied
e908264e-4f75-4b17-8cf9-e9526fd94370,Understanding and Undoing Implicit Bias (Virtual ILT),12210,What could be done differently to improve your overall learning experience?,4517,It was a great training
e908264e-4f75-4b17-8cf9-e9526fd94370,Understanding and Undoing Implicit Bias (Virtual ILT),12210,Which other training topics or learning methods would support your job performance?,4526,
e908264e-4f75-4b17-8cf9-e9526fd94370,Understanding and Undoing Implicit Bias (Virtual ILT),12210,Recall key implicit bias (IB) concepts and key points.,5362,Strongly Agree
e908264e-4f75-4b17-8cf9-e9526fd94370,Understanding and Undoing Implicit Bias (Virtual ILT),12210,"Draw connections between internalized oppression and trauma and their influence on institutional racism, structural inequity, and implicit bias",5374,Strongly Agree
a890702b-be31-4ff3-9e04-f1361226ec8d,Understanding and Undoing Implicit Bias (Virtual ILT),12210,How satisfied are you with the Cornerstone learning management system?,4491,Satisfied
a890702b-be31-4ff3-9e04-f1361226ec8d,Understanding and Undoing Implicit Bias (Virtual ILT),12210,How satisfied are you with the Workforce Institute Help Desk (phone and/or email support)?,4498,Extremely Satisfied
a890702b-be31-4ff3-9e04-f1361226ec8d,Understanding and Undoing Implicit Bias (Virtual ILT),12210,"On a scale of 0-10, how likely is it that you would recommend this learning program to a colleague? (0 = Not at all likely, 10 = Extremely likely)",4505,8
a890702b-be31-4ff3-9e04-f1361226ec8d,Understanding and Undoing Implicit Bias (Virtual ILT),12210,What could be done differently to improve your overall learning experience?,4517,"I would not change anything, the training was very engaging and interactive."
a890702b-be31-4ff3-9e04-f1361226ec8d,Understanding and Undoing Implicit Bias (Virtual ILT),12210,I felt comfortable using the video conferencing platform to participate in this learning program.,5011,Agree
a890702b-be31-4ff3-9e04-f1361226ec8d,Understanding and Undoing Implicit Bias (Virtual ILT),12210,How satisfied are you with the online interaction you had with other learners in this program?,5321,Satisfied
a890702b-be31-4ff3-9e04-f1361226ec8d,Understanding and Undoing Implicit Bias (Virtual ILT),12210,Analyze the current state of child welfare as it relates to racial disproportionality,5368,Agree
25e80732-93b3-491d-b0e7-f69530488570,Understanding and Undoing Implicit Bias (Virtual ILT),12210,"Prior to today, I knew how this learning program was intended to impact my job performance.",4454,Agree
25e80732-93b3-491d-b0e7-f69530488570,Understanding and Undoing Implicit Bias (Virtual ILT),12210,The skills practice activities showed me how to use this learning on the job.,4460,Agree
25e80732-93b3-491d-b0e7-f69530488570,Understanding and Undoing Implicit Bias (Virtual ILT),12210,I believe this learning program will help me do my current job better.,4478,Agree
25e80732-93b3-491d-b0e7-f69530488570,Understanding and Undoing Implicit Bias (Virtual ILT),12210,What could be done differently to improve your overall learning experience?,4517,N/A
25e80732-93b3-491d-b0e7-f69530488570,Understanding and Undoing Implicit Bias (Virtual ILT),12210,"In a typical workweek, how often will you apply knowledge or skills from this learning program? (In percentage of time on the job)",4520,Very Often (51-75% of the time)
25e80732-93b3-491d-b0e7-f69530488570,Understanding and Undoing Implicit Bias (Virtual ILT),12210,INSTRUCTOR.NAME provided opportunities for questions and checked in for understanding,5175,Agree
25e80732-93b3-491d-b0e7-f69530488570,Understanding and Undoing Implicit Bias (Virtual ILT),12210,How satisfied are you with the online interaction you had with other learners in this program?,5321,Satisfied
8892e340-d6a4-46a8-9c2d-2db760940633,Understanding and Undoing Implicit Bias (Virtual ILT),12210,"The instructional aids (forms, case scenarios, etc.) are very similar to real things I use on the job.",4472,Strongly Agree
8892e340-d6a4-46a8-9c2d-2db760940633,Understanding and Undoing Implicit Bias (Virtual ILT),12210,How satisfied are you with the Workforce Institute registration notifications and reminders?,4484,Satisfied
8892e340-d6a4-46a8-9c2d-2db760940633,Understanding and Undoing Implicit Bias (Virtual ILT),12210,How satisfied are you with the Cornerstone learning management system?,4491,Satisfied
8892e340-d6a4-46a8-9c2d-2db760940633,Understanding and Undoing Implicit Bias (Virtual ILT),12210,I felt comfortable using the video conferencing platform to participate in this learning program.,5011,Strongly Agree
8892e340-d6a4-46a8-9c2d-2db760940633,Understanding and Undoing Implicit Bias (Virtual ILT),12210,"INSTRUCTOR.NAME maintained an effective pace through the agenda (discussion, activities, breaks, etc.).",5163,Strongly Agree
8892e340-d6a4-46a8-9c2d-2db760940633,Understanding and Undoing Implicit Bias (Virtual ILT),12210,INSTRUCTOR.NAME provided opportunities for questions and checked in for understanding,5175,Strongly Agree
8892e340-d6a4-46a8-9c2d-2db760940633,Understanding and Undoing Implicit Bias (Virtual ILT),12210,Recall key implicit bias (IB) concepts and key points.,5362,Strongly Agree
8892e340-d6a4-46a8-9c2d-2db760940633,Understanding and Undoing Implicit Bias (Virtual ILT),12210,Analyze the current state of child welfare as it relates to racial disproportionality,5368,Strongly Agree
31b740eb-ed5d-4e4a-b9c5-35c6b7deb15b,Understanding and Undoing Implicit Bias (Virtual ILT),12210,How satisfied are you with the Workforce Institute registration notifications and reminders?,4484,Extremely Satisfied
31b740eb-ed5d-4e4a-b9c5-35c6b7deb15b,Understanding and Undoing Implicit Bias (Virtual ILT),12210,What could be done differently to improve your overall learning experience?,4517,Let me know which question i got wrong on pre and post test. If you don't know what you are answering wrong you cannot correct it.
31b740eb-ed5d-4e4a-b9c5-35c6b7deb15b,Understanding and Undoing Implicit Bias (Virtual ILT),12210,Which other training topics or learning methods would support your job performance?,4526,how to convince commissioner to roll out permanent telework options
31b740eb-ed5d-4e4a-b9c5-35c6b7deb15b,Understanding and Undoing Implicit Bias (Virtual ILT),12210,INSTRUCTOR.NAME provided opportunities for questions and checked in for understanding,5175,
31b740eb-ed5d-4e4a-b9c5-35c6b7deb15b,Understanding and Undoing Implicit Bias (Virtual ILT),12210,How satisfied are you with the online interaction you had with the facilitators?,5315,Extremely Satisfied
31b740eb-ed5d-4e4a-b9c5-35c6b7deb15b,Understanding and Undoing Implicit Bias (Virtual ILT),12210,Analyze the current state of child welfare as it relates to racial disproportionality,5368,Strongly Agree
31b740eb-ed5d-4e4a-b9c5-35c6b7deb15b,Understanding and Undoing Implicit Bias (Virtual ILT),12210,"Draw connections between internalized oppression and trauma and their influence on institutional racism, structural inequity, and implicit bias",5374,Strongly Agree
b435b3ec-f861-4152-adcb-6d3d9749e01d,Understanding and Undoing Implicit Bias (Virtual ILT),12210,I believe this learning program will help me do my current job better.,4478,Agree
b435b3ec-f861-4152-adcb-6d3d9749e01d,Understanding and Undoing Implicit Bias (Virtual ILT),12210,How satisfied are you with the Workforce Institute registration notifications and reminders?,4484,Extremely Satisfied
b435b3ec-f861-4152-adcb-6d3d9749e01d,Understanding and Undoing Implicit Bias (Virtual ILT),12210,Which other training topics or learning methods would support your job performance?,4526,
b435b3ec-f861-4152-adcb-6d3d9749e01d,Understanding and Undoing Implicit Bias (Virtual ILT),12210,"INSTRUCTOR.NAME maintained an effective pace through the agenda (discussion, activities, breaks, etc.).",5163,Strongly Agree
b435b3ec-f861-4152-adcb-6d3d9749e01d,Understanding and Undoing Implicit Bias (Virtual ILT),12210,"INSTRUCTOR.NAME maintained an effective pace through the agenda (discussion, activities, breaks, etc.).",5163,Strongly Agree
b435b3ec-f861-4152-adcb-6d3d9749e01d,Understanding and Undoing Implicit Bias (Virtual ILT),12210,How satisfied are you with the online interaction you had with the facilitators?,5315,Extremely Satisfied
b435b3ec-f861-4152-adcb-6d3d9749e01d,Understanding and Undoing Implicit Bias (Virtual ILT),12210,Recall key implicit bias (IB) concepts and key points.,5362,Agree
b435b3ec-f861-4152-adcb-6d3d9749e01d,Understanding and Undoing Implicit Bias (Virtual ILT),12210,Analyze the current state of child welfare as it relates to racial disproportionality,5368,Agree
3ae1c1d4-9901-4a88-a9d4-741afb6e6342,Understanding and Undoing Implicit Bias (Virtual ILT),12210,"The instructional aids (forms, case scenarios, etc.) are very similar to real things I use on the job.",4472,Strongly Agree
3ae1c1d4-9901-4a88-a9d4-741afb6e6342,Understanding and Undoing Implicit Bias (Virtual ILT),12210,"On a scale of 0-10, how likely is it that you would recommend this learning program to a colleague? (0 = Not at all likely, 10 = Extremely likely)",4505,10
3ae1c1d4-9901-4a88-a9d4-741afb6e6342,Understanding and Undoing Implicit Bias (Virtual ILT),12210,Which other training topics or learning methods would support your job performance?,4526,
3ae1c1d4-9901-4a88-a9d4-741afb6e6342,Understanding and Undoing Implicit Bias (Virtual ILT),12210,I felt comfortable using the video conferencing platform to participate in this learning program.,5011,Strongly Agree
3ae1c1d4-9901-4a88-a9d4-741afb6e6342,Understanding and Undoing Implicit Bias (Virtual ILT),12210,"INSTRUCTOR.NAME maintained an effective pace through the agenda (discussion, activities, breaks, etc.).",5163,Strongly Agree
3ae1c1d4-9901-4a88-a9d4-741afb6e6342,Understanding and Undoing Implicit Bias (Virtual ILT),12210,How satisfied are you with the online interaction you had with other learners in this program?,5321,Extremely Satisfied
3ae1c1d4-9901-4a88-a9d4-741afb6e6342,Understanding and Undoing Implicit Bias (Virtual ILT),12210,Analyze the current state of child welfare as it relates to racial disproportionality,5368,Strongly Agree
3ae1c1d4-9901-4a88-a9d4-741afb6e6342,Understanding and Undoing Implicit Bias (Virtual ILT),12210,"Draw connections between internalized oppression and trauma and their influence on institutional racism, structural inequity, and implicit bias",5374,Strongly Agree
7c77ab2a-acf9-40dc-bdab-8e663c56bf21,Understanding and Undoing Implicit Bias (Virtual ILT),12210,"Prior to today, I knew how this learning program was intended to impact my job performance.",4454,Agree
7c77ab2a-acf9-40dc-bdab-8e663c56bf21,Understanding and Undoing Implicit Bias (Virtual ILT),12210,The skills practice activities showed me how to use this learning on the job.,4460,Agree
7c77ab2a-acf9-40dc-bdab-8e663c56bf21,Understanding and Undoing Implicit Bias (Virtual ILT),12210,I felt comfortable using the video conferencing platform to participate in this learning program.,5011,Agree
7c77ab2a-acf9-40dc-bdab-8e663c56bf21,Understanding and Undoing Implicit Bias (Virtual ILT),12210,Recall key implicit bias (IB) concepts and key points.,5362,Agree
65d5c4dd-a26c-4991-86ec-9d1760abaf08,Understanding and Undoing Implicit Bias (Virtual ILT),12210,I believe this learning program will help me do my current job better.,4478,Strongly Agree
65d5c4dd-a26c-4991-86ec-9d1760abaf08,Understanding and Undoing Implicit Bias (Virtual ILT),12210,How satisfied are you with the Cornerstone learning management system?,4491,Extremely Satisfied
65d5c4dd-a26c-4991-86ec-9d1760abaf08,Understanding and Undoing Implicit Bias (Virtual ILT),12210,How satisfied are you with taking this learning program in a virtual format?,5309,Extremely Satisfied
65d5c4dd-a26c-4991-86ec-9d1760abaf08,Understanding and Undoing Implicit Bias (Virtual ILT),12210,How satisfied are you with the online interaction you had with other learners in this program?,5321,Extremely Satisfied
65d5c4dd-a26c-4991-86ec-9d1760abaf08,Understanding and Undoing Implicit Bias (Virtual ILT),12210,Recall key implicit bias (IB) concepts and key points.,5362,Strongly Agree
6121acf0-17ec-4918-9bd9-9f3a20365b08,Understanding and Undoing Implicit Bias (Virtual ILT),12210,My supervisor met with me to discuss the relevance of this learning program to my current job.,4519,No
6121acf0-17ec-4918-9bd9-9f3a20365b08,Understanding and Undoing Implicit Bias (Virtual ILT),12210,"INSTRUCTOR.NAME maintained an effective pace through the agenda (discussion, activities, breaks, etc.).",5163,Strongly Agree
6121acf0-17ec-4918-9bd9-9f3a20365b08,Understanding and Undoing Implicit Bias (Virtual ILT),12210,INSTRUCTOR.NAME provided opportunities for questions and checked in for understanding,5175,Strongly Agree
6121acf0-17ec-4918-9bd9-9f3a20365b08,Understanding and Undoing Implicit Bias (Virtual ILT),12210,How satisfied are you with taking this learning program in a virtual format?,5309,Satisfied
6121acf0-17ec-4918-9bd9-9f3a20365b08,Understanding and Undoing Implicit Bias (Virtual ILT),12210,How satisfied are you with the online interaction you had with other learners in this program?,5321,Satisfied
6121acf0-17ec-4918-9bd9-9f3a20365b08,Understanding and Undoing Implicit Bias (Virtual ILT),12210,Recall key implicit bias (IB) concepts and key points.,5362,Agree
6121acf0-17ec-4918-9bd9-9f3a20365b08,Understanding and Undoing Implicit Bias (Virtual ILT),12210,Analyze the current state of child welfare as it relates to racial disproportionality,5368,Strongly Agree
fd9343d5-9c94-4e92-8be7-b12b0349870d,Understanding and Undoing Implicit Bias (Virtual ILT),12210,"Prior to today, I knew how this learning program was intended to impact my job performance.",4454,Agree
fd9343d5-9c94-4e92-8be7-b12b0349870d,Understanding and Undoing Implicit Bias (Virtual ILT),12210,The skills practice activities showed me how to use this learning on the job.,4460,Agree
fd9343d5-9c94-4e92-8be7-b12b0349870d,Understanding and Undoing Implicit Bias (Virtual ILT),12210,My supervisor met with me to discuss the relevance of this learning program to my current job.,4519,Yes
fd9343d5-9c94-4e92-8be7-b12b0349870d,Understanding and Undoing Implicit Bias (Virtual ILT),12210,"INSTRUCTOR.NAME maintained an effective pace through the agenda (discussion, activities, breaks, etc.).",5163,Agree
fd9343d5-9c94-4e92-8be7-b12b0349870d,Understanding and Undoing Implicit Bias (Virtual ILT),12210,INSTRUCTOR.NAME provided clear explanations of new concepts,5169,Agree
fd9343d5-9c94-4e92-8be7-b12b0349870d,Understanding and Undoing Implicit Bias (Virtual ILT),12210,INSTRUCTOR.NAME provided opportunities for questions and checked in for understanding,5175,Agree
fd9343d5-9c94-4e92-8be7-b12b0349870d,Understanding and Undoing Implicit Bias (Virtual ILT),12210,How satisfied are you with taking this learning program in a virtual format?,5309,Satisfied
fd9343d5-9c94-4e92-8be7-b12b0349870d,Understanding and Undoing Implicit Bias (Virtual ILT),12210,How satisfied are you with the online interaction you had with other learners in this program?,5321,Satisfied
fd9343d5-9c94-4e92-8be7-b12b0349870d,Understanding and Undoing Implicit Bias (Virtual ILT),12210,Apply debiasing strategies to undo individual implicit bias,5380,Agree
3b76313d-4154-44a8-a708-df372b6aa6b6,Understanding and Undoing Implicit Bias (Virtual ILT),12210,I believe this learning program will help me do my current job better.,4478,Strongly Agree
3b76313d-4154-44a8-a708-df372b6aa6b6,Understanding and Undoing Implicit Bias (Virtual ILT),12210,What could be done differently to improve your overall learning experience?,4517,Being sent over the PowerPoint at the end of the training.
3b76313d-4154-44a8-a708-df372b6aa6b6,Understanding and Undoing Implicit Bias (Virtual ILT),12210,"In a typical workweek, how often will you apply knowledge or skills from this learning program? (In percentage of time on the job)",4520,Very Often (51-75% of the time)
03f9f9b2-6e24-4e67-b274-e0321d3b2e12,Understanding and Undoing Implicit Bias (Virtual ILT),12210,I believe this learning program will help me do my current job better.,4478,Strongly Agree
03f9f9b2-6e24-4e67-b274-e0321d3b2e12,Understanding and Undoing Implicit Bias (Virtual ILT),12210,"In a typical workweek, how often will you apply knowledge or skills from this learning program? (In percentage of time on the job)",4520,Very Often (51-75% of the time)
03f9f9b2-6e24-4e67-b274-e0321d3b2e12,Understanding and Undoing Implicit Bias (Virtual ILT),12210,"INSTRUCTOR.NAME maintained an effective pace through the agenda (discussion, activities, breaks, etc.).",5163,Strongly Agree
03f9f9b2-6e24-4e67-b274-e0321d3b2e12,Understanding and Undoing Implicit Bias (Virtual ILT),12210,"INSTRUCTOR.NAME maintained an effective pace through the agenda (discussion, activities, breaks, etc.).",5163,Strongly Agree
03f9f9b2-6e24-4e67-b274-e0321d3b2e12,Understanding and Undoing Implicit Bias (Virtual ILT),12210,Apply debiasing strategies to undo individual implicit bias,5380,Strongly Agree
44083878-9dbb-40ab-8ef3-e0c44b40b495,Understanding and Undoing Implicit Bias (Virtual ILT),12210,How satisfied are you with the Workforce Institute registration notifications and reminders?,4484,Extremely Satisfied
44083878-9dbb-40ab-8ef3-e0c44b40b495,Understanding and Undoing Implicit Bias (Virtual ILT),12210,How satisfied are you with the Workforce Institute Help Desk (phone and/or email support)?,4498,Extremely Satisfied
44083878-9dbb-40ab-8ef3-e0c44b40b495,Understanding and Undoing Implicit Bias (Virtual ILT),12210,What could be done differently to improve your overall learning experience?,4517,Nothing
44083878-9dbb-40ab-8ef3-e0c44b40b495,Understanding and Undoing Implicit Bias (Virtual ILT),12210,My supervisor met with me to discuss the relevance of this learning program to my current job.,4519,No
44083878-9dbb-40ab-8ef3-e0c44b40b495,Understanding and Undoing Implicit Bias (Virtual ILT),12210,"In a typical workweek, how often will you apply knowledge or skills from this learning program? (In percentage of time on the job)",4520,Very Often (51-75% of the time)
44083878-9dbb-40ab-8ef3-e0c44b40b495,Understanding and Undoing Implicit Bias (Virtual ILT),12210,INSTRUCTOR.NAME provided clear explanations of new concepts,5169,Strongly Agree
44083878-9dbb-40ab-8ef3-e0c44b40b495,Understanding and Undoing Implicit Bias (Virtual ILT),12210,How satisfied are you with the online interaction you had with the facilitators?,5315,Satisfied
44083878-9dbb-40ab-8ef3-e0c44b40b495,Understanding and Undoing Implicit Bias (Virtual ILT),12210,Recall key implicit bias (IB) concepts and key points.,5362,Agree
44083878-9dbb-40ab-8ef3-e0c44b40b495,Understanding and Undoing Implicit Bias (Virtual ILT),12210,Analyze the current state of child welfare as it relates to racial disproportionality,5368,Agree
44083878-9dbb-40ab-8ef3-e0c44b40b495,Understanding and Undoing Implicit Bias (Virtual ILT),12210,"Draw connections between internalized oppression and trauma and their influence on institutional racism, structural inequity, and implicit bias",5374,Agree
b4e1b085-faa7-4447-8161-e7ef7efbbdfe,Understanding and Undoing Implicit Bias (Virtual ILT),12210,"The instructional aids (forms, case scenarios, etc.) are very similar to real things I use on the job.",4472,Neutral
b4e1b085-faa7-4447-8161-e7ef7efbbdfe,Understanding and Undoing Implicit Bias (Virtual ILT),12210,How satisfied are you with the Workforce Institute registration notifications and reminders?,4484,Satisfied
b4e1b085-faa7-4447-8161-e7ef7efbbdfe,Understanding and Undoing Implicit Bias (Virtual ILT),12210,My supervisor met with me to discuss the relevance of this learning program to my current job.,4519,Yes
b4e1b085-faa7-4447-8161-e7ef7efbbdfe,Understanding and Undoing Implicit Bias (Virtual ILT),12210,Which other training topics or learning methods would support your job performance?,4526,NA
b4e1b085-faa7-4447-8161-e7ef7efbbdfe,Understanding and Undoing Implicit Bias (Virtual ILT),12210,INSTRUCTOR.NAME provided clear explanations of new concepts,5169,Agree
b4e1b085-faa7-4447-8161-e7ef7efbbdfe,Understanding and Undoing Implicit Bias (Virtual ILT),12210,INSTRUCTOR.NAME provided clear explanations of new concepts,5169,Agree
b4e1b085-faa7-4447-8161-e7ef7efbbdfe,Understanding and Undoing Implicit Bias (Virtual ILT),12210,How satisfied are you with taking this learning program in a virtual format?,5309,Extremely Satisfied
e908264e-4f75-4b17-8cf9-e9526fd94370,Understanding and Undoing Implicit Bias (Virtual ILT),12210,"The instructional aids (forms, case scenarios, etc.) are very similar to real things I use on the job.",4472,Strongly Agree
e908264e-4f75-4b17-8cf9-e9526fd94370,Understanding and Undoing Implicit Bias (Virtual ILT),12210,How satisfied are you with the Cornerstone learning management system?,4491,Extremely Satisfied
e908264e-4f75-4b17-8cf9-e9526fd94370,Understanding and Undoing Implicit Bias (Virtual ILT),12210,"INSTRUCTOR.NAME maintained an effective pace through the agenda (discussion, activities, breaks, etc.).",5163,Strongly Agree
e908264e-4f75-4b17-8cf9-e9526fd94370,Understanding and Undoing Implicit Bias (Virtual ILT),12210,INSTRUCTOR.NAME provided clear explanations of new concepts,5169,Strongly Agree
e908264e-4f75-4b17-8cf9-e9526fd94370,Understanding and Undoing Implicit Bias (Virtual ILT),12210,How satisfied are you with the online interaction you had with other learners in this program?,5321,Extremely Satisfied
e908264e-4f75-4b17-8cf9-e9526fd94370,Understanding and Undoing Implicit Bias (Virtual ILT),12210,Analyze the current state of child welfare as it relates to racial disproportionality,5368,Strongly Agree
a890702b-be31-4ff3-9e04-f1361226ec8d,Understanding and Undoing Implicit Bias (Virtual ILT),12210,"Prior to today, I knew how this learning program was intended to impact my job performance.",4454,Agree
a890702b-be31-4ff3-9e04-f1361226ec8d,Understanding and Undoing Implicit Bias (Virtual ILT),12210,The skills practice activities showed me how to use this learning on the job.,4460,Strongly Disagree
a890702b-be31-4ff3-9e04-f1361226ec8d,Understanding and Undoing Implicit Bias (Virtual ILT),12210,"The instructional aids (forms, case scenarios, etc.) are very similar to real things I use on the job.",4472,Agree
a890702b-be31-4ff3-9e04-f1361226ec8d,Understanding and Undoing Implicit Bias (Virtual ILT),12210,I believe this learning program will help me do my current job better.,4478,Agree
a890702b-be31-4ff3-9e04-f1361226ec8d,Understanding and Undoing Implicit Bias (Virtual ILT),12210,My supervisor met with me to discuss the relevance of this learning program to my current job.,4519,No
a890702b-be31-4ff3-9e04-f1361226ec8d,Understanding and Undoing Implicit Bias (Virtual ILT),12210,Which other training topics or learning methods would support your job performance?,4526,The videos/learning/understanding the key concepts about implicit bias
a890702b-be31-4ff3-9e04-f1361226ec8d,Understanding and Undoing Implicit Bias (Virtual ILT),12210,"INSTRUCTOR.NAME maintained an effective pace through the agenda (discussion, activities, breaks, etc.).",5163,Strongly Disagree
a890702b-be31-4ff3-9e04-f1361226ec8d,Understanding and Undoing Implicit Bias (Virtual ILT),12210,INSTRUCTOR.NAME provided opportunities for questions and checked in for understanding,5175,Strongly Disagree
a890702b-be31-4ff3-9e04-f1361226ec8d,Understanding and Undoing Implicit Bias (Virtual ILT),12210,INSTRUCTOR.NAME provided opportunities for questions and checked in for understanding,5175,Strongly Disagree
25e80732-93b3-491d-b0e7-f69530488570,Understanding and Undoing Implicit Bias (Virtual ILT),12210,"INSTRUCTOR.NAME maintained an effective pace through the agenda (discussion, activities, breaks, etc.).",5163,Agree
25e80732-93b3-491d-b0e7-f69530488570,Understanding and Undoing Implicit Bias (Virtual ILT),12210,How satisfied are you with taking this learning program in a virtual format?,5309,Satisfied
25e80732-93b3-491d-b0e7-f69530488570,Understanding and Undoing Implicit Bias (Virtual ILT),12210,"Draw connections between internalized oppression and trauma and their influence on institutional racism, structural inequity, and implicit bias",5374,Agree
4133fd45-5809-47d3-bc19-31f004d27772,Understanding and Undoing Implicit Bias (Virtual ILT),12033,The skills practice activities showed me how to use this learning on the job.,4460,Agree
4133fd45-5809-47d3-bc19-31f004d27772,Understanding and Undoing Implicit Bias (Virtual ILT),12033,"On a scale of 0-10, how likely is it that you would recommend this learning program to a colleague? (0 = Not at all likely, 10 = Extremely likely)",4505,10
4133fd45-5809-47d3-bc19-31f004d27772,Understanding and Undoing Implicit Bias (Virtual ILT),12033,What could be done differently to improve your overall learning experience?,4517,
4133fd45-5809-47d3-bc19-31f004d27772,Understanding and Undoing Implicit Bias (Virtual ILT),12033,My supervisor met with me to discuss the relevance of this learning program to my current job.,4519,No
4133fd45-5809-47d3-bc19-31f004d27772,Understanding and Undoing Implicit Bias (Virtual ILT),12033,Which other training topics or learning methods would support your job performance?,4526,
4133fd45-5809-47d3-bc19-31f004d27772,Understanding and Undoing Implicit Bias (Virtual ILT),12033,"INSTRUCTOR.NAME maintained an effective pace through the agenda (discussion, activities, breaks, etc.).",5163,Strongly Agree
4133fd45-5809-47d3-bc19-31f004d27772,Understanding and Undoing Implicit Bias (Virtual ILT),12033,INSTRUCTOR.NAME provided clear explanations of new concepts,5169,Strongly Agree
4133fd45-5809-47d3-bc19-31f004d27772,Understanding and Undoing Implicit Bias (Virtual ILT),12033,"Draw connections between internalized oppression and trauma and their influence on institutional racism, structural inequity, and implicit bias",5374,Agree
03c117c9-066a-4ed4-be19-40ab2fe0fcb0,Understanding and Undoing Implicit Bias (Virtual ILT),12033,What could be done differently to improve your overall learning experience?,4517,
03c117c9-066a-4ed4-be19-40ab2fe0fcb0,Understanding and Undoing Implicit Bias (Virtual ILT),12033,My supervisor met with me to discuss the relevance of this learning program to my current job.,4519,
03c117c9-066a-4ed4-be19-40ab2fe0fcb0,Understanding and Undoing Implicit Bias (Virtual ILT),12033,How satisfied are you with the online interaction you had with the facilitators?,5315,Satisfied
3c10f549-afb6-4e9f-9e02-702f6c6aa87c,Understanding and Undoing Implicit Bias (Virtual ILT),12033,The skills practice activities showed me how to use this learning on the job.,4460,Strongly Agree
3c10f549-afb6-4e9f-9e02-702f6c6aa87c,Understanding and Undoing Implicit Bias (Virtual ILT),12033,"The instructional aids (forms, case scenarios, etc.) are very similar to real things I use on the job.",4472,Strongly Agree
3c10f549-afb6-4e9f-9e02-702f6c6aa87c,Understanding and Undoing Implicit Bias (Virtual ILT),12033,How satisfied are you with the Cornerstone learning management system?,4491,Extremely Satisfied
3c10f549-afb6-4e9f-9e02-702f6c6aa87c,Understanding and Undoing Implicit Bias (Virtual ILT),12033,What could be done differently to improve your overall learning experience?,4517,The training was informative and gave me a better outlook on my current job description.
3c10f549-afb6-4e9f-9e02-702f6c6aa87c,Understanding and Undoing Implicit Bias (Virtual ILT),12033,Which other training topics or learning methods would support your job performance?,4526,"Mindfulness,"
3c10f549-afb6-4e9f-9e02-702f6c6aa87c,Understanding and Undoing Implicit Bias (Virtual ILT),12033,"INSTRUCTOR.NAME maintained an effective pace through the agenda (discussion, activities, breaks, etc.).",5163,Strongly Agree
3c10f549-afb6-4e9f-9e02-702f6c6aa87c,Understanding and Undoing Implicit Bias (Virtual ILT),12033,INSTRUCTOR.NAME provided clear explanations of new concepts,5169,Strongly Agree
3c10f549-afb6-4e9f-9e02-702f6c6aa87c,Understanding and Undoing Implicit Bias (Virtual ILT),12033,Recall key implicit bias (IB) concepts and key points.,5362,Strongly Agree
3c10f549-afb6-4e9f-9e02-702f6c6aa87c,Understanding and Undoing Implicit Bias (Virtual ILT),12033,"Draw connections between internalized oppression and trauma and their influence on institutional racism, structural inequity, and implicit bias",5374,Strongly Agree
c544c1be-c9b1-473c-8f55-7da1140163b6,Understanding and Undoing Implicit Bias (Virtual ILT),12033,The skills practice activities showed me how to use this learning on the job.,4460,Agree
c544c1be-c9b1-473c-8f55-7da1140163b6,Understanding and Undoing Implicit Bias (Virtual ILT),12033,My supervisor met with me to discuss the relevance of this learning program to my current job.,4519,No
c544c1be-c9b1-473c-8f55-7da1140163b6,Understanding and Undoing Implicit Bias (Virtual ILT),12033,I felt comfortable using the video conferencing platform to participate in this learning program.,5011,Agree
b22b1707-030d-407b-a6c1-96e83132a610,Understanding and Undoing Implicit Bias (Virtual ILT),12033,"Prior to today, I knew how this learning program was intended to impact my job performance.",4454,Strongly Agree
b22b1707-030d-407b-a6c1-96e83132a610,Understanding and Undoing Implicit Bias (Virtual ILT),12033,The skills practice activities showed me how to use this learning on the job.,4460,Strongly Agree
b22b1707-030d-407b-a6c1-96e83132a610,Understanding and Undoing Implicit Bias (Virtual ILT),12033,"The instructional aids (forms, case scenarios, etc.) are very similar to real things I use on the job.",4472,Neutral
b22b1707-030d-407b-a6c1-96e83132a610,Understanding and Undoing Implicit Bias (Virtual ILT),12033,How satisfied are you with the Workforce Institute Help Desk (phone and/or email support)?,4498,Extremely Satisfied
b22b1707-030d-407b-a6c1-96e83132a610,Understanding and Undoing Implicit Bias (Virtual ILT),12033,"On a scale of 0-10, how likely is it that you would recommend this learning program to a colleague? (0 = Not at all likely, 10 = Extremely likely)",4505,10
b22b1707-030d-407b-a6c1-96e83132a610,Understanding and Undoing Implicit Bias (Virtual ILT),12033,What could be done differently to improve your overall learning experience?,4517,Nothing
b22b1707-030d-407b-a6c1-96e83132a610,Understanding and Undoing Implicit Bias (Virtual ILT),12033,INSTRUCTOR.NAME provided opportunities for questions and checked in for understanding,5175,Strongly Agree
b22b1707-030d-407b-a6c1-96e83132a610,Understanding and Undoing Implicit Bias (Virtual ILT),12033,INSTRUCTOR.NAME provided opportunities for questions and checked in for understanding,5175,Strongly Agree
d13292b9-7082-4510-a134-b6724c91b2d1,Understanding and Undoing Implicit Bias (Virtual ILT),12033,"The instructional aids (forms, case scenarios, etc.) are very similar to real things I use on the job.",4472,Agree
d13292b9-7082-4510-a134-b6724c91b2d1,Understanding and Undoing Implicit Bias (Virtual ILT),12033,What could be done differently to improve your overall learning experience?,4517,NOTHING. THE LEARNING EXPERIENCE I GAINED WAS VERY GOOD
d13292b9-7082-4510-a134-b6724c91b2d1,Understanding and Undoing Implicit Bias (Virtual ILT),12033,My supervisor met with me to discuss the relevance of this learning program to my current job.,4519,No
d13292b9-7082-4510-a134-b6724c91b2d1,Understanding and Undoing Implicit Bias (Virtual ILT),12033,I felt comfortable using the video conferencing platform to participate in this learning program.,5011,Agree
d13292b9-7082-4510-a134-b6724c91b2d1,Understanding and Undoing Implicit Bias (Virtual ILT),12033,"INSTRUCTOR.NAME maintained an effective pace through the agenda (discussion, activities, breaks, etc.).",5163,Agree
d13292b9-7082-4510-a134-b6724c91b2d1,Understanding and Undoing Implicit Bias (Virtual ILT),12033,How satisfied are you with taking this learning program in a virtual format?,5309,Satisfied
d13292b9-7082-4510-a134-b6724c91b2d1,Understanding and Undoing Implicit Bias (Virtual ILT),12033,How satisfied are you with the online interaction you had with other learners in this program?,5321,Satisfied
d13292b9-7082-4510-a134-b6724c91b2d1,Understanding and Undoing Implicit Bias (Virtual ILT),12033,"Draw connections between internalized oppression and trauma and their influence on institutional racism, structural inequity, and implicit bias",5374,Agree
c577b068-ce0e-4653-a653-be9b0ff40d98,Understanding and Undoing Implicit Bias (Virtual ILT),12033,How satisfied are you with the Workforce Institute Help Desk (phone and/or email support)?,4498,Satisfied
c577b068-ce0e-4653-a653-be9b0ff40d98,Understanding and Undoing Implicit Bias (Virtual ILT),12033,What could be done differently to improve your overall learning experience?,4517,
c577b068-ce0e-4653-a653-be9b0ff40d98,Understanding and Undoing Implicit Bias (Virtual ILT),12033,My supervisor met with me to discuss the relevance of this learning program to my current job.,4519,Yes
c577b068-ce0e-4653-a653-be9b0ff40d98,Understanding and Undoing Implicit Bias (Virtual ILT),12033,INSTRUCTOR.NAME provided opportunities for questions and checked in for understanding,5175,Agree
c577b068-ce0e-4653-a653-be9b0ff40d98,Understanding and Undoing Implicit Bias (Virtual ILT),12033,How satisfied are you with taking this learning program in a virtual format?,5309,Satisfied
c577b068-ce0e-4653-a653-be9b0ff40d98,Understanding and Undoing Implicit Bias (Virtual ILT),12033,How satisfied are you with the online interaction you had with other learners in this program?,5321,
c577b068-ce0e-4653-a653-be9b0ff40d98,Understanding and Undoing Implicit Bias (Virtual ILT),12033,Recall key implicit bias (IB) concepts and key points.,5362,Agree
014ff0bb-5508-48c0-afb6-c04948a378f2,Understanding and Undoing Implicit Bias (Virtual ILT),12033,How satisfied are you with the Workforce Institute Help Desk (phone and/or email support)?,4498,N/A (did not access)
014ff0bb-5508-48c0-afb6-c04948a378f2,Understanding and Undoing Implicit Bias (Virtual ILT),12033,INSTRUCTOR.NAME provided clear explanations of new concepts,5169,Agree
014ff0bb-5508-48c0-afb6-c04948a378f2,Understanding and Undoing Implicit Bias (Virtual ILT),12033,INSTRUCTOR.NAME provided opportunities for questions and checked in for understanding,5175,Agree
014ff0bb-5508-48c0-afb6-c04948a378f2,Understanding and Undoing Implicit Bias (Virtual ILT),12033,How satisfied are you with the online interaction you had with other learners in this program?,5321,Neutral
014ff0bb-5508-48c0-afb6-c04948a378f2,Understanding and Undoing Implicit Bias (Virtual ILT),12033,"Draw connections between internalized oppression and trauma and their influence on institutional racism, structural inequity, and implicit bias",5374,Strongly Agree
01807d7d-0e63-4364-bebc-cae58af6d242,Understanding and Undoing Implicit Bias (Virtual ILT),12033,The skills practice activities showed me how to use this learning on the job.,4460,Strongly Agree
01807d7d-0e63-4364-bebc-cae58af6d242,Understanding and Undoing Implicit Bias (Virtual ILT),12033,I believe this learning program will help me do my current job better.,4478,Strongly Agree
01807d7d-0e63-4364-bebc-cae58af6d242,Understanding and Undoing Implicit Bias (Virtual ILT),12033,"On a scale of 0-10, how likely is it that you would recommend this learning program to a colleague? (0 = Not at all likely, 10 = Extremely likely)",4505,10
01807d7d-0e63-4364-bebc-cae58af6d242,Understanding and Undoing Implicit Bias (Virtual ILT),12033,"In a typical workweek, how often will you apply knowledge or skills from this learning program? (In percentage of time on the job)",4520,Very Often (51-75% of the time)
01807d7d-0e63-4364-bebc-cae58af6d242,Understanding and Undoing Implicit Bias (Virtual ILT),12033,INSTRUCTOR.NAME provided opportunities for questions and checked in for understanding,5175,Strongly Agree
01807d7d-0e63-4364-bebc-cae58af6d242,Understanding and Undoing Implicit Bias (Virtual ILT),12033,How satisfied are you with taking this learning program in a virtual format?,5309,Satisfied
01807d7d-0e63-4364-bebc-cae58af6d242,Understanding and Undoing Implicit Bias (Virtual ILT),12033,"Draw connections between internalized oppression and trauma and their influence on institutional racism, structural inequity, and implicit bias",5374,Strongly Agree
9c8c4155-173e-4509-9238-cf3541f0427b,Understanding and Undoing Implicit Bias (Virtual ILT),12033,How satisfied are you with the Cornerstone learning management system?,4491,Extremely Satisfied
9c8c4155-173e-4509-9238-cf3541f0427b,Understanding and Undoing Implicit Bias (Virtual ILT),12033,"On a scale of 0-10, how likely is it that you would recommend this learning program to a colleague? (0 = Not at all likely, 10 = Extremely likely)",4505,10
9c8c4155-173e-4509-9238-cf3541f0427b,Understanding and Undoing Implicit Bias (Virtual ILT),12033,What could be done differently to improve your overall learning experience?,4517,No changes
9c8c4155-173e-4509-9238-cf3541f0427b,Understanding and Undoing Implicit Bias (Virtual ILT),12033,"INSTRUCTOR.NAME maintained an effective pace through the agenda (discussion, activities, breaks, etc.).",5163,Strongly Agree
9c8c4155-173e-4509-9238-cf3541f0427b,Understanding and Undoing Implicit Bias (Virtual ILT),12033,INSTRUCTOR.NAME provided clear explanations of new concepts,5169,Strongly Agree
9c8c4155-173e-4509-9238-cf3541f0427b,Understanding and Undoing Implicit Bias (Virtual ILT),12033,INSTRUCTOR.NAME provided clear explanations of new concepts,5169,Strongly Agree
9c8c4155-173e-4509-9238-cf3541f0427b,Understanding and Undoing Implicit Bias (Virtual ILT),12033,Recall key implicit bias (IB) concepts and key points.,5362,Strongly Agree
95be528e-a7c5-4146-bcb2-db0b1200b96b,Understanding and Undoing Implicit Bias (Virtual ILT),12033,"In a typical workweek, how often will you apply knowledge or skills from this learning program? (In percentage of time on the job)",4520,Almost Always (76-100% of the time)
95be528e-a7c5-4146-bcb2-db0b1200b96b,Understanding and Undoing Implicit Bias (Virtual ILT),12033,Which other training topics or learning methods would support your job performance?,4526,
95be528e-a7c5-4146-bcb2-db0b1200b96b,Understanding and Undoing Implicit Bias (Virtual ILT),12033,"INSTRUCTOR.NAME maintained an effective pace through the agenda (discussion, activities, breaks, etc.).",5163,Strongly Agree
95be528e-a7c5-4146-bcb2-db0b1200b96b,Understanding and Undoing Implicit Bias (Virtual ILT),12033,INSTRUCTOR.NAME provided clear explanations of new concepts,5169,Strongly Agree
95be528e-a7c5-4146-bcb2-db0b1200b96b,Understanding and Undoing Implicit Bias (Virtual ILT),12033,INSTRUCTOR.NAME provided opportunities for questions and checked in for understanding,5175,Strongly Agree
95be528e-a7c5-4146-bcb2-db0b1200b96b,Understanding and Undoing Implicit Bias (Virtual ILT),12033,Apply debiasing strategies to undo individual implicit bias,5380,Strongly Agree
6beb16e2-0169-448c-ad6e-ea9a1854e9c6,Understanding and Undoing Implicit Bias (Virtual ILT),12033,"The instructional aids (forms, case scenarios, etc.) are very similar to real things I use on the job.",4472,Strongly Agree
6beb16e2-0169-448c-ad6e-ea9a1854e9c6,Understanding and Undoing Implicit Bias (Virtual ILT),12033,How satisfied are you with the Cornerstone learning management system?,4491,Extremely Satisfied
6beb16e2-0169-448c-ad6e-ea9a1854e9c6,Understanding and Undoing Implicit Bias (Virtual ILT),12033,My supervisor met with me to discuss the relevance of this learning program to my current job.,4519,Yes
6beb16e2-0169-448c-ad6e-ea9a1854e9c6,Understanding and Undoing Implicit Bias (Virtual ILT),12033,"INSTRUCTOR.NAME maintained an effective pace through the agenda (discussion, activities, breaks, etc.).",5163,Strongly Agree
6beb16e2-0169-448c-ad6e-ea9a1854e9c6,Understanding and Undoing Implicit Bias (Virtual ILT),12033,INSTRUCTOR.NAME provided clear explanations of new concepts,5169,Strongly Agree
6beb16e2-0169-448c-ad6e-ea9a1854e9c6,Understanding and Undoing Implicit Bias (Virtual ILT),12033,Recall key implicit bias (IB) concepts and key points.,5362,Strongly Agree
e01e4bba-d83c-4699-8ae4-eb8c3e238ff1,Understanding and Undoing Implicit Bias (Virtual ILT),12033,I believe this learning program will help me do my current job better.,4478,Strongly Agree
e01e4bba-d83c-4699-8ae4-eb8c3e238ff1,Understanding and Undoing Implicit Bias (Virtual ILT),12033,How satisfied are you with the Workforce Institute registration notifications and reminders?,4484,Extremely Satisfied
e01e4bba-d83c-4699-8ae4-eb8c3e238ff1,Understanding and Undoing Implicit Bias (Virtual ILT),12033,How satisfied are you with the Workforce Institute Help Desk (phone and/or email support)?,4498,Extremely Satisfied
e01e4bba-d83c-4699-8ae4-eb8c3e238ff1,Understanding and Undoing Implicit Bias (Virtual ILT),12033,"On a scale of 0-10, how likely is it that you would recommend this learning program to a colleague? (0 = Not at all likely, 10 = Extremely likely)",4505,10
e01e4bba-d83c-4699-8ae4-eb8c3e238ff1,Understanding and Undoing Implicit Bias (Virtual ILT),12033,My supervisor met with me to discuss the relevance of this learning program to my current job.,4519,Yes
e01e4bba-d83c-4699-8ae4-eb8c3e238ff1,Understanding and Undoing Implicit Bias (Virtual ILT),12033,INSTRUCTOR.NAME provided clear explanations of new concepts,5169,Strongly Agree
e01e4bba-d83c-4699-8ae4-eb8c3e238ff1,Understanding and Undoing Implicit Bias (Virtual ILT),12033,INSTRUCTOR.NAME provided opportunities for questions and checked in for understanding,5175,Strongly Agree
e01e4bba-d83c-4699-8ae4-eb8c3e238ff1,Understanding and Undoing Implicit Bias (Virtual ILT),12033,"Draw connections between internalized oppression and trauma and their influence on institutional racism, structural inequity, and implicit bias",5374,Strongly Agree
e01e4bba-d83c-4699-8ae4-eb8c3e238ff1,Understanding and Undoing Implicit Bias (Virtual ILT),12033,Apply debiasing strategies to undo individual implicit bias,5380,Strongly Agree
ac12cb97-f706-4adf-b5f1-f573e71db748,Understanding and Undoing Implicit Bias (Virtual ILT),12033,I believe this learning program will help me do my current job better.,4478,Agree
ac12cb97-f706-4adf-b5f1-f573e71db748,Understanding and Undoing Implicit Bias (Virtual ILT),12033,How satisfied are you with the Cornerstone learning management system?,4491,Satisfied
ac12cb97-f706-4adf-b5f1-f573e71db748,Understanding and Undoing Implicit Bias (Virtual ILT),12033,"On a scale of 0-10, how likely is it that you would recommend this learning program to a colleague? (0 = Not at all likely, 10 = Extremely likely)",4505,9
ac12cb97-f706-4adf-b5f1-f573e71db748,Understanding and Undoing Implicit Bias (Virtual ILT),12033,My supervisor met with me to discuss the relevance of this learning program to my current job.,4519,No
ac12cb97-f706-4adf-b5f1-f573e71db748,Understanding and Undoing Implicit Bias (Virtual ILT),12033,"INSTRUCTOR.NAME maintained an effective pace through the agenda (discussion, activities, breaks, etc.).",5163,Strongly Agree
ac12cb97-f706-4adf-b5f1-f573e71db748,Understanding and Undoing Implicit Bias (Virtual ILT),12033,INSTRUCTOR.NAME provided opportunities for questions and checked in for understanding,5175,Strongly Agree
e3232177-813f-4579-b233-f96c01a0b5ab,Understanding and Undoing Implicit Bias (Virtual ILT),12033,"The instructional aids (forms, case scenarios, etc.) are very similar to real things I use on the job.",4472,Disagree
e3232177-813f-4579-b233-f96c01a0b5ab,Understanding and Undoing Implicit Bias (Virtual ILT),12033,How satisfied are you with the Workforce Institute Help Desk (phone and/or email support)?,4498,Neutral
e3232177-813f-4579-b233-f96c01a0b5ab,Understanding and Undoing Implicit Bias (Virtual ILT),12033,Which other training topics or learning methods would support your job performance?,4526,mindfulness
e3232177-813f-4579-b233-f96c01a0b5ab,Understanding and Undoing Implicit Bias (Virtual ILT),12033,INSTRUCTOR.NAME provided clear explanations of new concepts,5169,Strongly Agree
e3232177-813f-4579-b233-f96c01a0b5ab,Understanding and Undoing Implicit Bias (Virtual ILT),12033,INSTRUCTOR.NAME provided opportunities for questions and checked in for understanding,5175,Strongly Agree
e3232177-813f-4579-b233-f96c01a0b5ab,Understanding and Undoing Implicit Bias (Virtual ILT),12033,How satisfied are you with the online interaction you had with the facilitators?,5315,Satisfied
e3232177-813f-4579-b233-f96c01a0b5ab,Understanding and Undoing Implicit Bias (Virtual ILT),12033,How satisfied are you with the online interaction you had with other learners in this program?,5321,Neutral
e3232177-813f-4579-b233-f96c01a0b5ab,Understanding and Undoing Implicit Bias (Virtual ILT),12033,Recall key implicit bias (IB) concepts and key points.,5362,Agree
9bc9ade3-6e5a-4078-a493-fc43091c0c4b,Understanding and Undoing Implicit Bias (Virtual ILT),12033,The skills practice activities showed me how to use this learning on the job.,4460,Strongly Agree
9bc9ade3-6e5a-4078-a493-fc43091c0c4b,Understanding and Undoing Implicit Bias (Virtual ILT),12033,INSTRUCTOR.NAME provided opportunities for questions and checked in for understanding,5175,Strongly Agree
9bc9ade3-6e5a-4078-a493-fc43091c0c4b,Understanding and Undoing Implicit Bias (Virtual ILT),12033,Analyze the current state of child welfare as it relates to racial disproportionality,5368,Agree
9bc9ade3-6e5a-4078-a493-fc43091c0c4b,Understanding and Undoing Implicit Bias (Virtual ILT),12033,Apply debiasing strategies to undo individual implicit bias,5380,Agree
4133fd45-5809-47d3-bc19-31f004d27772,Understanding and Undoing Implicit Bias (Virtual ILT),12033,"Prior to today, I knew how this learning program was intended to impact my job performance.",4454,Neutral
4133fd45-5809-47d3-bc19-31f004d27772,Understanding and Undoing Implicit Bias (Virtual ILT),12033,"INSTRUCTOR.NAME maintained an effective pace through the agenda (discussion, activities, breaks, etc.).",5163,Strongly Agree
4133fd45-5809-47d3-bc19-31f004d27772,Understanding and Undoing Implicit Bias (Virtual ILT),12033,How satisfied are you with taking this learning program in a virtual format?,5309,Extremely Satisfied
4133fd45-5809-47d3-bc19-31f004d27772,Understanding and Undoing Implicit Bias (Virtual ILT),12033,Recall key implicit bias (IB) concepts and key points.,5362,Strongly Agree
4133fd45-5809-47d3-bc19-31f004d27772,Understanding and Undoing Implicit Bias (Virtual ILT),12033,Apply debiasing strategies to undo individual implicit bias,5380,Agree
03c117c9-066a-4ed4-be19-40ab2fe0fcb0,Understanding and Undoing Implicit Bias (Virtual ILT),12033,"Prior to today, I knew how this learning program was intended to impact my job performance.",4454,Agree
03c117c9-066a-4ed4-be19-40ab2fe0fcb0,Understanding and Undoing Implicit Bias (Virtual ILT),12033,I believe this learning program will help me do my current job better.,4478,Agree
03c117c9-066a-4ed4-be19-40ab2fe0fcb0,Understanding and Undoing Implicit Bias (Virtual ILT),12033,"In a typical workweek, how often will you apply knowledge or skills from this learning program? (In percentage of time on the job)",4520,
03c117c9-066a-4ed4-be19-40ab2fe0fcb0,Understanding and Undoing Implicit Bias (Virtual ILT),12033,"INSTRUCTOR.NAME maintained an effective pace through the agenda (discussion, activities, breaks, etc.).",5163,Agree
03c117c9-066a-4ed4-be19-40ab2fe0fcb0,Understanding and Undoing Implicit Bias (Virtual ILT),12033,INSTRUCTOR.NAME provided clear explanations of new concepts,5169,Agree
03c117c9-066a-4ed4-be19-40ab2fe0fcb0,Understanding and Undoing Implicit Bias (Virtual ILT),12033,INSTRUCTOR.NAME provided opportunities for questions and checked in for understanding,5175,Agree
03c117c9-066a-4ed4-be19-40ab2fe0fcb0,Understanding and Undoing Implicit Bias (Virtual ILT),12033,Apply debiasing strategies to undo individual implicit bias,5380,Agree
3c10f549-afb6-4e9f-9e02-702f6c6aa87c,Understanding and Undoing Implicit Bias (Virtual ILT),12033,"In a typical workweek, how often will you apply knowledge or skills from this learning program? (In percentage of time on the job)",4520,Almost Always (76-100% of the time)
3c10f549-afb6-4e9f-9e02-702f6c6aa87c,Understanding and Undoing Implicit Bias (Virtual ILT),12033,"INSTRUCTOR.NAME maintained an effective pace through the agenda (discussion, activities, breaks, etc.).",5163,Strongly Agree
3c10f549-afb6-4e9f-9e02-702f6c6aa87c,Understanding and Undoing Implicit Bias (Virtual ILT),12033,INSTRUCTOR.NAME provided clear explanations of new concepts,5169,Strongly Agree
3c10f549-afb6-4e9f-9e02-702f6c6aa87c,Understanding and Undoing Implicit Bias (Virtual ILT),12033,INSTRUCTOR.NAME provided opportunities for questions and checked in for understanding,5175,Strongly Agree
3c10f549-afb6-4e9f-9e02-702f6c6aa87c,Understanding and Undoing Implicit Bias (Virtual ILT),12033,Analyze the current state of child welfare as it relates to racial disproportionality,5368,Strongly Agree
c544c1be-c9b1-473c-8f55-7da1140163b6,Understanding and Undoing Implicit Bias (Virtual ILT),12033,"Prior to today, I knew how this learning program was intended to impact my job performance.",4454,Neutral
c544c1be-c9b1-473c-8f55-7da1140163b6,Understanding and Undoing Implicit Bias (Virtual ILT),12033,I believe this learning program will help me do my current job better.,4478,Neutral
c544c1be-c9b1-473c-8f55-7da1140163b6,Understanding and Undoing Implicit Bias (Virtual ILT),12033,What could be done differently to improve your overall learning experience?,4517,
c544c1be-c9b1-473c-8f55-7da1140163b6,Understanding and Undoing Implicit Bias (Virtual ILT),12033,INSTRUCTOR.NAME provided clear explanations of new concepts,5169,Strongly Agree
c544c1be-c9b1-473c-8f55-7da1140163b6,Understanding and Undoing Implicit Bias (Virtual ILT),12033,How satisfied are you with taking this learning program in a virtual format?,5309,Satisfied
c544c1be-c9b1-473c-8f55-7da1140163b6,Understanding and Undoing Implicit Bias (Virtual ILT),12033,How satisfied are you with the online interaction you had with the facilitators?,5315,Extremely Satisfied
c544c1be-c9b1-473c-8f55-7da1140163b6,Understanding and Undoing Implicit Bias (Virtual ILT),12033,Recall key implicit bias (IB) concepts and key points.,5362,Agree
b22b1707-030d-407b-a6c1-96e83132a610,Understanding and Undoing Implicit Bias (Virtual ILT),12033,How satisfied are you with the Workforce Institute registration notifications and reminders?,4484,Extremely Satisfied
b22b1707-030d-407b-a6c1-96e83132a610,Understanding and Undoing Implicit Bias (Virtual ILT),12033,How satisfied are you with the Cornerstone learning management system?,4491,Extremely Satisfied
b22b1707-030d-407b-a6c1-96e83132a610,Understanding and Undoing Implicit Bias (Virtual ILT),12033,My supervisor met with me to discuss the relevance of this learning program to my current job.,4519,No
b22b1707-030d-407b-a6c1-96e83132a610,Understanding and Undoing Implicit Bias (Virtual ILT),12033,"In a typical workweek, how often will you apply knowledge or skills from this learning program? (In percentage of time on the job)",4520,Very Often (51-75% of the time)
b22b1707-030d-407b-a6c1-96e83132a610,Understanding and Undoing Implicit Bias (Virtual ILT),12033,I felt comfortable using the video conferencing platform to participate in this learning program.,5011,Strongly Agree
b22b1707-030d-407b-a6c1-96e83132a610,Understanding and Undoing Implicit Bias (Virtual ILT),12033,INSTRUCTOR.NAME provided clear explanations of new concepts,5169,Strongly Agree
b22b1707-030d-407b-a6c1-96e83132a610,Understanding and Undoing Implicit Bias (Virtual ILT),12033,How satisfied are you with the online interaction you had with other learners in this program?,5321,Extremely Satisfied
b22b1707-030d-407b-a6c1-96e83132a610,Understanding and Undoing Implicit Bias (Virtual ILT),12033,Recall key implicit bias (IB) concepts and key points.,5362,Strongly Agree
d13292b9-7082-4510-a134-b6724c91b2d1,Understanding and Undoing Implicit Bias (Virtual ILT),12033,"Prior to today, I knew how this learning program was intended to impact my job performance.",4454,Agree
d13292b9-7082-4510-a134-b6724c91b2d1,Understanding and Undoing Implicit Bias (Virtual ILT),12033,The skills practice activities showed me how to use this learning on the job.,4460,Agree
d13292b9-7082-4510-a134-b6724c91b2d1,Understanding and Undoing Implicit Bias (Virtual ILT),12033,How satisfied are you with the Workforce Institute registration notifications and reminders?,4484,Satisfied
d13292b9-7082-4510-a134-b6724c91b2d1,Understanding and Undoing Implicit Bias (Virtual ILT),12033,"On a scale of 0-10, how likely is it that you would recommend this learning program to a colleague? (0 = Not at all likely, 10 = Extremely likely)",4505,9
d13292b9-7082-4510-a134-b6724c91b2d1,Understanding and Undoing Implicit Bias (Virtual ILT),12033,INSTRUCTOR.NAME provided clear explanations of new concepts,5169,Agree
d13292b9-7082-4510-a134-b6724c91b2d1,Understanding and Undoing Implicit Bias (Virtual ILT),12033,INSTRUCTOR.NAME provided opportunities for questions and checked in for understanding,5175,Agree
d13292b9-7082-4510-a134-b6724c91b2d1,Understanding and Undoing Implicit Bias (Virtual ILT),12033,Analyze the current state of child welfare as it relates to racial disproportionality,5368,Agree
c577b068-ce0e-4653-a653-be9b0ff40d98,Understanding and Undoing Implicit Bias (Virtual ILT),12033,The skills practice activities showed me how to use this learning on the job.,4460,Agree
c577b068-ce0e-4653-a653-be9b0ff40d98,Understanding and Undoing Implicit Bias (Virtual ILT),12033,I believe this learning program will help me do my current job better.,4478,Agree
c577b068-ce0e-4653-a653-be9b0ff40d98,Understanding and Undoing Implicit Bias (Virtual ILT),12033,"In a typical workweek, how often will you apply knowledge or skills from this learning program? (In percentage of time on the job)",4520,Very Often (51-75% of the time)
c577b068-ce0e-4653-a653-be9b0ff40d98,Understanding and Undoing Implicit Bias (Virtual ILT),12033,"INSTRUCTOR.NAME maintained an effective pace through the agenda (discussion, activities, breaks, etc.).",5163,Agree
c577b068-ce0e-4653-a653-be9b0ff40d98,Understanding and Undoing Implicit Bias (Virtual ILT),12033,"INSTRUCTOR.NAME maintained an effective pace through the agenda (discussion, activities, breaks, etc.).",5163,Agree
c577b068-ce0e-4653-a653-be9b0ff40d98,Understanding and Undoing Implicit Bias (Virtual ILT),12033,How satisfied are you with the online interaction you had with the facilitators?,5315,Satisfied
014ff0bb-5508-48c0-afb6-c04948a378f2,Understanding and Undoing Implicit Bias (Virtual ILT),12033,The skills practice activities showed me how to use this learning on the job.,4460,Agree
014ff0bb-5508-48c0-afb6-c04948a378f2,Understanding and Undoing Implicit Bias (Virtual ILT),12033,I believe this learning program will help me do my current job better.,4478,Agree
014ff0bb-5508-48c0-afb6-c04948a378f2,Understanding and Undoing Implicit Bias (Virtual ILT),12033,How satisfied are you with the Workforce Institute registration notifications and reminders?,4484,Dissatisfied
014ff0bb-5508-48c0-afb6-c04948a378f2,Understanding and Undoing Implicit Bias (Virtual ILT),12033,What could be done differently to improve your overall learning experience?,4517,The trainers appeared to favor particular trainees and it felt like it took away from the training
014ff0bb-5508-48c0-afb6-c04948a378f2,Understanding and Undoing Implicit Bias (Virtual ILT),12033,My supervisor met with me to discuss the relevance of this learning program to my current job.,4519,No
014ff0bb-5508-48c0-afb6-c04948a378f2,Understanding and Undoing Implicit Bias (Virtual ILT),12033,"INSTRUCTOR.NAME maintained an effective pace through the agenda (discussion, activities, breaks, etc.).",5163,Agree
014ff0bb-5508-48c0-afb6-c04948a378f2,Understanding and Undoing Implicit Bias (Virtual ILT),12033,"INSTRUCTOR.NAME maintained an effective pace through the agenda (discussion, activities, breaks, etc.).",5163,Agree
014ff0bb-5508-48c0-afb6-c04948a378f2,Understanding and Undoing Implicit Bias (Virtual ILT),12033,INSTRUCTOR.NAME provided clear explanations of new concepts,5169,Agree
014ff0bb-5508-48c0-afb6-c04948a378f2,Understanding and Undoing Implicit Bias (Virtual ILT),12033,INSTRUCTOR.NAME provided opportunities for questions and checked in for understanding,5175,Agree
014ff0bb-5508-48c0-afb6-c04948a378f2,Understanding and Undoing Implicit Bias (Virtual ILT),12033,Recall key implicit bias (IB) concepts and key points.,5362,Strongly Agree
014ff0bb-5508-48c0-afb6-c04948a378f2,Understanding and Undoing Implicit Bias (Virtual ILT),12033,Analyze the current state of child welfare as it relates to racial disproportionality,5368,Strongly Agree
01807d7d-0e63-4364-bebc-cae58af6d242,Understanding and Undoing Implicit Bias (Virtual ILT),12033,How satisfied are you with the Workforce Institute registration notifications and reminders?,4484,Extremely Satisfied
01807d7d-0e63-4364-bebc-cae58af6d242,Understanding and Undoing Implicit Bias (Virtual ILT),12033,How satisfied are you with the Workforce Institute Help Desk (phone and/or email support)?,4498,Extremely Satisfied
01807d7d-0e63-4364-bebc-cae58af6d242,Understanding and Undoing Implicit Bias (Virtual ILT),12033,What could be done differently to improve your overall learning experience?,4517,
01807d7d-0e63-4364-bebc-cae58af6d242,Understanding and Undoing Implicit Bias (Virtual ILT),12033,My supervisor met with me to discuss the relevance of this learning program to my current job.,4519,No
01807d7d-0e63-4364-bebc-cae58af6d242,Understanding and Undoing Implicit Bias (Virtual ILT),12033,I felt comfortable using the video conferencing platform to participate in this learning program.,5011,Strongly Agree
01807d7d-0e63-4364-bebc-cae58af6d242,Understanding and Undoing Implicit Bias (Virtual ILT),12033,"INSTRUCTOR.NAME maintained an effective pace through the agenda (discussion, activities, breaks, etc.).",5163,Strongly Agree
01807d7d-0e63-4364-bebc-cae58af6d242,Understanding and Undoing Implicit Bias (Virtual ILT),12033,INSTRUCTOR.NAME provided clear explanations of new concepts,5169,Strongly Agree
01807d7d-0e63-4364-bebc-cae58af6d242,Understanding and Undoing Implicit Bias (Virtual ILT),12033,Recall key implicit bias (IB) concepts and key points.,5362,Strongly Agree
9c8c4155-173e-4509-9238-cf3541f0427b,Understanding and Undoing Implicit Bias (Virtual ILT),12033,"The instructional aids (forms, case scenarios, etc.) are very similar to real things I use on the job.",4472,Agree
9c8c4155-173e-4509-9238-cf3541f0427b,Understanding and Undoing Implicit Bias (Virtual ILT),12033,My supervisor met with me to discuss the relevance of this learning program to my current job.,4519,No
9c8c4155-173e-4509-9238-cf3541f0427b,Understanding and Undoing Implicit Bias (Virtual ILT),12033,I felt comfortable using the video conferencing platform to participate in this learning program.,5011,Strongly Agree
9c8c4155-173e-4509-9238-cf3541f0427b,Understanding and Undoing Implicit Bias (Virtual ILT),12033,"INSTRUCTOR.NAME maintained an effective pace through the agenda (discussion, activities, breaks, etc.).",5163,Strongly Agree
9c8c4155-173e-4509-9238-cf3541f0427b,Understanding and Undoing Implicit Bias (Virtual ILT),12033,INSTRUCTOR.NAME provided opportunities for questions and checked in for understanding,5175,Strongly Agree
95be528e-a7c5-4146-bcb2-db0b1200b96b,Understanding and Undoing Implicit Bias (Virtual ILT),12033,"Prior to today, I knew how this learning program was intended to impact my job performance.",4454,Strongly Agree
95be528e-a7c5-4146-bcb2-db0b1200b96b,Understanding and Undoing Implicit Bias (Virtual ILT),12033,I believe this learning program will help me do my current job better.,4478,Strongly Agree
95be528e-a7c5-4146-bcb2-db0b1200b96b,Understanding and Undoing Implicit Bias (Virtual ILT),12033,How satisfied are you with the Cornerstone learning management system?,4491,Extremely Satisfied
95be528e-a7c5-4146-bcb2-db0b1200b96b,Understanding and Undoing Implicit Bias (Virtual ILT),12033,How satisfied are you with the Workforce Institute Help Desk (phone and/or email support)?,4498,Extremely Satisfied
95be528e-a7c5-4146-bcb2-db0b1200b96b,Understanding and Undoing Implicit Bias (Virtual ILT),12033,My supervisor met with me to discuss the relevance of this learning program to my current job.,4519,No
95be528e-a7c5-4146-bcb2-db0b1200b96b,Understanding and Undoing Implicit Bias (Virtual ILT),12033,Recall key implicit bias (IB) concepts and key points.,5362,Strongly Agree
95be528e-a7c5-4146-bcb2-db0b1200b96b,Understanding and Undoing Implicit Bias (Virtual ILT),12033,Analyze the current state of child welfare as it relates to racial disproportionality,5368,Strongly Agree
6beb16e2-0169-448c-ad6e-ea9a1854e9c6,Understanding and Undoing Implicit Bias (Virtual ILT),12033,"Prior to today, I knew how this learning program was intended to impact my job performance.",4454,Strongly Agree
6beb16e2-0169-448c-ad6e-ea9a1854e9c6,Understanding and Undoing Implicit Bias (Virtual ILT),12033,"INSTRUCTOR.NAME maintained an effective pace through the agenda (discussion, activities, breaks, etc.).",5163,
6beb16e2-0169-448c-ad6e-ea9a1854e9c6,Understanding and Undoing Implicit Bias (Virtual ILT),12033,INSTRUCTOR.NAME provided opportunities for questions and checked in for understanding,5175,Strongly Agree
6beb16e2-0169-448c-ad6e-ea9a1854e9c6,Understanding and Undoing Implicit Bias (Virtual ILT),12033,INSTRUCTOR.NAME provided opportunities for questions and checked in for understanding,5175,Strongly Agree
6beb16e2-0169-448c-ad6e-ea9a1854e9c6,Understanding and Undoing Implicit Bias (Virtual ILT),12033,How satisfied are you with taking this learning program in a virtual format?,5309,Extremely Satisfied
6beb16e2-0169-448c-ad6e-ea9a1854e9c6,Understanding and Undoing Implicit Bias (Virtual ILT),12033,How satisfied are you with the online interaction you had with other learners in this program?,5321,Extremely Satisfied
e01e4bba-d83c-4699-8ae4-eb8c3e238ff1,Understanding and Undoing Implicit Bias (Virtual ILT),12033,The skills practice activities showed me how to use this learning on the job.,4460,Strongly Agree
e01e4bba-d83c-4699-8ae4-eb8c3e238ff1,Understanding and Undoing Implicit Bias (Virtual ILT),12033,How satisfied are you with the Cornerstone learning management system?,4491,Extremely Satisfied
e01e4bba-d83c-4699-8ae4-eb8c3e238ff1,Understanding and Undoing Implicit Bias (Virtual ILT),12033,What could be done differently to improve your overall learning experience?,4517,Being mindfulness.
e01e4bba-d83c-4699-8ae4-eb8c3e238ff1,Understanding and Undoing Implicit Bias (Virtual ILT),12033,How satisfied are you with taking this learning program in a virtual format?,5309,Extremely Satisfied
e01e4bba-d83c-4699-8ae4-eb8c3e238ff1,Understanding and Undoing Implicit Bias (Virtual ILT),12033,Recall key implicit bias (IB) concepts and key points.,5362,Strongly Agree
e01e4bba-d83c-4699-8ae4-eb8c3e238ff1,Understanding and Undoing Implicit Bias (Virtual ILT),12033,Analyze the current state of child welfare as it relates to racial disproportionality,5368,Strongly Agree
ac12cb97-f706-4adf-b5f1-f573e71db748,Understanding and Undoing Implicit Bias (Virtual ILT),12033,"Prior to today, I knew how this learning program was intended to impact my job performance.",4454,Agree
ac12cb97-f706-4adf-b5f1-f573e71db748,Understanding and Undoing Implicit Bias (Virtual ILT),12033,What could be done differently to improve your overall learning experience?,4517,
ac12cb97-f706-4adf-b5f1-f573e71db748,Understanding and Undoing Implicit Bias (Virtual ILT),12033,"In a typical workweek, how often will you apply knowledge or skills from this learning program? (In percentage of time on the job)",4520,Frequently (26-50% of the time)
ac12cb97-f706-4adf-b5f1-f573e71db748,Understanding and Undoing Implicit Bias (Virtual ILT),12033,Which other training topics or learning methods would support your job performance?,4526,
ac12cb97-f706-4adf-b5f1-f573e71db748,Understanding and Undoing Implicit Bias (Virtual ILT),12033,I felt comfortable using the video conferencing platform to participate in this learning program.,5011,Agree
ac12cb97-f706-4adf-b5f1-f573e71db748,Understanding and Undoing Implicit Bias (Virtual ILT),12033,How satisfied are you with the online interaction you had with the facilitators?,5315,Extremely Satisfied
ac12cb97-f706-4adf-b5f1-f573e71db748,Understanding and Undoing Implicit Bias (Virtual ILT),12033,"Draw connections between internalized oppression and trauma and their influence on institutional racism, structural inequity, and implicit bias",5374,Agree
e3232177-813f-4579-b233-f96c01a0b5ab,Understanding and Undoing Implicit Bias (Virtual ILT),12033,How satisfied are you with the Cornerstone learning management system?,4491,Satisfied
e3232177-813f-4579-b233-f96c01a0b5ab,Understanding and Undoing Implicit Bias (Virtual ILT),12033,"In a typical workweek, how often will you apply knowledge or skills from this learning program? (In percentage of time on the job)",4520,Almost Always (76-100% of the time)
9bc9ade3-6e5a-4078-a493-fc43091c0c4b,Understanding and Undoing Implicit Bias (Virtual ILT),12033,How satisfied are you with the Workforce Institute registration notifications and reminders?,4484,Extremely Satisfied
9bc9ade3-6e5a-4078-a493-fc43091c0c4b,Understanding and Undoing Implicit Bias (Virtual ILT),12033,How satisfied are you with the Workforce Institute Help Desk (phone and/or email support)?,4498,Extremely Satisfied
9bc9ade3-6e5a-4078-a493-fc43091c0c4b,Understanding and Undoing Implicit Bias (Virtual ILT),12033,"INSTRUCTOR.NAME maintained an effective pace through the agenda (discussion, activities, breaks, etc.).",5163,Strongly Agree
9bc9ade3-6e5a-4078-a493-fc43091c0c4b,Understanding and Undoing Implicit Bias (Virtual ILT),12033,INSTRUCTOR.NAME provided clear explanations of new concepts,5169,Strongly Agree
9bc9ade3-6e5a-4078-a493-fc43091c0c4b,Understanding and Undoing Implicit Bias (Virtual ILT),12033,INSTRUCTOR.NAME provided clear explanations of new concepts,5169,Strongly Agree
9bc9ade3-6e5a-4078-a493-fc43091c0c4b,Understanding and Undoing Implicit Bias (Virtual ILT),12033,Recall key implicit bias (IB) concepts and key points.,5362,Agree
9bc9ade3-6e5a-4078-a493-fc43091c0c4b,Understanding and Undoing Implicit Bias (Virtual ILT),12033,"Draw connections between internalized oppression and trauma and their influence on institutional racism, structural inequity, and implicit bias",5374,Agree
4133fd45-5809-47d3-bc19-31f004d27772,Understanding and Undoing Implicit Bias (Virtual ILT),12033,"The instructional aids (forms, case scenarios, etc.) are very similar to real things I use on the job.",4472,Neutral
4133fd45-5809-47d3-bc19-31f004d27772,Understanding and Undoing Implicit Bias (Virtual ILT),12033,I believe this learning program will help me do my current job better.,4478,Agree
4133fd45-5809-47d3-bc19-31f004d27772,Understanding and Undoing Implicit Bias (Virtual ILT),12033,How satisfied are you with the Workforce Institute registration notifications and reminders?,4484,Extremely Satisfied
4133fd45-5809-47d3-bc19-31f004d27772,Understanding and Undoing Implicit Bias (Virtual ILT),12033,How satisfied are you with the Cornerstone learning management system?,4491,Extremely Satisfied
4133fd45-5809-47d3-bc19-31f004d27772,Understanding and Undoing Implicit Bias (Virtual ILT),12033,I felt comfortable using the video conferencing platform to participate in this learning program.,5011,Strongly Agree
4133fd45-5809-47d3-bc19-31f004d27772,Understanding and Undoing Implicit Bias (Virtual ILT),12033,INSTRUCTOR.NAME provided opportunities for questions and checked in for understanding,5175,Strongly Agree
4133fd45-5809-47d3-bc19-31f004d27772,Understanding and Undoing Implicit Bias (Virtual ILT),12033,How satisfied are you with the online interaction you had with other learners in this program?,5321,Extremely Satisfied
4133fd45-5809-47d3-bc19-31f004d27772,Understanding and Undoing Implicit Bias (Virtual ILT),12033,Analyze the current state of child welfare as it relates to racial disproportionality,5368,Agree
03c117c9-066a-4ed4-be19-40ab2fe0fcb0,Understanding and Undoing Implicit Bias (Virtual ILT),12033,"The instructional aids (forms, case scenarios, etc.) are very similar to real things I use on the job.",4472,Agree
03c117c9-066a-4ed4-be19-40ab2fe0fcb0,Understanding and Undoing Implicit Bias (Virtual ILT),12033,How satisfied are you with the Cornerstone learning management system?,4491,Satisfied
03c117c9-066a-4ed4-be19-40ab2fe0fcb0,Understanding and Undoing Implicit Bias (Virtual ILT),12033,Which other training topics or learning methods would support your job performance?,4526,
03c117c9-066a-4ed4-be19-40ab2fe0fcb0,Understanding and Undoing Implicit Bias (Virtual ILT),12033,"INSTRUCTOR.NAME maintained an effective pace through the agenda (discussion, activities, breaks, etc.).",5163,Agree
03c117c9-066a-4ed4-be19-40ab2fe0fcb0,Understanding and Undoing Implicit Bias (Virtual ILT),12033,INSTRUCTOR.NAME provided clear explanations of new concepts,5169,Agree
03c117c9-066a-4ed4-be19-40ab2fe0fcb0,Understanding and Undoing Implicit Bias (Virtual ILT),12033,INSTRUCTOR.NAME provided opportunities for questions and checked in for understanding,5175,Agree
03c117c9-066a-4ed4-be19-40ab2fe0fcb0,Understanding and Undoing Implicit Bias (Virtual ILT),12033,How satisfied are you with taking this learning program in a virtual format?,5309,Satisfied
03c117c9-066a-4ed4-be19-40ab2fe0fcb0,Understanding and Undoing Implicit Bias (Virtual ILT),12033,How satisfied are you with the online interaction you had with other learners in this program?,5321,Satisfied
03c117c9-066a-4ed4-be19-40ab2fe0fcb0,Understanding and Undoing Implicit Bias (Virtual ILT),12033,Recall key implicit bias (IB) concepts and key points.,5362,Strongly Agree
03c117c9-066a-4ed4-be19-40ab2fe0fcb0,Understanding and Undoing Implicit Bias (Virtual ILT),12033,Analyze the current state of child welfare as it relates to racial disproportionality,5368,Agree
03c117c9-066a-4ed4-be19-40ab2fe0fcb0,Understanding and Undoing Implicit Bias (Virtual ILT),12033,"Draw connections between internalized oppression and trauma and their influence on institutional racism, structural inequity, and implicit bias",5374,Agree
3c10f549-afb6-4e9f-9e02-702f6c6aa87c,Understanding and Undoing Implicit Bias (Virtual ILT),12033,"Prior to today, I knew how this learning program was intended to impact my job performance.",4454,Disagree
3c10f549-afb6-4e9f-9e02-702f6c6aa87c,Understanding and Undoing Implicit Bias (Virtual ILT),12033,How satisfied are you with the Workforce Institute Help Desk (phone and/or email support)?,4498,Extremely Satisfied
3c10f549-afb6-4e9f-9e02-702f6c6aa87c,Understanding and Undoing Implicit Bias (Virtual ILT),12033,How satisfied are you with taking this learning program in a virtual format?,5309,Extremely Satisfied
c544c1be-c9b1-473c-8f55-7da1140163b6,Understanding and Undoing Implicit Bias (Virtual ILT),12033,"The instructional aids (forms, case scenarios, etc.) are very similar to real things I use on the job.",4472,Neutral
c544c1be-c9b1-473c-8f55-7da1140163b6,Understanding and Undoing Implicit Bias (Virtual ILT),12033,How satisfied are you with the Workforce Institute registration notifications and reminders?,4484,Extremely Satisfied
c544c1be-c9b1-473c-8f55-7da1140163b6,Understanding and Undoing Implicit Bias (Virtual ILT),12033,How satisfied are you with the Cornerstone learning management system?,4491,Extremely Satisfied
c544c1be-c9b1-473c-8f55-7da1140163b6,Understanding and Undoing Implicit Bias (Virtual ILT),12033,How satisfied are you with the Workforce Institute Help Desk (phone and/or email support)?,4498,Extremely Satisfied
c544c1be-c9b1-473c-8f55-7da1140163b6,Understanding and Undoing Implicit Bias (Virtual ILT),12033,"In a typical workweek, how often will you apply knowledge or skills from this learning program? (In percentage of time on the job)",4520,Very Often (51-75% of the time)
c544c1be-c9b1-473c-8f55-7da1140163b6,Understanding and Undoing Implicit Bias (Virtual ILT),12033,"INSTRUCTOR.NAME maintained an effective pace through the agenda (discussion, activities, breaks, etc.).",5163,Strongly Agree
c544c1be-c9b1-473c-8f55-7da1140163b6,Understanding and Undoing Implicit Bias (Virtual ILT),12033,INSTRUCTOR.NAME provided clear explanations of new concepts,5169,Strongly Agree
c544c1be-c9b1-473c-8f55-7da1140163b6,Understanding and Undoing Implicit Bias (Virtual ILT),12033,Apply debiasing strategies to undo individual implicit bias,5380,Agree
b22b1707-030d-407b-a6c1-96e83132a610,Understanding and Undoing Implicit Bias (Virtual ILT),12033,I believe this learning program will help me do my current job better.,4478,
b22b1707-030d-407b-a6c1-96e83132a610,Understanding and Undoing Implicit Bias (Virtual ILT),12033,Which other training topics or learning methods would support your job performance?,4526,Nothing at this time.
b22b1707-030d-407b-a6c1-96e83132a610,Understanding and Undoing Implicit Bias (Virtual ILT),12033,How satisfied are you with taking this learning program in a virtual format?,5309,Extremely Satisfied
b22b1707-030d-407b-a6c1-96e83132a610,Understanding and Undoing Implicit Bias (Virtual ILT),12033,How satisfied are you with the online interaction you had with the facilitators?,5315,Extremely Satisfied
b22b1707-030d-407b-a6c1-96e83132a610,Understanding and Undoing Implicit Bias (Virtual ILT),12033,Analyze the current state of child welfare as it relates to racial disproportionality,5368,Strongly Agree
d13292b9-7082-4510-a134-b6724c91b2d1,Understanding and Undoing Implicit Bias (Virtual ILT),12033,How satisfied are you with the Cornerstone learning management system?,4491,Satisfied
d13292b9-7082-4510-a134-b6724c91b2d1,Understanding and Undoing Implicit Bias (Virtual ILT),12033,Which other training topics or learning methods would support your job performance?,4526,NOTHING I CAN THINK OF AT THIS TIME
d13292b9-7082-4510-a134-b6724c91b2d1,Understanding and Undoing Implicit Bias (Virtual ILT),12033,INSTRUCTOR.NAME provided clear explanations of new concepts,5169,Agree
d13292b9-7082-4510-a134-b6724c91b2d1,Understanding and Undoing Implicit Bias (Virtual ILT),12033,INSTRUCTOR.NAME provided opportunities for questions and checked in for understanding,5175,Agree
d13292b9-7082-4510-a134-b6724c91b2d1,Understanding and Undoing Implicit Bias (Virtual ILT),12033,How satisfied are you with the online interaction you had with the facilitators?,5315,Satisfied
c577b068-ce0e-4653-a653-be9b0ff40d98,Understanding and Undoing Implicit Bias (Virtual ILT),12033,"Prior to today, I knew how this learning program was intended to impact my job performance.",4454,Agree
c577b068-ce0e-4653-a653-be9b0ff40d98,Understanding and Undoing Implicit Bias (Virtual ILT),12033,How satisfied are you with the Workforce Institute registration notifications and reminders?,4484,Satisfied
c577b068-ce0e-4653-a653-be9b0ff40d98,Understanding and Undoing Implicit Bias (Virtual ILT),12033,Which other training topics or learning methods would support your job performance?,4526,
c577b068-ce0e-4653-a653-be9b0ff40d98,Understanding and Undoing Implicit Bias (Virtual ILT),12033,INSTRUCTOR.NAME provided clear explanations of new concepts,5169,Agree
c577b068-ce0e-4653-a653-be9b0ff40d98,Understanding and Undoing Implicit Bias (Virtual ILT),12033,INSTRUCTOR.NAME provided opportunities for questions and checked in for understanding,5175,Agree
014ff0bb-5508-48c0-afb6-c04948a378f2,Understanding and Undoing Implicit Bias (Virtual ILT),12033,"The instructional aids (forms, case scenarios, etc.) are very similar to real things I use on the job.",4472,Agree
014ff0bb-5508-48c0-afb6-c04948a378f2,Understanding and Undoing Implicit Bias (Virtual ILT),12033,"On a scale of 0-10, how likely is it that you would recommend this learning program to a colleague? (0 = Not at all likely, 10 = Extremely likely)",4505,6
014ff0bb-5508-48c0-afb6-c04948a378f2,Understanding and Undoing Implicit Bias (Virtual ILT),12033,"In a typical workweek, how often will you apply knowledge or skills from this learning program? (In percentage of time on the job)",4520,Almost Always (76-100% of the time)
014ff0bb-5508-48c0-afb6-c04948a378f2,Understanding and Undoing Implicit Bias (Virtual ILT),12033,Which other training topics or learning methods would support your job performance?,4526,Mindfulness
014ff0bb-5508-48c0-afb6-c04948a378f2,Understanding and Undoing Implicit Bias (Virtual ILT),12033,Apply debiasing strategies to undo individual implicit bias,5380,Strongly Agree
01807d7d-0e63-4364-bebc-cae58af6d242,Understanding and Undoing Implicit Bias (Virtual ILT),12033,"Prior to today, I knew how this learning program was intended to impact my job performance.",4454,Strongly Agree
01807d7d-0e63-4364-bebc-cae58af6d242,Understanding and Undoing Implicit Bias (Virtual ILT),12033,How satisfied are you with the Cornerstone learning management system?,4491,Extremely Satisfied
01807d7d-0e63-4364-bebc-cae58af6d242,Understanding and Undoing Implicit Bias (Virtual ILT),12033,Analyze the current state of child welfare as it relates to racial disproportionality,5368,Strongly Agree
9c8c4155-173e-4509-9238-cf3541f0427b,Understanding and Undoing Implicit Bias (Virtual ILT),12033,"Prior to today, I knew how this learning program was intended to impact my job performance.",4454,Agree
9c8c4155-173e-4509-9238-cf3541f0427b,Understanding and Undoing Implicit Bias (Virtual ILT),12033,INSTRUCTOR.NAME provided opportunities for questions and checked in for understanding,5175,Strongly Agree
9c8c4155-173e-4509-9238-cf3541f0427b,Understanding and Undoing Implicit Bias (Virtual ILT),12033,How satisfied are you with the online interaction you had with the facilitators?,5315,Extremely Satisfied
9c8c4155-173e-4509-9238-cf3541f0427b,Understanding and Undoing Implicit Bias (Virtual ILT),12033,Analyze the current state of child welfare as it relates to racial disproportionality,5368,Strongly Agree
9c8c4155-173e-4509-9238-cf3541f0427b,Understanding and Undoing Implicit Bias (Virtual ILT),12033,Apply debiasing strategies to undo individual implicit bias,5380,Strongly Agree
95be528e-a7c5-4146-bcb2-db0b1200b96b,Understanding and Undoing Implicit Bias (Virtual ILT),12033,"On a scale of 0-10, how likely is it that you would recommend this learning program to a colleague? (0 = Not at all likely, 10 = Extremely likely)",4505,10
95be528e-a7c5-4146-bcb2-db0b1200b96b,Understanding and Undoing Implicit Bias (Virtual ILT),12033,What could be done differently to improve your overall learning experience?,4517,Training went nicely
95be528e-a7c5-4146-bcb2-db0b1200b96b,Understanding and Undoing Implicit Bias (Virtual ILT),12033,"INSTRUCTOR.NAME maintained an effective pace through the agenda (discussion, activities, breaks, etc.).",5163,Strongly Agree
95be528e-a7c5-4146-bcb2-db0b1200b96b,Understanding and Undoing Implicit Bias (Virtual ILT),12033,INSTRUCTOR.NAME provided opportunities for questions and checked in for understanding,5175,Strongly Agree
95be528e-a7c5-4146-bcb2-db0b1200b96b,Understanding and Undoing Implicit Bias (Virtual ILT),12033,How satisfied are you with the online interaction you had with the facilitators?,5315,Extremely Satisfied
6beb16e2-0169-448c-ad6e-ea9a1854e9c6,Understanding and Undoing Implicit Bias (Virtual ILT),12033,"On a scale of 0-10, how likely is it that you would recommend this learning program to a colleague? (0 = Not at all likely, 10 = Extremely likely)",4505,10
6beb16e2-0169-448c-ad6e-ea9a1854e9c6,Understanding and Undoing Implicit Bias (Virtual ILT),12033,"In a typical workweek, how often will you apply knowledge or skills from this learning program? (In percentage of time on the job)",4520,Almost Always (76-100% of the time)
6beb16e2-0169-448c-ad6e-ea9a1854e9c6,Understanding and Undoing Implicit Bias (Virtual ILT),12033,How satisfied are you with the online interaction you had with the facilitators?,5315,Extremely Satisfied
6beb16e2-0169-448c-ad6e-ea9a1854e9c6,Understanding and Undoing Implicit Bias (Virtual ILT),12033,Analyze the current state of child welfare as it relates to racial disproportionality,5368,Strongly Agree
6beb16e2-0169-448c-ad6e-ea9a1854e9c6,Understanding and Undoing Implicit Bias (Virtual ILT),12033,"Draw connections between internalized oppression and trauma and their influence on institutional racism, structural inequity, and implicit bias",5374,Strongly Agree
e01e4bba-d83c-4699-8ae4-eb8c3e238ff1,Understanding and Undoing Implicit Bias (Virtual ILT),12033,"Prior to today, I knew how this learning program was intended to impact my job performance.",4454,Strongly Agree
e01e4bba-d83c-4699-8ae4-eb8c3e238ff1,Understanding and Undoing Implicit Bias (Virtual ILT),12033,I felt comfortable using the video conferencing platform to participate in this learning program.,5011,Strongly Agree
e01e4bba-d83c-4699-8ae4-eb8c3e238ff1,Understanding and Undoing Implicit Bias (Virtual ILT),12033,"INSTRUCTOR.NAME maintained an effective pace through the agenda (discussion, activities, breaks, etc.).",5163,Strongly Agree
e01e4bba-d83c-4699-8ae4-eb8c3e238ff1,Understanding and Undoing Implicit Bias (Virtual ILT),12033,"INSTRUCTOR.NAME maintained an effective pace through the agenda (discussion, activities, breaks, etc.).",5163,Strongly Agree
ac12cb97-f706-4adf-b5f1-f573e71db748,Understanding and Undoing Implicit Bias (Virtual ILT),12033,INSTRUCTOR.NAME provided clear explanations of new concepts,5169,Strongly Agree
ac12cb97-f706-4adf-b5f1-f573e71db748,Understanding and Undoing Implicit Bias (Virtual ILT),12033,INSTRUCTOR.NAME provided clear explanations of new concepts,5169,Strongly Agree
ac12cb97-f706-4adf-b5f1-f573e71db748,Understanding and Undoing Implicit Bias (Virtual ILT),12033,How satisfied are you with taking this learning program in a virtual format?,5309,Extremely Satisfied
ac12cb97-f706-4adf-b5f1-f573e71db748,Understanding and Undoing Implicit Bias (Virtual ILT),12033,How satisfied are you with the online interaction you had with other learners in this program?,5321,Extremely Satisfied
ac12cb97-f706-4adf-b5f1-f573e71db748,Understanding and Undoing Implicit Bias (Virtual ILT),12033,Apply debiasing strategies to undo individual implicit bias,5380,Agree
e3232177-813f-4579-b233-f96c01a0b5ab,Understanding and Undoing Implicit Bias (Virtual ILT),12033,"Prior to today, I knew how this learning program was intended to impact my job performance.",4454,Disagree
e3232177-813f-4579-b233-f96c01a0b5ab,Understanding and Undoing Implicit Bias (Virtual ILT),12033,The skills practice activities showed me how to use this learning on the job.,4460,Agree
e3232177-813f-4579-b233-f96c01a0b5ab,Understanding and Undoing Implicit Bias (Virtual ILT),12033,What could be done differently to improve your overall learning experience?,4517,longer breaks
e3232177-813f-4579-b233-f96c01a0b5ab,Understanding and Undoing Implicit Bias (Virtual ILT),12033,My supervisor met with me to discuss the relevance of this learning program to my current job.,4519,No
e3232177-813f-4579-b233-f96c01a0b5ab,Understanding and Undoing Implicit Bias (Virtual ILT),12033,"INSTRUCTOR.NAME maintained an effective pace through the agenda (discussion, activities, breaks, etc.).",5163,Strongly Agree
e3232177-813f-4579-b233-f96c01a0b5ab,Understanding and Undoing Implicit Bias (Virtual ILT),12033,INSTRUCTOR.NAME provided clear explanations of new concepts,5169,Strongly Agree
e3232177-813f-4579-b233-f96c01a0b5ab,Understanding and Undoing Implicit Bias (Virtual ILT),12033,INSTRUCTOR.NAME provided opportunities for questions and checked in for understanding,5175,Strongly Agree
e3232177-813f-4579-b233-f96c01a0b5ab,Understanding and Undoing Implicit Bias (Virtual ILT),12033,Analyze the current state of child welfare as it relates to racial disproportionality,5368,Agree
e3232177-813f-4579-b233-f96c01a0b5ab,Understanding and Undoing Implicit Bias (Virtual ILT),12033,Apply debiasing strategies to undo individual implicit bias,5380,Neutral
9bc9ade3-6e5a-4078-a493-fc43091c0c4b,Understanding and Undoing Implicit Bias (Virtual ILT),12033,"Prior to today, I knew how this learning program was intended to impact my job performance.",4454,Agree
9bc9ade3-6e5a-4078-a493-fc43091c0c4b,Understanding and Undoing Implicit Bias (Virtual ILT),12033,"On a scale of 0-10, how likely is it that you would recommend this learning program to a colleague? (0 = Not at all likely, 10 = Extremely likely)",4505,10
9bc9ade3-6e5a-4078-a493-fc43091c0c4b,Understanding and Undoing Implicit Bias (Virtual ILT),12033,My supervisor met with me to discuss the relevance of this learning program to my current job.,4519,
9bc9ade3-6e5a-4078-a493-fc43091c0c4b,Understanding and Undoing Implicit Bias (Virtual ILT),12033,Which other training topics or learning methods would support your job performance?,4526,
9bc9ade3-6e5a-4078-a493-fc43091c0c4b,Understanding and Undoing Implicit Bias (Virtual ILT),12033,I felt comfortable using the video conferencing platform to participate in this learning program.,5011,Strongly Agree
9bc9ade3-6e5a-4078-a493-fc43091c0c4b,Understanding and Undoing Implicit Bias (Virtual ILT),12033,"INSTRUCTOR.NAME maintained an effective pace through the agenda (discussion, activities, breaks, etc.).",5163,Strongly Agree
9bc9ade3-6e5a-4078-a493-fc43091c0c4b,Understanding and Undoing Implicit Bias (Virtual ILT),12033,How satisfied are you with the online interaction you had with other learners in this program?,5321,Extremely Satisfied
4133fd45-5809-47d3-bc19-31f004d27772,Understanding and Undoing Implicit Bias (Virtual ILT),12033,How satisfied are you with the Workforce Institute Help Desk (phone and/or email support)?,4498,N/A (did not access)
4133fd45-5809-47d3-bc19-31f004d27772,Understanding and Undoing Implicit Bias (Virtual ILT),12033,"In a typical workweek, how often will you apply knowledge or skills from this learning program? (In percentage of time on the job)",4520,Very Often (51-75% of the time)
4133fd45-5809-47d3-bc19-31f004d27772,Understanding and Undoing Implicit Bias (Virtual ILT),12033,INSTRUCTOR.NAME provided clear explanations of new concepts,5169,Strongly Agree
4133fd45-5809-47d3-bc19-31f004d27772,Understanding and Undoing Implicit Bias (Virtual ILT),12033,INSTRUCTOR.NAME provided opportunities for questions and checked in for understanding,5175,Strongly Agree
4133fd45-5809-47d3-bc19-31f004d27772,Understanding and Undoing Implicit Bias (Virtual ILT),12033,How satisfied are you with the online interaction you had with the facilitators?,5315,Extremely Satisfied
03c117c9-066a-4ed4-be19-40ab2fe0fcb0,Understanding and Undoing Implicit Bias (Virtual ILT),12033,The skills practice activities showed me how to use this learning on the job.,4460,Agree
03c117c9-066a-4ed4-be19-40ab2fe0fcb0,Understanding and Undoing Implicit Bias (Virtual ILT),12033,How satisfied are you with the Workforce Institute registration notifications and reminders?,4484,Satisfied
03c117c9-066a-4ed4-be19-40ab2fe0fcb0,Understanding and Undoing Implicit Bias (Virtual ILT),12033,How satisfied are you with the Workforce Institute Help Desk (phone and/or email support)?,4498,Satisfied
03c117c9-066a-4ed4-be19-40ab2fe0fcb0,Understanding and Undoing Implicit Bias (Virtual ILT),12033,"On a scale of 0-10, how likely is it that you would recommend this learning program to a colleague? (0 = Not at all likely, 10 = Extremely likely)",4505,8
03c117c9-066a-4ed4-be19-40ab2fe0fcb0,Understanding and Undoing Implicit Bias (Virtual ILT),12033,I felt comfortable using the video conferencing platform to participate in this learning program.,5011,Agree
3c10f549-afb6-4e9f-9e02-702f6c6aa87c,Understanding and Undoing Implicit Bias (Virtual ILT),12033,I believe this learning program will help me do my current job better.,4478,Strongly Agree
3c10f549-afb6-4e9f-9e02-702f6c6aa87c,Understanding and Undoing Implicit Bias (Virtual ILT),12033,How satisfied are you with the Workforce Institute registration notifications and reminders?,4484,Extremely Satisfied
3c10f549-afb6-4e9f-9e02-702f6c6aa87c,Understanding and Undoing Implicit Bias (Virtual ILT),12033,"On a scale of 0-10, how likely is it that you would recommend this learning program to a colleague? (0 = Not at all likely, 10 = Extremely likely)",4505,10
3c10f549-afb6-4e9f-9e02-702f6c6aa87c,Understanding and Undoing Implicit Bias (Virtual ILT),12033,My supervisor met with me to discuss the relevance of this learning program to my current job.,4519,Yes
3c10f549-afb6-4e9f-9e02-702f6c6aa87c,Understanding and Undoing Implicit Bias (Virtual ILT),12033,I felt comfortable using the video conferencing platform to participate in this learning program.,5011,Strongly Agree
3c10f549-afb6-4e9f-9e02-702f6c6aa87c,Understanding and Undoing Implicit Bias (Virtual ILT),12033,INSTRUCTOR.NAME provided opportunities for questions and checked in for understanding,5175,Strongly Agree
3c10f549-afb6-4e9f-9e02-702f6c6aa87c,Understanding and Undoing Implicit Bias (Virtual ILT),12033,How satisfied are you with the online interaction you had with the facilitators?,5315,Extremely Satisfied
3c10f549-afb6-4e9f-9e02-702f6c6aa87c,Understanding and Undoing Implicit Bias (Virtual ILT),12033,How satisfied are you with the online interaction you had with other learners in this program?,5321,Extremely Satisfied
3c10f549-afb6-4e9f-9e02-702f6c6aa87c,Understanding and Undoing Implicit Bias (Virtual ILT),12033,Apply debiasing strategies to undo individual implicit bias,5380,Strongly Agree
c544c1be-c9b1-473c-8f55-7da1140163b6,Understanding and Undoing Implicit Bias (Virtual ILT),12033,"On a scale of 0-10, how likely is it that you would recommend this learning program to a colleague? (0 = Not at all likely, 10 = Extremely likely)",4505,9
c544c1be-c9b1-473c-8f55-7da1140163b6,Understanding and Undoing Implicit Bias (Virtual ILT),12033,Which other training topics or learning methods would support your job performance?,4526,
c544c1be-c9b1-473c-8f55-7da1140163b6,Understanding and Undoing Implicit Bias (Virtual ILT),12033,"INSTRUCTOR.NAME maintained an effective pace through the agenda (discussion, activities, breaks, etc.).",5163,Strongly Agree
c544c1be-c9b1-473c-8f55-7da1140163b6,Understanding and Undoing Implicit Bias (Virtual ILT),12033,INSTRUCTOR.NAME provided opportunities for questions and checked in for understanding,5175,Strongly Agree
c544c1be-c9b1-473c-8f55-7da1140163b6,Understanding and Undoing Implicit Bias (Virtual ILT),12033,INSTRUCTOR.NAME provided opportunities for questions and checked in for understanding,5175,Strongly Agree
c544c1be-c9b1-473c-8f55-7da1140163b6,Understanding and Undoing Implicit Bias (Virtual ILT),12033,How satisfied are you with the online interaction you had with other learners in this program?,5321,Extremely Satisfied
c544c1be-c9b1-473c-8f55-7da1140163b6,Understanding and Undoing Implicit Bias (Virtual ILT),12033,Analyze the current state of child welfare as it relates to racial disproportionality,5368,Neutral
c544c1be-c9b1-473c-8f55-7da1140163b6,Understanding and Undoing Implicit Bias (Virtual ILT),12033,"Draw connections between internalized oppression and trauma and their influence on institutional racism, structural inequity, and implicit bias",5374,Agree
b22b1707-030d-407b-a6c1-96e83132a610,Understanding and Undoing Implicit Bias (Virtual ILT),12033,"INSTRUCTOR.NAME maintained an effective pace through the agenda (discussion, activities, breaks, etc.).",5163,Strongly Agree
b22b1707-030d-407b-a6c1-96e83132a610,Understanding and Undoing Implicit Bias (Virtual ILT),12033,"INSTRUCTOR.NAME maintained an effective pace through the agenda (discussion, activities, breaks, etc.).",5163,Strongly Agree
b22b1707-030d-407b-a6c1-96e83132a610,Understanding and Undoing Implicit Bias (Virtual ILT),12033,INSTRUCTOR.NAME provided clear explanations of new concepts,5169,Strongly Agree
b22b1707-030d-407b-a6c1-96e83132a610,Understanding and Undoing Implicit Bias (Virtual ILT),12033,"Draw connections between internalized oppression and trauma and their influence on institutional racism, structural inequity, and implicit bias",5374,Strongly Agree
b22b1707-030d-407b-a6c1-96e83132a610,Understanding and Undoing Implicit Bias (Virtual ILT),12033,Apply debiasing strategies to undo individual implicit bias,5380,Strongly Agree
d13292b9-7082-4510-a134-b6724c91b2d1,Understanding and Undoing Implicit Bias (Virtual ILT),12033,I believe this learning program will help me do my current job better.,4478,Agree
d13292b9-7082-4510-a134-b6724c91b2d1,Understanding and Undoing Implicit Bias (Virtual ILT),12033,How satisfied are you with the Workforce Institute Help Desk (phone and/or email support)?,4498,Satisfied
d13292b9-7082-4510-a134-b6724c91b2d1,Understanding and Undoing Implicit Bias (Virtual ILT),12033,"In a typical workweek, how often will you apply knowledge or skills from this learning program? (In percentage of time on the job)",4520,Almost Always (76-100% of the time)
d13292b9-7082-4510-a134-b6724c91b2d1,Understanding and Undoing Implicit Bias (Virtual ILT),12033,"INSTRUCTOR.NAME maintained an effective pace through the agenda (discussion, activities, breaks, etc.).",5163,Agree
d13292b9-7082-4510-a134-b6724c91b2d1,Understanding and Undoing Implicit Bias (Virtual ILT),12033,Recall key implicit bias (IB) concepts and key points.,5362,Agree
d13292b9-7082-4510-a134-b6724c91b2d1,Understanding and Undoing Implicit Bias (Virtual ILT),12033,Apply debiasing strategies to undo individual implicit bias,5380,Agree
c577b068-ce0e-4653-a653-be9b0ff40d98,Understanding and Undoing Implicit Bias (Virtual ILT),12033,"The instructional aids (forms, case scenarios, etc.) are very similar to real things I use on the job.",4472,Agree
c577b068-ce0e-4653-a653-be9b0ff40d98,Understanding and Undoing Implicit Bias (Virtual ILT),12033,How satisfied are you with the Cornerstone learning management system?,4491,Satisfied
c577b068-ce0e-4653-a653-be9b0ff40d98,Understanding and Undoing Implicit Bias (Virtual ILT),12033,"On a scale of 0-10, how likely is it that you would recommend this learning program to a colleague? (0 = Not at all likely, 10 = Extremely likely)",4505,7
c577b068-ce0e-4653-a653-be9b0ff40d98,Understanding and Undoing Implicit Bias (Virtual ILT),12033,I felt comfortable using the video conferencing platform to participate in this learning program.,5011,Agree
c577b068-ce0e-4653-a653-be9b0ff40d98,Understanding and Undoing Implicit Bias (Virtual ILT),12033,INSTRUCTOR.NAME provided clear explanations of new concepts,5169,Agree
c577b068-ce0e-4653-a653-be9b0ff40d98,Understanding and Undoing Implicit Bias (Virtual ILT),12033,Analyze the current state of child welfare as it relates to racial disproportionality,5368,Agree
c577b068-ce0e-4653-a653-be9b0ff40d98,Understanding and Undoing Implicit Bias (Virtual ILT),12033,"Draw connections between internalized oppression and trauma and their influence on institutional racism, structural inequity, and implicit bias",5374,Agree
c577b068-ce0e-4653-a653-be9b0ff40d98,Understanding and Undoing Implicit Bias (Virtual ILT),12033,Apply debiasing strategies to undo individual implicit bias,5380,Agree
014ff0bb-5508-48c0-afb6-c04948a378f2,Understanding and Undoing Implicit Bias (Virtual ILT),12033,"Prior to today, I knew how this learning program was intended to impact my job performance.",4454,Strongly Agree
014ff0bb-5508-48c0-afb6-c04948a378f2,Understanding and Undoing Implicit Bias (Virtual ILT),12033,How satisfied are you with the Cornerstone learning management system?,4491,Neutral
014ff0bb-5508-48c0-afb6-c04948a378f2,Understanding and Undoing Implicit Bias (Virtual ILT),12033,I felt comfortable using the video conferencing platform to participate in this learning program.,5011,Neutral
014ff0bb-5508-48c0-afb6-c04948a378f2,Understanding and Undoing Implicit Bias (Virtual ILT),12033,How satisfied are you with taking this learning program in a virtual format?,5309,Satisfied
014ff0bb-5508-48c0-afb6-c04948a378f2,Understanding and Undoing Implicit Bias (Virtual ILT),12033,How satisfied are you with the online interaction you had with the facilitators?,5315,Neutral
01807d7d-0e63-4364-bebc-cae58af6d242,Understanding and Undoing Implicit Bias (Virtual ILT),12033,"The instructional aids (forms, case scenarios, etc.) are very similar to real things I use on the job.",4472,Agree
01807d7d-0e63-4364-bebc-cae58af6d242,Understanding and Undoing Implicit Bias (Virtual ILT),12033,Which other training topics or learning methods would support your job performance?,4526,
01807d7d-0e63-4364-bebc-cae58af6d242,Understanding and Undoing Implicit Bias (Virtual ILT),12033,"INSTRUCTOR.NAME maintained an effective pace through the agenda (discussion, activities, breaks, etc.).",5163,Strongly Agree
01807d7d-0e63-4364-bebc-cae58af6d242,Understanding and Undoing Implicit Bias (Virtual ILT),12033,INSTRUCTOR.NAME provided clear explanations of new concepts,5169,Strongly Agree
01807d7d-0e63-4364-bebc-cae58af6d242,Understanding and Undoing Implicit Bias (Virtual ILT),12033,INSTRUCTOR.NAME provided opportunities for questions and checked in for understanding,5175,Strongly Agree
01807d7d-0e63-4364-bebc-cae58af6d242,Understanding and Undoing Implicit Bias (Virtual ILT),12033,How satisfied are you with the online interaction you had with the facilitators?,5315,Extremely Satisfied
01807d7d-0e63-4364-bebc-cae58af6d242,Understanding and Undoing Implicit Bias (Virtual ILT),12033,How satisfied are you with the online interaction you had with other learners in this program?,5321,Extremely Satisfied
01807d7d-0e63-4364-bebc-cae58af6d242,Understanding and Undoing Implicit Bias (Virtual ILT),12033,Apply debiasing strategies to undo individual implicit bias,5380,Strongly Agree
9c8c4155-173e-4509-9238-cf3541f0427b,Understanding and Undoing Implicit Bias (Virtual ILT),12033,The skills practice activities showed me how to use this learning on the job.,4460,Strongly Agree
9c8c4155-173e-4509-9238-cf3541f0427b,Understanding and Undoing Implicit Bias (Virtual ILT),12033,I believe this learning program will help me do my current job better.,4478,Strongly Agree
9c8c4155-173e-4509-9238-cf3541f0427b,Understanding and Undoing Implicit Bias (Virtual ILT),12033,How satisfied are you with the Workforce Institute registration notifications and reminders?,4484,Extremely Satisfied
9c8c4155-173e-4509-9238-cf3541f0427b,Understanding and Undoing Implicit Bias (Virtual ILT),12033,How satisfied are you with the Workforce Institute Help Desk (phone and/or email support)?,4498,Satisfied
9c8c4155-173e-4509-9238-cf3541f0427b,Understanding and Undoing Implicit Bias (Virtual ILT),12033,"In a typical workweek, how often will you apply knowledge or skills from this learning program? (In percentage of time on the job)",4520,Very Often (51-75% of the time)
9c8c4155-173e-4509-9238-cf3541f0427b,Understanding and Undoing Implicit Bias (Virtual ILT),12033,Which other training topics or learning methods would support your job performance?,4526,
9c8c4155-173e-4509-9238-cf3541f0427b,Understanding and Undoing Implicit Bias (Virtual ILT),12033,How satisfied are you with taking this learning program in a virtual format?,5309,Extremely Satisfied
9c8c4155-173e-4509-9238-cf3541f0427b,Understanding and Undoing Implicit Bias (Virtual ILT),12033,How satisfied are you with the online interaction you had with other learners in this program?,5321,Extremely Satisfied
9c8c4155-173e-4509-9238-cf3541f0427b,Understanding and Undoing Implicit Bias (Virtual ILT),12033,"Draw connections between internalized oppression and trauma and their influence on institutional racism, structural inequity, and implicit bias",5374,Strongly Agree
95be528e-a7c5-4146-bcb2-db0b1200b96b,Understanding and Undoing Implicit Bias (Virtual ILT),12033,The skills practice activities showed me how to use this learning on the job.,4460,Strongly Agree
95be528e-a7c5-4146-bcb2-db0b1200b96b,Understanding and Undoing Implicit Bias (Virtual ILT),12033,"The instructional aids (forms, case scenarios, etc.) are very similar to real things I use on the job.",4472,Strongly Agree
95be528e-a7c5-4146-bcb2-db0b1200b96b,Understanding and Undoing Implicit Bias (Virtual ILT),12033,How satisfied are you with the Workforce Institute registration notifications and reminders?,4484,Extremely Satisfied
95be528e-a7c5-4146-bcb2-db0b1200b96b,Understanding and Undoing Implicit Bias (Virtual ILT),12033,I felt comfortable using the video conferencing platform to participate in this learning program.,5011,
95be528e-a7c5-4146-bcb2-db0b1200b96b,Understanding and Undoing Implicit Bias (Virtual ILT),12033,INSTRUCTOR.NAME provided clear explanations of new concepts,5169,Strongly Agree
95be528e-a7c5-4146-bcb2-db0b1200b96b,Understanding and Undoing Implicit Bias (Virtual ILT),12033,How satisfied are you with taking this learning program in a virtual format?,5309,Extremely Satisfied
95be528e-a7c5-4146-bcb2-db0b1200b96b,Understanding and Undoing Implicit Bias (Virtual ILT),12033,How satisfied are you with the online interaction you had with other learners in this program?,5321,Extremely Satisfied
95be528e-a7c5-4146-bcb2-db0b1200b96b,Understanding and Undoing Implicit Bias (Virtual ILT),12033,"Draw connections between internalized oppression and trauma and their influence on institutional racism, structural inequity, and implicit bias",5374,Strongly Agree
6beb16e2-0169-448c-ad6e-ea9a1854e9c6,Understanding and Undoing Implicit Bias (Virtual ILT),12033,The skills practice activities showed me how to use this learning on the job.,4460,Strongly Agree
6beb16e2-0169-448c-ad6e-ea9a1854e9c6,Understanding and Undoing Implicit Bias (Virtual ILT),12033,I believe this learning program will help me do my current job better.,4478,Strongly Agree
6beb16e2-0169-448c-ad6e-ea9a1854e9c6,Understanding and Undoing Implicit Bias (Virtual ILT),12033,How satisfied are you with the Workforce Institute registration notifications and reminders?,4484,Extremely Satisfied
6beb16e2-0169-448c-ad6e-ea9a1854e9c6,Understanding and Undoing Implicit Bias (Virtual ILT),12033,How satisfied are you with the Workforce Institute Help Desk (phone and/or email support)?,4498,Extremely Satisfied
6beb16e2-0169-448c-ad6e-ea9a1854e9c6,Understanding and Undoing Implicit Bias (Virtual ILT),12033,What could be done differently to improve your overall learning experience?,4517,Everything was great
6beb16e2-0169-448c-ad6e-ea9a1854e9c6,Understanding and Undoing Implicit Bias (Virtual ILT),12033,Which other training topics or learning methods would support your job performance?,4526,improving work moral
6beb16e2-0169-448c-ad6e-ea9a1854e9c6,Understanding and Undoing Implicit Bias (Virtual ILT),12033,I felt comfortable using the video conferencing platform to participate in this learning program.,5011,Strongly Agree
6beb16e2-0169-448c-ad6e-ea9a1854e9c6,Understanding and Undoing Implicit Bias (Virtual ILT),12033,INSTRUCTOR.NAME provided clear explanations of new concepts,5169,Strongly Agree
6beb16e2-0169-448c-ad6e-ea9a1854e9c6,Understanding and Undoing Implicit Bias (Virtual ILT),12033,Apply debiasing strategies to undo individual implicit bias,5380,Strongly Agree
e01e4bba-d83c-4699-8ae4-eb8c3e238ff1,Understanding and Undoing Implicit Bias (Virtual ILT),12033,"The instructional aids (forms, case scenarios, etc.) are very similar to real things I use on the job.",4472,Strongly Agree
e01e4bba-d83c-4699-8ae4-eb8c3e238ff1,Understanding and Undoing Implicit Bias (Virtual ILT),12033,"In a typical workweek, how often will you apply knowledge or skills from this learning program? (In percentage of time on the job)",4520,Frequently (26-50% of the time)
e01e4bba-d83c-4699-8ae4-eb8c3e238ff1,Understanding and Undoing Implicit Bias (Virtual ILT),12033,Which other training topics or learning methods would support your job performance?,4526,N/A
e01e4bba-d83c-4699-8ae4-eb8c3e238ff1,Understanding and Undoing Implicit Bias (Virtual ILT),12033,INSTRUCTOR.NAME provided clear explanations of new concepts,5169,Strongly Agree
e01e4bba-d83c-4699-8ae4-eb8c3e238ff1,Understanding and Undoing Implicit Bias (Virtual ILT),12033,INSTRUCTOR.NAME provided opportunities for questions and checked in for understanding,5175,Strongly Agree
e01e4bba-d83c-4699-8ae4-eb8c3e238ff1,Understanding and Undoing Implicit Bias (Virtual ILT),12033,How satisfied are you with the online interaction you had with the facilitators?,5315,Extremely Satisfied
e01e4bba-d83c-4699-8ae4-eb8c3e238ff1,Understanding and Undoing Implicit Bias (Virtual ILT),12033,How satisfied are you with the online interaction you had with other learners in this program?,5321,Extremely Satisfied
ac12cb97-f706-4adf-b5f1-f573e71db748,Understanding and Undoing Implicit Bias (Virtual ILT),12033,The skills practice activities showed me how to use this learning on the job.,4460,Agree
ac12cb97-f706-4adf-b5f1-f573e71db748,Understanding and Undoing Implicit Bias (Virtual ILT),12033,"The instructional aids (forms, case scenarios, etc.) are very similar to real things I use on the job.",4472,Neutral
ac12cb97-f706-4adf-b5f1-f573e71db748,Understanding and Undoing Implicit Bias (Virtual ILT),12033,How satisfied are you with the Workforce Institute registration notifications and reminders?,4484,Satisfied
ac12cb97-f706-4adf-b5f1-f573e71db748,Understanding and Undoing Implicit Bias (Virtual ILT),12033,How satisfied are you with the Workforce Institute Help Desk (phone and/or email support)?,4498,N/A (did not access)
ac12cb97-f706-4adf-b5f1-f573e71db748,Understanding and Undoing Implicit Bias (Virtual ILT),12033,"INSTRUCTOR.NAME maintained an effective pace through the agenda (discussion, activities, breaks, etc.).",5163,Strongly Agree
ac12cb97-f706-4adf-b5f1-f573e71db748,Understanding and Undoing Implicit Bias (Virtual ILT),12033,INSTRUCTOR.NAME provided opportunities for questions and checked in for understanding,5175,Strongly Agree
ac12cb97-f706-4adf-b5f1-f573e71db748,Understanding and Undoing Implicit Bias (Virtual ILT),12033,Recall key implicit bias (IB) concepts and key points.,5362,Agree
ac12cb97-f706-4adf-b5f1-f573e71db748,Understanding and Undoing Implicit Bias (Virtual ILT),12033,Analyze the current state of child welfare as it relates to racial disproportionality,5368,Agree
e3232177-813f-4579-b233-f96c01a0b5ab,Understanding and Undoing Implicit Bias (Virtual ILT),12033,I believe this learning program will help me do my current job better.,4478,Agree
e3232177-813f-4579-b233-f96c01a0b5ab,Understanding and Undoing Implicit Bias (Virtual ILT),12033,How satisfied are you with the Workforce Institute registration notifications and reminders?,4484,Satisfied
e3232177-813f-4579-b233-f96c01a0b5ab,Understanding and Undoing Implicit Bias (Virtual ILT),12033,"On a scale of 0-10, how likely is it that you would recommend this learning program to a colleague? (0 = Not at all likely, 10 = Extremely likely)",4505,5
e3232177-813f-4579-b233-f96c01a0b5ab,Understanding and Undoing Implicit Bias (Virtual ILT),12033,I felt comfortable using the video conferencing platform to participate in this learning program.,5011,Agree
e3232177-813f-4579-b233-f96c01a0b5ab,Understanding and Undoing Implicit Bias (Virtual ILT),12033,"INSTRUCTOR.NAME maintained an effective pace through the agenda (discussion, activities, breaks, etc.).",5163,Strongly Agree
e3232177-813f-4579-b233-f96c01a0b5ab,Understanding and Undoing Implicit Bias (Virtual ILT),12033,How satisfied are you with taking this learning program in a virtual format?,5309,Satisfied
e3232177-813f-4579-b233-f96c01a0b5ab,Understanding and Undoing Implicit Bias (Virtual ILT),12033,"Draw connections between internalized oppression and trauma and their influence on institutional racism, structural inequity, and implicit bias",5374,Agree
9bc9ade3-6e5a-4078-a493-fc43091c0c4b,Understanding and Undoing Implicit Bias (Virtual ILT),12033,"The instructional aids (forms, case scenarios, etc.) are very similar to real things I use on the job.",4472,Strongly Agree
9bc9ade3-6e5a-4078-a493-fc43091c0c4b,Understanding and Undoing Implicit Bias (Virtual ILT),12033,I believe this learning program will help me do my current job better.,4478,Strongly Agree
9bc9ade3-6e5a-4078-a493-fc43091c0c4b,Understanding and Undoing Implicit Bias (Virtual ILT),12033,How satisfied are you with the Cornerstone learning management system?,4491,Extremely Satisfied
9bc9ade3-6e5a-4078-a493-fc43091c0c4b,Understanding and Undoing Implicit Bias (Virtual ILT),12033,What could be done differently to improve your overall learning experience?,4517,
9bc9ade3-6e5a-4078-a493-fc43091c0c4b,Understanding and Undoing Implicit Bias (Virtual ILT),12033,"In a typical workweek, how often will you apply knowledge or skills from this learning program? (In percentage of time on the job)",4520,Almost Always (76-100% of the time)
9bc9ade3-6e5a-4078-a493-fc43091c0c4b,Understanding and Undoing Implicit Bias (Virtual ILT),12033,INSTRUCTOR.NAME provided opportunities for questions and checked in for understanding,5175,Strongly Agree
9bc9ade3-6e5a-4078-a493-fc43091c0c4b,Understanding and Undoing Implicit Bias (Virtual ILT),12033,How satisfied are you with taking this learning program in a virtual format?,5309,Extremely Satisfied
9bc9ade3-6e5a-4078-a493-fc43091c0c4b,Understanding and Undoing Implicit Bias (Virtual ILT),12033,How satisfied are you with the online interaction you had with the facilitators?,5315,Extremely Satisfied
06a10fd8-8991-4e91-84a3-10ed0ea1553a,Understanding and Undoing Implicit Bias (Virtual ILT),12032,How satisfied are you with the Cornerstone learning management system?,4491,Satisfied
06a10fd8-8991-4e91-84a3-10ed0ea1553a,Understanding and Undoing Implicit Bias (Virtual ILT),12032,How satisfied are you with the Workforce Institute Help Desk (phone and/or email support)?,4498,Satisfied
06a10fd8-8991-4e91-84a3-10ed0ea1553a,Understanding and Undoing Implicit Bias (Virtual ILT),12032,"In a typical workweek, how often will you apply knowledge or skills from this learning program? (In percentage of time on the job)",4520,Almost Always (76-100% of the time)
06a10fd8-8991-4e91-84a3-10ed0ea1553a,Understanding and Undoing Implicit Bias (Virtual ILT),12032,INSTRUCTOR.NAME provided clear explanations of new concepts,5169,Agree
06a10fd8-8991-4e91-84a3-10ed0ea1553a,Understanding and Undoing Implicit Bias (Virtual ILT),12032,INSTRUCTOR.NAME provided opportunities for questions and checked in for understanding,5175,Agree
06a10fd8-8991-4e91-84a3-10ed0ea1553a,Understanding and Undoing Implicit Bias (Virtual ILT),12032,"Draw connections between internalized oppression and trauma and their influence on institutional racism, structural inequity, and implicit bias",5374,Agree
06a10fd8-8991-4e91-84a3-10ed0ea1553a,Understanding and Undoing Implicit Bias (Virtual ILT),12032,Apply debiasing strategies to undo individual implicit bias,5380,Agree
3b361be3-ae04-4b3d-acec-1f8077cbf1a7,Understanding and Undoing Implicit Bias (Virtual ILT),12032,How satisfied are you with the Cornerstone learning management system?,4491,Satisfied
3b361be3-ae04-4b3d-acec-1f8077cbf1a7,Understanding and Undoing Implicit Bias (Virtual ILT),12032,How satisfied are you with the Workforce Institute Help Desk (phone and/or email support)?,4498,Satisfied
3b361be3-ae04-4b3d-acec-1f8077cbf1a7,Understanding and Undoing Implicit Bias (Virtual ILT),12032,"In a typical workweek, how often will you apply knowledge or skills from this learning program? (In percentage of time on the job)",4520,Very Often (51-75% of the time)
3b361be3-ae04-4b3d-acec-1f8077cbf1a7,Understanding and Undoing Implicit Bias (Virtual ILT),12032,"INSTRUCTOR.NAME maintained an effective pace through the agenda (discussion, activities, breaks, etc.).",5163,Strongly Agree
3b361be3-ae04-4b3d-acec-1f8077cbf1a7,Understanding and Undoing Implicit Bias (Virtual ILT),12032,How satisfied are you with the online interaction you had with the facilitators?,5315,Satisfied
3b361be3-ae04-4b3d-acec-1f8077cbf1a7,Understanding and Undoing Implicit Bias (Virtual ILT),12032,Recall key implicit bias (IB) concepts and key points.,5362,Strongly Agree
3b361be3-ae04-4b3d-acec-1f8077cbf1a7,Understanding and Undoing Implicit Bias (Virtual ILT),12032,Analyze the current state of child welfare as it relates to racial disproportionality,5368,Strongly Agree
77d60a6a-c3d3-4ad0-bb25-49c643f902b6,Understanding and Undoing Implicit Bias (Virtual ILT),12032,I believe this learning program will help me do my current job better.,4478,Agree
77d60a6a-c3d3-4ad0-bb25-49c643f902b6,Understanding and Undoing Implicit Bias (Virtual ILT),12032,How satisfied are you with the Workforce Institute Help Desk (phone and/or email support)?,4498,Extremely Satisfied
77d60a6a-c3d3-4ad0-bb25-49c643f902b6,Understanding and Undoing Implicit Bias (Virtual ILT),12032,"INSTRUCTOR.NAME maintained an effective pace through the agenda (discussion, activities, breaks, etc.).",5163,Agree
77d60a6a-c3d3-4ad0-bb25-49c643f902b6,Understanding and Undoing Implicit Bias (Virtual ILT),12032,INSTRUCTOR.NAME provided opportunities for questions and checked in for understanding,5175,Agree
77d60a6a-c3d3-4ad0-bb25-49c643f902b6,Understanding and Undoing Implicit Bias (Virtual ILT),12032,Recall key implicit bias (IB) concepts and key points.,5362,Agree
77d60a6a-c3d3-4ad0-bb25-49c643f902b6,Understanding and Undoing Implicit Bias (Virtual ILT),12032,"Draw connections between internalized oppression and trauma and their influence on institutional racism, structural inequity, and implicit bias",5374,Agree
77d60a6a-c3d3-4ad0-bb25-49c643f902b6,Understanding and Undoing Implicit Bias (Virtual ILT),12032,Apply debiasing strategies to undo individual implicit bias,5380,Agree
9391a1c4-ea2f-4997-b4c1-700dbec6bcc6,Understanding and Undoing Implicit Bias (Virtual ILT),12032,The skills practice activities showed me how to use this learning on the job.,4460,Agree
9391a1c4-ea2f-4997-b4c1-700dbec6bcc6,Understanding and Undoing Implicit Bias (Virtual ILT),12032,I believe this learning program will help me do my current job better.,4478,Agree
9391a1c4-ea2f-4997-b4c1-700dbec6bcc6,Understanding and Undoing Implicit Bias (Virtual ILT),12032,"On a scale of 0-10, how likely is it that you would recommend this learning program to a colleague? (0 = Not at all likely, 10 = Extremely likely)",4505,10
9391a1c4-ea2f-4997-b4c1-700dbec6bcc6,Understanding and Undoing Implicit Bias (Virtual ILT),12032,What could be done differently to improve your overall learning experience?,4517,"The training was great! I had challenges with my tablet however, the trainers were patient with me and helped me find an alternative way to engage in the training."
9391a1c4-ea2f-4997-b4c1-700dbec6bcc6,Understanding and Undoing Implicit Bias (Virtual ILT),12032,INSTRUCTOR.NAME provided clear explanations of new concepts,5169,Strongly Agree
9391a1c4-ea2f-4997-b4c1-700dbec6bcc6,Understanding and Undoing Implicit Bias (Virtual ILT),12032,INSTRUCTOR.NAME provided opportunities for questions and checked in for understanding,5175,Strongly Agree
cb20effd-fa9a-4c31-a47e-9317c65a5589,Understanding and Undoing Implicit Bias (Virtual ILT),12032,"Prior to today, I knew how this learning program was intended to impact my job performance.",4454,Agree
cb20effd-fa9a-4c31-a47e-9317c65a5589,Understanding and Undoing Implicit Bias (Virtual ILT),12032,"The instructional aids (forms, case scenarios, etc.) are very similar to real things I use on the job.",4472,Agree
cb20effd-fa9a-4c31-a47e-9317c65a5589,Understanding and Undoing Implicit Bias (Virtual ILT),12032,"INSTRUCTOR.NAME maintained an effective pace through the agenda (discussion, activities, breaks, etc.).",5163,Agree
cb20effd-fa9a-4c31-a47e-9317c65a5589,Understanding and Undoing Implicit Bias (Virtual ILT),12032,INSTRUCTOR.NAME provided clear explanations of new concepts,5169,Agree
cb20effd-fa9a-4c31-a47e-9317c65a5589,Understanding and Undoing Implicit Bias (Virtual ILT),12032,INSTRUCTOR.NAME provided clear explanations of new concepts,5169,Agree
cb20effd-fa9a-4c31-a47e-9317c65a5589,Understanding and Undoing Implicit Bias (Virtual ILT),12032,How satisfied are you with taking this learning program in a virtual format?,5309,Neutral
cb20effd-fa9a-4c31-a47e-9317c65a5589,Understanding and Undoing Implicit Bias (Virtual ILT),12032,"Draw connections between internalized oppression and trauma and their influence on institutional racism, structural inequity, and implicit bias",5374,Agree
94dc39d9-34c9-42a8-b83a-a1dc2aa3167c,Understanding and Undoing Implicit Bias (Virtual ILT),12032,"On a scale of 0-10, how likely is it that you would recommend this learning program to a colleague? (0 = Not at all likely, 10 = Extremely likely)",4505,8
94dc39d9-34c9-42a8-b83a-a1dc2aa3167c,Understanding and Undoing Implicit Bias (Virtual ILT),12032,What could be done differently to improve your overall learning experience?,4517,
94dc39d9-34c9-42a8-b83a-a1dc2aa3167c,Understanding and Undoing Implicit Bias (Virtual ILT),12032,My supervisor met with me to discuss the relevance of this learning program to my current job.,4519,No
94dc39d9-34c9-42a8-b83a-a1dc2aa3167c,Understanding and Undoing Implicit Bias (Virtual ILT),12032,I felt comfortable using the video conferencing platform to participate in this learning program.,5011,Agree
94dc39d9-34c9-42a8-b83a-a1dc2aa3167c,Understanding and Undoing Implicit Bias (Virtual ILT),12032,INSTRUCTOR.NAME provided opportunities for questions and checked in for understanding,5175,Agree
94dc39d9-34c9-42a8-b83a-a1dc2aa3167c,Understanding and Undoing Implicit Bias (Virtual ILT),12032,How satisfied are you with taking this learning program in a virtual format?,5309,Satisfied
94dc39d9-34c9-42a8-b83a-a1dc2aa3167c,Understanding and Undoing Implicit Bias (Virtual ILT),12032,How satisfied are you with the online interaction you had with other learners in this program?,5321,Satisfied
87a12a29-3a6a-4c76-a72e-a303a82b95ee,Understanding and Undoing Implicit Bias (Virtual ILT),12032,"Prior to today, I knew how this learning program was intended to impact my job performance.",4454,Agree
87a12a29-3a6a-4c76-a72e-a303a82b95ee,Understanding and Undoing Implicit Bias (Virtual ILT),12032,"The instructional aids (forms, case scenarios, etc.) are very similar to real things I use on the job.",4472,Neutral
87a12a29-3a6a-4c76-a72e-a303a82b95ee,Understanding and Undoing Implicit Bias (Virtual ILT),12032,My supervisor met with me to discuss the relevance of this learning program to my current job.,4519,Yes
87a12a29-3a6a-4c76-a72e-a303a82b95ee,Understanding and Undoing Implicit Bias (Virtual ILT),12032,Which other training topics or learning methods would support your job performance?,4526,
87a12a29-3a6a-4c76-a72e-a303a82b95ee,Understanding and Undoing Implicit Bias (Virtual ILT),12032,How satisfied are you with the online interaction you had with the facilitators?,5315,Extremely Satisfied
87a12a29-3a6a-4c76-a72e-a303a82b95ee,Understanding and Undoing Implicit Bias (Virtual ILT),12032,Apply debiasing strategies to undo individual implicit bias,5380,Strongly Agree
59a0a357-a891-4e95-831d-b65a061e24ad,Understanding and Undoing Implicit Bias (Virtual ILT),12032,The skills practice activities showed me how to use this learning on the job.,4460,Strongly Agree
59a0a357-a891-4e95-831d-b65a061e24ad,Understanding and Undoing Implicit Bias (Virtual ILT),12032,How satisfied are you with the Cornerstone learning management system?,4491,
59a0a357-a891-4e95-831d-b65a061e24ad,Understanding and Undoing Implicit Bias (Virtual ILT),12032,Which other training topics or learning methods would support your job performance?,4526,
59a0a357-a891-4e95-831d-b65a061e24ad,Understanding and Undoing Implicit Bias (Virtual ILT),12032,I felt comfortable using the video conferencing platform to participate in this learning program.,5011,Strongly Agree
59a0a357-a891-4e95-831d-b65a061e24ad,Understanding and Undoing Implicit Bias (Virtual ILT),12032,"INSTRUCTOR.NAME maintained an effective pace through the agenda (discussion, activities, breaks, etc.).",5163,Strongly Agree
59a0a357-a891-4e95-831d-b65a061e24ad,Understanding and Undoing Implicit Bias (Virtual ILT),12032,INSTRUCTOR.NAME provided opportunities for questions and checked in for understanding,5175,Strongly Agree
12bf5e1e-3894-4a8e-9210-d10465a40e92,Understanding and Undoing Implicit Bias (Virtual ILT),12032,"Prior to today, I knew how this learning program was intended to impact my job performance.",4454,Agree
12bf5e1e-3894-4a8e-9210-d10465a40e92,Understanding and Undoing Implicit Bias (Virtual ILT),12032,The skills practice activities showed me how to use this learning on the job.,4460,Agree
12bf5e1e-3894-4a8e-9210-d10465a40e92,Understanding and Undoing Implicit Bias (Virtual ILT),12032,"In a typical workweek, how often will you apply knowledge or skills from this learning program? (In percentage of time on the job)",4520,Very Often (51-75% of the time)
12bf5e1e-3894-4a8e-9210-d10465a40e92,Understanding and Undoing Implicit Bias (Virtual ILT),12032,INSTRUCTOR.NAME provided clear explanations of new concepts,5169,Strongly Agree
12bf5e1e-3894-4a8e-9210-d10465a40e92,Understanding and Undoing Implicit Bias (Virtual ILT),12032,INSTRUCTOR.NAME provided opportunities for questions and checked in for understanding,5175,Strongly Agree
12bf5e1e-3894-4a8e-9210-d10465a40e92,Understanding and Undoing Implicit Bias (Virtual ILT),12032,How satisfied are you with taking this learning program in a virtual format?,5309,Satisfied
3f6918fe-3370-40eb-b483-dc06a6141f3d,Understanding and Undoing Implicit Bias (Virtual ILT),12032,My supervisor met with me to discuss the relevance of this learning program to my current job.,4519,No
3f6918fe-3370-40eb-b483-dc06a6141f3d,Understanding and Undoing Implicit Bias (Virtual ILT),12032,Which other training topics or learning methods would support your job performance?,4526,
3f6918fe-3370-40eb-b483-dc06a6141f3d,Understanding and Undoing Implicit Bias (Virtual ILT),12032,I felt comfortable using the video conferencing platform to participate in this learning program.,5011,
3f6918fe-3370-40eb-b483-dc06a6141f3d,Understanding and Undoing Implicit Bias (Virtual ILT),12032,How satisfied are you with the online interaction you had with other learners in this program?,5321,Neutral
3f6918fe-3370-40eb-b483-dc06a6141f3d,Understanding and Undoing Implicit Bias (Virtual ILT),12032,Apply debiasing strategies to undo individual implicit bias,5380,Agree
8ea71692-5172-41ac-a46b-e29a21294a5e,Understanding and Undoing Implicit Bias (Virtual ILT),12032,"INSTRUCTOR.NAME maintained an effective pace through the agenda (discussion, activities, breaks, etc.).",5163,Strongly Agree
8ea71692-5172-41ac-a46b-e29a21294a5e,Understanding and Undoing Implicit Bias (Virtual ILT),12032,Recall key implicit bias (IB) concepts and key points.,5362,Strongly Agree
8ea71692-5172-41ac-a46b-e29a21294a5e,Understanding and Undoing Implicit Bias (Virtual ILT),12032,Analyze the current state of child welfare as it relates to racial disproportionality,5368,Strongly Agree
a07bc9c5-e040-4c91-9aca-e9cb12db4f8f,Understanding and Undoing Implicit Bias (Virtual ILT),12032,"Prior to today, I knew how this learning program was intended to impact my job performance.",4454,Agree
a07bc9c5-e040-4c91-9aca-e9cb12db4f8f,Understanding and Undoing Implicit Bias (Virtual ILT),12032,The skills practice activities showed me how to use this learning on the job.,4460,Agree
a07bc9c5-e040-4c91-9aca-e9cb12db4f8f,Understanding and Undoing Implicit Bias (Virtual ILT),12032,How satisfied are you with the Workforce Institute registration notifications and reminders?,4484,Satisfied
a07bc9c5-e040-4c91-9aca-e9cb12db4f8f,Understanding and Undoing Implicit Bias (Virtual ILT),12032,What could be done differently to improve your overall learning experience?,4517,
a07bc9c5-e040-4c91-9aca-e9cb12db4f8f,Understanding and Undoing Implicit Bias (Virtual ILT),12032,I felt comfortable using the video conferencing platform to participate in this learning program.,5011,Agree
a07bc9c5-e040-4c91-9aca-e9cb12db4f8f,Understanding and Undoing Implicit Bias (Virtual ILT),12032,INSTRUCTOR.NAME provided clear explanations of new concepts,5169,Strongly Agree
a07bc9c5-e040-4c91-9aca-e9cb12db4f8f,Understanding and Undoing Implicit Bias (Virtual ILT),12032,INSTRUCTOR.NAME provided opportunities for questions and checked in for understanding,5175,Strongly Agree
a07bc9c5-e040-4c91-9aca-e9cb12db4f8f,Understanding and Undoing Implicit Bias (Virtual ILT),12032,How satisfied are you with the online interaction you had with other learners in this program?,5321,Satisfied
a07bc9c5-e040-4c91-9aca-e9cb12db4f8f,Understanding and Undoing Implicit Bias (Virtual ILT),12032,Analyze the current state of child welfare as it relates to racial disproportionality,5368,Strongly Agree
a07bc9c5-e040-4c91-9aca-e9cb12db4f8f,Understanding and Undoing Implicit Bias (Virtual ILT),12032,Apply debiasing strategies to undo individual implicit bias,5380,Agree
cb9e7ecb-81a8-4722-9c04-fe6af08f416d,Understanding and Undoing Implicit Bias (Virtual ILT),12032,"The instructional aids (forms, case scenarios, etc.) are very similar to real things I use on the job.",4472,Agree
cb9e7ecb-81a8-4722-9c04-fe6af08f416d,Understanding and Undoing Implicit Bias (Virtual ILT),12032,How satisfied are you with the Cornerstone learning management system?,4491,Extremely Satisfied
cb9e7ecb-81a8-4722-9c04-fe6af08f416d,Understanding and Undoing Implicit Bias (Virtual ILT),12032,"On a scale of 0-10, how likely is it that you would recommend this learning program to a colleague? (0 = Not at all likely, 10 = Extremely likely)",4505,10
cb9e7ecb-81a8-4722-9c04-fe6af08f416d,Understanding and Undoing Implicit Bias (Virtual ILT),12032,My supervisor met with me to discuss the relevance of this learning program to my current job.,4519,No
cb9e7ecb-81a8-4722-9c04-fe6af08f416d,Understanding and Undoing Implicit Bias (Virtual ILT),12032,I felt comfortable using the video conferencing platform to participate in this learning program.,5011,Strongly Agree
cb9e7ecb-81a8-4722-9c04-fe6af08f416d,Understanding and Undoing Implicit Bias (Virtual ILT),12032,"INSTRUCTOR.NAME maintained an effective pace through the agenda (discussion, activities, breaks, etc.).",5163,Strongly Agree
cb9e7ecb-81a8-4722-9c04-fe6af08f416d,Understanding and Undoing Implicit Bias (Virtual ILT),12032,"Draw connections between internalized oppression and trauma and their influence on institutional racism, structural inequity, and implicit bias",5374,Agree
06a10fd8-8991-4e91-84a3-10ed0ea1553a,Understanding and Undoing Implicit Bias (Virtual ILT),12032,"On a scale of 0-10, how likely is it that you would recommend this learning program to a colleague? (0 = Not at all likely, 10 = Extremely likely)",4505,9
06a10fd8-8991-4e91-84a3-10ed0ea1553a,Understanding and Undoing Implicit Bias (Virtual ILT),12032,"INSTRUCTOR.NAME maintained an effective pace through the agenda (discussion, activities, breaks, etc.).",5163,Agree
06a10fd8-8991-4e91-84a3-10ed0ea1553a,Understanding and Undoing Implicit Bias (Virtual ILT),12032,INSTRUCTOR.NAME provided opportunities for questions and checked in for understanding,5175,Agree
06a10fd8-8991-4e91-84a3-10ed0ea1553a,Understanding and Undoing Implicit Bias (Virtual ILT),12032,How satisfied are you with taking this learning program in a virtual format?,5309,Satisfied
06a10fd8-8991-4e91-84a3-10ed0ea1553a,Understanding and Undoing Implicit Bias (Virtual ILT),12032,How satisfied are you with the online interaction you had with other learners in this program?,5321,Satisfied
3b361be3-ae04-4b3d-acec-1f8077cbf1a7,Understanding and Undoing Implicit Bias (Virtual ILT),12032,"The instructional aids (forms, case scenarios, etc.) are very similar to real things I use on the job.",4472,Agree
3b361be3-ae04-4b3d-acec-1f8077cbf1a7,Understanding and Undoing Implicit Bias (Virtual ILT),12032,"INSTRUCTOR.NAME maintained an effective pace through the agenda (discussion, activities, breaks, etc.).",5163,Strongly Agree
3b361be3-ae04-4b3d-acec-1f8077cbf1a7,Understanding and Undoing Implicit Bias (Virtual ILT),12032,INSTRUCTOR.NAME provided clear explanations of new concepts,5169,Strongly Agree
3b361be3-ae04-4b3d-acec-1f8077cbf1a7,Understanding and Undoing Implicit Bias (Virtual ILT),12032,INSTRUCTOR.NAME provided clear explanations of new concepts,5169,Strongly Agree
3b361be3-ae04-4b3d-acec-1f8077cbf1a7,Understanding and Undoing Implicit Bias (Virtual ILT),12032,INSTRUCTOR.NAME provided opportunities for questions and checked in for understanding,5175,Strongly Agree
3b361be3-ae04-4b3d-acec-1f8077cbf1a7,Understanding and Undoing Implicit Bias (Virtual ILT),12032,INSTRUCTOR.NAME provided opportunities for questions and checked in for understanding,5175,Strongly Agree
3b361be3-ae04-4b3d-acec-1f8077cbf1a7,Understanding and Undoing Implicit Bias (Virtual ILT),12032,"Draw connections between internalized oppression and trauma and their influence on institutional racism, structural inequity, and implicit bias",5374,Agree
3b361be3-ae04-4b3d-acec-1f8077cbf1a7,Understanding and Undoing Implicit Bias (Virtual ILT),12032,Apply debiasing strategies to undo individual implicit bias,5380,Neutral
77d60a6a-c3d3-4ad0-bb25-49c643f902b6,Understanding and Undoing Implicit Bias (Virtual ILT),12032,The skills practice activities showed me how to use this learning on the job.,4460,Agree
77d60a6a-c3d3-4ad0-bb25-49c643f902b6,Understanding and Undoing Implicit Bias (Virtual ILT),12032,How satisfied are you with the Workforce Institute registration notifications and reminders?,4484,Extremely Satisfied
77d60a6a-c3d3-4ad0-bb25-49c643f902b6,Understanding and Undoing Implicit Bias (Virtual ILT),12032,"On a scale of 0-10, how likely is it that you would recommend this learning program to a colleague? (0 = Not at all likely, 10 = Extremely likely)",4505,9
77d60a6a-c3d3-4ad0-bb25-49c643f902b6,Understanding and Undoing Implicit Bias (Virtual ILT),12032,My supervisor met with me to discuss the relevance of this learning program to my current job.,4519,Yes
77d60a6a-c3d3-4ad0-bb25-49c643f902b6,Understanding and Undoing Implicit Bias (Virtual ILT),12032,"In a typical workweek, how often will you apply knowledge or skills from this learning program? (In percentage of time on the job)",4520,Very Often (51-75% of the time)
77d60a6a-c3d3-4ad0-bb25-49c643f902b6,Understanding and Undoing Implicit Bias (Virtual ILT),12032,"INSTRUCTOR.NAME maintained an effective pace through the agenda (discussion, activities, breaks, etc.).",5163,Agree
77d60a6a-c3d3-4ad0-bb25-49c643f902b6,Understanding and Undoing Implicit Bias (Virtual ILT),12032,INSTRUCTOR.NAME provided clear explanations of new concepts,5169,Agree
77d60a6a-c3d3-4ad0-bb25-49c643f902b6,Understanding and Undoing Implicit Bias (Virtual ILT),12032,INSTRUCTOR.NAME provided opportunities for questions and checked in for understanding,5175,Agree
77d60a6a-c3d3-4ad0-bb25-49c643f902b6,Understanding and Undoing Implicit Bias (Virtual ILT),12032,How satisfied are you with the online interaction you had with other learners in this program?,5321,Extremely Satisfied
9391a1c4-ea2f-4997-b4c1-700dbec6bcc6,Understanding and Undoing Implicit Bias (Virtual ILT),12032,How satisfied are you with the Workforce Institute registration notifications and reminders?,4484,Extremely Satisfied
9391a1c4-ea2f-4997-b4c1-700dbec6bcc6,Understanding and Undoing Implicit Bias (Virtual ILT),12032,How satisfied are you with the Cornerstone learning management system?,4491,Satisfied
9391a1c4-ea2f-4997-b4c1-700dbec6bcc6,Understanding and Undoing Implicit Bias (Virtual ILT),12032,My supervisor met with me to discuss the relevance of this learning program to my current job.,4519,No
9391a1c4-ea2f-4997-b4c1-700dbec6bcc6,Understanding and Undoing Implicit Bias (Virtual ILT),12032,"In a typical workweek, how often will you apply knowledge or skills from this learning program? (In percentage of time on the job)",4520,Very Often (51-75% of the time)
9391a1c4-ea2f-4997-b4c1-700dbec6bcc6,Understanding and Undoing Implicit Bias (Virtual ILT),12032,I felt comfortable using the video conferencing platform to participate in this learning program.,5011,Agree
9391a1c4-ea2f-4997-b4c1-700dbec6bcc6,Understanding and Undoing Implicit Bias (Virtual ILT),12032,"INSTRUCTOR.NAME maintained an effective pace through the agenda (discussion, activities, breaks, etc.).",5163,Strongly Agree
9391a1c4-ea2f-4997-b4c1-700dbec6bcc6,Understanding and Undoing Implicit Bias (Virtual ILT),12032,"INSTRUCTOR.NAME maintained an effective pace through the agenda (discussion, activities, breaks, etc.).",5163,Strongly Agree
9391a1c4-ea2f-4997-b4c1-700dbec6bcc6,Understanding and Undoing Implicit Bias (Virtual ILT),12032,How satisfied are you with the online interaction you had with other learners in this program?,5321,Satisfied
9391a1c4-ea2f-4997-b4c1-700dbec6bcc6,Understanding and Undoing Implicit Bias (Virtual ILT),12032,Analyze the current state of child welfare as it relates to racial disproportionality,5368,Agree
cb20effd-fa9a-4c31-a47e-9317c65a5589,Understanding and Undoing Implicit Bias (Virtual ILT),12032,The skills practice activities showed me how to use this learning on the job.,4460,Agree
cb20effd-fa9a-4c31-a47e-9317c65a5589,Understanding and Undoing Implicit Bias (Virtual ILT),12032,How satisfied are you with the Cornerstone learning management system?,4491,Neutral
cb20effd-fa9a-4c31-a47e-9317c65a5589,Understanding and Undoing Implicit Bias (Virtual ILT),12032,"In a typical workweek, how often will you apply knowledge or skills from this learning program? (In percentage of time on the job)",4520,Very Often (51-75% of the time)
cb20effd-fa9a-4c31-a47e-9317c65a5589,Understanding and Undoing Implicit Bias (Virtual ILT),12032,Which other training topics or learning methods would support your job performance?,4526,
cb20effd-fa9a-4c31-a47e-9317c65a5589,Understanding and Undoing Implicit Bias (Virtual ILT),12032,"INSTRUCTOR.NAME maintained an effective pace through the agenda (discussion, activities, breaks, etc.).",5163,Agree
94dc39d9-34c9-42a8-b83a-a1dc2aa3167c,Understanding and Undoing Implicit Bias (Virtual ILT),12032,"Prior to today, I knew how this learning program was intended to impact my job performance.",4454,Agree
94dc39d9-34c9-42a8-b83a-a1dc2aa3167c,Understanding and Undoing Implicit Bias (Virtual ILT),12032,"The instructional aids (forms, case scenarios, etc.) are very similar to real things I use on the job.",4472,Agree
94dc39d9-34c9-42a8-b83a-a1dc2aa3167c,Understanding and Undoing Implicit Bias (Virtual ILT),12032,"INSTRUCTOR.NAME maintained an effective pace through the agenda (discussion, activities, breaks, etc.).",5163,Agree
94dc39d9-34c9-42a8-b83a-a1dc2aa3167c,Understanding and Undoing Implicit Bias (Virtual ILT),12032,"INSTRUCTOR.NAME maintained an effective pace through the agenda (discussion, activities, breaks, etc.).",5163,Agree
94dc39d9-34c9-42a8-b83a-a1dc2aa3167c,Understanding and Undoing Implicit Bias (Virtual ILT),12032,INSTRUCTOR.NAME provided opportunities for questions and checked in for understanding,5175,Agree
94dc39d9-34c9-42a8-b83a-a1dc2aa3167c,Understanding and Undoing Implicit Bias (Virtual ILT),12032,How satisfied are you with the online interaction you had with the facilitators?,5315,Satisfied
94dc39d9-34c9-42a8-b83a-a1dc2aa3167c,Understanding and Undoing Implicit Bias (Virtual ILT),12032,Recall key implicit bias (IB) concepts and key points.,5362,Agree
94dc39d9-34c9-42a8-b83a-a1dc2aa3167c,Understanding and Undoing Implicit Bias (Virtual ILT),12032,"Draw connections between internalized oppression and trauma and their influence on institutional racism, structural inequity, and implicit bias",5374,Agree
87a12a29-3a6a-4c76-a72e-a303a82b95ee,Understanding and Undoing Implicit Bias (Virtual ILT),12032,I believe this learning program will help me do my current job better.,4478,Strongly Agree
87a12a29-3a6a-4c76-a72e-a303a82b95ee,Understanding and Undoing Implicit Bias (Virtual ILT),12032,How satisfied are you with the Workforce Institute registration notifications and reminders?,4484,Satisfied
87a12a29-3a6a-4c76-a72e-a303a82b95ee,Understanding and Undoing Implicit Bias (Virtual ILT),12032,INSTRUCTOR.NAME provided clear explanations of new concepts,5169,Agree
87a12a29-3a6a-4c76-a72e-a303a82b95ee,Understanding and Undoing Implicit Bias (Virtual ILT),12032,How satisfied are you with taking this learning program in a virtual format?,5309,Extremely Satisfied
87a12a29-3a6a-4c76-a72e-a303a82b95ee,Understanding and Undoing Implicit Bias (Virtual ILT),12032,How satisfied are you with the online interaction you had with other learners in this program?,5321,Extremely Satisfied
87a12a29-3a6a-4c76-a72e-a303a82b95ee,Understanding and Undoing Implicit Bias (Virtual ILT),12032,"Draw connections between internalized oppression and trauma and their influence on institutional racism, structural inequity, and implicit bias",5374,Strongly Agree
59a0a357-a891-4e95-831d-b65a061e24ad,Understanding and Undoing Implicit Bias (Virtual ILT),12032,I believe this learning program will help me do my current job better.,4478,Strongly Agree
59a0a357-a891-4e95-831d-b65a061e24ad,Understanding and Undoing Implicit Bias (Virtual ILT),12032,What could be done differently to improve your overall learning experience?,4517,
59a0a357-a891-4e95-831d-b65a061e24ad,Understanding and Undoing Implicit Bias (Virtual ILT),12032,INSTRUCTOR.NAME provided clear explanations of new concepts,5169,Strongly Agree
59a0a357-a891-4e95-831d-b65a061e24ad,Understanding and Undoing Implicit Bias (Virtual ILT),12032,Apply debiasing strategies to undo individual implicit bias,5380,Strongly Agree
12bf5e1e-3894-4a8e-9210-d10465a40e92,Understanding and Undoing Implicit Bias (Virtual ILT),12032,How satisfied are you with the Workforce Institute registration notifications and reminders?,4484,Satisfied
12bf5e1e-3894-4a8e-9210-d10465a40e92,Understanding and Undoing Implicit Bias (Virtual ILT),12032,How satisfied are you with the Workforce Institute Help Desk (phone and/or email support)?,4498,Satisfied
12bf5e1e-3894-4a8e-9210-d10465a40e92,Understanding and Undoing Implicit Bias (Virtual ILT),12032,"On a scale of 0-10, how likely is it that you would recommend this learning program to a colleague? (0 = Not at all likely, 10 = Extremely likely)",4505,8
12bf5e1e-3894-4a8e-9210-d10465a40e92,Understanding and Undoing Implicit Bias (Virtual ILT),12032,What could be done differently to improve your overall learning experience?,4517,The training was great and the trainers were very knowledgeable!
12bf5e1e-3894-4a8e-9210-d10465a40e92,Understanding and Undoing Implicit Bias (Virtual ILT),12032,My supervisor met with me to discuss the relevance of this learning program to my current job.,4519,No
12bf5e1e-3894-4a8e-9210-d10465a40e92,Understanding and Undoing Implicit Bias (Virtual ILT),12032,Which other training topics or learning methods would support your job performance?,4526,
12bf5e1e-3894-4a8e-9210-d10465a40e92,Understanding and Undoing Implicit Bias (Virtual ILT),12032,INSTRUCTOR.NAME provided clear explanations of new concepts,5169,Strongly Agree
12bf5e1e-3894-4a8e-9210-d10465a40e92,Understanding and Undoing Implicit Bias (Virtual ILT),12032,INSTRUCTOR.NAME provided opportunities for questions and checked in for understanding,5175,Strongly Agree
3f6918fe-3370-40eb-b483-dc06a6141f3d,Understanding and Undoing Implicit Bias (Virtual ILT),12032,What could be done differently to improve your overall learning experience?,4517,
3f6918fe-3370-40eb-b483-dc06a6141f3d,Understanding and Undoing Implicit Bias (Virtual ILT),12032,"In a typical workweek, how often will you apply knowledge or skills from this learning program? (In percentage of time on the job)",4520,Very Often (51-75% of the time)
3f6918fe-3370-40eb-b483-dc06a6141f3d,Understanding and Undoing Implicit Bias (Virtual ILT),12032,INSTRUCTOR.NAME provided opportunities for questions and checked in for understanding,5175,Agree
3f6918fe-3370-40eb-b483-dc06a6141f3d,Understanding and Undoing Implicit Bias (Virtual ILT),12032,How satisfied are you with taking this learning program in a virtual format?,5309,Neutral
8ea71692-5172-41ac-a46b-e29a21294a5e,Understanding and Undoing Implicit Bias (Virtual ILT),12032,"The instructional aids (forms, case scenarios, etc.) are very similar to real things I use on the job.",4472,Strongly Agree
8ea71692-5172-41ac-a46b-e29a21294a5e,Understanding and Undoing Implicit Bias (Virtual ILT),12032,I believe this learning program will help me do my current job better.,4478,Agree
8ea71692-5172-41ac-a46b-e29a21294a5e,Understanding and Undoing Implicit Bias (Virtual ILT),12032,How satisfied are you with the Workforce Institute registration notifications and reminders?,4484,Satisfied
8ea71692-5172-41ac-a46b-e29a21294a5e,Understanding and Undoing Implicit Bias (Virtual ILT),12032,How satisfied are you with the Cornerstone learning management system?,4491,Satisfied
8ea71692-5172-41ac-a46b-e29a21294a5e,Understanding and Undoing Implicit Bias (Virtual ILT),12032,How satisfied are you with the Workforce Institute Help Desk (phone and/or email support)?,4498,Neutral
8ea71692-5172-41ac-a46b-e29a21294a5e,Understanding and Undoing Implicit Bias (Virtual ILT),12032,What could be done differently to improve your overall learning experience?,4517,nothing at this time
8ea71692-5172-41ac-a46b-e29a21294a5e,Understanding and Undoing Implicit Bias (Virtual ILT),12032,"In a typical workweek, how often will you apply knowledge or skills from this learning program? (In percentage of time on the job)",4520,Almost Always (76-100% of the time)
8ea71692-5172-41ac-a46b-e29a21294a5e,Understanding and Undoing Implicit Bias (Virtual ILT),12032,Which other training topics or learning methods would support your job performance?,4526,
8ea71692-5172-41ac-a46b-e29a21294a5e,Understanding and Undoing Implicit Bias (Virtual ILT),12032,"INSTRUCTOR.NAME maintained an effective pace through the agenda (discussion, activities, breaks, etc.).",5163,Strongly Agree
8ea71692-5172-41ac-a46b-e29a21294a5e,Understanding and Undoing Implicit Bias (Virtual ILT),12032,INSTRUCTOR.NAME provided clear explanations of new concepts,5169,Strongly Agree
8ea71692-5172-41ac-a46b-e29a21294a5e,Understanding and Undoing Implicit Bias (Virtual ILT),12032,INSTRUCTOR.NAME provided opportunities for questions and checked in for understanding,5175,Strongly Agree
8ea71692-5172-41ac-a46b-e29a21294a5e,Understanding and Undoing Implicit Bias (Virtual ILT),12032,Apply debiasing strategies to undo individual implicit bias,5380,Strongly Agree
a07bc9c5-e040-4c91-9aca-e9cb12db4f8f,Understanding and Undoing Implicit Bias (Virtual ILT),12032,I believe this learning program will help me do my current job better.,4478,Agree
a07bc9c5-e040-4c91-9aca-e9cb12db4f8f,Understanding and Undoing Implicit Bias (Virtual ILT),12032,"INSTRUCTOR.NAME maintained an effective pace through the agenda (discussion, activities, breaks, etc.).",5163,Strongly Agree
a07bc9c5-e040-4c91-9aca-e9cb12db4f8f,Understanding and Undoing Implicit Bias (Virtual ILT),12032,"Draw connections between internalized oppression and trauma and their influence on institutional racism, structural inequity, and implicit bias",5374,Agree
cb9e7ecb-81a8-4722-9c04-fe6af08f416d,Understanding and Undoing Implicit Bias (Virtual ILT),12032,"INSTRUCTOR.NAME maintained an effective pace through the agenda (discussion, activities, breaks, etc.).",5163,Strongly Agree
cb9e7ecb-81a8-4722-9c04-fe6af08f416d,Understanding and Undoing Implicit Bias (Virtual ILT),12032,INSTRUCTOR.NAME provided opportunities for questions and checked in for understanding,5175,Strongly Agree
cb9e7ecb-81a8-4722-9c04-fe6af08f416d,Understanding and Undoing Implicit Bias (Virtual ILT),12032,How satisfied are you with taking this learning program in a virtual format?,5309,
06a10fd8-8991-4e91-84a3-10ed0ea1553a,Understanding and Undoing Implicit Bias (Virtual ILT),12032,"Prior to today, I knew how this learning program was intended to impact my job performance.",4454,Agree
06a10fd8-8991-4e91-84a3-10ed0ea1553a,Understanding and Undoing Implicit Bias (Virtual ILT),12032,I believe this learning program will help me do my current job better.,4478,Agree
06a10fd8-8991-4e91-84a3-10ed0ea1553a,Understanding and Undoing Implicit Bias (Virtual ILT),12032,How satisfied are you with the Workforce Institute registration notifications and reminders?,4484,Satisfied
06a10fd8-8991-4e91-84a3-10ed0ea1553a,Understanding and Undoing Implicit Bias (Virtual ILT),12032,My supervisor met with me to discuss the relevance of this learning program to my current job.,4519,No
06a10fd8-8991-4e91-84a3-10ed0ea1553a,Understanding and Undoing Implicit Bias (Virtual ILT),12032,I felt comfortable using the video conferencing platform to participate in this learning program.,5011,Agree
06a10fd8-8991-4e91-84a3-10ed0ea1553a,Understanding and Undoing Implicit Bias (Virtual ILT),12032,"INSTRUCTOR.NAME maintained an effective pace through the agenda (discussion, activities, breaks, etc.).",5163,Agree
06a10fd8-8991-4e91-84a3-10ed0ea1553a,Understanding and Undoing Implicit Bias (Virtual ILT),12032,INSTRUCTOR.NAME provided clear explanations of new concepts,5169,Agree
06a10fd8-8991-4e91-84a3-10ed0ea1553a,Understanding and Undoing Implicit Bias (Virtual ILT),12032,How satisfied are you with the online interaction you had with the facilitators?,5315,Satisfied
06a10fd8-8991-4e91-84a3-10ed0ea1553a,Understanding and Undoing Implicit Bias (Virtual ILT),12032,Analyze the current state of child welfare as it relates to racial disproportionality,5368,Agree
3b361be3-ae04-4b3d-acec-1f8077cbf1a7,Understanding and Undoing Implicit Bias (Virtual ILT),12032,I believe this learning program will help me do my current job better.,4478,Neutral
3b361be3-ae04-4b3d-acec-1f8077cbf1a7,Understanding and Undoing Implicit Bias (Virtual ILT),12032,How satisfied are you with the online interaction you had with other learners in this program?,5321,Satisfied
77d60a6a-c3d3-4ad0-bb25-49c643f902b6,Understanding and Undoing Implicit Bias (Virtual ILT),12032,Which other training topics or learning methods would support your job performance?,4526,Supporting children with addiction to technology
77d60a6a-c3d3-4ad0-bb25-49c643f902b6,Understanding and Undoing Implicit Bias (Virtual ILT),12032,I felt comfortable using the video conferencing platform to participate in this learning program.,5011,Agree
77d60a6a-c3d3-4ad0-bb25-49c643f902b6,Understanding and Undoing Implicit Bias (Virtual ILT),12032,How satisfied are you with the online interaction you had with the facilitators?,5315,Extremely Satisfied
77d60a6a-c3d3-4ad0-bb25-49c643f902b6,Understanding and Undoing Implicit Bias (Virtual ILT),12032,Analyze the current state of child welfare as it relates to racial disproportionality,5368,Agree
9391a1c4-ea2f-4997-b4c1-700dbec6bcc6,Understanding and Undoing Implicit Bias (Virtual ILT),12032,"Prior to today, I knew how this learning program was intended to impact my job performance.",4454,Neutral
9391a1c4-ea2f-4997-b4c1-700dbec6bcc6,Understanding and Undoing Implicit Bias (Virtual ILT),12032,Which other training topics or learning methods would support your job performance?,4526,N/A
9391a1c4-ea2f-4997-b4c1-700dbec6bcc6,Understanding and Undoing Implicit Bias (Virtual ILT),12032,INSTRUCTOR.NAME provided clear explanations of new concepts,5169,Strongly Agree
9391a1c4-ea2f-4997-b4c1-700dbec6bcc6,Understanding and Undoing Implicit Bias (Virtual ILT),12032,INSTRUCTOR.NAME provided opportunities for questions and checked in for understanding,5175,Strongly Agree
9391a1c4-ea2f-4997-b4c1-700dbec6bcc6,Understanding and Undoing Implicit Bias (Virtual ILT),12032,How satisfied are you with taking this learning program in a virtual format?,5309,Neutral
9391a1c4-ea2f-4997-b4c1-700dbec6bcc6,Understanding and Undoing Implicit Bias (Virtual ILT),12032,How satisfied are you with the online interaction you had with the facilitators?,5315,Satisfied
9391a1c4-ea2f-4997-b4c1-700dbec6bcc6,Understanding and Undoing Implicit Bias (Virtual ILT),12032,Apply debiasing strategies to undo individual implicit bias,5380,Agree
cb20effd-fa9a-4c31-a47e-9317c65a5589,Understanding and Undoing Implicit Bias (Virtual ILT),12032,I believe this learning program will help me do my current job better.,4478,Agree
cb20effd-fa9a-4c31-a47e-9317c65a5589,Understanding and Undoing Implicit Bias (Virtual ILT),12032,How satisfied are you with the Workforce Institute registration notifications and reminders?,4484,Neutral
cb20effd-fa9a-4c31-a47e-9317c65a5589,Understanding and Undoing Implicit Bias (Virtual ILT),12032,"On a scale of 0-10, how likely is it that you would recommend this learning program to a colleague? (0 = Not at all likely, 10 = Extremely likely)",4505,5
cb20effd-fa9a-4c31-a47e-9317c65a5589,Understanding and Undoing Implicit Bias (Virtual ILT),12032,What could be done differently to improve your overall learning experience?,4517,
cb20effd-fa9a-4c31-a47e-9317c65a5589,Understanding and Undoing Implicit Bias (Virtual ILT),12032,I felt comfortable using the video conferencing platform to participate in this learning program.,5011,Agree
cb20effd-fa9a-4c31-a47e-9317c65a5589,Understanding and Undoing Implicit Bias (Virtual ILT),12032,INSTRUCTOR.NAME provided opportunities for questions and checked in for understanding,5175,Agree
cb20effd-fa9a-4c31-a47e-9317c65a5589,Understanding and Undoing Implicit Bias (Virtual ILT),12032,Analyze the current state of child welfare as it relates to racial disproportionality,5368,Agree
94dc39d9-34c9-42a8-b83a-a1dc2aa3167c,Understanding and Undoing Implicit Bias (Virtual ILT),12032,The skills practice activities showed me how to use this learning on the job.,4460,Agree
94dc39d9-34c9-42a8-b83a-a1dc2aa3167c,Understanding and Undoing Implicit Bias (Virtual ILT),12032,How satisfied are you with the Cornerstone learning management system?,4491,Satisfied
94dc39d9-34c9-42a8-b83a-a1dc2aa3167c,Understanding and Undoing Implicit Bias (Virtual ILT),12032,"In a typical workweek, how often will you apply knowledge or skills from this learning program? (In percentage of time on the job)",4520,Very Often (51-75% of the time)
94dc39d9-34c9-42a8-b83a-a1dc2aa3167c,Understanding and Undoing Implicit Bias (Virtual ILT),12032,INSTRUCTOR.NAME provided clear explanations of new concepts,5169,Agree
87a12a29-3a6a-4c76-a72e-a303a82b95ee,Understanding and Undoing Implicit Bias (Virtual ILT),12032,How satisfied are you with the Cornerstone learning management system?,4491,Satisfied
87a12a29-3a6a-4c76-a72e-a303a82b95ee,Understanding and Undoing Implicit Bias (Virtual ILT),12032,"INSTRUCTOR.NAME maintained an effective pace through the agenda (discussion, activities, breaks, etc.).",5163,Strongly Agree
87a12a29-3a6a-4c76-a72e-a303a82b95ee,Understanding and Undoing Implicit Bias (Virtual ILT),12032,"INSTRUCTOR.NAME maintained an effective pace through the agenda (discussion, activities, breaks, etc.).",5163,Strongly Agree
87a12a29-3a6a-4c76-a72e-a303a82b95ee,Understanding and Undoing Implicit Bias (Virtual ILT),12032,Recall key implicit bias (IB) concepts and key points.,5362,Strongly Agree
59a0a357-a891-4e95-831d-b65a061e24ad,Understanding and Undoing Implicit Bias (Virtual ILT),12032,"The instructional aids (forms, case scenarios, etc.) are very similar to real things I use on the job.",4472,Strongly Agree
59a0a357-a891-4e95-831d-b65a061e24ad,Understanding and Undoing Implicit Bias (Virtual ILT),12032,How satisfied are you with the Workforce Institute registration notifications and reminders?,4484,Satisfied
59a0a357-a891-4e95-831d-b65a061e24ad,Understanding and Undoing Implicit Bias (Virtual ILT),12032,"On a scale of 0-10, how likely is it that you would recommend this learning program to a colleague? (0 = Not at all likely, 10 = Extremely likely)",4505,8
59a0a357-a891-4e95-831d-b65a061e24ad,Understanding and Undoing Implicit Bias (Virtual ILT),12032,My supervisor met with me to discuss the relevance of this learning program to my current job.,4519,
59a0a357-a891-4e95-831d-b65a061e24ad,Understanding and Undoing Implicit Bias (Virtual ILT),12032,"In a typical workweek, how often will you apply knowledge or skills from this learning program? (In percentage of time on the job)",4520,Almost Always (76-100% of the time)
59a0a357-a891-4e95-831d-b65a061e24ad,Understanding and Undoing Implicit Bias (Virtual ILT),12032,INSTRUCTOR.NAME provided clear explanations of new concepts,5169,Strongly Agree
59a0a357-a891-4e95-831d-b65a061e24ad,Understanding and Undoing Implicit Bias (Virtual ILT),12032,INSTRUCTOR.NAME provided opportunities for questions and checked in for understanding,5175,Strongly Agree
59a0a357-a891-4e95-831d-b65a061e24ad,Understanding and Undoing Implicit Bias (Virtual ILT),12032,How satisfied are you with taking this learning program in a virtual format?,5309,Satisfied
59a0a357-a891-4e95-831d-b65a061e24ad,Understanding and Undoing Implicit Bias (Virtual ILT),12032,How satisfied are you with the online interaction you had with the facilitators?,5315,Satisfied
59a0a357-a891-4e95-831d-b65a061e24ad,Understanding and Undoing Implicit Bias (Virtual ILT),12032,Recall key implicit bias (IB) concepts and key points.,5362,Strongly Agree
59a0a357-a891-4e95-831d-b65a061e24ad,Understanding and Undoing Implicit Bias (Virtual ILT),12032,"Draw connections between internalized oppression and trauma and their influence on institutional racism, structural inequity, and implicit bias",5374,
12bf5e1e-3894-4a8e-9210-d10465a40e92,Understanding and Undoing Implicit Bias (Virtual ILT),12032,"The instructional aids (forms, case scenarios, etc.) are very similar to real things I use on the job.",4472,Agree
12bf5e1e-3894-4a8e-9210-d10465a40e92,Understanding and Undoing Implicit Bias (Virtual ILT),12032,How satisfied are you with the Cornerstone learning management system?,4491,Satisfied
12bf5e1e-3894-4a8e-9210-d10465a40e92,Understanding and Undoing Implicit Bias (Virtual ILT),12032,I felt comfortable using the video conferencing platform to participate in this learning program.,5011,Agree
12bf5e1e-3894-4a8e-9210-d10465a40e92,Understanding and Undoing Implicit Bias (Virtual ILT),12032,"INSTRUCTOR.NAME maintained an effective pace through the agenda (discussion, activities, breaks, etc.).",5163,Strongly Agree
12bf5e1e-3894-4a8e-9210-d10465a40e92,Understanding and Undoing Implicit Bias (Virtual ILT),12032,How satisfied are you with the online interaction you had with the facilitators?,5315,Satisfied
12bf5e1e-3894-4a8e-9210-d10465a40e92,Understanding and Undoing Implicit Bias (Virtual ILT),12032,Recall key implicit bias (IB) concepts and key points.,5362,Agree
12bf5e1e-3894-4a8e-9210-d10465a40e92,Understanding and Undoing Implicit Bias (Virtual ILT),12032,Analyze the current state of child welfare as it relates to racial disproportionality,5368,Agree
3f6918fe-3370-40eb-b483-dc06a6141f3d,Understanding and Undoing Implicit Bias (Virtual ILT),12032,The skills practice activities showed me how to use this learning on the job.,4460,Agree
3f6918fe-3370-40eb-b483-dc06a6141f3d,Understanding and Undoing Implicit Bias (Virtual ILT),12032,How satisfied are you with the Workforce Institute registration notifications and reminders?,4484,Satisfied
3f6918fe-3370-40eb-b483-dc06a6141f3d,Understanding and Undoing Implicit Bias (Virtual ILT),12032,How satisfied are you with the Cornerstone learning management system?,4491,Neutral
3f6918fe-3370-40eb-b483-dc06a6141f3d,Understanding and Undoing Implicit Bias (Virtual ILT),12032,How satisfied are you with the Workforce Institute Help Desk (phone and/or email support)?,4498,N/A (did not access)
3f6918fe-3370-40eb-b483-dc06a6141f3d,Understanding and Undoing Implicit Bias (Virtual ILT),12032,"INSTRUCTOR.NAME maintained an effective pace through the agenda (discussion, activities, breaks, etc.).",5163,Agree
3f6918fe-3370-40eb-b483-dc06a6141f3d,Understanding and Undoing Implicit Bias (Virtual ILT),12032,"INSTRUCTOR.NAME maintained an effective pace through the agenda (discussion, activities, breaks, etc.).",5163,Agree
3f6918fe-3370-40eb-b483-dc06a6141f3d,Understanding and Undoing Implicit Bias (Virtual ILT),12032,INSTRUCTOR.NAME provided clear explanations of new concepts,5169,Agree
3f6918fe-3370-40eb-b483-dc06a6141f3d,Understanding and Undoing Implicit Bias (Virtual ILT),12032,How satisfied are you with the online interaction you had with the facilitators?,5315,Satisfied
3f6918fe-3370-40eb-b483-dc06a6141f3d,Understanding and Undoing Implicit Bias (Virtual ILT),12032,Recall key implicit bias (IB) concepts and key points.,5362,Neutral
8ea71692-5172-41ac-a46b-e29a21294a5e,Understanding and Undoing Implicit Bias (Virtual ILT),12032,"On a scale of 0-10, how likely is it that you would recommend this learning program to a colleague? (0 = Not at all likely, 10 = Extremely likely)",4505,10
8ea71692-5172-41ac-a46b-e29a21294a5e,Understanding and Undoing Implicit Bias (Virtual ILT),12032,My supervisor met with me to discuss the relevance of this learning program to my current job.,4519,No
8ea71692-5172-41ac-a46b-e29a21294a5e,Understanding and Undoing Implicit Bias (Virtual ILT),12032,I felt comfortable using the video conferencing platform to participate in this learning program.,5011,Agree
8ea71692-5172-41ac-a46b-e29a21294a5e,Understanding and Undoing Implicit Bias (Virtual ILT),12032,INSTRUCTOR.NAME provided clear explanations of new concepts,5169,Strongly Agree
8ea71692-5172-41ac-a46b-e29a21294a5e,Understanding and Undoing Implicit Bias (Virtual ILT),12032,How satisfied are you with taking this learning program in a virtual format?,5309,Extremely Satisfied
8ea71692-5172-41ac-a46b-e29a21294a5e,Understanding and Undoing Implicit Bias (Virtual ILT),12032,How satisfied are you with the online interaction you had with the facilitators?,5315,Extremely Satisfied
8ea71692-5172-41ac-a46b-e29a21294a5e,Understanding and Undoing Implicit Bias (Virtual ILT),12032,How satisfied are you with the online interaction you had with other learners in this program?,5321,Extremely Satisfied
a07bc9c5-e040-4c91-9aca-e9cb12db4f8f,Understanding and Undoing Implicit Bias (Virtual ILT),12032,"The instructional aids (forms, case scenarios, etc.) are very similar to real things I use on the job.",4472,Strongly Agree
a07bc9c5-e040-4c91-9aca-e9cb12db4f8f,Understanding and Undoing Implicit Bias (Virtual ILT),12032,How satisfied are you with the Cornerstone learning management system?,4491,Satisfied
a07bc9c5-e040-4c91-9aca-e9cb12db4f8f,Understanding and Undoing Implicit Bias (Virtual ILT),12032,"On a scale of 0-10, how likely is it that you would recommend this learning program to a colleague? (0 = Not at all likely, 10 = Extremely likely)",4505,8
a07bc9c5-e040-4c91-9aca-e9cb12db4f8f,Understanding and Undoing Implicit Bias (Virtual ILT),12032,My supervisor met with me to discuss the relevance of this learning program to my current job.,4519,Yes
a07bc9c5-e040-4c91-9aca-e9cb12db4f8f,Understanding and Undoing Implicit Bias (Virtual ILT),12032,"INSTRUCTOR.NAME maintained an effective pace through the agenda (discussion, activities, breaks, etc.).",5163,Strongly Agree
cb9e7ecb-81a8-4722-9c04-fe6af08f416d,Understanding and Undoing Implicit Bias (Virtual ILT),12032,The skills practice activities showed me how to use this learning on the job.,4460,
cb9e7ecb-81a8-4722-9c04-fe6af08f416d,Understanding and Undoing Implicit Bias (Virtual ILT),12032,How satisfied are you with the Workforce Institute registration notifications and reminders?,4484,Extremely Satisfied
cb9e7ecb-81a8-4722-9c04-fe6af08f416d,Understanding and Undoing Implicit Bias (Virtual ILT),12032,How satisfied are you with the Workforce Institute Help Desk (phone and/or email support)?,4498,Extremely Satisfied
cb9e7ecb-81a8-4722-9c04-fe6af08f416d,Understanding and Undoing Implicit Bias (Virtual ILT),12032,What could be done differently to improve your overall learning experience?,4517,
cb9e7ecb-81a8-4722-9c04-fe6af08f416d,Understanding and Undoing Implicit Bias (Virtual ILT),12032,How satisfied are you with the online interaction you had with the facilitators?,5315,Extremely Satisfied
cb9e7ecb-81a8-4722-9c04-fe6af08f416d,Understanding and Undoing Implicit Bias (Virtual ILT),12032,How satisfied are you with the online interaction you had with other learners in this program?,5321,Extremely Satisfied
cb9e7ecb-81a8-4722-9c04-fe6af08f416d,Understanding and Undoing Implicit Bias (Virtual ILT),12032,Apply debiasing strategies to undo individual implicit bias,5380,Strongly Agree
06a10fd8-8991-4e91-84a3-10ed0ea1553a,Understanding and Undoing Implicit Bias (Virtual ILT),12032,The skills practice activities showed me how to use this learning on the job.,4460,Agree
06a10fd8-8991-4e91-84a3-10ed0ea1553a,Understanding and Undoing Implicit Bias (Virtual ILT),12032,"The instructional aids (forms, case scenarios, etc.) are very similar to real things I use on the job.",4472,Agree
06a10fd8-8991-4e91-84a3-10ed0ea1553a,Understanding and Undoing Implicit Bias (Virtual ILT),12032,What could be done differently to improve your overall learning experience?,4517,
06a10fd8-8991-4e91-84a3-10ed0ea1553a,Understanding and Undoing Implicit Bias (Virtual ILT),12032,Which other training topics or learning methods would support your job performance?,4526,
06a10fd8-8991-4e91-84a3-10ed0ea1553a,Understanding and Undoing Implicit Bias (Virtual ILT),12032,Recall key implicit bias (IB) concepts and key points.,5362,Agree
3b361be3-ae04-4b3d-acec-1f8077cbf1a7,Understanding and Undoing Implicit Bias (Virtual ILT),12032,"Prior to today, I knew how this learning program was intended to impact my job performance.",4454,Disagree
3b361be3-ae04-4b3d-acec-1f8077cbf1a7,Understanding and Undoing Implicit Bias (Virtual ILT),12032,The skills practice activities showed me how to use this learning on the job.,4460,Agree
3b361be3-ae04-4b3d-acec-1f8077cbf1a7,Understanding and Undoing Implicit Bias (Virtual ILT),12032,How satisfied are you with the Workforce Institute registration notifications and reminders?,4484,Satisfied
3b361be3-ae04-4b3d-acec-1f8077cbf1a7,Understanding and Undoing Implicit Bias (Virtual ILT),12032,"On a scale of 0-10, how likely is it that you would recommend this learning program to a colleague? (0 = Not at all likely, 10 = Extremely likely)",4505,10
3b361be3-ae04-4b3d-acec-1f8077cbf1a7,Understanding and Undoing Implicit Bias (Virtual ILT),12032,What could be done differently to improve your overall learning experience?,4517,na
3b361be3-ae04-4b3d-acec-1f8077cbf1a7,Understanding and Undoing Implicit Bias (Virtual ILT),12032,My supervisor met with me to discuss the relevance of this learning program to my current job.,4519,Yes
3b361be3-ae04-4b3d-acec-1f8077cbf1a7,Understanding and Undoing Implicit Bias (Virtual ILT),12032,Which other training topics or learning methods would support your job performance?,4526,all
3b361be3-ae04-4b3d-acec-1f8077cbf1a7,Understanding and Undoing Implicit Bias (Virtual ILT),12032,I felt comfortable using the video conferencing platform to participate in this learning program.,5011,Agree
3b361be3-ae04-4b3d-acec-1f8077cbf1a7,Understanding and Undoing Implicit Bias (Virtual ILT),12032,How satisfied are you with taking this learning program in a virtual format?,5309,Satisfied
77d60a6a-c3d3-4ad0-bb25-49c643f902b6,Understanding and Undoing Implicit Bias (Virtual ILT),12032,"Prior to today, I knew how this learning program was intended to impact my job performance.",4454,Agree
77d60a6a-c3d3-4ad0-bb25-49c643f902b6,Understanding and Undoing Implicit Bias (Virtual ILT),12032,"The instructional aids (forms, case scenarios, etc.) are very similar to real things I use on the job.",4472,Agree
77d60a6a-c3d3-4ad0-bb25-49c643f902b6,Understanding and Undoing Implicit Bias (Virtual ILT),12032,How satisfied are you with the Cornerstone learning management system?,4491,Extremely Satisfied
77d60a6a-c3d3-4ad0-bb25-49c643f902b6,Understanding and Undoing Implicit Bias (Virtual ILT),12032,What could be done differently to improve your overall learning experience?,4517,Show some videos
77d60a6a-c3d3-4ad0-bb25-49c643f902b6,Understanding and Undoing Implicit Bias (Virtual ILT),12032,INSTRUCTOR.NAME provided clear explanations of new concepts,5169,Agree
77d60a6a-c3d3-4ad0-bb25-49c643f902b6,Understanding and Undoing Implicit Bias (Virtual ILT),12032,How satisfied are you with taking this learning program in a virtual format?,5309,Extremely Satisfied
9391a1c4-ea2f-4997-b4c1-700dbec6bcc6,Understanding and Undoing Implicit Bias (Virtual ILT),12032,"The instructional aids (forms, case scenarios, etc.) are very similar to real things I use on the job.",4472,Agree
9391a1c4-ea2f-4997-b4c1-700dbec6bcc6,Understanding and Undoing Implicit Bias (Virtual ILT),12032,How satisfied are you with the Workforce Institute Help Desk (phone and/or email support)?,4498,Satisfied
9391a1c4-ea2f-4997-b4c1-700dbec6bcc6,Understanding and Undoing Implicit Bias (Virtual ILT),12032,Recall key implicit bias (IB) concepts and key points.,5362,Agree
9391a1c4-ea2f-4997-b4c1-700dbec6bcc6,Understanding and Undoing Implicit Bias (Virtual ILT),12032,"Draw connections between internalized oppression and trauma and their influence on institutional racism, structural inequity, and implicit bias",5374,Agree
cb20effd-fa9a-4c31-a47e-9317c65a5589,Understanding and Undoing Implicit Bias (Virtual ILT),12032,How satisfied are you with the Workforce Institute Help Desk (phone and/or email support)?,4498,Neutral
cb20effd-fa9a-4c31-a47e-9317c65a5589,Understanding and Undoing Implicit Bias (Virtual ILT),12032,My supervisor met with me to discuss the relevance of this learning program to my current job.,4519,No
cb20effd-fa9a-4c31-a47e-9317c65a5589,Understanding and Undoing Implicit Bias (Virtual ILT),12032,INSTRUCTOR.NAME provided opportunities for questions and checked in for understanding,5175,Agree
cb20effd-fa9a-4c31-a47e-9317c65a5589,Understanding and Undoing Implicit Bias (Virtual ILT),12032,How satisfied are you with the online interaction you had with the facilitators?,5315,Neutral
cb20effd-fa9a-4c31-a47e-9317c65a5589,Understanding and Undoing Implicit Bias (Virtual ILT),12032,How satisfied are you with the online interaction you had with other learners in this program?,5321,Neutral
cb20effd-fa9a-4c31-a47e-9317c65a5589,Understanding and Undoing Implicit Bias (Virtual ILT),12032,Recall key implicit bias (IB) concepts and key points.,5362,Agree
cb20effd-fa9a-4c31-a47e-9317c65a5589,Understanding and Undoing Implicit Bias (Virtual ILT),12032,Apply debiasing strategies to undo individual implicit bias,5380,Agree
94dc39d9-34c9-42a8-b83a-a1dc2aa3167c,Understanding and Undoing Implicit Bias (Virtual ILT),12032,I believe this learning program will help me do my current job better.,4478,Agree
94dc39d9-34c9-42a8-b83a-a1dc2aa3167c,Understanding and Undoing Implicit Bias (Virtual ILT),12032,How satisfied are you with the Workforce Institute registration notifications and reminders?,4484,Satisfied
94dc39d9-34c9-42a8-b83a-a1dc2aa3167c,Understanding and Undoing Implicit Bias (Virtual ILT),12032,How satisfied are you with the Workforce Institute Help Desk (phone and/or email support)?,4498,Satisfied
94dc39d9-34c9-42a8-b83a-a1dc2aa3167c,Understanding and Undoing Implicit Bias (Virtual ILT),12032,Which other training topics or learning methods would support your job performance?,4526,
94dc39d9-34c9-42a8-b83a-a1dc2aa3167c,Understanding and Undoing Implicit Bias (Virtual ILT),12032,INSTRUCTOR.NAME provided clear explanations of new concepts,5169,Agree
94dc39d9-34c9-42a8-b83a-a1dc2aa3167c,Understanding and Undoing Implicit Bias (Virtual ILT),12032,Analyze the current state of child welfare as it relates to racial disproportionality,5368,Agree
94dc39d9-34c9-42a8-b83a-a1dc2aa3167c,Understanding and Undoing Implicit Bias (Virtual ILT),12032,Apply debiasing strategies to undo individual implicit bias,5380,Agree
87a12a29-3a6a-4c76-a72e-a303a82b95ee,Understanding and Undoing Implicit Bias (Virtual ILT),12032,The skills practice activities showed me how to use this learning on the job.,4460,Strongly Agree
87a12a29-3a6a-4c76-a72e-a303a82b95ee,Understanding and Undoing Implicit Bias (Virtual ILT),12032,How satisfied are you with the Workforce Institute Help Desk (phone and/or email support)?,4498,Satisfied
87a12a29-3a6a-4c76-a72e-a303a82b95ee,Understanding and Undoing Implicit Bias (Virtual ILT),12032,"On a scale of 0-10, how likely is it that you would recommend this learning program to a colleague? (0 = Not at all likely, 10 = Extremely likely)",4505,9
87a12a29-3a6a-4c76-a72e-a303a82b95ee,Understanding and Undoing Implicit Bias (Virtual ILT),12032,What could be done differently to improve your overall learning experience?,4517,
87a12a29-3a6a-4c76-a72e-a303a82b95ee,Understanding and Undoing Implicit Bias (Virtual ILT),12032,"In a typical workweek, how often will you apply knowledge or skills from this learning program? (In percentage of time on the job)",4520,Almost Always (76-100% of the time)
87a12a29-3a6a-4c76-a72e-a303a82b95ee,Understanding and Undoing Implicit Bias (Virtual ILT),12032,I felt comfortable using the video conferencing platform to participate in this learning program.,5011,Strongly Agree
87a12a29-3a6a-4c76-a72e-a303a82b95ee,Understanding and Undoing Implicit Bias (Virtual ILT),12032,INSTRUCTOR.NAME provided clear explanations of new concepts,5169,Strongly Agree
87a12a29-3a6a-4c76-a72e-a303a82b95ee,Understanding and Undoing Implicit Bias (Virtual ILT),12032,INSTRUCTOR.NAME provided opportunities for questions and checked in for understanding,5175,Strongly Agree
87a12a29-3a6a-4c76-a72e-a303a82b95ee,Understanding and Undoing Implicit Bias (Virtual ILT),12032,INSTRUCTOR.NAME provided opportunities for questions and checked in for understanding,5175,Strongly Agree
87a12a29-3a6a-4c76-a72e-a303a82b95ee,Understanding and Undoing Implicit Bias (Virtual ILT),12032,Analyze the current state of child welfare as it relates to racial disproportionality,5368,Strongly Agree
59a0a357-a891-4e95-831d-b65a061e24ad,Understanding and Undoing Implicit Bias (Virtual ILT),12032,"Prior to today, I knew how this learning program was intended to impact my job performance.",4454,Strongly Agree
59a0a357-a891-4e95-831d-b65a061e24ad,Understanding and Undoing Implicit Bias (Virtual ILT),12032,How satisfied are you with the Workforce Institute Help Desk (phone and/or email support)?,4498,Satisfied
59a0a357-a891-4e95-831d-b65a061e24ad,Understanding and Undoing Implicit Bias (Virtual ILT),12032,"INSTRUCTOR.NAME maintained an effective pace through the agenda (discussion, activities, breaks, etc.).",5163,Strongly Agree
59a0a357-a891-4e95-831d-b65a061e24ad,Understanding and Undoing Implicit Bias (Virtual ILT),12032,How satisfied are you with the online interaction you had with other learners in this program?,5321,Satisfied
59a0a357-a891-4e95-831d-b65a061e24ad,Understanding and Undoing Implicit Bias (Virtual ILT),12032,Analyze the current state of child welfare as it relates to racial disproportionality,5368,Strongly Agree
12bf5e1e-3894-4a8e-9210-d10465a40e92,Understanding and Undoing Implicit Bias (Virtual ILT),12032,I believe this learning program will help me do my current job better.,4478,Agree
12bf5e1e-3894-4a8e-9210-d10465a40e92,Understanding and Undoing Implicit Bias (Virtual ILT),12032,"INSTRUCTOR.NAME maintained an effective pace through the agenda (discussion, activities, breaks, etc.).",5163,Strongly Agree
12bf5e1e-3894-4a8e-9210-d10465a40e92,Understanding and Undoing Implicit Bias (Virtual ILT),12032,How satisfied are you with the online interaction you had with other learners in this program?,5321,Satisfied
12bf5e1e-3894-4a8e-9210-d10465a40e92,Understanding and Undoing Implicit Bias (Virtual ILT),12032,"Draw connections between internalized oppression and trauma and their influence on institutional racism, structural inequity, and implicit bias",5374,Agree
12bf5e1e-3894-4a8e-9210-d10465a40e92,Understanding and Undoing Implicit Bias (Virtual ILT),12032,Apply debiasing strategies to undo individual implicit bias,5380,Agree
3f6918fe-3370-40eb-b483-dc06a6141f3d,Understanding and Undoing Implicit Bias (Virtual ILT),12032,"Prior to today, I knew how this learning program was intended to impact my job performance.",4454,Agree
3f6918fe-3370-40eb-b483-dc06a6141f3d,Understanding and Undoing Implicit Bias (Virtual ILT),12032,"The instructional aids (forms, case scenarios, etc.) are very similar to real things I use on the job.",4472,Agree
3f6918fe-3370-40eb-b483-dc06a6141f3d,Understanding and Undoing Implicit Bias (Virtual ILT),12032,I believe this learning program will help me do my current job better.,4478,Agree
3f6918fe-3370-40eb-b483-dc06a6141f3d,Understanding and Undoing Implicit Bias (Virtual ILT),12032,"On a scale of 0-10, how likely is it that you would recommend this learning program to a colleague? (0 = Not at all likely, 10 = Extremely likely)",4505,8
3f6918fe-3370-40eb-b483-dc06a6141f3d,Understanding and Undoing Implicit Bias (Virtual ILT),12032,INSTRUCTOR.NAME provided clear explanations of new concepts,5169,Agree
3f6918fe-3370-40eb-b483-dc06a6141f3d,Understanding and Undoing Implicit Bias (Virtual ILT),12032,INSTRUCTOR.NAME provided opportunities for questions and checked in for understanding,5175,Agree
3f6918fe-3370-40eb-b483-dc06a6141f3d,Understanding and Undoing Implicit Bias (Virtual ILT),12032,Analyze the current state of child welfare as it relates to racial disproportionality,5368,Neutral
3f6918fe-3370-40eb-b483-dc06a6141f3d,Understanding and Undoing Implicit Bias (Virtual ILT),12032,"Draw connections between internalized oppression and trauma and their influence on institutional racism, structural inequity, and implicit bias",5374,Neutral
8ea71692-5172-41ac-a46b-e29a21294a5e,Understanding and Undoing Implicit Bias (Virtual ILT),12032,"Prior to today, I knew how this learning program was intended to impact my job performance.",4454,Agree
8ea71692-5172-41ac-a46b-e29a21294a5e,Understanding and Undoing Implicit Bias (Virtual ILT),12032,The skills practice activities showed me how to use this learning on the job.,4460,Strongly Agree
8ea71692-5172-41ac-a46b-e29a21294a5e,Understanding and Undoing Implicit Bias (Virtual ILT),12032,INSTRUCTOR.NAME provided opportunities for questions and checked in for understanding,5175,Strongly Agree
8ea71692-5172-41ac-a46b-e29a21294a5e,Understanding and Undoing Implicit Bias (Virtual ILT),12032,"Draw connections between internalized oppression and trauma and their influence on institutional racism, structural inequity, and implicit bias",5374,Strongly Agree
a07bc9c5-e040-4c91-9aca-e9cb12db4f8f,Understanding and Undoing Implicit Bias (Virtual ILT),12032,How satisfied are you with the Workforce Institute Help Desk (phone and/or email support)?,4498,Satisfied
a07bc9c5-e040-4c91-9aca-e9cb12db4f8f,Understanding and Undoing Implicit Bias (Virtual ILT),12032,"In a typical workweek, how often will you apply knowledge or skills from this learning program? (In percentage of time on the job)",4520,Frequently (26-50% of the time)
a07bc9c5-e040-4c91-9aca-e9cb12db4f8f,Understanding and Undoing Implicit Bias (Virtual ILT),12032,Which other training topics or learning methods would support your job performance?,4526,
a07bc9c5-e040-4c91-9aca-e9cb12db4f8f,Understanding and Undoing Implicit Bias (Virtual ILT),12032,INSTRUCTOR.NAME provided clear explanations of new concepts,5169,Strongly Agree
a07bc9c5-e040-4c91-9aca-e9cb12db4f8f,Understanding and Undoing Implicit Bias (Virtual ILT),12032,INSTRUCTOR.NAME provided opportunities for questions and checked in for understanding,5175,Strongly Agree
a07bc9c5-e040-4c91-9aca-e9cb12db4f8f,Understanding and Undoing Implicit Bias (Virtual ILT),12032,How satisfied are you with taking this learning program in a virtual format?,5309,Satisfied
a07bc9c5-e040-4c91-9aca-e9cb12db4f8f,Understanding and Undoing Implicit Bias (Virtual ILT),12032,How satisfied are you with the online interaction you had with the facilitators?,5315,Extremely Satisfied
a07bc9c5-e040-4c91-9aca-e9cb12db4f8f,Understanding and Undoing Implicit Bias (Virtual ILT),12032,Recall key implicit bias (IB) concepts and key points.,5362,Agree
cb9e7ecb-81a8-4722-9c04-fe6af08f416d,Understanding and Undoing Implicit Bias (Virtual ILT),12032,"Prior to today, I knew how this learning program was intended to impact my job performance.",4454,Agree
cb9e7ecb-81a8-4722-9c04-fe6af08f416d,Understanding and Undoing Implicit Bias (Virtual ILT),12032,I believe this learning program will help me do my current job better.,4478,Strongly Agree
cb9e7ecb-81a8-4722-9c04-fe6af08f416d,Understanding and Undoing Implicit Bias (Virtual ILT),12032,"In a typical workweek, how often will you apply knowledge or skills from this learning program? (In percentage of time on the job)",4520,Very Often (51-75% of the time)
cb9e7ecb-81a8-4722-9c04-fe6af08f416d,Understanding and Undoing Implicit Bias (Virtual ILT),12032,Which other training topics or learning methods would support your job performance?,4526,
cb9e7ecb-81a8-4722-9c04-fe6af08f416d,Understanding and Undoing Implicit Bias (Virtual ILT),12032,INSTRUCTOR.NAME provided clear explanations of new concepts,5169,Strongly Agree
cb9e7ecb-81a8-4722-9c04-fe6af08f416d,Understanding and Undoing Implicit Bias (Virtual ILT),12032,INSTRUCTOR.NAME provided clear explanations of new concepts,5169,Strongly Agree
cb9e7ecb-81a8-4722-9c04-fe6af08f416d,Understanding and Undoing Implicit Bias (Virtual ILT),12032,INSTRUCTOR.NAME provided opportunities for questions and checked in for understanding,5175,Strongly Agree
cb9e7ecb-81a8-4722-9c04-fe6af08f416d,Understanding and Undoing Implicit Bias (Virtual ILT),12032,Recall key implicit bias (IB) concepts and key points.,5362,Strongly Agree
cb9e7ecb-81a8-4722-9c04-fe6af08f416d,Understanding and Undoing Implicit Bias (Virtual ILT),12032,Analyze the current state of child welfare as it relates to racial disproportionality,5368,Agree
37a47abf-aab6-45b0-bdef-06cf8db640cc,Understanding and Undoing Implicit Bias (Virtual ILT),12031,"INSTRUCTOR.NAME maintained an effective pace through the agenda (discussion, activities, breaks, etc.).",5163,Strongly Agree
37a47abf-aab6-45b0-bdef-06cf8db640cc,Understanding and Undoing Implicit Bias (Virtual ILT),12031,INSTRUCTOR.NAME provided clear explanations of new concepts,5169,Strongly Agree
37a47abf-aab6-45b0-bdef-06cf8db640cc,Understanding and Undoing Implicit Bias (Virtual ILT),12031,INSTRUCTOR.NAME provided opportunities for questions and checked in for understanding,5175,Strongly Agree
37a47abf-aab6-45b0-bdef-06cf8db640cc,Understanding and Undoing Implicit Bias (Virtual ILT),12031,How satisfied are you with the online interaction you had with other learners in this program?,5321,Satisfied
37a47abf-aab6-45b0-bdef-06cf8db640cc,Understanding and Undoing Implicit Bias (Virtual ILT),12031,Recall key implicit bias (IB) concepts and key points.,5362,Agree
0c766ba9-7666-49a0-a4e2-0f1add2e5804,Understanding and Undoing Implicit Bias (Virtual ILT),12031,"The instructional aids (forms, case scenarios, etc.) are very similar to real things I use on the job.",4472,Strongly Agree
0c766ba9-7666-49a0-a4e2-0f1add2e5804,Understanding and Undoing Implicit Bias (Virtual ILT),12031,How satisfied are you with the Workforce Institute Help Desk (phone and/or email support)?,4498,Extremely Satisfied
0c766ba9-7666-49a0-a4e2-0f1add2e5804,Understanding and Undoing Implicit Bias (Virtual ILT),12031,What could be done differently to improve your overall learning experience?,4517,The learning experiences were satisfying and well constructed.
0c766ba9-7666-49a0-a4e2-0f1add2e5804,Understanding and Undoing Implicit Bias (Virtual ILT),12031,My supervisor met with me to discuss the relevance of this learning program to my current job.,4519,Yes
0c766ba9-7666-49a0-a4e2-0f1add2e5804,Understanding and Undoing Implicit Bias (Virtual ILT),12031,I felt comfortable using the video conferencing platform to participate in this learning program.,5011,Strongly Agree
0c766ba9-7666-49a0-a4e2-0f1add2e5804,Understanding and Undoing Implicit Bias (Virtual ILT),12031,INSTRUCTOR.NAME provided opportunities for questions and checked in for understanding,5175,Strongly Agree
0c766ba9-7666-49a0-a4e2-0f1add2e5804,Understanding and Undoing Implicit Bias (Virtual ILT),12031,How satisfied are you with taking this learning program in a virtual format?,5309,Extremely Satisfied
0c766ba9-7666-49a0-a4e2-0f1add2e5804,Understanding and Undoing Implicit Bias (Virtual ILT),12031,How satisfied are you with the online interaction you had with other learners in this program?,5321,Extremely Satisfied
0c766ba9-7666-49a0-a4e2-0f1add2e5804,Understanding and Undoing Implicit Bias (Virtual ILT),12031,Recall key implicit bias (IB) concepts and key points.,5362,Strongly Agree
0c766ba9-7666-49a0-a4e2-0f1add2e5804,Understanding and Undoing Implicit Bias (Virtual ILT),12031,Analyze the current state of child welfare as it relates to racial disproportionality,5368,Strongly Agree
3d089c74-f837-416c-8a0f-1fcfbd353750,Understanding and Undoing Implicit Bias (Virtual ILT),12031,"Prior to today, I knew how this learning program was intended to impact my job performance.",4454,Strongly Agree
3d089c74-f837-416c-8a0f-1fcfbd353750,Understanding and Undoing Implicit Bias (Virtual ILT),12031,I believe this learning program will help me do my current job better.,4478,Agree
3d089c74-f837-416c-8a0f-1fcfbd353750,Understanding and Undoing Implicit Bias (Virtual ILT),12031,How satisfied are you with the Workforce Institute registration notifications and reminders?,4484,Satisfied
3d089c74-f837-416c-8a0f-1fcfbd353750,Understanding and Undoing Implicit Bias (Virtual ILT),12031,How satisfied are you with taking this learning program in a virtual format?,5309,Extremely Satisfied
3d089c74-f837-416c-8a0f-1fcfbd353750,Understanding and Undoing Implicit Bias (Virtual ILT),12031,How satisfied are you with the online interaction you had with other learners in this program?,5321,Extremely Satisfied
3d089c74-f837-416c-8a0f-1fcfbd353750,Understanding and Undoing Implicit Bias (Virtual ILT),12031,Recall key implicit bias (IB) concepts and key points.,5362,Strongly Agree
fc57c58f-9d4f-4ba2-a8bc-4a4380151b22,Understanding and Undoing Implicit Bias (Virtual ILT),12031,"The instructional aids (forms, case scenarios, etc.) are very similar to real things I use on the job.",4472,Agree
fc57c58f-9d4f-4ba2-a8bc-4a4380151b22,Understanding and Undoing Implicit Bias (Virtual ILT),12031,How satisfied are you with the Workforce Institute registration notifications and reminders?,4484,Satisfied
fc57c58f-9d4f-4ba2-a8bc-4a4380151b22,Understanding and Undoing Implicit Bias (Virtual ILT),12031,How satisfied are you with the Cornerstone learning management system?,4491,Satisfied
fc57c58f-9d4f-4ba2-a8bc-4a4380151b22,Understanding and Undoing Implicit Bias (Virtual ILT),12031,What could be done differently to improve your overall learning experience?,4517,
fc57c58f-9d4f-4ba2-a8bc-4a4380151b22,Understanding and Undoing Implicit Bias (Virtual ILT),12031,Which other training topics or learning methods would support your job performance?,4526,
fc57c58f-9d4f-4ba2-a8bc-4a4380151b22,Understanding and Undoing Implicit Bias (Virtual ILT),12031,I felt comfortable using the video conferencing platform to participate in this learning program.,5011,Strongly Agree
fc57c58f-9d4f-4ba2-a8bc-4a4380151b22,Understanding and Undoing Implicit Bias (Virtual ILT),12031,INSTRUCTOR.NAME provided clear explanations of new concepts,5169,Strongly Agree
fc57c58f-9d4f-4ba2-a8bc-4a4380151b22,Understanding and Undoing Implicit Bias (Virtual ILT),12031,How satisfied are you with the online interaction you had with other learners in this program?,5321,
fc57c58f-9d4f-4ba2-a8bc-4a4380151b22,Understanding and Undoing Implicit Bias (Virtual ILT),12031,Recall key implicit bias (IB) concepts and key points.,5362,Agree
fc57c58f-9d4f-4ba2-a8bc-4a4380151b22,Understanding and Undoing Implicit Bias (Virtual ILT),12031,Analyze the current state of child welfare as it relates to racial disproportionality,5368,Agree
d2d4d0cc-97dc-40a9-8350-4e089eb21cf0,Understanding and Undoing Implicit Bias (Virtual ILT),12031,The skills practice activities showed me how to use this learning on the job.,4460,Agree
d2d4d0cc-97dc-40a9-8350-4e089eb21cf0,Understanding and Undoing Implicit Bias (Virtual ILT),12031,What could be done differently to improve your overall learning experience?,4517,N/A
d2d4d0cc-97dc-40a9-8350-4e089eb21cf0,Understanding and Undoing Implicit Bias (Virtual ILT),12031,My supervisor met with me to discuss the relevance of this learning program to my current job.,4519,Yes
d2d4d0cc-97dc-40a9-8350-4e089eb21cf0,Understanding and Undoing Implicit Bias (Virtual ILT),12031,"In a typical workweek, how often will you apply knowledge or skills from this learning program? (In percentage of time on the job)",4520,Almost Always (76-100% of the time)
d2d4d0cc-97dc-40a9-8350-4e089eb21cf0,Understanding and Undoing Implicit Bias (Virtual ILT),12031,INSTRUCTOR.NAME provided opportunities for questions and checked in for understanding,5175,Strongly Agree
d2d4d0cc-97dc-40a9-8350-4e089eb21cf0,Understanding and Undoing Implicit Bias (Virtual ILT),12031,How satisfied are you with the online interaction you had with the facilitators?,5315,Extremely Satisfied
d2d4d0cc-97dc-40a9-8350-4e089eb21cf0,Understanding and Undoing Implicit Bias (Virtual ILT),12031,Recall key implicit bias (IB) concepts and key points.,5362,Agree
508b06f0-b37a-4c51-93c3-5683b338a16f,Understanding and Undoing Implicit Bias (Virtual ILT),12031,"The instructional aids (forms, case scenarios, etc.) are very similar to real things I use on the job.",4472,Strongly Agree
508b06f0-b37a-4c51-93c3-5683b338a16f,Understanding and Undoing Implicit Bias (Virtual ILT),12031,INSTRUCTOR.NAME provided opportunities for questions and checked in for understanding,5175,Strongly Agree
508b06f0-b37a-4c51-93c3-5683b338a16f,Understanding and Undoing Implicit Bias (Virtual ILT),12031,How satisfied are you with taking this learning program in a virtual format?,5309,Extremely Satisfied
508b06f0-b37a-4c51-93c3-5683b338a16f,Understanding and Undoing Implicit Bias (Virtual ILT),12031,Apply debiasing strategies to undo individual implicit bias,5380,Strongly Agree
b4af18ed-b7f3-4335-bf1b-5bfa4fd7cbf0,Understanding and Undoing Implicit Bias (Virtual ILT),12031,"The instructional aids (forms, case scenarios, etc.) are very similar to real things I use on the job.",4472,Agree
b4af18ed-b7f3-4335-bf1b-5bfa4fd7cbf0,Understanding and Undoing Implicit Bias (Virtual ILT),12031,I believe this learning program will help me do my current job better.,4478,Neutral
b4af18ed-b7f3-4335-bf1b-5bfa4fd7cbf0,Understanding and Undoing Implicit Bias (Virtual ILT),12031,How satisfied are you with the Workforce Institute Help Desk (phone and/or email support)?,4498,Satisfied
b4af18ed-b7f3-4335-bf1b-5bfa4fd7cbf0,Understanding and Undoing Implicit Bias (Virtual ILT),12031,Which other training topics or learning methods would support your job performance?,4526,
b4af18ed-b7f3-4335-bf1b-5bfa4fd7cbf0,Understanding and Undoing Implicit Bias (Virtual ILT),12031,INSTRUCTOR.NAME provided opportunities for questions and checked in for understanding,5175,Agree
b4af18ed-b7f3-4335-bf1b-5bfa4fd7cbf0,Understanding and Undoing Implicit Bias (Virtual ILT),12031,How satisfied are you with the online interaction you had with the facilitators?,5315,Satisfied
b4af18ed-b7f3-4335-bf1b-5bfa4fd7cbf0,Understanding and Undoing Implicit Bias (Virtual ILT),12031,Apply debiasing strategies to undo individual implicit bias,5380,Agree
ce6eae15-532e-43fa-b1a9-9f4334da2d36,Understanding and Undoing Implicit Bias (Virtual ILT),12031,The skills practice activities showed me how to use this learning on the job.,4460,Agree
ce6eae15-532e-43fa-b1a9-9f4334da2d36,Understanding and Undoing Implicit Bias (Virtual ILT),12031,How satisfied are you with the Cornerstone learning management system?,4491,
ce6eae15-532e-43fa-b1a9-9f4334da2d36,Understanding and Undoing Implicit Bias (Virtual ILT),12031,"On a scale of 0-10, how likely is it that you would recommend this learning program to a colleague? (0 = Not at all likely, 10 = Extremely likely)",4505,8
ce6eae15-532e-43fa-b1a9-9f4334da2d36,Understanding and Undoing Implicit Bias (Virtual ILT),12031,Which other training topics or learning methods would support your job performance?,4526,
ce6eae15-532e-43fa-b1a9-9f4334da2d36,Understanding and Undoing Implicit Bias (Virtual ILT),12031,I felt comfortable using the video conferencing platform to participate in this learning program.,5011,Agree
ce6eae15-532e-43fa-b1a9-9f4334da2d36,Understanding and Undoing Implicit Bias (Virtual ILT),12031,"INSTRUCTOR.NAME maintained an effective pace through the agenda (discussion, activities, breaks, etc.).",5163,Agree
ce6eae15-532e-43fa-b1a9-9f4334da2d36,Understanding and Undoing Implicit Bias (Virtual ILT),12031,INSTRUCTOR.NAME provided opportunities for questions and checked in for understanding,5175,Agree
ce6eae15-532e-43fa-b1a9-9f4334da2d36,Understanding and Undoing Implicit Bias (Virtual ILT),12031,How satisfied are you with the online interaction you had with the facilitators?,5315,Neutral
ce6eae15-532e-43fa-b1a9-9f4334da2d36,Understanding and Undoing Implicit Bias (Virtual ILT),12031,How satisfied are you with the online interaction you had with other learners in this program?,5321,Satisfied
ce6eae15-532e-43fa-b1a9-9f4334da2d36,Understanding and Undoing Implicit Bias (Virtual ILT),12031,Analyze the current state of child welfare as it relates to racial disproportionality,5368,Agree
37a47abf-aab6-45b0-bdef-06cf8db640cc,Understanding and Undoing Implicit Bias (Virtual ILT),12031,"Prior to today, I knew how this learning program was intended to impact my job performance.",4454,Agree
37a47abf-aab6-45b0-bdef-06cf8db640cc,Understanding and Undoing Implicit Bias (Virtual ILT),12031,How satisfied are you with the Workforce Institute Help Desk (phone and/or email support)?,4498,Satisfied
37a47abf-aab6-45b0-bdef-06cf8db640cc,Understanding and Undoing Implicit Bias (Virtual ILT),12031,INSTRUCTOR.NAME provided clear explanations of new concepts,5169,Strongly Agree
37a47abf-aab6-45b0-bdef-06cf8db640cc,Understanding and Undoing Implicit Bias (Virtual ILT),12031,INSTRUCTOR.NAME provided opportunities for questions and checked in for understanding,5175,Strongly Agree
37a47abf-aab6-45b0-bdef-06cf8db640cc,Understanding and Undoing Implicit Bias (Virtual ILT),12031,How satisfied are you with taking this learning program in a virtual format?,5309,Satisfied
37a47abf-aab6-45b0-bdef-06cf8db640cc,Understanding and Undoing Implicit Bias (Virtual ILT),12031,How satisfied are you with the online interaction you had with the facilitators?,5315,Satisfied
0c766ba9-7666-49a0-a4e2-0f1add2e5804,Understanding and Undoing Implicit Bias (Virtual ILT),12031,"On a scale of 0-10, how likely is it that you would recommend this learning program to a colleague? (0 = Not at all likely, 10 = Extremely likely)",4505,10
0c766ba9-7666-49a0-a4e2-0f1add2e5804,Understanding and Undoing Implicit Bias (Virtual ILT),12031,"INSTRUCTOR.NAME maintained an effective pace through the agenda (discussion, activities, breaks, etc.).",5163,Strongly Agree
0c766ba9-7666-49a0-a4e2-0f1add2e5804,Understanding and Undoing Implicit Bias (Virtual ILT),12031,How satisfied are you with the online interaction you had with the facilitators?,5315,Extremely Satisfied
0c766ba9-7666-49a0-a4e2-0f1add2e5804,Understanding and Undoing Implicit Bias (Virtual ILT),12031,"Draw connections between internalized oppression and trauma and their influence on institutional racism, structural inequity, and implicit bias",5374,Strongly Agree
3d089c74-f837-416c-8a0f-1fcfbd353750,Understanding and Undoing Implicit Bias (Virtual ILT),12031,"The instructional aids (forms, case scenarios, etc.) are very similar to real things I use on the job.",4472,Agree
3d089c74-f837-416c-8a0f-1fcfbd353750,Understanding and Undoing Implicit Bias (Virtual ILT),12031,"On a scale of 0-10, how likely is it that you would recommend this learning program to a colleague? (0 = Not at all likely, 10 = Extremely likely)",4505,9
3d089c74-f837-416c-8a0f-1fcfbd353750,Understanding and Undoing Implicit Bias (Virtual ILT),12031,"In a typical workweek, how often will you apply knowledge or skills from this learning program? (In percentage of time on the job)",4520,Sometimes (1-25% of the time)
3d089c74-f837-416c-8a0f-1fcfbd353750,Understanding and Undoing Implicit Bias (Virtual ILT),12031,"INSTRUCTOR.NAME maintained an effective pace through the agenda (discussion, activities, breaks, etc.).",5163,Strongly Agree
3d089c74-f837-416c-8a0f-1fcfbd353750,Understanding and Undoing Implicit Bias (Virtual ILT),12031,INSTRUCTOR.NAME provided clear explanations of new concepts,5169,Strongly Agree
3d089c74-f837-416c-8a0f-1fcfbd353750,Understanding and Undoing Implicit Bias (Virtual ILT),12031,INSTRUCTOR.NAME provided opportunities for questions and checked in for understanding,5175,Strongly Agree
3d089c74-f837-416c-8a0f-1fcfbd353750,Understanding and Undoing Implicit Bias (Virtual ILT),12031,How satisfied are you with the online interaction you had with the facilitators?,5315,Extremely Satisfied
3d089c74-f837-416c-8a0f-1fcfbd353750,Understanding and Undoing Implicit Bias (Virtual ILT),12031,"Draw connections between internalized oppression and trauma and their influence on institutional racism, structural inequity, and implicit bias",5374,Strongly Agree
3d089c74-f837-416c-8a0f-1fcfbd353750,Understanding and Undoing Implicit Bias (Virtual ILT),12031,Apply debiasing strategies to undo individual implicit bias,5380,Strongly Agree
fc57c58f-9d4f-4ba2-a8bc-4a4380151b22,Understanding and Undoing Implicit Bias (Virtual ILT),12031,How satisfied are you with the Workforce Institute Help Desk (phone and/or email support)?,4498,Satisfied
fc57c58f-9d4f-4ba2-a8bc-4a4380151b22,Understanding and Undoing Implicit Bias (Virtual ILT),12031,"On a scale of 0-10, how likely is it that you would recommend this learning program to a colleague? (0 = Not at all likely, 10 = Extremely likely)",4505,10
fc57c58f-9d4f-4ba2-a8bc-4a4380151b22,Understanding and Undoing Implicit Bias (Virtual ILT),12031,How satisfied are you with taking this learning program in a virtual format?,5309,Satisfied
fc57c58f-9d4f-4ba2-a8bc-4a4380151b22,Understanding and Undoing Implicit Bias (Virtual ILT),12031,How satisfied are you with the online interaction you had with the facilitators?,5315,Satisfied
fc57c58f-9d4f-4ba2-a8bc-4a4380151b22,Understanding and Undoing Implicit Bias (Virtual ILT),12031,Apply debiasing strategies to undo individual implicit bias,5380,Agree
d2d4d0cc-97dc-40a9-8350-4e089eb21cf0,Understanding and Undoing Implicit Bias (Virtual ILT),12031,How satisfied are you with the Workforce Institute registration notifications and reminders?,4484,Satisfied
d2d4d0cc-97dc-40a9-8350-4e089eb21cf0,Understanding and Undoing Implicit Bias (Virtual ILT),12031,"INSTRUCTOR.NAME maintained an effective pace through the agenda (discussion, activities, breaks, etc.).",5163,Strongly Agree
d2d4d0cc-97dc-40a9-8350-4e089eb21cf0,Understanding and Undoing Implicit Bias (Virtual ILT),12031,INSTRUCTOR.NAME provided clear explanations of new concepts,5169,Strongly Agree
d2d4d0cc-97dc-40a9-8350-4e089eb21cf0,Understanding and Undoing Implicit Bias (Virtual ILT),12031,INSTRUCTOR.NAME provided opportunities for questions and checked in for understanding,5175,Strongly Agree
d2d4d0cc-97dc-40a9-8350-4e089eb21cf0,Understanding and Undoing Implicit Bias (Virtual ILT),12031,How satisfied are you with the online interaction you had with other learners in this program?,5321,Extremely Satisfied
508b06f0-b37a-4c51-93c3-5683b338a16f,Understanding and Undoing Implicit Bias (Virtual ILT),12031,How satisfied are you with the Workforce Institute registration notifications and reminders?,4484,Extremely Satisfied
508b06f0-b37a-4c51-93c3-5683b338a16f,Understanding and Undoing Implicit Bias (Virtual ILT),12031,How satisfied are you with the Cornerstone learning management system?,4491,Extremely Satisfied
508b06f0-b37a-4c51-93c3-5683b338a16f,Understanding and Undoing Implicit Bias (Virtual ILT),12031,"INSTRUCTOR.NAME maintained an effective pace through the agenda (discussion, activities, breaks, etc.).",5163,Strongly Agree
508b06f0-b37a-4c51-93c3-5683b338a16f,Understanding and Undoing Implicit Bias (Virtual ILT),12031,INSTRUCTOR.NAME provided clear explanations of new concepts,5169,Strongly Agree
508b06f0-b37a-4c51-93c3-5683b338a16f,Understanding and Undoing Implicit Bias (Virtual ILT),12031,INSTRUCTOR.NAME provided clear explanations of new concepts,5169,Strongly Agree
508b06f0-b37a-4c51-93c3-5683b338a16f,Understanding and Undoing Implicit Bias (Virtual ILT),12031,INSTRUCTOR.NAME provided opportunities for questions and checked in for understanding,5175,Strongly Agree
508b06f0-b37a-4c51-93c3-5683b338a16f,Understanding and Undoing Implicit Bias (Virtual ILT),12031,How satisfied are you with the online interaction you had with the facilitators?,5315,Extremely Satisfied
508b06f0-b37a-4c51-93c3-5683b338a16f,Understanding and Undoing Implicit Bias (Virtual ILT),12031,Analyze the current state of child welfare as it relates to racial disproportionality,5368,Strongly Agree
b4af18ed-b7f3-4335-bf1b-5bfa4fd7cbf0,Understanding and Undoing Implicit Bias (Virtual ILT),12031,The skills practice activities showed me how to use this learning on the job.,4460,Agree
b4af18ed-b7f3-4335-bf1b-5bfa4fd7cbf0,Understanding and Undoing Implicit Bias (Virtual ILT),12031,How satisfied are you with the Workforce Institute registration notifications and reminders?,4484,Satisfied
b4af18ed-b7f3-4335-bf1b-5bfa4fd7cbf0,Understanding and Undoing Implicit Bias (Virtual ILT),12031,How satisfied are you with the Cornerstone learning management system?,4491,Satisfied
b4af18ed-b7f3-4335-bf1b-5bfa4fd7cbf0,Understanding and Undoing Implicit Bias (Virtual ILT),12031,What could be done differently to improve your overall learning experience?,4517,
b4af18ed-b7f3-4335-bf1b-5bfa4fd7cbf0,Understanding and Undoing Implicit Bias (Virtual ILT),12031,Analyze the current state of child welfare as it relates to racial disproportionality,5368,Neutral
ce6eae15-532e-43fa-b1a9-9f4334da2d36,Understanding and Undoing Implicit Bias (Virtual ILT),12031,How satisfied are you with the Workforce Institute Help Desk (phone and/or email support)?,4498,Satisfied
ce6eae15-532e-43fa-b1a9-9f4334da2d36,Understanding and Undoing Implicit Bias (Virtual ILT),12031,"In a typical workweek, how often will you apply knowledge or skills from this learning program? (In percentage of time on the job)",4520,Frequently (26-50% of the time)
ce6eae15-532e-43fa-b1a9-9f4334da2d36,Understanding and Undoing Implicit Bias (Virtual ILT),12031,"INSTRUCTOR.NAME maintained an effective pace through the agenda (discussion, activities, breaks, etc.).",5163,Agree
ce6eae15-532e-43fa-b1a9-9f4334da2d36,Understanding and Undoing Implicit Bias (Virtual ILT),12031,INSTRUCTOR.NAME provided clear explanations of new concepts,5169,Agree
37a47abf-aab6-45b0-bdef-06cf8db640cc,Understanding and Undoing Implicit Bias (Virtual ILT),12031,I believe this learning program will help me do my current job better.,4478,Agree
37a47abf-aab6-45b0-bdef-06cf8db640cc,Understanding and Undoing Implicit Bias (Virtual ILT),12031,How satisfied are you with the Cornerstone learning management system?,4491,Satisfied
37a47abf-aab6-45b0-bdef-06cf8db640cc,Understanding and Undoing Implicit Bias (Virtual ILT),12031,"On a scale of 0-10, how likely is it that you would recommend this learning program to a colleague? (0 = Not at all likely, 10 = Extremely likely)",4505,10
37a47abf-aab6-45b0-bdef-06cf8db640cc,Understanding and Undoing Implicit Bias (Virtual ILT),12031,What could be done differently to improve your overall learning experience?,4517,
37a47abf-aab6-45b0-bdef-06cf8db640cc,Understanding and Undoing Implicit Bias (Virtual ILT),12031,My supervisor met with me to discuss the relevance of this learning program to my current job.,4519,Yes
37a47abf-aab6-45b0-bdef-06cf8db640cc,Understanding and Undoing Implicit Bias (Virtual ILT),12031,"Draw connections between internalized oppression and trauma and their influence on institutional racism, structural inequity, and implicit bias",5374,Agree
37a47abf-aab6-45b0-bdef-06cf8db640cc,Understanding and Undoing Implicit Bias (Virtual ILT),12031,Apply debiasing strategies to undo individual implicit bias,5380,Agree
0c766ba9-7666-49a0-a4e2-0f1add2e5804,Understanding and Undoing Implicit Bias (Virtual ILT),12031,"Prior to today, I knew how this learning program was intended to impact my job performance.",4454,Strongly Agree
0c766ba9-7666-49a0-a4e2-0f1add2e5804,Understanding and Undoing Implicit Bias (Virtual ILT),12031,I believe this learning program will help me do my current job better.,4478,Strongly Agree
0c766ba9-7666-49a0-a4e2-0f1add2e5804,Understanding and Undoing Implicit Bias (Virtual ILT),12031,How satisfied are you with the Workforce Institute registration notifications and reminders?,4484,Extremely Satisfied
0c766ba9-7666-49a0-a4e2-0f1add2e5804,Understanding and Undoing Implicit Bias (Virtual ILT),12031,How satisfied are you with the Cornerstone learning management system?,4491,Extremely Satisfied
0c766ba9-7666-49a0-a4e2-0f1add2e5804,Understanding and Undoing Implicit Bias (Virtual ILT),12031,"In a typical workweek, how often will you apply knowledge or skills from this learning program? (In percentage of time on the job)",4520,Almost Always (76-100% of the time)
0c766ba9-7666-49a0-a4e2-0f1add2e5804,Understanding and Undoing Implicit Bias (Virtual ILT),12031,Which other training topics or learning methods would support your job performance?,4526,cultural competency
0c766ba9-7666-49a0-a4e2-0f1add2e5804,Understanding and Undoing Implicit Bias (Virtual ILT),12031,INSTRUCTOR.NAME provided clear explanations of new concepts,5169,Strongly Agree
0c766ba9-7666-49a0-a4e2-0f1add2e5804,Understanding and Undoing Implicit Bias (Virtual ILT),12031,INSTRUCTOR.NAME provided clear explanations of new concepts,5169,Strongly Agree
3d089c74-f837-416c-8a0f-1fcfbd353750,Understanding and Undoing Implicit Bias (Virtual ILT),12031,The skills practice activities showed me how to use this learning on the job.,4460,Agree
3d089c74-f837-416c-8a0f-1fcfbd353750,Understanding and Undoing Implicit Bias (Virtual ILT),12031,Which other training topics or learning methods would support your job performance?,4526,
3d089c74-f837-416c-8a0f-1fcfbd353750,Understanding and Undoing Implicit Bias (Virtual ILT),12031,I felt comfortable using the video conferencing platform to participate in this learning program.,5011,Strongly Agree
3d089c74-f837-416c-8a0f-1fcfbd353750,Understanding and Undoing Implicit Bias (Virtual ILT),12031,Analyze the current state of child welfare as it relates to racial disproportionality,5368,Strongly Agree
fc57c58f-9d4f-4ba2-a8bc-4a4380151b22,Understanding and Undoing Implicit Bias (Virtual ILT),12031,I believe this learning program will help me do my current job better.,4478,Agree
fc57c58f-9d4f-4ba2-a8bc-4a4380151b22,Understanding and Undoing Implicit Bias (Virtual ILT),12031,INSTRUCTOR.NAME provided clear explanations of new concepts,5169,Strongly Agree
fc57c58f-9d4f-4ba2-a8bc-4a4380151b22,Understanding and Undoing Implicit Bias (Virtual ILT),12031,"Draw connections between internalized oppression and trauma and their influence on institutional racism, structural inequity, and implicit bias",5374,Agree
d2d4d0cc-97dc-40a9-8350-4e089eb21cf0,Understanding and Undoing Implicit Bias (Virtual ILT),12031,"Prior to today, I knew how this learning program was intended to impact my job performance.",4454,Agree
d2d4d0cc-97dc-40a9-8350-4e089eb21cf0,Understanding and Undoing Implicit Bias (Virtual ILT),12031,"The instructional aids (forms, case scenarios, etc.) are very similar to real things I use on the job.",4472,Agree
d2d4d0cc-97dc-40a9-8350-4e089eb21cf0,Understanding and Undoing Implicit Bias (Virtual ILT),12031,I believe this learning program will help me do my current job better.,4478,Agree
d2d4d0cc-97dc-40a9-8350-4e089eb21cf0,Understanding and Undoing Implicit Bias (Virtual ILT),12031,How satisfied are you with the Workforce Institute Help Desk (phone and/or email support)?,4498,N/A (did not access)
d2d4d0cc-97dc-40a9-8350-4e089eb21cf0,Understanding and Undoing Implicit Bias (Virtual ILT),12031,Analyze the current state of child welfare as it relates to racial disproportionality,5368,Agree
d2d4d0cc-97dc-40a9-8350-4e089eb21cf0,Understanding and Undoing Implicit Bias (Virtual ILT),12031,"Draw connections between internalized oppression and trauma and their influence on institutional racism, structural inequity, and implicit bias",5374,Agree
508b06f0-b37a-4c51-93c3-5683b338a16f,Understanding and Undoing Implicit Bias (Virtual ILT),12031,The skills practice activities showed me how to use this learning on the job.,4460,Strongly Agree
508b06f0-b37a-4c51-93c3-5683b338a16f,Understanding and Undoing Implicit Bias (Virtual ILT),12031,I believe this learning program will help me do my current job better.,4478,Agree
508b06f0-b37a-4c51-93c3-5683b338a16f,Understanding and Undoing Implicit Bias (Virtual ILT),12031,What could be done differently to improve your overall learning experience?,4517,the training could be shorter
508b06f0-b37a-4c51-93c3-5683b338a16f,Understanding and Undoing Implicit Bias (Virtual ILT),12031,"In a typical workweek, how often will you apply knowledge or skills from this learning program? (In percentage of time on the job)",4520,Almost Always (76-100% of the time)
508b06f0-b37a-4c51-93c3-5683b338a16f,Understanding and Undoing Implicit Bias (Virtual ILT),12031,Which other training topics or learning methods would support your job performance?,4526,n/a
508b06f0-b37a-4c51-93c3-5683b338a16f,Understanding and Undoing Implicit Bias (Virtual ILT),12031,"INSTRUCTOR.NAME maintained an effective pace through the agenda (discussion, activities, breaks, etc.).",5163,Strongly Agree
508b06f0-b37a-4c51-93c3-5683b338a16f,Understanding and Undoing Implicit Bias (Virtual ILT),12031,How satisfied are you with the online interaction you had with other learners in this program?,5321,Extremely Satisfied
b4af18ed-b7f3-4335-bf1b-5bfa4fd7cbf0,Understanding and Undoing Implicit Bias (Virtual ILT),12031,"On a scale of 0-10, how likely is it that you would recommend this learning program to a colleague? (0 = Not at all likely, 10 = Extremely likely)",4505,10
b4af18ed-b7f3-4335-bf1b-5bfa4fd7cbf0,Understanding and Undoing Implicit Bias (Virtual ILT),12031,My supervisor met with me to discuss the relevance of this learning program to my current job.,4519,No
b4af18ed-b7f3-4335-bf1b-5bfa4fd7cbf0,Understanding and Undoing Implicit Bias (Virtual ILT),12031,"In a typical workweek, how often will you apply knowledge or skills from this learning program? (In percentage of time on the job)",4520,Almost Always (76-100% of the time)
b4af18ed-b7f3-4335-bf1b-5bfa4fd7cbf0,Understanding and Undoing Implicit Bias (Virtual ILT),12031,I felt comfortable using the video conferencing platform to participate in this learning program.,5011,Neutral
b4af18ed-b7f3-4335-bf1b-5bfa4fd7cbf0,Understanding and Undoing Implicit Bias (Virtual ILT),12031,"INSTRUCTOR.NAME maintained an effective pace through the agenda (discussion, activities, breaks, etc.).",5163,Agree
b4af18ed-b7f3-4335-bf1b-5bfa4fd7cbf0,Understanding and Undoing Implicit Bias (Virtual ILT),12031,"INSTRUCTOR.NAME maintained an effective pace through the agenda (discussion, activities, breaks, etc.).",5163,Agree
b4af18ed-b7f3-4335-bf1b-5bfa4fd7cbf0,Understanding and Undoing Implicit Bias (Virtual ILT),12031,INSTRUCTOR.NAME provided clear explanations of new concepts,5169,Agree
b4af18ed-b7f3-4335-bf1b-5bfa4fd7cbf0,Understanding and Undoing Implicit Bias (Virtual ILT),12031,INSTRUCTOR.NAME provided clear explanations of new concepts,5169,Agree
b4af18ed-b7f3-4335-bf1b-5bfa4fd7cbf0,Understanding and Undoing Implicit Bias (Virtual ILT),12031,"Draw connections between internalized oppression and trauma and their influence on institutional racism, structural inequity, and implicit bias",5374,Agree
ce6eae15-532e-43fa-b1a9-9f4334da2d36,Understanding and Undoing Implicit Bias (Virtual ILT),12031,"The instructional aids (forms, case scenarios, etc.) are very similar to real things I use on the job.",4472,Agree
ce6eae15-532e-43fa-b1a9-9f4334da2d36,Understanding and Undoing Implicit Bias (Virtual ILT),12031,I believe this learning program will help me do my current job better.,4478,Agree
ce6eae15-532e-43fa-b1a9-9f4334da2d36,Understanding and Undoing Implicit Bias (Virtual ILT),12031,My supervisor met with me to discuss the relevance of this learning program to my current job.,4519,Yes
ce6eae15-532e-43fa-b1a9-9f4334da2d36,Understanding and Undoing Implicit Bias (Virtual ILT),12031,INSTRUCTOR.NAME provided clear explanations of new concepts,5169,Agree
ce6eae15-532e-43fa-b1a9-9f4334da2d36,Understanding and Undoing Implicit Bias (Virtual ILT),12031,Recall key implicit bias (IB) concepts and key points.,5362,Agree
ce6eae15-532e-43fa-b1a9-9f4334da2d36,Understanding and Undoing Implicit Bias (Virtual ILT),12031,"Draw connections between internalized oppression and trauma and their influence on institutional racism, structural inequity, and implicit bias",5374,Agree
ce6eae15-532e-43fa-b1a9-9f4334da2d36,Understanding and Undoing Implicit Bias (Virtual ILT),12031,Apply debiasing strategies to undo individual implicit bias,5380,Neutral
37a47abf-aab6-45b0-bdef-06cf8db640cc,Understanding and Undoing Implicit Bias (Virtual ILT),12031,The skills practice activities showed me how to use this learning on the job.,4460,Agree
37a47abf-aab6-45b0-bdef-06cf8db640cc,Understanding and Undoing Implicit Bias (Virtual ILT),12031,"The instructional aids (forms, case scenarios, etc.) are very similar to real things I use on the job.",4472,Agree
37a47abf-aab6-45b0-bdef-06cf8db640cc,Understanding and Undoing Implicit Bias (Virtual ILT),12031,How satisfied are you with the Workforce Institute registration notifications and reminders?,4484,Satisfied
37a47abf-aab6-45b0-bdef-06cf8db640cc,Understanding and Undoing Implicit Bias (Virtual ILT),12031,"In a typical workweek, how often will you apply knowledge or skills from this learning program? (In percentage of time on the job)",4520,Almost Always (76-100% of the time)
37a47abf-aab6-45b0-bdef-06cf8db640cc,Understanding and Undoing Implicit Bias (Virtual ILT),12031,Which other training topics or learning methods would support your job performance?,4526,
37a47abf-aab6-45b0-bdef-06cf8db640cc,Understanding and Undoing Implicit Bias (Virtual ILT),12031,I felt comfortable using the video conferencing platform to participate in this learning program.,5011,
37a47abf-aab6-45b0-bdef-06cf8db640cc,Understanding and Undoing Implicit Bias (Virtual ILT),12031,"INSTRUCTOR.NAME maintained an effective pace through the agenda (discussion, activities, breaks, etc.).",5163,Strongly Agree
37a47abf-aab6-45b0-bdef-06cf8db640cc,Understanding and Undoing Implicit Bias (Virtual ILT),12031,Analyze the current state of child welfare as it relates to racial disproportionality,5368,Agree
0c766ba9-7666-49a0-a4e2-0f1add2e5804,Understanding and Undoing Implicit Bias (Virtual ILT),12031,The skills practice activities showed me how to use this learning on the job.,4460,Strongly Agree
0c766ba9-7666-49a0-a4e2-0f1add2e5804,Understanding and Undoing Implicit Bias (Virtual ILT),12031,"INSTRUCTOR.NAME maintained an effective pace through the agenda (discussion, activities, breaks, etc.).",5163,Strongly Agree
0c766ba9-7666-49a0-a4e2-0f1add2e5804,Understanding and Undoing Implicit Bias (Virtual ILT),12031,INSTRUCTOR.NAME provided opportunities for questions and checked in for understanding,5175,Strongly Agree
0c766ba9-7666-49a0-a4e2-0f1add2e5804,Understanding and Undoing Implicit Bias (Virtual ILT),12031,Apply debiasing strategies to undo individual implicit bias,5380,Strongly Agree
3d089c74-f837-416c-8a0f-1fcfbd353750,Understanding and Undoing Implicit Bias (Virtual ILT),12031,How satisfied are you with the Cornerstone learning management system?,4491,Satisfied
3d089c74-f837-416c-8a0f-1fcfbd353750,Understanding and Undoing Implicit Bias (Virtual ILT),12031,How satisfied are you with the Workforce Institute Help Desk (phone and/or email support)?,4498,Extremely Satisfied
3d089c74-f837-416c-8a0f-1fcfbd353750,Understanding and Undoing Implicit Bias (Virtual ILT),12031,What could be done differently to improve your overall learning experience?,4517,
3d089c74-f837-416c-8a0f-1fcfbd353750,Understanding and Undoing Implicit Bias (Virtual ILT),12031,My supervisor met with me to discuss the relevance of this learning program to my current job.,4519,Yes
3d089c74-f837-416c-8a0f-1fcfbd353750,Understanding and Undoing Implicit Bias (Virtual ILT),12031,"INSTRUCTOR.NAME maintained an effective pace through the agenda (discussion, activities, breaks, etc.).",5163,Strongly Agree
3d089c74-f837-416c-8a0f-1fcfbd353750,Understanding and Undoing Implicit Bias (Virtual ILT),12031,INSTRUCTOR.NAME provided clear explanations of new concepts,5169,Strongly Agree
3d089c74-f837-416c-8a0f-1fcfbd353750,Understanding and Undoing Implicit Bias (Virtual ILT),12031,INSTRUCTOR.NAME provided opportunities for questions and checked in for understanding,5175,Strongly Agree
fc57c58f-9d4f-4ba2-a8bc-4a4380151b22,Understanding and Undoing Implicit Bias (Virtual ILT),12031,"Prior to today, I knew how this learning program was intended to impact my job performance.",4454,Agree
fc57c58f-9d4f-4ba2-a8bc-4a4380151b22,Understanding and Undoing Implicit Bias (Virtual ILT),12031,The skills practice activities showed me how to use this learning on the job.,4460,Agree
fc57c58f-9d4f-4ba2-a8bc-4a4380151b22,Understanding and Undoing Implicit Bias (Virtual ILT),12031,My supervisor met with me to discuss the relevance of this learning program to my current job.,4519,No
fc57c58f-9d4f-4ba2-a8bc-4a4380151b22,Understanding and Undoing Implicit Bias (Virtual ILT),12031,"In a typical workweek, how often will you apply knowledge or skills from this learning program? (In percentage of time on the job)",4520,Frequently (26-50% of the time)
fc57c58f-9d4f-4ba2-a8bc-4a4380151b22,Understanding and Undoing Implicit Bias (Virtual ILT),12031,"INSTRUCTOR.NAME maintained an effective pace through the agenda (discussion, activities, breaks, etc.).",5163,Strongly Agree
fc57c58f-9d4f-4ba2-a8bc-4a4380151b22,Understanding and Undoing Implicit Bias (Virtual ILT),12031,"INSTRUCTOR.NAME maintained an effective pace through the agenda (discussion, activities, breaks, etc.).",5163,Strongly Agree
fc57c58f-9d4f-4ba2-a8bc-4a4380151b22,Understanding and Undoing Implicit Bias (Virtual ILT),12031,INSTRUCTOR.NAME provided opportunities for questions and checked in for understanding,5175,Strongly Agree
fc57c58f-9d4f-4ba2-a8bc-4a4380151b22,Understanding and Undoing Implicit Bias (Virtual ILT),12031,INSTRUCTOR.NAME provided opportunities for questions and checked in for understanding,5175,Strongly Agree
d2d4d0cc-97dc-40a9-8350-4e089eb21cf0,Understanding and Undoing Implicit Bias (Virtual ILT),12031,How satisfied are you with the Cornerstone learning management system?,4491,Satisfied
d2d4d0cc-97dc-40a9-8350-4e089eb21cf0,Understanding and Undoing Implicit Bias (Virtual ILT),12031,"On a scale of 0-10, how likely is it that you would recommend this learning program to a colleague? (0 = Not at all likely, 10 = Extremely likely)",4505,10
d2d4d0cc-97dc-40a9-8350-4e089eb21cf0,Understanding and Undoing Implicit Bias (Virtual ILT),12031,Which other training topics or learning methods would support your job performance?,4526,"Ways to undo structural racism within governmental agencies like ACS
Diversity, Equity, and Inclusion in the workplace"
d2d4d0cc-97dc-40a9-8350-4e089eb21cf0,Understanding and Undoing Implicit Bias (Virtual ILT),12031,I felt comfortable using the video conferencing platform to participate in this learning program.,5011,Strongly Agree
d2d4d0cc-97dc-40a9-8350-4e089eb21cf0,Understanding and Undoing Implicit Bias (Virtual ILT),12031,"INSTRUCTOR.NAME maintained an effective pace through the agenda (discussion, activities, breaks, etc.).",5163,Strongly Agree
d2d4d0cc-97dc-40a9-8350-4e089eb21cf0,Understanding and Undoing Implicit Bias (Virtual ILT),12031,INSTRUCTOR.NAME provided clear explanations of new concepts,5169,Strongly Agree
d2d4d0cc-97dc-40a9-8350-4e089eb21cf0,Understanding and Undoing Implicit Bias (Virtual ILT),12031,How satisfied are you with taking this learning program in a virtual format?,5309,Extremely Satisfied
d2d4d0cc-97dc-40a9-8350-4e089eb21cf0,Understanding and Undoing Implicit Bias (Virtual ILT),12031,Apply debiasing strategies to undo individual implicit bias,5380,Agree
508b06f0-b37a-4c51-93c3-5683b338a16f,Understanding and Undoing Implicit Bias (Virtual ILT),12031,"Prior to today, I knew how this learning program was intended to impact my job performance.",4454,Strongly Agree
508b06f0-b37a-4c51-93c3-5683b338a16f,Understanding and Undoing Implicit Bias (Virtual ILT),12031,How satisfied are you with the Workforce Institute Help Desk (phone and/or email support)?,4498,Extremely Satisfied
508b06f0-b37a-4c51-93c3-5683b338a16f,Understanding and Undoing Implicit Bias (Virtual ILT),12031,"On a scale of 0-10, how likely is it that you would recommend this learning program to a colleague? (0 = Not at all likely, 10 = Extremely likely)",4505,9
508b06f0-b37a-4c51-93c3-5683b338a16f,Understanding and Undoing Implicit Bias (Virtual ILT),12031,My supervisor met with me to discuss the relevance of this learning program to my current job.,4519,Yes
508b06f0-b37a-4c51-93c3-5683b338a16f,Understanding and Undoing Implicit Bias (Virtual ILT),12031,I felt comfortable using the video conferencing platform to participate in this learning program.,5011,Strongly Agree
508b06f0-b37a-4c51-93c3-5683b338a16f,Understanding and Undoing Implicit Bias (Virtual ILT),12031,Recall key implicit bias (IB) concepts and key points.,5362,Strongly Agree
508b06f0-b37a-4c51-93c3-5683b338a16f,Understanding and Undoing Implicit Bias (Virtual ILT),12031,"Draw connections between internalized oppression and trauma and their influence on institutional racism, structural inequity, and implicit bias",5374,Strongly Agree
b4af18ed-b7f3-4335-bf1b-5bfa4fd7cbf0,Understanding and Undoing Implicit Bias (Virtual ILT),12031,"Prior to today, I knew how this learning program was intended to impact my job performance.",4454,Neutral
b4af18ed-b7f3-4335-bf1b-5bfa4fd7cbf0,Understanding and Undoing Implicit Bias (Virtual ILT),12031,INSTRUCTOR.NAME provided opportunities for questions and checked in for understanding,5175,Agree
b4af18ed-b7f3-4335-bf1b-5bfa4fd7cbf0,Understanding and Undoing Implicit Bias (Virtual ILT),12031,How satisfied are you with taking this learning program in a virtual format?,5309,Satisfied
b4af18ed-b7f3-4335-bf1b-5bfa4fd7cbf0,Understanding and Undoing Implicit Bias (Virtual ILT),12031,How satisfied are you with the online interaction you had with other learners in this program?,5321,Satisfied
b4af18ed-b7f3-4335-bf1b-5bfa4fd7cbf0,Understanding and Undoing Implicit Bias (Virtual ILT),12031,Recall key implicit bias (IB) concepts and key points.,5362,Agree
ce6eae15-532e-43fa-b1a9-9f4334da2d36,Understanding and Undoing Implicit Bias (Virtual ILT),12031,"Prior to today, I knew how this learning program was intended to impact my job performance.",4454,Agree
ce6eae15-532e-43fa-b1a9-9f4334da2d36,Understanding and Undoing Implicit Bias (Virtual ILT),12031,How satisfied are you with the Workforce Institute registration notifications and reminders?,4484,Satisfied
ce6eae15-532e-43fa-b1a9-9f4334da2d36,Understanding and Undoing Implicit Bias (Virtual ILT),12031,What could be done differently to improve your overall learning experience?,4517,nothing
ce6eae15-532e-43fa-b1a9-9f4334da2d36,Understanding and Undoing Implicit Bias (Virtual ILT),12031,INSTRUCTOR.NAME provided opportunities for questions and checked in for understanding,5175,Agree
ce6eae15-532e-43fa-b1a9-9f4334da2d36,Understanding and Undoing Implicit Bias (Virtual ILT),12031,How satisfied are you with taking this learning program in a virtual format?,5309,Satisfied
42060da9-73c6-481e-a122-04766fca366c,Understanding and Undoing Implicit Bias (Virtual ILT),12030,What could be done differently to improve your overall learning experience?,4517,
42060da9-73c6-481e-a122-04766fca366c,Understanding and Undoing Implicit Bias (Virtual ILT),12030,My supervisor met with me to discuss the relevance of this learning program to my current job.,4519,Yes
42060da9-73c6-481e-a122-04766fca366c,Understanding and Undoing Implicit Bias (Virtual ILT),12030,"INSTRUCTOR.NAME maintained an effective pace through the agenda (discussion, activities, breaks, etc.).",5163,Agree
42060da9-73c6-481e-a122-04766fca366c,Understanding and Undoing Implicit Bias (Virtual ILT),12030,INSTRUCTOR.NAME provided clear explanations of new concepts,5169,Agree
42060da9-73c6-481e-a122-04766fca366c,Understanding and Undoing Implicit Bias (Virtual ILT),12030,INSTRUCTOR.NAME provided opportunities for questions and checked in for understanding,5175,Agree
42060da9-73c6-481e-a122-04766fca366c,Understanding and Undoing Implicit Bias (Virtual ILT),12030,How satisfied are you with the online interaction you had with other learners in this program?,5321,Satisfied
ae5df31c-9f4e-446a-8982-158132ce6941,Understanding and Undoing Implicit Bias (Virtual ILT),12030,"The instructional aids (forms, case scenarios, etc.) are very similar to real things I use on the job.",4472,Agree
ae5df31c-9f4e-446a-8982-158132ce6941,Understanding and Undoing Implicit Bias (Virtual ILT),12030,"In a typical workweek, how often will you apply knowledge or skills from this learning program? (In percentage of time on the job)",4520,Almost Always (76-100% of the time)
ae5df31c-9f4e-446a-8982-158132ce6941,Understanding and Undoing Implicit Bias (Virtual ILT),12030,"INSTRUCTOR.NAME maintained an effective pace through the agenda (discussion, activities, breaks, etc.).",5163,Agree
44ab0ec1-17eb-42af-89f7-19a335085ccd,Understanding and Undoing Implicit Bias (Virtual ILT),12030,"Prior to today, I knew how this learning program was intended to impact my job performance.",4454,Disagree
44ab0ec1-17eb-42af-89f7-19a335085ccd,Understanding and Undoing Implicit Bias (Virtual ILT),12030,I believe this learning program will help me do my current job better.,4478,Strongly Agree
44ab0ec1-17eb-42af-89f7-19a335085ccd,Understanding and Undoing Implicit Bias (Virtual ILT),12030,How satisfied are you with the Cornerstone learning management system?,4491,Extremely Satisfied
44ab0ec1-17eb-42af-89f7-19a335085ccd,Understanding and Undoing Implicit Bias (Virtual ILT),12030,"In a typical workweek, how often will you apply knowledge or skills from this learning program? (In percentage of time on the job)",4520,Very Often (51-75% of the time)
44ab0ec1-17eb-42af-89f7-19a335085ccd,Understanding and Undoing Implicit Bias (Virtual ILT),12030,Which other training topics or learning methods would support your job performance?,4526,working with different personalities.
44ab0ec1-17eb-42af-89f7-19a335085ccd,Understanding and Undoing Implicit Bias (Virtual ILT),12030,How satisfied are you with taking this learning program in a virtual format?,5309,Extremely Satisfied
44ab0ec1-17eb-42af-89f7-19a335085ccd,Understanding and Undoing Implicit Bias (Virtual ILT),12030,"Draw connections between internalized oppression and trauma and their influence on institutional racism, structural inequity, and implicit bias",5374,Strongly Agree
44ab0ec1-17eb-42af-89f7-19a335085ccd,Understanding and Undoing Implicit Bias (Virtual ILT),12030,Apply debiasing strategies to undo individual implicit bias,5380,Strongly Agree
4396bd4e-211b-49e1-ae47-2435ec5d6db4,Understanding and Undoing Implicit Bias (Virtual ILT),12030,The skills practice activities showed me how to use this learning on the job.,4460,Agree
4396bd4e-211b-49e1-ae47-2435ec5d6db4,Understanding and Undoing Implicit Bias (Virtual ILT),12030,How satisfied are you with the Cornerstone learning management system?,4491,Satisfied
4396bd4e-211b-49e1-ae47-2435ec5d6db4,Understanding and Undoing Implicit Bias (Virtual ILT),12030,How satisfied are you with the Workforce Institute Help Desk (phone and/or email support)?,4498,Satisfied
4396bd4e-211b-49e1-ae47-2435ec5d6db4,Understanding and Undoing Implicit Bias (Virtual ILT),12030,What could be done differently to improve your overall learning experience?,4517,
4396bd4e-211b-49e1-ae47-2435ec5d6db4,Understanding and Undoing Implicit Bias (Virtual ILT),12030,"In a typical workweek, how often will you apply knowledge or skills from this learning program? (In percentage of time on the job)",4520,Very Often (51-75% of the time)
4396bd4e-211b-49e1-ae47-2435ec5d6db4,Understanding and Undoing Implicit Bias (Virtual ILT),12030,I felt comfortable using the video conferencing platform to participate in this learning program.,5011,Agree
4396bd4e-211b-49e1-ae47-2435ec5d6db4,Understanding and Undoing Implicit Bias (Virtual ILT),12030,"INSTRUCTOR.NAME maintained an effective pace through the agenda (discussion, activities, breaks, etc.).",5163,Agree
4396bd4e-211b-49e1-ae47-2435ec5d6db4,Understanding and Undoing Implicit Bias (Virtual ILT),12030,INSTRUCTOR.NAME provided clear explanations of new concepts,5169,Agree
4396bd4e-211b-49e1-ae47-2435ec5d6db4,Understanding and Undoing Implicit Bias (Virtual ILT),12030,INSTRUCTOR.NAME provided opportunities for questions and checked in for understanding,5175,Agree
4396bd4e-211b-49e1-ae47-2435ec5d6db4,Understanding and Undoing Implicit Bias (Virtual ILT),12030,How satisfied are you with taking this learning program in a virtual format?,5309,Satisfied
97a4ce75-75d4-44ce-b6c6-293747a017c9,Understanding and Undoing Implicit Bias (Virtual ILT),12030,"The instructional aids (forms, case scenarios, etc.) are very similar to real things I use on the job.",4472,Agree
97a4ce75-75d4-44ce-b6c6-293747a017c9,Understanding and Undoing Implicit Bias (Virtual ILT),12030,I believe this learning program will help me do my current job better.,4478,Strongly Agree
97a4ce75-75d4-44ce-b6c6-293747a017c9,Understanding and Undoing Implicit Bias (Virtual ILT),12030,How satisfied are you with the Workforce Institute registration notifications and reminders?,4484,Extremely Satisfied
97a4ce75-75d4-44ce-b6c6-293747a017c9,Understanding and Undoing Implicit Bias (Virtual ILT),12030,How satisfied are you with the Cornerstone learning management system?,4491,Extremely Satisfied
97a4ce75-75d4-44ce-b6c6-293747a017c9,Understanding and Undoing Implicit Bias (Virtual ILT),12030,How satisfied are you with the Workforce Institute Help Desk (phone and/or email support)?,4498,Satisfied
97a4ce75-75d4-44ce-b6c6-293747a017c9,Understanding and Undoing Implicit Bias (Virtual ILT),12030,"In a typical workweek, how often will you apply knowledge or skills from this learning program? (In percentage of time on the job)",4520,Almost Always (76-100% of the time)
97a4ce75-75d4-44ce-b6c6-293747a017c9,Understanding and Undoing Implicit Bias (Virtual ILT),12030,I felt comfortable using the video conferencing platform to participate in this learning program.,5011,Strongly Agree
97a4ce75-75d4-44ce-b6c6-293747a017c9,Understanding and Undoing Implicit Bias (Virtual ILT),12030,"INSTRUCTOR.NAME maintained an effective pace through the agenda (discussion, activities, breaks, etc.).",5163,Strongly Agree
97a4ce75-75d4-44ce-b6c6-293747a017c9,Understanding and Undoing Implicit Bias (Virtual ILT),12030,"INSTRUCTOR.NAME maintained an effective pace through the agenda (discussion, activities, breaks, etc.).",5163,Strongly Agree
97a4ce75-75d4-44ce-b6c6-293747a017c9,Understanding and Undoing Implicit Bias (Virtual ILT),12030,INSTRUCTOR.NAME provided opportunities for questions and checked in for understanding,5175,Strongly Agree
97a4ce75-75d4-44ce-b6c6-293747a017c9,Understanding and Undoing Implicit Bias (Virtual ILT),12030,"Draw connections between internalized oppression and trauma and their influence on institutional racism, structural inequity, and implicit bias",5374,Strongly Agree
9f74e1c2-0b7f-4dee-a8e0-2c1eaa510ca0,Understanding and Undoing Implicit Bias (Virtual ILT),12030,I believe this learning program will help me do my current job better.,4478,Neutral
9f74e1c2-0b7f-4dee-a8e0-2c1eaa510ca0,Understanding and Undoing Implicit Bias (Virtual ILT),12030,How satisfied are you with the Workforce Institute Help Desk (phone and/or email support)?,4498,Neutral
9f74e1c2-0b7f-4dee-a8e0-2c1eaa510ca0,Understanding and Undoing Implicit Bias (Virtual ILT),12030,What could be done differently to improve your overall learning experience?,4517,
9f74e1c2-0b7f-4dee-a8e0-2c1eaa510ca0,Understanding and Undoing Implicit Bias (Virtual ILT),12030,"In a typical workweek, how often will you apply knowledge or skills from this learning program? (In percentage of time on the job)",4520,Almost Always (76-100% of the time)
9f74e1c2-0b7f-4dee-a8e0-2c1eaa510ca0,Understanding and Undoing Implicit Bias (Virtual ILT),12030,I felt comfortable using the video conferencing platform to participate in this learning program.,5011,Neutral
9f74e1c2-0b7f-4dee-a8e0-2c1eaa510ca0,Understanding and Undoing Implicit Bias (Virtual ILT),12030,INSTRUCTOR.NAME provided clear explanations of new concepts,5169,Neutral
9f74e1c2-0b7f-4dee-a8e0-2c1eaa510ca0,Understanding and Undoing Implicit Bias (Virtual ILT),12030,How satisfied are you with the online interaction you had with the facilitators?,5315,Neutral
4b9c5e9f-74d9-49b7-97a7-32986e076e62,Understanding and Undoing Implicit Bias (Virtual ILT),12030,"On a scale of 0-10, how likely is it that you would recommend this learning program to a colleague? (0 = Not at all likely, 10 = Extremely likely)",4505,8
4b9c5e9f-74d9-49b7-97a7-32986e076e62,Understanding and Undoing Implicit Bias (Virtual ILT),12030,What could be done differently to improve your overall learning experience?,4517,.
4b9c5e9f-74d9-49b7-97a7-32986e076e62,Understanding and Undoing Implicit Bias (Virtual ILT),12030,I felt comfortable using the video conferencing platform to participate in this learning program.,5011,Agree
4b9c5e9f-74d9-49b7-97a7-32986e076e62,Understanding and Undoing Implicit Bias (Virtual ILT),12030,"INSTRUCTOR.NAME maintained an effective pace through the agenda (discussion, activities, breaks, etc.).",5163,Strongly Agree
4b9c5e9f-74d9-49b7-97a7-32986e076e62,Understanding and Undoing Implicit Bias (Virtual ILT),12030,Recall key implicit bias (IB) concepts and key points.,5362,Strongly Agree
4b9c5e9f-74d9-49b7-97a7-32986e076e62,Understanding and Undoing Implicit Bias (Virtual ILT),12030,"Draw connections between internalized oppression and trauma and their influence on institutional racism, structural inequity, and implicit bias",5374,Strongly Agree
5250ff93-e6bb-4a2b-8cad-464ef788d844,Understanding and Undoing Implicit Bias (Virtual ILT),12030,What could be done differently to improve your overall learning experience?,4517,
5250ff93-e6bb-4a2b-8cad-464ef788d844,Understanding and Undoing Implicit Bias (Virtual ILT),12030,INSTRUCTOR.NAME provided clear explanations of new concepts,5169,Strongly Agree
5250ff93-e6bb-4a2b-8cad-464ef788d844,Understanding and Undoing Implicit Bias (Virtual ILT),12030,How satisfied are you with taking this learning program in a virtual format?,5309,Satisfied
5250ff93-e6bb-4a2b-8cad-464ef788d844,Understanding and Undoing Implicit Bias (Virtual ILT),12030,How satisfied are you with the online interaction you had with the facilitators?,5315,Extremely Satisfied
5250ff93-e6bb-4a2b-8cad-464ef788d844,Understanding and Undoing Implicit Bias (Virtual ILT),12030,How satisfied are you with the online interaction you had with other learners in this program?,5321,Extremely Satisfied
59587caf-19f5-4ed6-8050-7e8ccc4ee2c4,Understanding and Undoing Implicit Bias (Virtual ILT),12030,"On a scale of 0-10, how likely is it that you would recommend this learning program to a colleague? (0 = Not at all likely, 10 = Extremely likely)",4505,10
59587caf-19f5-4ed6-8050-7e8ccc4ee2c4,Understanding and Undoing Implicit Bias (Virtual ILT),12030,Which other training topics or learning methods would support your job performance?,4526,
59587caf-19f5-4ed6-8050-7e8ccc4ee2c4,Understanding and Undoing Implicit Bias (Virtual ILT),12030,"INSTRUCTOR.NAME maintained an effective pace through the agenda (discussion, activities, breaks, etc.).",5163,Strongly Agree
59587caf-19f5-4ed6-8050-7e8ccc4ee2c4,Understanding and Undoing Implicit Bias (Virtual ILT),12030,INSTRUCTOR.NAME provided clear explanations of new concepts,5169,Strongly Agree
59587caf-19f5-4ed6-8050-7e8ccc4ee2c4,Understanding and Undoing Implicit Bias (Virtual ILT),12030,How satisfied are you with the online interaction you had with the facilitators?,5315,
59587caf-19f5-4ed6-8050-7e8ccc4ee2c4,Understanding and Undoing Implicit Bias (Virtual ILT),12030,"Draw connections between internalized oppression and trauma and their influence on institutional racism, structural inequity, and implicit bias",5374,Strongly Agree
9844491a-0573-45ba-9a82-931feae945b2,Understanding and Undoing Implicit Bias (Virtual ILT),12030,The skills practice activities showed me how to use this learning on the job.,4460,Agree
9844491a-0573-45ba-9a82-931feae945b2,Understanding and Undoing Implicit Bias (Virtual ILT),12030,What could be done differently to improve your overall learning experience?,4517,"if we were able to have small quiz 1-10 question and have facilitators go over quiz I feel will bring better understanding on training being received training was good but intense. trainers was great bias training a lot to conceive if not mistaking this training have three parts, but very interesting."
9844491a-0573-45ba-9a82-931feae945b2,Understanding and Undoing Implicit Bias (Virtual ILT),12030,"In a typical workweek, how often will you apply knowledge or skills from this learning program? (In percentage of time on the job)",4520,Very Often (51-75% of the time)
9844491a-0573-45ba-9a82-931feae945b2,Understanding and Undoing Implicit Bias (Virtual ILT),12030,"INSTRUCTOR.NAME maintained an effective pace through the agenda (discussion, activities, breaks, etc.).",5163,Agree
9844491a-0573-45ba-9a82-931feae945b2,Understanding and Undoing Implicit Bias (Virtual ILT),12030,INSTRUCTOR.NAME provided clear explanations of new concepts,5169,Agree
9844491a-0573-45ba-9a82-931feae945b2,Understanding and Undoing Implicit Bias (Virtual ILT),12030,How satisfied are you with the online interaction you had with other learners in this program?,5321,Neutral
9844491a-0573-45ba-9a82-931feae945b2,Understanding and Undoing Implicit Bias (Virtual ILT),12030,Analyze the current state of child welfare as it relates to racial disproportionality,5368,Disagree
9844491a-0573-45ba-9a82-931feae945b2,Understanding and Undoing Implicit Bias (Virtual ILT),12030,"Draw connections between internalized oppression and trauma and their influence on institutional racism, structural inequity, and implicit bias",5374,Agree
38e44e8b-d136-43ae-a55a-ae2f9b9e9c0b,Understanding and Undoing Implicit Bias (Virtual ILT),12030,"The instructional aids (forms, case scenarios, etc.) are very similar to real things I use on the job.",4472,Strongly Agree
38e44e8b-d136-43ae-a55a-ae2f9b9e9c0b,Understanding and Undoing Implicit Bias (Virtual ILT),12030,My supervisor met with me to discuss the relevance of this learning program to my current job.,4519,No
38e44e8b-d136-43ae-a55a-ae2f9b9e9c0b,Understanding and Undoing Implicit Bias (Virtual ILT),12030,Which other training topics or learning methods would support your job performance?,4526,
38e44e8b-d136-43ae-a55a-ae2f9b9e9c0b,Understanding and Undoing Implicit Bias (Virtual ILT),12030,INSTRUCTOR.NAME provided clear explanations of new concepts,5169,Strongly Agree
38e44e8b-d136-43ae-a55a-ae2f9b9e9c0b,Understanding and Undoing Implicit Bias (Virtual ILT),12030,How satisfied are you with the online interaction you had with the facilitators?,5315,Extremely Satisfied
5a6bc8fc-9b84-484a-b888-b8d04ca5721b,Understanding and Undoing Implicit Bias (Virtual ILT),12030,Which other training topics or learning methods would support your job performance?,4526,"None, that I can think of right now."
5a6bc8fc-9b84-484a-b888-b8d04ca5721b,Understanding and Undoing Implicit Bias (Virtual ILT),12030,Analyze the current state of child welfare as it relates to racial disproportionality,5368,Agree
912d88ee-7a5b-4461-9810-f6a9cb93ec04,Understanding and Undoing Implicit Bias (Virtual ILT),12030,How satisfied are you with the Cornerstone learning management system?,4491,
912d88ee-7a5b-4461-9810-f6a9cb93ec04,Understanding and Undoing Implicit Bias (Virtual ILT),12030,INSTRUCTOR.NAME provided opportunities for questions and checked in for understanding,5175,Strongly Agree
912d88ee-7a5b-4461-9810-f6a9cb93ec04,Understanding and Undoing Implicit Bias (Virtual ILT),12030,How satisfied are you with the online interaction you had with the facilitators?,5315,Extremely Satisfied
42060da9-73c6-481e-a122-04766fca366c,Understanding and Undoing Implicit Bias (Virtual ILT),12030,"Prior to today, I knew how this learning program was intended to impact my job performance.",4454,Agree
42060da9-73c6-481e-a122-04766fca366c,Understanding and Undoing Implicit Bias (Virtual ILT),12030,How satisfied are you with the Cornerstone learning management system?,4491,Satisfied
42060da9-73c6-481e-a122-04766fca366c,Understanding and Undoing Implicit Bias (Virtual ILT),12030,How satisfied are you with the Workforce Institute Help Desk (phone and/or email support)?,4498,Satisfied
42060da9-73c6-481e-a122-04766fca366c,Understanding and Undoing Implicit Bias (Virtual ILT),12030,"INSTRUCTOR.NAME maintained an effective pace through the agenda (discussion, activities, breaks, etc.).",5163,Agree
42060da9-73c6-481e-a122-04766fca366c,Understanding and Undoing Implicit Bias (Virtual ILT),12030,"Draw connections between internalized oppression and trauma and their influence on institutional racism, structural inequity, and implicit bias",5374,Agree
ae5df31c-9f4e-446a-8982-158132ce6941,Understanding and Undoing Implicit Bias (Virtual ILT),12030,INSTRUCTOR.NAME provided opportunities for questions and checked in for understanding,5175,Agree
ae5df31c-9f4e-446a-8982-158132ce6941,Understanding and Undoing Implicit Bias (Virtual ILT),12030,How satisfied are you with the online interaction you had with other learners in this program?,5321,Satisfied
ae5df31c-9f4e-446a-8982-158132ce6941,Understanding and Undoing Implicit Bias (Virtual ILT),12030,Analyze the current state of child welfare as it relates to racial disproportionality,5368,Strongly Agree
44ab0ec1-17eb-42af-89f7-19a335085ccd,Understanding and Undoing Implicit Bias (Virtual ILT),12030,The skills practice activities showed me how to use this learning on the job.,4460,Strongly Agree
44ab0ec1-17eb-42af-89f7-19a335085ccd,Understanding and Undoing Implicit Bias (Virtual ILT),12030,How satisfied are you with the Workforce Institute registration notifications and reminders?,4484,Extremely Satisfied
44ab0ec1-17eb-42af-89f7-19a335085ccd,Understanding and Undoing Implicit Bias (Virtual ILT),12030,How satisfied are you with the Workforce Institute Help Desk (phone and/or email support)?,4498,Extremely Satisfied
44ab0ec1-17eb-42af-89f7-19a335085ccd,Understanding and Undoing Implicit Bias (Virtual ILT),12030,My supervisor met with me to discuss the relevance of this learning program to my current job.,4519,No
44ab0ec1-17eb-42af-89f7-19a335085ccd,Understanding and Undoing Implicit Bias (Virtual ILT),12030,"INSTRUCTOR.NAME maintained an effective pace through the agenda (discussion, activities, breaks, etc.).",5163,Strongly Agree
44ab0ec1-17eb-42af-89f7-19a335085ccd,Understanding and Undoing Implicit Bias (Virtual ILT),12030,INSTRUCTOR.NAME provided clear explanations of new concepts,5169,Strongly Agree
44ab0ec1-17eb-42af-89f7-19a335085ccd,Understanding and Undoing Implicit Bias (Virtual ILT),12030,INSTRUCTOR.NAME provided clear explanations of new concepts,5169,Strongly Agree
44ab0ec1-17eb-42af-89f7-19a335085ccd,Understanding and Undoing Implicit Bias (Virtual ILT),12030,INSTRUCTOR.NAME provided opportunities for questions and checked in for understanding,5175,Strongly Agree
44ab0ec1-17eb-42af-89f7-19a335085ccd,Understanding and Undoing Implicit Bias (Virtual ILT),12030,Analyze the current state of child welfare as it relates to racial disproportionality,5368,Strongly Agree
4396bd4e-211b-49e1-ae47-2435ec5d6db4,Understanding and Undoing Implicit Bias (Virtual ILT),12030,"Prior to today, I knew how this learning program was intended to impact my job performance.",4454,Agree
4396bd4e-211b-49e1-ae47-2435ec5d6db4,Understanding and Undoing Implicit Bias (Virtual ILT),12030,"On a scale of 0-10, how likely is it that you would recommend this learning program to a colleague? (0 = Not at all likely, 10 = Extremely likely)",4505,10
4396bd4e-211b-49e1-ae47-2435ec5d6db4,Understanding and Undoing Implicit Bias (Virtual ILT),12030,Which other training topics or learning methods would support your job performance?,4526,
4396bd4e-211b-49e1-ae47-2435ec5d6db4,Understanding and Undoing Implicit Bias (Virtual ILT),12030,"INSTRUCTOR.NAME maintained an effective pace through the agenda (discussion, activities, breaks, etc.).",5163,Agree
4396bd4e-211b-49e1-ae47-2435ec5d6db4,Understanding and Undoing Implicit Bias (Virtual ILT),12030,INSTRUCTOR.NAME provided clear explanations of new concepts,5169,Agree
4396bd4e-211b-49e1-ae47-2435ec5d6db4,Understanding and Undoing Implicit Bias (Virtual ILT),12030,How satisfied are you with the online interaction you had with other learners in this program?,5321,Satisfied
4396bd4e-211b-49e1-ae47-2435ec5d6db4,Understanding and Undoing Implicit Bias (Virtual ILT),12030,Recall key implicit bias (IB) concepts and key points.,5362,Agree
97a4ce75-75d4-44ce-b6c6-293747a017c9,Understanding and Undoing Implicit Bias (Virtual ILT),12030,The skills practice activities showed me how to use this learning on the job.,4460,Strongly Agree
97a4ce75-75d4-44ce-b6c6-293747a017c9,Understanding and Undoing Implicit Bias (Virtual ILT),12030,"On a scale of 0-10, how likely is it that you would recommend this learning program to a colleague? (0 = Not at all likely, 10 = Extremely likely)",4505,10
97a4ce75-75d4-44ce-b6c6-293747a017c9,Understanding and Undoing Implicit Bias (Virtual ILT),12030,INSTRUCTOR.NAME provided opportunities for questions and checked in for understanding,5175,Strongly Agree
9f74e1c2-0b7f-4dee-a8e0-2c1eaa510ca0,Understanding and Undoing Implicit Bias (Virtual ILT),12030,How satisfied are you with the Workforce Institute registration notifications and reminders?,4484,Neutral
9f74e1c2-0b7f-4dee-a8e0-2c1eaa510ca0,Understanding and Undoing Implicit Bias (Virtual ILT),12030,My supervisor met with me to discuss the relevance of this learning program to my current job.,4519,No
9f74e1c2-0b7f-4dee-a8e0-2c1eaa510ca0,Understanding and Undoing Implicit Bias (Virtual ILT),12030,"INSTRUCTOR.NAME maintained an effective pace through the agenda (discussion, activities, breaks, etc.).",5163,Neutral
9f74e1c2-0b7f-4dee-a8e0-2c1eaa510ca0,Understanding and Undoing Implicit Bias (Virtual ILT),12030,INSTRUCTOR.NAME provided opportunities for questions and checked in for understanding,5175,Neutral
9f74e1c2-0b7f-4dee-a8e0-2c1eaa510ca0,Understanding and Undoing Implicit Bias (Virtual ILT),12030,How satisfied are you with taking this learning program in a virtual format?,5309,Neutral
9f74e1c2-0b7f-4dee-a8e0-2c1eaa510ca0,Understanding and Undoing Implicit Bias (Virtual ILT),12030,How satisfied are you with the online interaction you had with other learners in this program?,5321,Neutral
9f74e1c2-0b7f-4dee-a8e0-2c1eaa510ca0,Understanding and Undoing Implicit Bias (Virtual ILT),12030,Analyze the current state of child welfare as it relates to racial disproportionality,5368,Neutral
4b9c5e9f-74d9-49b7-97a7-32986e076e62,Understanding and Undoing Implicit Bias (Virtual ILT),12030,The skills practice activities showed me how to use this learning on the job.,4460,Agree
4b9c5e9f-74d9-49b7-97a7-32986e076e62,Understanding and Undoing Implicit Bias (Virtual ILT),12030,"INSTRUCTOR.NAME maintained an effective pace through the agenda (discussion, activities, breaks, etc.).",5163,Strongly Agree
4b9c5e9f-74d9-49b7-97a7-32986e076e62,Understanding and Undoing Implicit Bias (Virtual ILT),12030,INSTRUCTOR.NAME provided opportunities for questions and checked in for understanding,5175,Agree
4b9c5e9f-74d9-49b7-97a7-32986e076e62,Understanding and Undoing Implicit Bias (Virtual ILT),12030,How satisfied are you with taking this learning program in a virtual format?,5309,Satisfied
4b9c5e9f-74d9-49b7-97a7-32986e076e62,Understanding and Undoing Implicit Bias (Virtual ILT),12030,Apply debiasing strategies to undo individual implicit bias,5380,Strongly Agree
5250ff93-e6bb-4a2b-8cad-464ef788d844,Understanding and Undoing Implicit Bias (Virtual ILT),12030,"The instructional aids (forms, case scenarios, etc.) are very similar to real things I use on the job.",4472,Strongly Agree
5250ff93-e6bb-4a2b-8cad-464ef788d844,Understanding and Undoing Implicit Bias (Virtual ILT),12030,I believe this learning program will help me do my current job better.,4478,Strongly Agree
5250ff93-e6bb-4a2b-8cad-464ef788d844,Understanding and Undoing Implicit Bias (Virtual ILT),12030,How satisfied are you with the Workforce Institute registration notifications and reminders?,4484,
5250ff93-e6bb-4a2b-8cad-464ef788d844,Understanding and Undoing Implicit Bias (Virtual ILT),12030,How satisfied are you with the Cornerstone learning management system?,4491,Extremely Satisfied
5250ff93-e6bb-4a2b-8cad-464ef788d844,Understanding and Undoing Implicit Bias (Virtual ILT),12030,"On a scale of 0-10, how likely is it that you would recommend this learning program to a colleague? (0 = Not at all likely, 10 = Extremely likely)",4505,9
5250ff93-e6bb-4a2b-8cad-464ef788d844,Understanding and Undoing Implicit Bias (Virtual ILT),12030,"In a typical workweek, how often will you apply knowledge or skills from this learning program? (In percentage of time on the job)",4520,Almost Always (76-100% of the time)
5250ff93-e6bb-4a2b-8cad-464ef788d844,Understanding and Undoing Implicit Bias (Virtual ILT),12030,"INSTRUCTOR.NAME maintained an effective pace through the agenda (discussion, activities, breaks, etc.).",5163,Strongly Agree
5250ff93-e6bb-4a2b-8cad-464ef788d844,Understanding and Undoing Implicit Bias (Virtual ILT),12030,INSTRUCTOR.NAME provided clear explanations of new concepts,5169,Strongly Agree
59587caf-19f5-4ed6-8050-7e8ccc4ee2c4,Understanding and Undoing Implicit Bias (Virtual ILT),12030,The skills practice activities showed me how to use this learning on the job.,4460,Strongly Agree
59587caf-19f5-4ed6-8050-7e8ccc4ee2c4,Understanding and Undoing Implicit Bias (Virtual ILT),12030,My supervisor met with me to discuss the relevance of this learning program to my current job.,4519,No
59587caf-19f5-4ed6-8050-7e8ccc4ee2c4,Understanding and Undoing Implicit Bias (Virtual ILT),12030,Apply debiasing strategies to undo individual implicit bias,5380,Strongly Agree
9844491a-0573-45ba-9a82-931feae945b2,Understanding and Undoing Implicit Bias (Virtual ILT),12030,"Prior to today, I knew how this learning program was intended to impact my job performance.",4454,Disagree
9844491a-0573-45ba-9a82-931feae945b2,Understanding and Undoing Implicit Bias (Virtual ILT),12030,"The instructional aids (forms, case scenarios, etc.) are very similar to real things I use on the job.",4472,Agree
9844491a-0573-45ba-9a82-931feae945b2,Understanding and Undoing Implicit Bias (Virtual ILT),12030,How satisfied are you with the Cornerstone learning management system?,4491,Neutral
9844491a-0573-45ba-9a82-931feae945b2,Understanding and Undoing Implicit Bias (Virtual ILT),12030,Which other training topics or learning methods would support your job performance?,4526,"social skills, open minded, patience"
9844491a-0573-45ba-9a82-931feae945b2,Understanding and Undoing Implicit Bias (Virtual ILT),12030,I felt comfortable using the video conferencing platform to participate in this learning program.,5011,Agree
9844491a-0573-45ba-9a82-931feae945b2,Understanding and Undoing Implicit Bias (Virtual ILT),12030,"INSTRUCTOR.NAME maintained an effective pace through the agenda (discussion, activities, breaks, etc.).",5163,Agree
9844491a-0573-45ba-9a82-931feae945b2,Understanding and Undoing Implicit Bias (Virtual ILT),12030,INSTRUCTOR.NAME provided clear explanations of new concepts,5169,Agree
9844491a-0573-45ba-9a82-931feae945b2,Understanding and Undoing Implicit Bias (Virtual ILT),12030,INSTRUCTOR.NAME provided opportunities for questions and checked in for understanding,5175,Agree
9844491a-0573-45ba-9a82-931feae945b2,Understanding and Undoing Implicit Bias (Virtual ILT),12030,INSTRUCTOR.NAME provided opportunities for questions and checked in for understanding,5175,Agree
9844491a-0573-45ba-9a82-931feae945b2,Understanding and Undoing Implicit Bias (Virtual ILT),12030,Recall key implicit bias (IB) concepts and key points.,5362,Agree
9844491a-0573-45ba-9a82-931feae945b2,Understanding and Undoing Implicit Bias (Virtual ILT),12030,Apply debiasing strategies to undo individual implicit bias,5380,Agree
38e44e8b-d136-43ae-a55a-ae2f9b9e9c0b,Understanding and Undoing Implicit Bias (Virtual ILT),12030,"Prior to today, I knew how this learning program was intended to impact my job performance.",4454,Strongly Agree
38e44e8b-d136-43ae-a55a-ae2f9b9e9c0b,Understanding and Undoing Implicit Bias (Virtual ILT),12030,"INSTRUCTOR.NAME maintained an effective pace through the agenda (discussion, activities, breaks, etc.).",5163,Strongly Agree
38e44e8b-d136-43ae-a55a-ae2f9b9e9c0b,Understanding and Undoing Implicit Bias (Virtual ILT),12030,INSTRUCTOR.NAME provided clear explanations of new concepts,5169,Strongly Agree
38e44e8b-d136-43ae-a55a-ae2f9b9e9c0b,Understanding and Undoing Implicit Bias (Virtual ILT),12030,How satisfied are you with taking this learning program in a virtual format?,5309,Extremely Satisfied
38e44e8b-d136-43ae-a55a-ae2f9b9e9c0b,Understanding and Undoing Implicit Bias (Virtual ILT),12030,"Draw connections between internalized oppression and trauma and their influence on institutional racism, structural inequity, and implicit bias",5374,Strongly Agree
5a6bc8fc-9b84-484a-b888-b8d04ca5721b,Understanding and Undoing Implicit Bias (Virtual ILT),12030,"The instructional aids (forms, case scenarios, etc.) are very similar to real things I use on the job.",4472,Strongly Agree
5a6bc8fc-9b84-484a-b888-b8d04ca5721b,Understanding and Undoing Implicit Bias (Virtual ILT),12030,I believe this learning program will help me do my current job better.,4478,Agree
5a6bc8fc-9b84-484a-b888-b8d04ca5721b,Understanding and Undoing Implicit Bias (Virtual ILT),12030,"On a scale of 0-10, how likely is it that you would recommend this learning program to a colleague? (0 = Not at all likely, 10 = Extremely likely)",4505,10
5a6bc8fc-9b84-484a-b888-b8d04ca5721b,Understanding and Undoing Implicit Bias (Virtual ILT),12030,What could be done differently to improve your overall learning experience?,4517,I would make no changes.
5a6bc8fc-9b84-484a-b888-b8d04ca5721b,Understanding and Undoing Implicit Bias (Virtual ILT),12030,How satisfied are you with the online interaction you had with other learners in this program?,5321,Extremely Satisfied
5a6bc8fc-9b84-484a-b888-b8d04ca5721b,Understanding and Undoing Implicit Bias (Virtual ILT),12030,Apply debiasing strategies to undo individual implicit bias,5380,Agree
912d88ee-7a5b-4461-9810-f6a9cb93ec04,Understanding and Undoing Implicit Bias (Virtual ILT),12030,"Prior to today, I knew how this learning program was intended to impact my job performance.",4454,Agree
912d88ee-7a5b-4461-9810-f6a9cb93ec04,Understanding and Undoing Implicit Bias (Virtual ILT),12030,"The instructional aids (forms, case scenarios, etc.) are very similar to real things I use on the job.",4472,Strongly Agree
912d88ee-7a5b-4461-9810-f6a9cb93ec04,Understanding and Undoing Implicit Bias (Virtual ILT),12030,I felt comfortable using the video conferencing platform to participate in this learning program.,5011,Strongly Agree
912d88ee-7a5b-4461-9810-f6a9cb93ec04,Understanding and Undoing Implicit Bias (Virtual ILT),12030,"INSTRUCTOR.NAME maintained an effective pace through the agenda (discussion, activities, breaks, etc.).",5163,Strongly Agree
912d88ee-7a5b-4461-9810-f6a9cb93ec04,Understanding and Undoing Implicit Bias (Virtual ILT),12030,How satisfied are you with taking this learning program in a virtual format?,5309,Extremely Satisfied
912d88ee-7a5b-4461-9810-f6a9cb93ec04,Understanding and Undoing Implicit Bias (Virtual ILT),12030,Apply debiasing strategies to undo individual implicit bias,5380,Strongly Agree
42060da9-73c6-481e-a122-04766fca366c,Understanding and Undoing Implicit Bias (Virtual ILT),12030,"The instructional aids (forms, case scenarios, etc.) are very similar to real things I use on the job.",4472,Agree
42060da9-73c6-481e-a122-04766fca366c,Understanding and Undoing Implicit Bias (Virtual ILT),12030,I believe this learning program will help me do my current job better.,4478,Agree
42060da9-73c6-481e-a122-04766fca366c,Understanding and Undoing Implicit Bias (Virtual ILT),12030,Which other training topics or learning methods would support your job performance?,4526,
ae5df31c-9f4e-446a-8982-158132ce6941,Understanding and Undoing Implicit Bias (Virtual ILT),12030,The skills practice activities showed me how to use this learning on the job.,4460,Agree
ae5df31c-9f4e-446a-8982-158132ce6941,Understanding and Undoing Implicit Bias (Virtual ILT),12030,I believe this learning program will help me do my current job better.,4478,Agree
ae5df31c-9f4e-446a-8982-158132ce6941,Understanding and Undoing Implicit Bias (Virtual ILT),12030,How satisfied are you with the Workforce Institute registration notifications and reminders?,4484,Satisfied
ae5df31c-9f4e-446a-8982-158132ce6941,Understanding and Undoing Implicit Bias (Virtual ILT),12030,"On a scale of 0-10, how likely is it that you would recommend this learning program to a colleague? (0 = Not at all likely, 10 = Extremely likely)",4505,9
ae5df31c-9f4e-446a-8982-158132ce6941,Understanding and Undoing Implicit Bias (Virtual ILT),12030,What could be done differently to improve your overall learning experience?,4517,
ae5df31c-9f4e-446a-8982-158132ce6941,Understanding and Undoing Implicit Bias (Virtual ILT),12030,INSTRUCTOR.NAME provided clear explanations of new concepts,5169,Strongly Agree
ae5df31c-9f4e-446a-8982-158132ce6941,Understanding and Undoing Implicit Bias (Virtual ILT),12030,How satisfied are you with taking this learning program in a virtual format?,5309,Satisfied
ae5df31c-9f4e-446a-8982-158132ce6941,Understanding and Undoing Implicit Bias (Virtual ILT),12030,"Draw connections between internalized oppression and trauma and their influence on institutional racism, structural inequity, and implicit bias",5374,Strongly Agree
44ab0ec1-17eb-42af-89f7-19a335085ccd,Understanding and Undoing Implicit Bias (Virtual ILT),12030,"On a scale of 0-10, how likely is it that you would recommend this learning program to a colleague? (0 = Not at all likely, 10 = Extremely likely)",4505,10
44ab0ec1-17eb-42af-89f7-19a335085ccd,Understanding and Undoing Implicit Bias (Virtual ILT),12030,I felt comfortable using the video conferencing platform to participate in this learning program.,5011,Strongly Agree
44ab0ec1-17eb-42af-89f7-19a335085ccd,Understanding and Undoing Implicit Bias (Virtual ILT),12030,"INSTRUCTOR.NAME maintained an effective pace through the agenda (discussion, activities, breaks, etc.).",5163,Strongly Agree
44ab0ec1-17eb-42af-89f7-19a335085ccd,Understanding and Undoing Implicit Bias (Virtual ILT),12030,How satisfied are you with the online interaction you had with other learners in this program?,5321,Extremely Satisfied
44ab0ec1-17eb-42af-89f7-19a335085ccd,Understanding and Undoing Implicit Bias (Virtual ILT),12030,Recall key implicit bias (IB) concepts and key points.,5362,Strongly Agree
4396bd4e-211b-49e1-ae47-2435ec5d6db4,Understanding and Undoing Implicit Bias (Virtual ILT),12030,"The instructional aids (forms, case scenarios, etc.) are very similar to real things I use on the job.",4472,Agree
4396bd4e-211b-49e1-ae47-2435ec5d6db4,Understanding and Undoing Implicit Bias (Virtual ILT),12030,I believe this learning program will help me do my current job better.,4478,Agree
4396bd4e-211b-49e1-ae47-2435ec5d6db4,Understanding and Undoing Implicit Bias (Virtual ILT),12030,How satisfied are you with the online interaction you had with the facilitators?,5315,Satisfied
4396bd4e-211b-49e1-ae47-2435ec5d6db4,Understanding and Undoing Implicit Bias (Virtual ILT),12030,Analyze the current state of child welfare as it relates to racial disproportionality,5368,Agree
4396bd4e-211b-49e1-ae47-2435ec5d6db4,Understanding and Undoing Implicit Bias (Virtual ILT),12030,Apply debiasing strategies to undo individual implicit bias,5380,Agree
97a4ce75-75d4-44ce-b6c6-293747a017c9,Understanding and Undoing Implicit Bias (Virtual ILT),12030,"Prior to today, I knew how this learning program was intended to impact my job performance.",4454,Agree
97a4ce75-75d4-44ce-b6c6-293747a017c9,Understanding and Undoing Implicit Bias (Virtual ILT),12030,What could be done differently to improve your overall learning experience?,4517,To always use mindfulness
97a4ce75-75d4-44ce-b6c6-293747a017c9,Understanding and Undoing Implicit Bias (Virtual ILT),12030,My supervisor met with me to discuss the relevance of this learning program to my current job.,4519,No
97a4ce75-75d4-44ce-b6c6-293747a017c9,Understanding and Undoing Implicit Bias (Virtual ILT),12030,Which other training topics or learning methods would support your job performance?,4526,
97a4ce75-75d4-44ce-b6c6-293747a017c9,Understanding and Undoing Implicit Bias (Virtual ILT),12030,INSTRUCTOR.NAME provided clear explanations of new concepts,5169,Strongly Agree
97a4ce75-75d4-44ce-b6c6-293747a017c9,Understanding and Undoing Implicit Bias (Virtual ILT),12030,Recall key implicit bias (IB) concepts and key points.,5362,Strongly Agree
97a4ce75-75d4-44ce-b6c6-293747a017c9,Understanding and Undoing Implicit Bias (Virtual ILT),12030,Analyze the current state of child welfare as it relates to racial disproportionality,5368,Agree
97a4ce75-75d4-44ce-b6c6-293747a017c9,Understanding and Undoing Implicit Bias (Virtual ILT),12030,Apply debiasing strategies to undo individual implicit bias,5380,Strongly Agree
9f74e1c2-0b7f-4dee-a8e0-2c1eaa510ca0,Understanding and Undoing Implicit Bias (Virtual ILT),12030,"Prior to today, I knew how this learning program was intended to impact my job performance.",4454,Neutral
9f74e1c2-0b7f-4dee-a8e0-2c1eaa510ca0,Understanding and Undoing Implicit Bias (Virtual ILT),12030,"The instructional aids (forms, case scenarios, etc.) are very similar to real things I use on the job.",4472,Neutral
9f74e1c2-0b7f-4dee-a8e0-2c1eaa510ca0,Understanding and Undoing Implicit Bias (Virtual ILT),12030,How satisfied are you with the Cornerstone learning management system?,4491,Neutral
9f74e1c2-0b7f-4dee-a8e0-2c1eaa510ca0,Understanding and Undoing Implicit Bias (Virtual ILT),12030,INSTRUCTOR.NAME provided clear explanations of new concepts,5169,Neutral
9f74e1c2-0b7f-4dee-a8e0-2c1eaa510ca0,Understanding and Undoing Implicit Bias (Virtual ILT),12030,INSTRUCTOR.NAME provided opportunities for questions and checked in for understanding,5175,Neutral
9f74e1c2-0b7f-4dee-a8e0-2c1eaa510ca0,Understanding and Undoing Implicit Bias (Virtual ILT),12030,Recall key implicit bias (IB) concepts and key points.,5362,Neutral
4b9c5e9f-74d9-49b7-97a7-32986e076e62,Understanding and Undoing Implicit Bias (Virtual ILT),12030,"The instructional aids (forms, case scenarios, etc.) are very similar to real things I use on the job.",4472,Strongly Agree
4b9c5e9f-74d9-49b7-97a7-32986e076e62,Understanding and Undoing Implicit Bias (Virtual ILT),12030,How satisfied are you with the Workforce Institute registration notifications and reminders?,4484,Satisfied
4b9c5e9f-74d9-49b7-97a7-32986e076e62,Understanding and Undoing Implicit Bias (Virtual ILT),12030,How satisfied are you with the Cornerstone learning management system?,4491,Satisfied
4b9c5e9f-74d9-49b7-97a7-32986e076e62,Understanding and Undoing Implicit Bias (Virtual ILT),12030,How satisfied are you with the Workforce Institute Help Desk (phone and/or email support)?,4498,Satisfied
4b9c5e9f-74d9-49b7-97a7-32986e076e62,Understanding and Undoing Implicit Bias (Virtual ILT),12030,INSTRUCTOR.NAME provided clear explanations of new concepts,5169,Strongly Agree
4b9c5e9f-74d9-49b7-97a7-32986e076e62,Understanding and Undoing Implicit Bias (Virtual ILT),12030,INSTRUCTOR.NAME provided clear explanations of new concepts,5169,Strongly Agree
4b9c5e9f-74d9-49b7-97a7-32986e076e62,Understanding and Undoing Implicit Bias (Virtual ILT),12030,INSTRUCTOR.NAME provided opportunities for questions and checked in for understanding,5175,Agree
4b9c5e9f-74d9-49b7-97a7-32986e076e62,Understanding and Undoing Implicit Bias (Virtual ILT),12030,How satisfied are you with the online interaction you had with the facilitators?,5315,Satisfied
4b9c5e9f-74d9-49b7-97a7-32986e076e62,Understanding and Undoing Implicit Bias (Virtual ILT),12030,Analyze the current state of child welfare as it relates to racial disproportionality,5368,Strongly Agree
5250ff93-e6bb-4a2b-8cad-464ef788d844,Understanding and Undoing Implicit Bias (Virtual ILT),12030,"Prior to today, I knew how this learning program was intended to impact my job performance.",4454,Strongly Agree
5250ff93-e6bb-4a2b-8cad-464ef788d844,Understanding and Undoing Implicit Bias (Virtual ILT),12030,The skills practice activities showed me how to use this learning on the job.,4460,Strongly Agree
5250ff93-e6bb-4a2b-8cad-464ef788d844,Understanding and Undoing Implicit Bias (Virtual ILT),12030,How satisfied are you with the Workforce Institute Help Desk (phone and/or email support)?,4498,
5250ff93-e6bb-4a2b-8cad-464ef788d844,Understanding and Undoing Implicit Bias (Virtual ILT),12030,I felt comfortable using the video conferencing platform to participate in this learning program.,5011,Strongly Agree
5250ff93-e6bb-4a2b-8cad-464ef788d844,Understanding and Undoing Implicit Bias (Virtual ILT),12030,INSTRUCTOR.NAME provided opportunities for questions and checked in for understanding,5175,Strongly Agree
5250ff93-e6bb-4a2b-8cad-464ef788d844,Understanding and Undoing Implicit Bias (Virtual ILT),12030,INSTRUCTOR.NAME provided opportunities for questions and checked in for understanding,5175,Strongly Agree
5250ff93-e6bb-4a2b-8cad-464ef788d844,Understanding and Undoing Implicit Bias (Virtual ILT),12030,Recall key implicit bias (IB) concepts and key points.,5362,
5250ff93-e6bb-4a2b-8cad-464ef788d844,Understanding and Undoing Implicit Bias (Virtual ILT),12030,Analyze the current state of child welfare as it relates to racial disproportionality,5368,Strongly Agree
59587caf-19f5-4ed6-8050-7e8ccc4ee2c4,Understanding and Undoing Implicit Bias (Virtual ILT),12030,"The instructional aids (forms, case scenarios, etc.) are very similar to real things I use on the job.",4472,Strongly Agree
59587caf-19f5-4ed6-8050-7e8ccc4ee2c4,Understanding and Undoing Implicit Bias (Virtual ILT),12030,How satisfied are you with the Workforce Institute registration notifications and reminders?,4484,Extremely Satisfied
59587caf-19f5-4ed6-8050-7e8ccc4ee2c4,Understanding and Undoing Implicit Bias (Virtual ILT),12030,How satisfied are you with the Workforce Institute Help Desk (phone and/or email support)?,4498,N/A (did not access)
59587caf-19f5-4ed6-8050-7e8ccc4ee2c4,Understanding and Undoing Implicit Bias (Virtual ILT),12030,"INSTRUCTOR.NAME maintained an effective pace through the agenda (discussion, activities, breaks, etc.).",5163,Strongly Agree
59587caf-19f5-4ed6-8050-7e8ccc4ee2c4,Understanding and Undoing Implicit Bias (Virtual ILT),12030,INSTRUCTOR.NAME provided opportunities for questions and checked in for understanding,5175,Strongly Agree
59587caf-19f5-4ed6-8050-7e8ccc4ee2c4,Understanding and Undoing Implicit Bias (Virtual ILT),12030,How satisfied are you with taking this learning program in a virtual format?,5309,Extremely Satisfied
9844491a-0573-45ba-9a82-931feae945b2,Understanding and Undoing Implicit Bias (Virtual ILT),12030,I believe this learning program will help me do my current job better.,4478,Agree
9844491a-0573-45ba-9a82-931feae945b2,Understanding and Undoing Implicit Bias (Virtual ILT),12030,How satisfied are you with the Workforce Institute registration notifications and reminders?,4484,N/A (did not receive)
9844491a-0573-45ba-9a82-931feae945b2,Understanding and Undoing Implicit Bias (Virtual ILT),12030,How satisfied are you with the Workforce Institute Help Desk (phone and/or email support)?,4498,N/A (did not access)
9844491a-0573-45ba-9a82-931feae945b2,Understanding and Undoing Implicit Bias (Virtual ILT),12030,My supervisor met with me to discuss the relevance of this learning program to my current job.,4519,No
9844491a-0573-45ba-9a82-931feae945b2,Understanding and Undoing Implicit Bias (Virtual ILT),12030,How satisfied are you with taking this learning program in a virtual format?,5309,Neutral
9844491a-0573-45ba-9a82-931feae945b2,Understanding and Undoing Implicit Bias (Virtual ILT),12030,How satisfied are you with the online interaction you had with the facilitators?,5315,Neutral
38e44e8b-d136-43ae-a55a-ae2f9b9e9c0b,Understanding and Undoing Implicit Bias (Virtual ILT),12030,How satisfied are you with the Workforce Institute Help Desk (phone and/or email support)?,4498,N/A (did not access)
38e44e8b-d136-43ae-a55a-ae2f9b9e9c0b,Understanding and Undoing Implicit Bias (Virtual ILT),12030,"On a scale of 0-10, how likely is it that you would recommend this learning program to a colleague? (0 = Not at all likely, 10 = Extremely likely)",4505,10
38e44e8b-d136-43ae-a55a-ae2f9b9e9c0b,Understanding and Undoing Implicit Bias (Virtual ILT),12030,What could be done differently to improve your overall learning experience?,4517,
38e44e8b-d136-43ae-a55a-ae2f9b9e9c0b,Understanding and Undoing Implicit Bias (Virtual ILT),12030,"In a typical workweek, how often will you apply knowledge or skills from this learning program? (In percentage of time on the job)",4520,Almost Always (76-100% of the time)
38e44e8b-d136-43ae-a55a-ae2f9b9e9c0b,Understanding and Undoing Implicit Bias (Virtual ILT),12030,"INSTRUCTOR.NAME maintained an effective pace through the agenda (discussion, activities, breaks, etc.).",5163,Strongly Agree
38e44e8b-d136-43ae-a55a-ae2f9b9e9c0b,Understanding and Undoing Implicit Bias (Virtual ILT),12030,INSTRUCTOR.NAME provided opportunities for questions and checked in for understanding,5175,Strongly Agree
38e44e8b-d136-43ae-a55a-ae2f9b9e9c0b,Understanding and Undoing Implicit Bias (Virtual ILT),12030,How satisfied are you with the online interaction you had with other learners in this program?,5321,Extremely Satisfied
5a6bc8fc-9b84-484a-b888-b8d04ca5721b,Understanding and Undoing Implicit Bias (Virtual ILT),12030,"Prior to today, I knew how this learning program was intended to impact my job performance.",4454,Agree
5a6bc8fc-9b84-484a-b888-b8d04ca5721b,Understanding and Undoing Implicit Bias (Virtual ILT),12030,How satisfied are you with the Workforce Institute registration notifications and reminders?,4484,Extremely Satisfied
5a6bc8fc-9b84-484a-b888-b8d04ca5721b,Understanding and Undoing Implicit Bias (Virtual ILT),12030,How satisfied are you with the Workforce Institute Help Desk (phone and/or email support)?,4498,Extremely Satisfied
5a6bc8fc-9b84-484a-b888-b8d04ca5721b,Understanding and Undoing Implicit Bias (Virtual ILT),12030,"In a typical workweek, how often will you apply knowledge or skills from this learning program? (In percentage of time on the job)",4520,Very Often (51-75% of the time)
5a6bc8fc-9b84-484a-b888-b8d04ca5721b,Understanding and Undoing Implicit Bias (Virtual ILT),12030,"INSTRUCTOR.NAME maintained an effective pace through the agenda (discussion, activities, breaks, etc.).",5163,Strongly Agree
5a6bc8fc-9b84-484a-b888-b8d04ca5721b,Understanding and Undoing Implicit Bias (Virtual ILT),12030,INSTRUCTOR.NAME provided clear explanations of new concepts,5169,Strongly Agree
5a6bc8fc-9b84-484a-b888-b8d04ca5721b,Understanding and Undoing Implicit Bias (Virtual ILT),12030,INSTRUCTOR.NAME provided clear explanations of new concepts,5169,Strongly Agree
5a6bc8fc-9b84-484a-b888-b8d04ca5721b,Understanding and Undoing Implicit Bias (Virtual ILT),12030,How satisfied are you with taking this learning program in a virtual format?,5309,Satisfied
5a6bc8fc-9b84-484a-b888-b8d04ca5721b,Understanding and Undoing Implicit Bias (Virtual ILT),12030,How satisfied are you with the online interaction you had with the facilitators?,5315,Extremely Satisfied
5a6bc8fc-9b84-484a-b888-b8d04ca5721b,Understanding and Undoing Implicit Bias (Virtual ILT),12030,"Draw connections between internalized oppression and trauma and their influence on institutional racism, structural inequity, and implicit bias",5374,Agree
912d88ee-7a5b-4461-9810-f6a9cb93ec04,Understanding and Undoing Implicit Bias (Virtual ILT),12030,How satisfied are you with the Workforce Institute registration notifications and reminders?,4484,Extremely Satisfied
912d88ee-7a5b-4461-9810-f6a9cb93ec04,Understanding and Undoing Implicit Bias (Virtual ILT),12030,"On a scale of 0-10, how likely is it that you would recommend this learning program to a colleague? (0 = Not at all likely, 10 = Extremely likely)",4505,10
912d88ee-7a5b-4461-9810-f6a9cb93ec04,Understanding and Undoing Implicit Bias (Virtual ILT),12030,"In a typical workweek, how often will you apply knowledge or skills from this learning program? (In percentage of time on the job)",4520,Very Often (51-75% of the time)
912d88ee-7a5b-4461-9810-f6a9cb93ec04,Understanding and Undoing Implicit Bias (Virtual ILT),12030,Which other training topics or learning methods would support your job performance?,4526,
912d88ee-7a5b-4461-9810-f6a9cb93ec04,Understanding and Undoing Implicit Bias (Virtual ILT),12030,INSTRUCTOR.NAME provided clear explanations of new concepts,5169,Strongly Agree
912d88ee-7a5b-4461-9810-f6a9cb93ec04,Understanding and Undoing Implicit Bias (Virtual ILT),12030,INSTRUCTOR.NAME provided clear explanations of new concepts,5169,Strongly Agree
912d88ee-7a5b-4461-9810-f6a9cb93ec04,Understanding and Undoing Implicit Bias (Virtual ILT),12030,INSTRUCTOR.NAME provided opportunities for questions and checked in for understanding,5175,Strongly Agree
912d88ee-7a5b-4461-9810-f6a9cb93ec04,Understanding and Undoing Implicit Bias (Virtual ILT),12030,Recall key implicit bias (IB) concepts and key points.,5362,Agree
912d88ee-7a5b-4461-9810-f6a9cb93ec04,Understanding and Undoing Implicit Bias (Virtual ILT),12030,"Draw connections between internalized oppression and trauma and their influence on institutional racism, structural inequity, and implicit bias",5374,Strongly Agree
42060da9-73c6-481e-a122-04766fca366c,Understanding and Undoing Implicit Bias (Virtual ILT),12030,The skills practice activities showed me how to use this learning on the job.,4460,Agree
42060da9-73c6-481e-a122-04766fca366c,Understanding and Undoing Implicit Bias (Virtual ILT),12030,How satisfied are you with the Workforce Institute registration notifications and reminders?,4484,Satisfied
42060da9-73c6-481e-a122-04766fca366c,Understanding and Undoing Implicit Bias (Virtual ILT),12030,"On a scale of 0-10, how likely is it that you would recommend this learning program to a colleague? (0 = Not at all likely, 10 = Extremely likely)",4505,9
42060da9-73c6-481e-a122-04766fca366c,Understanding and Undoing Implicit Bias (Virtual ILT),12030,"In a typical workweek, how often will you apply knowledge or skills from this learning program? (In percentage of time on the job)",4520,Almost Always (76-100% of the time)
42060da9-73c6-481e-a122-04766fca366c,Understanding and Undoing Implicit Bias (Virtual ILT),12030,I felt comfortable using the video conferencing platform to participate in this learning program.,5011,Agree
42060da9-73c6-481e-a122-04766fca366c,Understanding and Undoing Implicit Bias (Virtual ILT),12030,INSTRUCTOR.NAME provided clear explanations of new concepts,5169,Agree
42060da9-73c6-481e-a122-04766fca366c,Understanding and Undoing Implicit Bias (Virtual ILT),12030,INSTRUCTOR.NAME provided opportunities for questions and checked in for understanding,5175,Agree
42060da9-73c6-481e-a122-04766fca366c,Understanding and Undoing Implicit Bias (Virtual ILT),12030,How satisfied are you with taking this learning program in a virtual format?,5309,Satisfied
42060da9-73c6-481e-a122-04766fca366c,Understanding and Undoing Implicit Bias (Virtual ILT),12030,How satisfied are you with the online interaction you had with the facilitators?,5315,Satisfied
42060da9-73c6-481e-a122-04766fca366c,Understanding and Undoing Implicit Bias (Virtual ILT),12030,Recall key implicit bias (IB) concepts and key points.,5362,Agree
42060da9-73c6-481e-a122-04766fca366c,Understanding and Undoing Implicit Bias (Virtual ILT),12030,Analyze the current state of child welfare as it relates to racial disproportionality,5368,Agree
42060da9-73c6-481e-a122-04766fca366c,Understanding and Undoing Implicit Bias (Virtual ILT),12030,Apply debiasing strategies to undo individual implicit bias,5380,Agree
ae5df31c-9f4e-446a-8982-158132ce6941,Understanding and Undoing Implicit Bias (Virtual ILT),12030,"Prior to today, I knew how this learning program was intended to impact my job performance.",4454,Strongly Agree
ae5df31c-9f4e-446a-8982-158132ce6941,Understanding and Undoing Implicit Bias (Virtual ILT),12030,How satisfied are you with the Cornerstone learning management system?,4491,Satisfied
ae5df31c-9f4e-446a-8982-158132ce6941,Understanding and Undoing Implicit Bias (Virtual ILT),12030,How satisfied are you with the Workforce Institute Help Desk (phone and/or email support)?,4498,Extremely Satisfied
ae5df31c-9f4e-446a-8982-158132ce6941,Understanding and Undoing Implicit Bias (Virtual ILT),12030,My supervisor met with me to discuss the relevance of this learning program to my current job.,4519,Yes
ae5df31c-9f4e-446a-8982-158132ce6941,Understanding and Undoing Implicit Bias (Virtual ILT),12030,Which other training topics or learning methods would support your job performance?,4526,
ae5df31c-9f4e-446a-8982-158132ce6941,Understanding and Undoing Implicit Bias (Virtual ILT),12030,I felt comfortable using the video conferencing platform to participate in this learning program.,5011,Strongly Agree
ae5df31c-9f4e-446a-8982-158132ce6941,Understanding and Undoing Implicit Bias (Virtual ILT),12030,"INSTRUCTOR.NAME maintained an effective pace through the agenda (discussion, activities, breaks, etc.).",5163,Agree
ae5df31c-9f4e-446a-8982-158132ce6941,Understanding and Undoing Implicit Bias (Virtual ILT),12030,INSTRUCTOR.NAME provided clear explanations of new concepts,5169,Agree
ae5df31c-9f4e-446a-8982-158132ce6941,Understanding and Undoing Implicit Bias (Virtual ILT),12030,INSTRUCTOR.NAME provided opportunities for questions and checked in for understanding,5175,Agree
ae5df31c-9f4e-446a-8982-158132ce6941,Understanding and Undoing Implicit Bias (Virtual ILT),12030,How satisfied are you with the online interaction you had with the facilitators?,5315,Extremely Satisfied
ae5df31c-9f4e-446a-8982-158132ce6941,Understanding and Undoing Implicit Bias (Virtual ILT),12030,Recall key implicit bias (IB) concepts and key points.,5362,Strongly Agree
ae5df31c-9f4e-446a-8982-158132ce6941,Understanding and Undoing Implicit Bias (Virtual ILT),12030,Apply debiasing strategies to undo individual implicit bias,5380,Strongly Agree
44ab0ec1-17eb-42af-89f7-19a335085ccd,Understanding and Undoing Implicit Bias (Virtual ILT),12030,"The instructional aids (forms, case scenarios, etc.) are very similar to real things I use on the job.",4472,Strongly Agree
44ab0ec1-17eb-42af-89f7-19a335085ccd,Understanding and Undoing Implicit Bias (Virtual ILT),12030,What could be done differently to improve your overall learning experience?,4517,nothing at all.
44ab0ec1-17eb-42af-89f7-19a335085ccd,Understanding and Undoing Implicit Bias (Virtual ILT),12030,INSTRUCTOR.NAME provided opportunities for questions and checked in for understanding,5175,Strongly Agree
44ab0ec1-17eb-42af-89f7-19a335085ccd,Understanding and Undoing Implicit Bias (Virtual ILT),12030,How satisfied are you with the online interaction you had with the facilitators?,5315,Extremely Satisfied
4396bd4e-211b-49e1-ae47-2435ec5d6db4,Understanding and Undoing Implicit Bias (Virtual ILT),12030,How satisfied are you with the Workforce Institute registration notifications and reminders?,4484,Satisfied
4396bd4e-211b-49e1-ae47-2435ec5d6db4,Understanding and Undoing Implicit Bias (Virtual ILT),12030,My supervisor met with me to discuss the relevance of this learning program to my current job.,4519,No
4396bd4e-211b-49e1-ae47-2435ec5d6db4,Understanding and Undoing Implicit Bias (Virtual ILT),12030,INSTRUCTOR.NAME provided opportunities for questions and checked in for understanding,5175,Agree
4396bd4e-211b-49e1-ae47-2435ec5d6db4,Understanding and Undoing Implicit Bias (Virtual ILT),12030,"Draw connections between internalized oppression and trauma and their influence on institutional racism, structural inequity, and implicit bias",5374,Agree
97a4ce75-75d4-44ce-b6c6-293747a017c9,Understanding and Undoing Implicit Bias (Virtual ILT),12030,INSTRUCTOR.NAME provided clear explanations of new concepts,5169,Strongly Agree
97a4ce75-75d4-44ce-b6c6-293747a017c9,Understanding and Undoing Implicit Bias (Virtual ILT),12030,How satisfied are you with taking this learning program in a virtual format?,5309,Satisfied
97a4ce75-75d4-44ce-b6c6-293747a017c9,Understanding and Undoing Implicit Bias (Virtual ILT),12030,How satisfied are you with the online interaction you had with the facilitators?,5315,Satisfied
97a4ce75-75d4-44ce-b6c6-293747a017c9,Understanding and Undoing Implicit Bias (Virtual ILT),12030,How satisfied are you with the online interaction you had with other learners in this program?,5321,
9f74e1c2-0b7f-4dee-a8e0-2c1eaa510ca0,Understanding and Undoing Implicit Bias (Virtual ILT),12030,The skills practice activities showed me how to use this learning on the job.,4460,Neutral
9f74e1c2-0b7f-4dee-a8e0-2c1eaa510ca0,Understanding and Undoing Implicit Bias (Virtual ILT),12030,"On a scale of 0-10, how likely is it that you would recommend this learning program to a colleague? (0 = Not at all likely, 10 = Extremely likely)",4505,10
9f74e1c2-0b7f-4dee-a8e0-2c1eaa510ca0,Understanding and Undoing Implicit Bias (Virtual ILT),12030,Which other training topics or learning methods would support your job performance?,4526,
9f74e1c2-0b7f-4dee-a8e0-2c1eaa510ca0,Understanding and Undoing Implicit Bias (Virtual ILT),12030,"INSTRUCTOR.NAME maintained an effective pace through the agenda (discussion, activities, breaks, etc.).",5163,Neutral
9f74e1c2-0b7f-4dee-a8e0-2c1eaa510ca0,Understanding and Undoing Implicit Bias (Virtual ILT),12030,"Draw connections between internalized oppression and trauma and their influence on institutional racism, structural inequity, and implicit bias",5374,Neutral
9f74e1c2-0b7f-4dee-a8e0-2c1eaa510ca0,Understanding and Undoing Implicit Bias (Virtual ILT),12030,Apply debiasing strategies to undo individual implicit bias,5380,Neutral
4b9c5e9f-74d9-49b7-97a7-32986e076e62,Understanding and Undoing Implicit Bias (Virtual ILT),12030,"Prior to today, I knew how this learning program was intended to impact my job performance.",4454,Agree
4b9c5e9f-74d9-49b7-97a7-32986e076e62,Understanding and Undoing Implicit Bias (Virtual ILT),12030,I believe this learning program will help me do my current job better.,4478,Strongly Agree
4b9c5e9f-74d9-49b7-97a7-32986e076e62,Understanding and Undoing Implicit Bias (Virtual ILT),12030,My supervisor met with me to discuss the relevance of this learning program to my current job.,4519,Yes
4b9c5e9f-74d9-49b7-97a7-32986e076e62,Understanding and Undoing Implicit Bias (Virtual ILT),12030,"In a typical workweek, how often will you apply knowledge or skills from this learning program? (In percentage of time on the job)",4520,Very Often (51-75% of the time)
4b9c5e9f-74d9-49b7-97a7-32986e076e62,Understanding and Undoing Implicit Bias (Virtual ILT),12030,Which other training topics or learning methods would support your job performance?,4526,.
4b9c5e9f-74d9-49b7-97a7-32986e076e62,Understanding and Undoing Implicit Bias (Virtual ILT),12030,How satisfied are you with the online interaction you had with other learners in this program?,5321,Satisfied
5250ff93-e6bb-4a2b-8cad-464ef788d844,Understanding and Undoing Implicit Bias (Virtual ILT),12030,My supervisor met with me to discuss the relevance of this learning program to my current job.,4519,Yes
5250ff93-e6bb-4a2b-8cad-464ef788d844,Understanding and Undoing Implicit Bias (Virtual ILT),12030,Which other training topics or learning methods would support your job performance?,4526,
5250ff93-e6bb-4a2b-8cad-464ef788d844,Understanding and Undoing Implicit Bias (Virtual ILT),12030,"INSTRUCTOR.NAME maintained an effective pace through the agenda (discussion, activities, breaks, etc.).",5163,Strongly Agree
5250ff93-e6bb-4a2b-8cad-464ef788d844,Understanding and Undoing Implicit Bias (Virtual ILT),12030,"Draw connections between internalized oppression and trauma and their influence on institutional racism, structural inequity, and implicit bias",5374,Strongly Agree
5250ff93-e6bb-4a2b-8cad-464ef788d844,Understanding and Undoing Implicit Bias (Virtual ILT),12030,Apply debiasing strategies to undo individual implicit bias,5380,Strongly Agree
59587caf-19f5-4ed6-8050-7e8ccc4ee2c4,Understanding and Undoing Implicit Bias (Virtual ILT),12030,"Prior to today, I knew how this learning program was intended to impact my job performance.",4454,Strongly Agree
59587caf-19f5-4ed6-8050-7e8ccc4ee2c4,Understanding and Undoing Implicit Bias (Virtual ILT),12030,I believe this learning program will help me do my current job better.,4478,Strongly Agree
59587caf-19f5-4ed6-8050-7e8ccc4ee2c4,Understanding and Undoing Implicit Bias (Virtual ILT),12030,How satisfied are you with the Cornerstone learning management system?,4491,Extremely Satisfied
59587caf-19f5-4ed6-8050-7e8ccc4ee2c4,Understanding and Undoing Implicit Bias (Virtual ILT),12030,What could be done differently to improve your overall learning experience?,4517,
59587caf-19f5-4ed6-8050-7e8ccc4ee2c4,Understanding and Undoing Implicit Bias (Virtual ILT),12030,"In a typical workweek, how often will you apply knowledge or skills from this learning program? (In percentage of time on the job)",4520,Almost Always (76-100% of the time)
59587caf-19f5-4ed6-8050-7e8ccc4ee2c4,Understanding and Undoing Implicit Bias (Virtual ILT),12030,I felt comfortable using the video conferencing platform to participate in this learning program.,5011,Strongly Agree
59587caf-19f5-4ed6-8050-7e8ccc4ee2c4,Understanding and Undoing Implicit Bias (Virtual ILT),12030,INSTRUCTOR.NAME provided clear explanations of new concepts,5169,Strongly Agree
59587caf-19f5-4ed6-8050-7e8ccc4ee2c4,Understanding and Undoing Implicit Bias (Virtual ILT),12030,INSTRUCTOR.NAME provided opportunities for questions and checked in for understanding,5175,Strongly Agree
59587caf-19f5-4ed6-8050-7e8ccc4ee2c4,Understanding and Undoing Implicit Bias (Virtual ILT),12030,How satisfied are you with the online interaction you had with other learners in this program?,5321,Extremely Satisfied
59587caf-19f5-4ed6-8050-7e8ccc4ee2c4,Understanding and Undoing Implicit Bias (Virtual ILT),12030,Recall key implicit bias (IB) concepts and key points.,5362,Strongly Agree
59587caf-19f5-4ed6-8050-7e8ccc4ee2c4,Understanding and Undoing Implicit Bias (Virtual ILT),12030,Analyze the current state of child welfare as it relates to racial disproportionality,5368,Strongly Agree
9844491a-0573-45ba-9a82-931feae945b2,Understanding and Undoing Implicit Bias (Virtual ILT),12030,"On a scale of 0-10, how likely is it that you would recommend this learning program to a colleague? (0 = Not at all likely, 10 = Extremely likely)",4505,7
38e44e8b-d136-43ae-a55a-ae2f9b9e9c0b,Understanding and Undoing Implicit Bias (Virtual ILT),12030,The skills practice activities showed me how to use this learning on the job.,4460,Strongly Agree
38e44e8b-d136-43ae-a55a-ae2f9b9e9c0b,Understanding and Undoing Implicit Bias (Virtual ILT),12030,I believe this learning program will help me do my current job better.,4478,Strongly Agree
38e44e8b-d136-43ae-a55a-ae2f9b9e9c0b,Understanding and Undoing Implicit Bias (Virtual ILT),12030,How satisfied are you with the Workforce Institute registration notifications and reminders?,4484,Extremely Satisfied
38e44e8b-d136-43ae-a55a-ae2f9b9e9c0b,Understanding and Undoing Implicit Bias (Virtual ILT),12030,How satisfied are you with the Cornerstone learning management system?,4491,Extremely Satisfied
38e44e8b-d136-43ae-a55a-ae2f9b9e9c0b,Understanding and Undoing Implicit Bias (Virtual ILT),12030,I felt comfortable using the video conferencing platform to participate in this learning program.,5011,Strongly Agree
38e44e8b-d136-43ae-a55a-ae2f9b9e9c0b,Understanding and Undoing Implicit Bias (Virtual ILT),12030,INSTRUCTOR.NAME provided opportunities for questions and checked in for understanding,5175,Strongly Agree
38e44e8b-d136-43ae-a55a-ae2f9b9e9c0b,Understanding and Undoing Implicit Bias (Virtual ILT),12030,Recall key implicit bias (IB) concepts and key points.,5362,Strongly Agree
38e44e8b-d136-43ae-a55a-ae2f9b9e9c0b,Understanding and Undoing Implicit Bias (Virtual ILT),12030,Analyze the current state of child welfare as it relates to racial disproportionality,5368,Strongly Agree
38e44e8b-d136-43ae-a55a-ae2f9b9e9c0b,Understanding and Undoing Implicit Bias (Virtual ILT),12030,Apply debiasing strategies to undo individual implicit bias,5380,Strongly Agree
5a6bc8fc-9b84-484a-b888-b8d04ca5721b,Understanding and Undoing Implicit Bias (Virtual ILT),12030,The skills practice activities showed me how to use this learning on the job.,4460,Agree
5a6bc8fc-9b84-484a-b888-b8d04ca5721b,Understanding and Undoing Implicit Bias (Virtual ILT),12030,How satisfied are you with the Cornerstone learning management system?,4491,Extremely Satisfied
5a6bc8fc-9b84-484a-b888-b8d04ca5721b,Understanding and Undoing Implicit Bias (Virtual ILT),12030,My supervisor met with me to discuss the relevance of this learning program to my current job.,4519,Yes
5a6bc8fc-9b84-484a-b888-b8d04ca5721b,Understanding and Undoing Implicit Bias (Virtual ILT),12030,I felt comfortable using the video conferencing platform to participate in this learning program.,5011,Agree
5a6bc8fc-9b84-484a-b888-b8d04ca5721b,Understanding and Undoing Implicit Bias (Virtual ILT),12030,"INSTRUCTOR.NAME maintained an effective pace through the agenda (discussion, activities, breaks, etc.).",5163,Strongly Agree
5a6bc8fc-9b84-484a-b888-b8d04ca5721b,Understanding and Undoing Implicit Bias (Virtual ILT),12030,INSTRUCTOR.NAME provided opportunities for questions and checked in for understanding,5175,Strongly Agree
5a6bc8fc-9b84-484a-b888-b8d04ca5721b,Understanding and Undoing Implicit Bias (Virtual ILT),12030,INSTRUCTOR.NAME provided opportunities for questions and checked in for understanding,5175,Strongly Agree
5a6bc8fc-9b84-484a-b888-b8d04ca5721b,Understanding and Undoing Implicit Bias (Virtual ILT),12030,Recall key implicit bias (IB) concepts and key points.,5362,Strongly Agree
912d88ee-7a5b-4461-9810-f6a9cb93ec04,Understanding and Undoing Implicit Bias (Virtual ILT),12030,The skills practice activities showed me how to use this learning on the job.,4460,
912d88ee-7a5b-4461-9810-f6a9cb93ec04,Understanding and Undoing Implicit Bias (Virtual ILT),12030,I believe this learning program will help me do my current job better.,4478,Strongly Agree
912d88ee-7a5b-4461-9810-f6a9cb93ec04,Understanding and Undoing Implicit Bias (Virtual ILT),12030,How satisfied are you with the Workforce Institute Help Desk (phone and/or email support)?,4498,Extremely Satisfied
912d88ee-7a5b-4461-9810-f6a9cb93ec04,Understanding and Undoing Implicit Bias (Virtual ILT),12030,What could be done differently to improve your overall learning experience?,4517,
912d88ee-7a5b-4461-9810-f6a9cb93ec04,Understanding and Undoing Implicit Bias (Virtual ILT),12030,My supervisor met with me to discuss the relevance of this learning program to my current job.,4519,No
912d88ee-7a5b-4461-9810-f6a9cb93ec04,Understanding and Undoing Implicit Bias (Virtual ILT),12030,"INSTRUCTOR.NAME maintained an effective pace through the agenda (discussion, activities, breaks, etc.).",5163,Strongly Agree
912d88ee-7a5b-4461-9810-f6a9cb93ec04,Understanding and Undoing Implicit Bias (Virtual ILT),12030,How satisfied are you with the online interaction you had with other learners in this program?,5321,Extremely Satisfied
912d88ee-7a5b-4461-9810-f6a9cb93ec04,Understanding and Undoing Implicit Bias (Virtual ILT),12030,Analyze the current state of child welfare as it relates to racial disproportionality,5368,Agree