"AY","semester","emplid_ID","GPA","CREDITS","DEGREE","StartDate","EndDate","duration","LocationLatitude","LocationLongitude","Q103","Q1","Q2","Q2_3_TEXT","Q3","Q4","Q4_6_TEXT","Q5","Q6","Q6_1_TEXT","Q6_2_TEXT","Q7","Q8","Q9","Q10","Q10_1_TEXT","Q10_2_TEXT","Q10_3_TEXT","Q10_4_TEXT","Q10_5_TEXT","Q10_6_TEXT","Q10_8_TEXT","Q11","Q12","Q13","Q14","Q14_6_TEXT","Q15","Q16","BSMS11_PR","BSMS12_PR","Q95","Q102"
"2024","Spring","23906511",3.401,120,"BS","2024-03-12","2024-03-12","428","40.8123","-73.9682","10032","1999","Female",NA,"Female","Heterosexual (as in ""straight"")",NA,"Not a College student","Declared (Please specify major):","Pychology",NA,"3.20","1st year undergraduate","Yes","White or Caucasian (E.g., German, Irish, English, Italian, Polish, French, etc.)","german",NA,NA,NA,NA,NA,NA,"No","Yes","Yes","Single",NA,"Less than $60,000","$201-$400",NA,"$150,001 to $299,999","dktgfcjyhvlu","lfvliv;ivb"
"2024","Spring","24151021",3.88,174,"BE","2024-03-13","2024-03-13","1319","40.7513","-73.8244","11355","1996","Male",NA,"Male","Heterosexual (as in ""straight"")",NA,"Full-time (12 credits or more)","Declared (Please specify major):","Electrical Engineering",NA,"0","3rd year undergraduate","No","Asian (E.g., Chinese, Filipino, Asian Indian, Bangladeshi, Vietnamese, Korean etc,)",NA,NA,NA,"Chinese",NA,NA,NA,"Yes","Yes","No","Single",NA,"Less than $60,000","$200 or less",NA,"$60,000 to $99,999","social status is the importance or contribution for the society","movement of social status "
"2024","Spring","24151021",3.88,174,"BE","2024-03-13","2024-03-13","1009","40.7513","-73.8244","11355","1996","Male",NA,"Male","Heterosexual (as in ""straight"")",NA,"Full-time (12 credits or more)","Declared (Please specify major):","Electrical Engineering",NA,"0","3rd year undergraduate","No","Asian (E.g., Chinese, Filipino, Asian Indian, Bangladeshi, Vietnamese, Korean etc,)",NA,NA,NA,"Chinese",NA,NA,NA,"Yes","Yes","No","Single",NA,"Less than $60,000","$200 or less",NA,"$60,000 to $99,999","importance of you in the society ","movement of social status"
"2024","Spring","24058480",3.723,168,"BA","2024-03-13","2024-03-13","1211","40.8123","-73.9682","11360","2002","Female",NA,"Gender queer","Bisexual",NA,"Full-time (12 credits or more)","Declared (Please specify major):","Psychology and Creative Writing",NA,"3.5","4th year undergraduate","No","White or Caucasian (E.g., German, Irish, English, Italian, Polish, French, etc.)","German, Italian, Russian Jew, Scandinavian, Spanish",NA,NA,NA,NA,NA,NA,"No","No","No","Single",NA,"$100,000 to $150,000","$200 or less",NA,"$60,000 to $99,999","My power, perception, and standing in society","My ability to improve or lessen my “worth” according to our society "
"2024","Spring","24058754",3.977,130,"BA/MA","2024-03-13","2024-03-13","1212","40.8123","-73.9682","11232","2002","Female",NA,"Female","Bisexual",NA,"Full-time (12 credits or more)","Declared (Please specify major):","Psychology",NA,"3.973","4th year undergraduate","No","White or Caucasian (E.g., German, Irish, English, Italian, Polish, French, etc.)","Italian ",NA,NA,NA,NA,NA,NA,"No","No","No","Single",NA,"Less than $60,000","$201-$400",NA,"$100,000 to $150,000","Social status is the position in society. I most relate this to class in my head. ","Social mobility is the ability to change class (upward mobility)"
"2024","Spring","23644150",3.203,186,"BS","2024-03-13","2024-03-13","1828","40.8123","-73.9682","11385","1999","Female",NA,"Female","Asexual",NA,"Part-time (Fewer than 12 credits)","Declared (Please specify major):","Post bacc biology major ",NA,"3.440","6th year undergraduate","Yes","Hispanic, Latino or Spanish Origin (E.g., Mexican or Mexican American. Puerto Rican, Cuban, Salvadorian, Dominican, etc.)",NA,NA,"Puerto Rican",NA,NA,NA,NA,"Yes","No","No","Separated",NA,"Less than $60,000","$200 or less",NA,"$60,000 to $99,999","Position that one holds within the society ","Ability of individuals to move up or down in the hierarchy "
"2024","Spring","23740788",2.96,159.5,"BS","2024-03-13","2024-03-13","3376","40.7123","-74.0068","11355","2001","Female",NA,"Female","Heterosexual (as in ""straight"")",NA,"Full-time (12 credits or more)","Declared (Please specify major):","Behavioral Science & Health and Medicine (CUNYBA) ",NA,"3.10","4th year undergraduate","No","Asian (E.g., Chinese, Filipino, Asian Indian, Bangladeshi, Vietnamese, Korean etc,)",NA,NA,NA,"Pakistani ",NA,NA,NA,"Yes","No","No","Single",NA,"$100,000 to $150,000","$200 or less",NA,"$150,001 to $299,999","The connections you are capable of possessing and how others view you in society based on ‘who you are’","How possible it is to ‘climb up the social ladder’"
"2024","Spring","14095746",2.879,98,"BS","2024-03-14","2024-03-14","1299","40.8477","-73.8418","10467","1988","Female",NA,"Female","Heterosexual (as in ""straight"")",NA,"Part-time (Fewer than 12 credits)","Undeclared (Please specify intended major):",NA,"Education ","3.6","3rd year undergraduate","Yes","Hispanic, Latino or Spanish Origin (E.g., Mexican or Mexican American. Puerto Rican, Cuban, Salvadorian, Dominican, etc.)",NA,NA,"Dominican ",NA,NA,NA,NA,"Yes","No","No","Single",NA,"Less than $60,000","$601-$800",NA,"$150,001 to $299,999","The level of wealth, success, social group you’re in.","Easily accessible "
"2024","Spring","24206442",2.847,116,"BA","2024-03-14","2024-03-14","1380","40.8123","-73.9682","11421","2003","Female",NA,"Female","Heterosexual (as in ""straight"")",NA,"Full-time (12 credits or more)","Declared (Please specify major):","Psychology",NA,"1.9","3rd year undergraduate","Yes","Hispanic, Latino or Spanish Origin (E.g., Mexican or Mexican American. Puerto Rican, Cuban, Salvadorian, Dominican, etc.)",NA,NA,"Peruvian",NA,NA,NA,NA,"Yes","No","No","Single",NA,"Less than $60,000","$200 or less",NA,"Less than 60,000","Popularity","The ability to socialize wherever you go"
"2024","Spring","24038137",3.885,123,"BA","2024-03-14","2024-03-15","28780","40.8691","-73.9191","10034","2001","Male",NA,"Male","Heterosexual (as in ""straight"")",NA,"Full-time (12 credits or more)","Declared (Please specify major):","Economics",NA,"3.87","4th year undergraduate","Yes","Hispanic, Latino or Spanish Origin (E.g., Mexican or Mexican American. Puerto Rican, Cuban, Salvadorian, Dominican, etc.)",NA,NA,"Hispanic",NA,NA,NA,NA,"Yes","No","No","Single",NA,"Less than $60,000","$200 or less",NA,"$100,000 to $150,000","Your wealth and the amount of people that look up to you/respect you for certain attributes","Being able to move around the social hierarchy "
"2024","Spring","16048143",3.792,125,"BA/MA","2024-03-15","2024-03-15","3898","40.8231","-73.9513","10002","1985","Female",NA,"Female","Heterosexual (as in ""straight"")",NA,"Full-time (12 credits or more)","Declared (Please specify major):","Psychology ",NA,"3.97","2nd year undergraduate","Yes","Hispanic, Latino or Spanish Origin (E.g., Mexican or Mexican American. Puerto Rican, Cuban, Salvadorian, Dominican, etc.)",NA,NA,"Puerto Rican ",NA,NA,NA,NA,"Yes","Yes","No","Single",NA,"Less than $60,000","$601-$800",NA,"$100,000 to $150,000","I don’t know","Social class"
"2024","Spring","23872268",3.576,123,"BA/MA","2024-03-15","2024-03-15","4298","40.7162","-73.9229","11207","2001","Male",NA,"Male","Heterosexual (as in ""straight"")",NA,"Full-time (12 credits or more)","Declared (Please specify major):","Psychology ",NA,"4.0","2nd year undergraduate","No","Black or African American (E.g., African American, Jamaican, Haitian, Nigerian, Ethiopian, Somalian, etc.:",NA,"Black",NA,NA,NA,NA,NA,"No","Yes","No","Single",NA,"Less than $60,000","$200 or less",NA,"$100,000 to $150,000","The ability to exist and hold valuable assets and positions in a social hierarchy.","The ability to move and how well you move in social class."
"2024","Spring","24212435",3.75,120,"BA","2024-03-15","2024-03-15","10043","40.8123","-73.9682","11214","2001","Female",NA,"Female","Bisexual",NA,"Full-time (12 credits or more)","Declared (Please specify major):","Biology ",NA,"3.8","3rd year undergraduate","No","White or Caucasian (E.g., German, Irish, English, Italian, Polish, French, etc.)","Ukrainian ",NA,NA,NA,NA,NA,NA,"Yes","Yes","No","Single",NA,"Less than $60,000","$401-$600",NA,"$60,000 to $99,999","Defined by the way people perceive you based on the qualities you have","The ability to change your social status "
"2024","Spring","23844633",3.828,130,"BA","2024-03-15","2024-03-15","1603","40.7099","-73.9591","10033","2001","Female",NA,"Female","Heterosexual (as in ""straight"")",NA,"Part-time (Fewer than 12 credits)","Declared (Please specify major):","Psychology",NA,"3.8","4th year undergraduate","Yes","Hispanic, Latino or Spanish Origin (E.g., Mexican or Mexican American. Puerto Rican, Cuban, Salvadorian, Dominican, etc.)",NA,NA,"Dominican",NA,NA,NA,NA,"Yes","No","No","Single",NA,"Less than $60,000","Other ( Please specify):","Unemployment ","$60,000 to $99,999","Social status, for me, refers to your economic status along with the level of recognition you have within your field of work ","Social mobility refers to a person's ability to move up within society/climb the social laterresulting in experiencing an improvement in their social status "
"2024","Spring","24010924",3.648,120,"BA","2024-03-15","2024-03-15","688","40.8123","-73.9682","11368","2003","Female",NA,"Female","Uncertain/Questioning",NA,"Full-time (12 credits or more)","Declared (Please specify major):","psychology",NA,"3.66","3rd year undergraduate","Yes","Hispanic, Latino or Spanish Origin (E.g., Mexican or Mexican American. Puerto Rican, Cuban, Salvadorian, Dominican, etc.)",NA,NA,"Ecuadorian ",NA,NA,NA,NA,"Yes","No","No","Single",NA,"Less than $60,000","Other ( Please specify):","i don’t work ","$60,000 to $99,999","social mobidlity- socioeconomic status ","ability to move up and down the socioeconomic ladder"
"2024","Spring","23407957",2.639,122,"BA","2024-03-15","2024-03-15","1050","40.8123","-73.9682","11102","1997","Male",NA,"Male","Heterosexual (as in ""straight"")",NA,"Full-time (12 credits or more)","Declared (Please specify major):","business management",NA,"2.5","4th year undergraduate","Yes","Hispanic, Latino or Spanish Origin (E.g., Mexican or Mexican American. Puerto Rican, Cuban, Salvadorian, Dominican, etc.)",NA,NA,"Mexican",NA,NA,NA,NA,"Yes","No","No","Single",NA,"Less than $60,000","$200 or less",NA,"$60,000 to $99,999","amount of income","ability to change the social status of a person "
"2024","Spring","24161789",3.741,127,"BA/MA","2024-03-16","2024-03-16","1470","40.8312","-73.9067","10463","2003","Female",NA,"Female","Bisexual",NA,"Full-time (12 credits or more)","Declared (Please specify major):","Psychology ",NA,"3.8","1st year undergraduate","Yes","Hispanic, Latino or Spanish Origin (E.g., Mexican or Mexican American. Puerto Rican, Cuban, Salvadorian, Dominican, etc.)",NA,NA,"Dominican",NA,NA,NA,NA,"Yes","Yes","No","Single",NA,"$60,000 to $99,999","$200 or less",NA,"$150,001 to $299,999","Status based on Level of achievements ","Being active in social setting, events , with people "
"2024","Spring","24105404",3.879,133,"BA/MA","2024-03-18","2024-03-18","1278","40.8123","-73.9682","10520","1995","Female",NA,"Female","Uncertain/Questioning",NA,"Full-time (12 credits or more)","Declared (Please specify major):","BA/MA psychology",NA,"3.85","4th year undergraduate","No","Asian (E.g., Chinese, Filipino, Asian Indian, Bangladeshi, Vietnamese, Korean etc,)",NA,NA,NA,"Japanese",NA,NA,NA,"Yes","No","No","Married",NA,"$150,001 to $299,999","$200 or less",NA,"$150,001 to $299,999","unfair","fluid"
"2024","Spring","24136888",3.83,135,"BA/MA","2024-03-18","2024-03-18","1207","40.8123","-73.9682","10025","2000","Female",NA,"Female","Heterosexual (as in ""straight"")",NA,"Part-time (Fewer than 12 credits)","Declared (Please specify major):","Psychology",NA,"3.82","Graduate","No","Some other race, ethnicity or origin",NA,NA,NA,NA,NA,NA,"Mixed race","No","No","No","Single",NA,"Less than $60,000","$401-$600",NA,"$100,000 to $150,000","mainly affiliated with income and earnings","being able to move between economic class"
"2024","Spring","24275553",3.526,120,"BA","2024-03-18","2024-03-18","4450","40.8123","-73.9682","10002","2004","Female",NA,"Female","Heterosexual (as in ""straight"")",NA,"Full-time (12 credits or more)","Declared (Please specify major):","Ad/PR or communications",NA,"3","2nd year undergraduate","No","Asian (E.g., Chinese, Filipino, Asian Indian, Bangladeshi, Vietnamese, Korean etc,)",NA,NA,NA,"Chinese",NA,NA,NA,"Yes","No","No","Single",NA,"Less than $60,000","Other ( Please specify):","I’m unemployed","Less than 60,000","Income levels and professions","Ability to shift one’s social status to another"
"2024","Spring","24184079",3.536,120,"BA","2024-03-18","2024-03-18","883","40.8123","-73.9682","10462","2002","Male",NA,"Male","Heterosexual (as in ""straight"")",NA,"Full-time (12 credits or more)","Declared (Please specify major):","Psychology ",NA,"3.5","3rd year undergraduate","Yes","Hispanic, Latino or Spanish Origin (E.g., Mexican or Mexican American. Puerto Rican, Cuban, Salvadorian, Dominican, etc.)",NA,NA,"Ecuador",NA,NA,NA,NA,"No","No","No","Single",NA,"$60,000 to $99,999","Other ( Please specify):","N/A","$100,000 to $150,000","Where you place in Society.  ","Don’t know"
"2024","Spring","24405762",3.366,57,"BA","2024-03-18","2024-03-18","1474","40.3913","-74.3247","11235","2004","Female",NA,"Female","Heterosexual (as in ""straight"")",NA,"Full-time (12 credits or more)","Undeclared (Please specify intended major):",NA,"biology ","2.8","1st year undergraduate","No","Middle Eastern or North African (E.g., Lebanese, Iranian, Egyptian, Syrian, Moroccan, Algerian, etc.)",NA,NA,NA,NA,NA,"arab",NA,"Yes","No","No","Single",NA,"Less than $60,000","$201-$400",NA,"Greater than $300,000","knowing there's people whose popular and whose not based on what they do ","moving in a higher position in your career "
"2024","Spring","24308217",3.903,143,"BS","2024-03-19","2024-03-19","608","40.839","-73.946","10031","2003","Male",NA,"Male","Heterosexual (as in ""straight"")",NA,"Full-time (12 credits or more)","Declared (Please specify major):","CUNY BA- Social Epidemiology and Neuroscience",NA,"3.86","2nd year undergraduate","No","White or Caucasian (E.g., German, Irish, English, Italian, Polish, French, etc.)","White",NA,NA,NA,NA,NA,NA,"Yes","No","No","Domestic partnership",NA,"$100,000 to $150,000","$801-$1000",NA,"$150,001 to $299,999","Socioeconomic ","Upward avility"
"2024","Spring","24130631",3.606,134,"BA/MA","2024-03-19","2024-03-19","1305","40.839","-73.946","10456","2004","Female",NA,"Female","Bisexual",NA,"Full-time (12 credits or more)","Declared (Please specify major):","Psychology ",NA,"3.6","2nd year undergraduate","Yes","Hispanic, Latino or Spanish Origin (E.g., Mexican or Mexican American. Puerto Rican, Cuban, Salvadorian, Dominican, etc.)",NA,NA,"Dominican",NA,NA,NA,NA,"Yes","No","No","Single",NA,"Less than $60,000","$200 or less",NA,"$60,000 to $99,999","Social status depends on how well your liked within your community. You’re being ranked on your education, job, salary, assets, and etc. ","Social mobility is the way in which you move up the social ladder. Sort of like a child moving from the children’s table to eat lunch to the adult table. Or wen children who have grown up stop holing themselves in their rooms and instead come to join the family function."
"2024","Spring","24108457",3.418,122,"BA","2024-03-19","2024-03-19","2119","40.839","-73.946","11354","2003","Female",NA,"Female","Heterosexual (as in ""straight"")",NA,"Full-time (12 credits or more)","Declared (Please specify major):","Psychology",NA,"3.2","3rd year undergraduate","Yes","Hispanic, Latino or Spanish Origin (E.g., Mexican or Mexican American. Puerto Rican, Cuban, Salvadorian, Dominican, etc.)",NA,NA,"Colombian",NA,NA,NA,NA,"Yes","No","No","Married",NA,"Less than $60,000","$200 or less",NA,"$60,000 to $99,999","ones place on the social ladder and society ","The ability to move through the social ladder"
"2024","Spring","24264044",3.6,30,"BE","2024-03-19","2024-03-19","1765","40.839","-73.946","10472","2005","Female",NA,"Female","Heterosexual (as in ""straight"")",NA,"Full-time (12 credits or more)","Undeclared (Please specify intended major):",NA,"Computer science ","3.7","1st year undergraduate","No","Asian (E.g., Chinese, Filipino, Asian Indian, Bangladeshi, Vietnamese, Korean etc,)",NA,NA,NA,"Bangladeshi ",NA,NA,NA,"Yes","No","No","Single",NA,"Less than $60,000","Other ( Please specify):","0","$100,000 to $150,000","Social status can be define as how standard your job/career is. ","change in a person's socio-economic situation, either in relation to their parents "
"2024","Spring","24040291",3.226,122,"BA","2024-03-19","2024-03-19","2069","40.839","-73.946","10025","2002","Female",NA,"Female","Bisexual",NA,"Full-time (12 credits or more)","Declared (Please specify major):","Psychology",NA,"3.185","4th year undergraduate","Yes","Hispanic, Latino or Spanish Origin (E.g., Mexican or Mexican American. Puerto Rican, Cuban, Salvadorian, Dominican, etc.)",NA,NA,"Cuban Ecuadorian American",NA,NA,NA,NA,"Yes","No","No","Single",NA,"Less than $60,000","$200 or less",NA,"Less than 60,000","Power and influence you have in society","Movement of people and their power in society"
"2024","Spring","24251712",3.369,51,"BS","2024-03-19","2024-03-19","675","40.839","-73.946","11105","2005","Female",NA,"Female","Heterosexual (as in ""straight"")",NA,"Full-time (12 credits or more)","Undeclared (Please specify intended major):",NA,"Psychology BS","3.2","1st year undergraduate","No","Middle Eastern or North African (E.g., Lebanese, Iranian, Egyptian, Syrian, Moroccan, Algerian, etc.)",NA,NA,NA,NA,NA,"Egyptian",NA,"Yes","No","No","Single",NA,"Less than $60,000","Other ( Please specify):","NA I don't work","Less than 60,000","Your job determines how you are viewed by society, if you are smart, accomplished a lot in life and determines how people will usually treat you.","Your social-economic situation can change a lot if you put the effort and mindset to change it. It can either go up or down."
"2024","Spring","23141159",2.191,129,"BS","2024-03-19","2024-03-19","3579","40.839","-73.946","10462","1994","Female",NA,"Female","Heterosexual (as in ""straight"")",NA,"Part-time (Fewer than 12 credits)","Declared (Please specify major):","Psychology",NA,"2","4th year undergraduate","No","Asian (E.g., Chinese, Filipino, Asian Indian, Bangladeshi, Vietnamese, Korean etc,)",NA,NA,NA,"Bangladeshi",NA,NA,NA,"Yes","Yes","No","Single",NA,"Less than $60,000","$801-$1000",NA,"$60,000 to $99,999","Social status is your position in the society. How people of the society perceive you and what range of influence you have on people due to their perception. ","change of social status"
"2024","Spring","24450488",3.185,95,"BA","2024-03-19","2024-03-19","958","40.839","-73.946","11432","2005","Female",NA,"Female","Heterosexual (as in ""straight"")",NA,"Full-time (12 credits or more)","Undeclared (Please specify intended major):",NA,"biology","2.750","1st year undergraduate","Yes","Hispanic, Latino or Spanish Origin (E.g., Mexican or Mexican American. Puerto Rican, Cuban, Salvadorian, Dominican, etc.)",NA,NA,"Guatemalan",NA,NA,NA,NA,"Yes","No","No","Single",NA,"Less than $60,000","$200 or less",NA,"$100,000 to $150,000","social status is how you are defined based on income, education, work","Social mobility is being able to move either up or down the social ladder. "
"2024","Spring","23789014",3.112,119,"BA","2024-03-19","2024-03-19","1577","40.7547","-73.9614","10461","2000","Male",NA,"Male","Heterosexual (as in ""straight"")",NA,"Part-time (Fewer than 12 credits)","Declared (Please specify major):","Psychology",NA,"2.5","5th year undergraduate","Yes","Hispanic, Latino or Spanish Origin (E.g., Mexican or Mexican American. Puerto Rican, Cuban, Salvadorian, Dominican, etc.)",NA,NA,"Puerto Rican",NA,NA,NA,NA,"No","No","No","Single",NA,"$60,000 to $99,999","$201-$400",NA,"Greater than $300,000","Where one stands in the cultural hierarchy of their peers.","The ability to move up in that hierarchy "
"2024","Spring","24051319",3.984,167,"BA/MA","2024-03-19","2024-03-19","500","40.7653","-73.9589","10031","2002","Female",NA,"Gender non-conforming","Bisexual",NA,"Full-time (12 credits or more)","Declared (Please specify major):","Psychology",NA,"3.9","4th year undergraduate","No","White or Caucasian (E.g., German, Irish, English, Italian, Polish, French, etc.)","Irish ancestry",NA,NA,NA,NA,NA,NA,"No","No","No","Single",NA,"$60,000 to $99,999","$201-$400",NA,"$60,000 to $99,999","The class someone is born into","The class you can work your way into "
"2024","Spring","23943536",3.113,120,"BA","2024-03-19","2024-03-19","25643","40.7961","-73.9513","10025","2001","Female",NA,"Female","Homosexual (as in ""lesbian"" or ""gay"")",NA,"Full-time (12 credits or more)","Declared (Please specify major):","Psychology BA",NA,"2.800","4th year undergraduate","Yes","Hispanic, Latino or Spanish Origin (E.g., Mexican or Mexican American. Puerto Rican, Cuban, Salvadorian, Dominican, etc.)",NA,NA,"Mexican American ",NA,NA,NA,NA,"Yes","No","No","Single",NA,"Less than $60,000","$201-$400",NA,"Less than 60,000","A persons importance compared to other people ","Due to your social status you can either move up or down "
"2024","Spring","24023890",3.551,130,"BA/MA","2024-03-19","2024-03-19","1806","40.7652","-73.9588","10032","2002","Female",NA,"Female","Heterosexual (as in ""straight"")",NA,"Full-time (12 credits or more)","Declared (Please specify major):","Psychology ",NA,"3.4","4th year undergraduate","Yes","Hispanic, Latino or Spanish Origin (E.g., Mexican or Mexican American. Puerto Rican, Cuban, Salvadorian, Dominican, etc.)",NA,NA,"Dominican",NA,NA,NA,NA,"Yes","No","No","Single",NA,"Less than $60,000","$200 or less",NA,"$60,000 to $99,999","A rank or position that someone holds in society or in a group ","Someone improving their social status "
"2024","Spring","24012694",3.576,132,"BA/MA","2024-03-19","2024-03-19","657","40.7547","-73.9614","11214","2003","Female",NA,"Female","Heterosexual (as in ""straight"")",NA,"Full-time (12 credits or more)","Declared (Please specify major):","Psychology",NA,"3.5","3rd year undergraduate","No","Middle Eastern or North African (E.g., Lebanese, Iranian, Egyptian, Syrian, Moroccan, Algerian, etc.)",NA,NA,NA,NA,NA,"Algerian",NA,"Yes","No","No","Single",NA,"Less than $60,000","$200 or less",NA,"$60,000 to $99,999","Social class is how id define it","Ability to change social standing"
"2024","Spring","24130675",3.713,130,"BA/MA","2024-03-20","2024-03-20","1055","40.7503","-74.0014","10031","1990","Male",NA,"Male","Homosexual (as in ""lesbian"" or ""gay"")",NA,"Full-time (12 credits or more)","Declared (Please specify major):","Psychology ",NA,"3.63","4th year undergraduate","No","White or Caucasian (E.g., German, Irish, English, Italian, Polish, French, etc.)","Italian",NA,NA,NA,NA,NA,NA,"No","No","No","Married",NA,"$100,000 to $150,000","$1001-$1200",NA,"$150,001 to $299,999","The status to which a person holds in a given society. Mainly surrounding job role and income in a capitalist society","The ability to move up in in society"
"2024","Spring","23259244",3.188,159,"BA/MA","2024-03-20","2024-03-20","1109","40.839","-73.946","10457","1991","Female",NA,"Female","Other (Please identity):","Queer","Full-time (12 credits or more)","Declared (Please specify major):","CASAC in Psychology Combined BA/MA",NA,"3.0","Graduate","No","Some other race, ethnicity or origin",NA,NA,NA,NA,NA,NA,NA,"Yes","No","No","Single",NA,"Less than $60,000","$201-$400",NA,"$60,000 to $99,999","Income bracket/social standing within society ","Ability to change social status"
"2024","Spring","16046772",2.523,120,"BS","2024-03-20","2024-03-20","2355","41.7965","-71.4304","11379","1993","Male",NA,"Male","Heterosexual (as in ""straight"")",NA,"Not a College student","Declared (Please specify major):","Psychology ",NA,"2.6","Graduate","Yes","Hispanic, Latino or Spanish Origin (E.g., Mexican or Mexican American. Puerto Rican, Cuban, Salvadorian, Dominican, etc.)",NA,NA,"Colombian, Ecuadorian",NA,NA,NA,NA,"Yes","No","No","Married",NA,"$60,000 to $99,999","Other ( Please specify):","Unemployed ","$100,000 to $150,000","Wealth and influence in social circles ","The capacity to increase/decrease in wealth and social influence "
"2024","Spring","24134066",3.657,168,"BS","2024-03-20","2024-03-20","761","40.839","-73.946","10314","2004","Female",NA,"Female","Uncertain/Questioning",NA,"Full-time (12 credits or more)","Declared (Please specify major):","MHC Psychology BS",NA,"3.4","2nd year undergraduate","No","White or Caucasian (E.g., German, Irish, English, Italian, Polish, French, etc.)","Irish, German",NA,NA,NA,NA,NA,NA,"No","Yes","No","Single",NA,"$100,000 to $150,000","$200 or less",NA,"$100,000 to $150,000","To me, social status is someone's standing within society. Their job, their salary, how they live, what bills or things they must worry about. I think that social status is mostly tied to the money you make and how you then can allocate that money into your life.","I define social mobility as one's ability to move from a lower social status to a higher, or vice versa. I understand this to be something that most want, in the sense of moving from a lower status to higher, but I think that often times the old anecdote of picking yourself up by your boot straps and working hard to gain a higher social status is something that cannot apply to today's society because of how much has changed socially, and especially economically."
"2024","Spring","24007183",3.931,130,"BA/MA","2024-03-20","2024-03-20","5815","40.782","-73.9953","11436","2004","Female",NA,"Female","Bisexual",NA,"Full-time (12 credits or more)","Declared (Please specify major):","Psychology BA/MA CASAC",NA,"3.9","3rd year undergraduate","No","Some other race, ethnicity or origin",NA,NA,NA,NA,NA,NA,"West Indian ","No","No","No","Single",NA,"Less than $60,000","$201-$400",NA,"$60,000 to $99,999","Your social class based on income/where you live etc (upper, middle, lower) ","being able to move between the social class (going from lower to mid or vice versa)"
"2024","Spring","24265336",4,143,"BA/MA","2024-03-20","2024-03-20","2602","40.839","-73.946","10035","1967","Male",NA,"Male","Heterosexual (as in ""straight"")",NA,"Full-time (12 credits or more)","Declared (Please specify major):","psychology",NA,"4","Graduate","No","Asian (E.g., Chinese, Filipino, Asian Indian, Bangladeshi, Vietnamese, Korean etc,)",NA,NA,NA,"Japanese",NA,NA,NA,"Yes","No","Yes","Single",NA,"Less than $60,000","Other ( Please specify):","seasonal 1000 in summer","$60,000 to $99,999","power","access to success"
"2024","Spring","24440214",3.717,98,"BS","2024-03-20","2024-03-20","1098","40.839","-73.946","11226","2005","Female",NA,"Female","Heterosexual (as in ""straight"")",NA,"Full-time (12 credits or more)","Undeclared (Please specify intended major):",NA,"Pre-Health","4.0","1st year undergraduate","No","Black or African American (E.g., African American, Jamaican, Haitian, Nigerian, Ethiopian, Somalian, etc.:",NA,"Haitian",NA,NA,NA,NA,NA,"Yes","No","No","Single",NA,"Less than $60,000","$200 or less",NA,"$100,000 to $150,000","SocioEconomic standpoint","Being able to make more money, be more educated."
"2024","Spring","24204144",3.838,121,"BA","2024-03-20","2024-03-20","6310","40.8171","-73.9392","11372","2003","Female",NA,"Female","Heterosexual (as in ""straight"")",NA,"Full-time (12 credits or more)","Declared (Please specify major):","Psychology ",NA,"3.8","3rd year undergraduate","Yes","Hispanic, Latino or Spanish Origin (E.g., Mexican or Mexican American. Puerto Rican, Cuban, Salvadorian, Dominican, etc.)",NA,NA,"Ecuadorian ",NA,NA,NA,NA,"Yes","No","No","Single",NA,"Less than $60,000","$200 or less",NA,"$60,000 to $99,999","Your position in life ","The ability to change your status"
"2024","Spring","23966914",3.818,146,"BS","2024-03-20","2024-03-20","1096","40.839","-73.946","11385","2002","Male",NA,"Male","Heterosexual (as in ""straight"")",NA,"Full-time (12 credits or more)","Declared (Please specify major):","Psychology",NA,"3.794","4th year undergraduate","Yes","Hispanic, Latino or Spanish Origin (E.g., Mexican or Mexican American. Puerto Rican, Cuban, Salvadorian, Dominican, etc.)",NA,NA,"Ecuadorian",NA,NA,NA,NA,"Yes","No","Yes","Single",NA,"Less than $60,000","$201-$400",NA,"$150,001 to $299,999","The level of prestige and respect a person has. Often associated with a good salary and mannerisms.","Changing your social status via actions."
"2024","Spring","23990732",3.274,129,"BA/MA","2024-03-20","2024-03-20","884","40.839","-73.946","10306","2003","Male",NA,"Male","Heterosexual (as in ""straight"")",NA,"Full-time (12 credits or more)","Declared (Please specify major):","BAMA psychology ",NA,"3.1","3rd year undergraduate","Yes","Hispanic, Latino or Spanish Origin (E.g., Mexican or Mexican American. Puerto Rican, Cuban, Salvadorian, Dominican, etc.)",NA,NA,"Mexican",NA,NA,NA,NA,"Yes","No","No","Single",NA,"Less than $60,000","$201-$400",NA,"$60,000 to $99,999","mid to lower class","that there is no concrete social status "
"2024","Spring","23720336",3.229,136,"BS","2024-03-20","2024-03-20","8558","40.6627","-73.9138","11207","2001","Female",NA,"Female","Heterosexual (as in ""straight"")",NA,"Full-time (12 credits or more)","Declared (Please specify major):","Biology",NA,"3.0","5th year undergraduate","No","Asian (E.g., Chinese, Filipino, Asian Indian, Bangladeshi, Vietnamese, Korean etc,)",NA,NA,NA,"Chinese, Indonesian",NA,NA,NA,"No","No","No","Single",NA,"Less than $60,000","$200 or less",NA,"$60,000 to $99,999","The prestige or respect one might have in society. ","The ability to move in a social hierarchy."
"2024","Spring","23845445",3.789,131,"BA/MA","2024-03-20","2024-03-20","1059","40.8231","-73.9513","10031","2002","Female",NA,"Female","Heterosexual (as in ""straight"")",NA,"Full-time (12 credits or more)","Declared (Please specify major):","Ba/ma psychology",NA,"3.81","4th year undergraduate","Yes","Some other race, ethnicity or origin",NA,NA,NA,NA,NA,NA,NA,"Yes","No","No","Single",NA,"Less than $60,000","$401-$600",NA,"$60,000 to $99,999","Economic status","Moving up social ladder "
"2024","Spring","24315296",3.915,116,"BA/MA","2024-03-20","2024-03-20","9121","40.8171","-73.9392","11365","2004","Female",NA,"Transgender","Uncertain/Questioning",NA,"Part-time (Fewer than 12 credits)","Declared (Please specify major):","Psychology ",NA,"3.8","2nd year undergraduate","No","Asian (E.g., Chinese, Filipino, Asian Indian, Bangladeshi, Vietnamese, Korean etc,)",NA,NA,NA,"Korean",NA,NA,NA,"Yes","No","No","Single",NA,"$150,001 to $299,999","Other ( Please specify):","I am dependent on my parents ","$150,001 to $299,999","I see it as labels society puts on us. I feel that we shouldn’t always be defined in who we are with labels. I also believe that we can achieve more and climb the social latter, when it comes to education and money.","It’s where a person or group moves in the social hierarchy that is set by society."
"2024","Spring","13010232",3.5,24,"MPA","2024-03-20","2024-03-20","5274","40.839","-73.946","10463","1989","Female",NA,"Female","Heterosexual (as in ""straight"")",NA,"Part-time (Fewer than 12 credits)","Declared (Please specify major):","Masters in Public Administration",NA,"3.100","Graduate","Yes","Hispanic, Latino or Spanish Origin (E.g., Mexican or Mexican American. Puerto Rican, Cuban, Salvadorian, Dominican, etc.)",NA,NA,"Dominican & Puerto Rican ",NA,NA,NA,NA,"Yes","No","No","Single",NA,"$60,000 to $99,999","Other ( Please specify):","$1,411.54","Greater than $300,000","Achieved status, position in society ","Ability of chnage in social/economic situation"
"2024","Spring","24273264",3.867,128,"BA/MA","2024-03-20","2024-03-20","909","40.6643","-73.9763","11209","2004","Female",NA,"Female","Heterosexual (as in ""straight"")",NA,"Full-time (12 credits or more)","Declared (Please specify major):","CASAC ba/ma",NA,"3.92","2nd year undergraduate","No","Black or African American (E.g., African American, Jamaican, Haitian, Nigerian, Ethiopian, Somalian, etc.:",NA,"Sudanese",NA,NA,NA,NA,NA,"Yes","No","No","Domestic partnership",NA,"Less than $60,000","$200 or less",NA,"$60,000 to $99,999","Social status to me is how other people perceive you based on your success and sociability. ","People who are adaptable to different social settings "
"2024","Spring","15267133",3.575,30,"MPA","2024-03-20","2024-03-20","7253","40.839","-73.946","10451","1993","Male",NA,"Male","Heterosexual (as in ""straight"")",NA,"Full-time (12 credits or more)","Declared (Please specify major):","Public Administration",NA,"3.8","Graduate","Yes","Hispanic, Latino or Spanish Origin (E.g., Mexican or Mexican American. Puerto Rican, Cuban, Salvadorian, Dominican, etc.)",NA,NA,"Colombian",NA,NA,NA,NA,"Yes","No","No","Single",NA,"$100,000 to $150,000","$801-$1000",NA,"$150,001 to $299,999","Position in the world","How one moves through the social ladder"
"2024","Spring","14096885",3.842,30,"MPA","2024-03-20","2024-03-20","7576","40.839","-73.946","11224","1994","Female",NA,"Female","Bisexual",NA,"Part-time (Fewer than 12 credits)","Declared (Please specify major):","Masters in Public Service ",NA,"3.8","Graduate","Yes","Hispanic, Latino or Spanish Origin (E.g., Mexican or Mexican American. Puerto Rican, Cuban, Salvadorian, Dominican, etc.)",NA,NA,"Dominican",NA,NA,NA,NA,"Yes","No","No","Single",NA,"Less than $60,000","$1001-$1200",NA,"$100,000 to $150,000","Social status is determined by our socio-economic background, intersectionally  affected by race or gender ","The ability to move up in the social ladder"
"2024","Spring","23199507",3.457,30,"MPA","2024-03-20","2024-03-20","9092","40.839","-73.946","10034","1995","Male",NA,"Male","Heterosexual (as in ""straight"")",NA,"Full-time (12 credits or more)","Declared (Please specify major):","Public Administration",NA,"2.9","Graduate","Yes","Hispanic, Latino or Spanish Origin (E.g., Mexican or Mexican American. Puerto Rican, Cuban, Salvadorian, Dominican, etc.)",NA,NA,"Afro-Honduran",NA,NA,NA,NA,"Yes","No","No","Single",NA,"$60,000 to $99,999","$1001-$1200",NA,"$150,001 to $299,999","Standing in society based on factors such as race, class, intellect","The ability to change social status using factors such as education and appealing to status quo"
"2024","Spring","24180078",3.774,115,"BA/MA","2024-03-20","2024-03-20","1565","40.6994","-73.8883","11385","2003","Female",NA,"Female","Heterosexual (as in ""straight"")",NA,"Full-time (12 credits or more)","Declared (Please specify major):","Psychology ",NA,"3.7","3rd year undergraduate","No","Middle Eastern or North African (E.g., Lebanese, Iranian, Egyptian, Syrian, Moroccan, Algerian, etc.)",NA,NA,NA,NA,NA,"Yemeni ",NA,"Yes","No","No","Single",NA,"Less than $60,000","Other ( Please specify):","don't work","$60,000 to $99,999","Finacial stability level ","social status level"
"2024","Spring","24114914",3.814,138,"BA/MA","2024-03-20","2024-03-20","913","40.6462","-73.9559","11210","2004","Female",NA,"Female","Bisexual",NA,"Full-time (12 credits or more)","Declared (Please specify major):","Psychology",NA,"3.8","3rd year undergraduate","Yes","Black or African American (E.g., African American, Jamaican, Haitian, Nigerian, Ethiopian, Somalian, etc.:",NA,"Haitian",NA,NA,NA,NA,NA,"Yes","No","No","Single",NA,"Less than $60,000","$200 or less",NA,"$100,000 to $150,000","How people respect you","Moving to positions of higher respect"
"2024","Spring","23727433",3.572,24,"MPA","2024-03-20","2024-03-20","12716","40.839","-73.946","11101","2000","Female",NA,"Female","Heterosexual (as in ""straight"")",NA,"Part-time (Fewer than 12 credits)","Declared (Please specify major):","Masters in Public Administration",NA,"3.2","Graduate","No","Asian (E.g., Chinese, Filipino, Asian Indian, Bangladeshi, Vietnamese, Korean etc,)",NA,NA,NA,"Pakistani",NA,NA,NA,"Yes","No","No","Single",NA,"Less than $60,000","$601-$800",NA,"Less than 60,000","privilege","money"
"2024","Spring","23959728",3.216,124,"BA","2024-03-20","2024-03-20","1904","40.8703","-73.8525","10470","2003","Female",NA,"Female","Heterosexual (as in ""straight"")",NA,"Full-time (12 credits or more)","Declared (Please specify major):","psych ",NA,"3.2","3rd year undergraduate","Yes","Hispanic, Latino or Spanish Origin (E.g., Mexican or Mexican American. Puerto Rican, Cuban, Salvadorian, Dominican, etc.)",NA,NA,"dominican",NA,NA,NA,NA,"Yes","No","No","Single",NA,"$150,001 to $299,999","$200 or less",NA,"$150,001 to $299,999","social status is based on perception. it is where others think we belong based on outward appearance, assumed financial status and job titles. ","how succesfully people can move from one ""tier"" of society into another. "
"2024","Spring","23875531",3.657,130,"BA/MA","2024-03-20","2024-03-21","1742","40.7652","-73.9588","11377","2001","Female",NA,"Female","Heterosexual (as in ""straight"")",NA,"Full-time (12 credits or more)","Declared (Please specify major):","BA/MA Psychology CASAC track",NA,"3.5","4th year undergraduate","No","Asian (E.g., Chinese, Filipino, Asian Indian, Bangladeshi, Vietnamese, Korean etc,)",NA,NA,NA,"Bangladeshiii",NA,NA,NA,"Yes","No","No","Single",NA,"Less than $60,000","$200 or less",NA,"$100,000 to $150,000","I define the term social status with one’s income level. I don’t want to define it as anything, we’re all here temporarily. But I have observed that those green papers and bank cards are what people either long for, actively chase, or mount themselves on. As people do their thing, society ranks them as low, average joe, or high. Then depending on the persons character, one chooses whether they will/how they will interact with someone if the same or lower “status”. Apologies, I am probably yapping and all that was important was the first sentence. ","Definitely subjective because of unique circumstances. But I define the term as how much of a change you can make to your societal standing. "
"2024","Spring","24421928",2.729,72,"BSED","2024-03-21","2024-03-21","757","30.0588","31.2268","10128","2005","Female",NA,"Female","Heterosexual (as in ""straight"")",NA,"Full-time (12 credits or more)","Declared (Please specify major):","Childhood Education ",NA,"2.9","1st year undergraduate","No","Middle Eastern or North African (E.g., Lebanese, Iranian, Egyptian, Syrian, Moroccan, Algerian, etc.)",NA,NA,NA,NA,NA,"Egyptian",NA,"Yes","No","No","Single",NA,"Less than $60,000","Other ( Please specify):","No income ","Less than 60,000","Status in society ","Flexibility "
"2024","Spring","24105167",3.398,175,"BA","2024-03-21","2024-03-21","1216","40.839","-73.946","11358","2004","Female",NA,"Female","Asexual",NA,"Full-time (12 credits or more)","Declared (Please specify major):","psychology",NA,"3.536","2nd year undergraduate","No","Asian (E.g., Chinese, Filipino, Asian Indian, Bangladeshi, Vietnamese, Korean etc,)",NA,NA,NA,"chinese",NA,NA,NA,"Yes","No","No","Single",NA,"Less than $60,000","$201-$400",NA,"$60,000 to $99,999","your position in a social environment ","moving positions in a social environment "
"2024","Spring","24171577",3.908,130,"BA/MA","2024-03-21","2024-03-21","1578","40.8494","-73.9016","10033","2004","Female",NA,"Female","Heterosexual (as in ""straight"")",NA,"Full-time (12 credits or more)","Declared (Please specify major):","Psychology",NA,"3.88","2nd year undergraduate","Yes","Hispanic, Latino or Spanish Origin (E.g., Mexican or Mexican American. Puerto Rican, Cuban, Salvadorian, Dominican, etc.)",NA,NA,"Dominican",NA,NA,NA,NA,"Yes","No","No","Single",NA,"Less than $60,000","$201-$400",NA,"$100,000 to $150,000",".","Not sure"
"2024","Spring","23967011",3.987,123,"BS","2024-03-21","2024-03-21","1222","42.2904","-71.0712","11207","2001","Female",NA,"Female","Heterosexual (as in ""straight"")",NA,"Not a College student","Declared (Please specify major):","Psych BS",NA,"3.9","Graduate","No","Middle Eastern or North African (E.g., Lebanese, Iranian, Egyptian, Syrian, Moroccan, Algerian, etc.)",NA,NA,NA,NA,NA,"Egyptian",NA,"Yes","No","No","Single",NA,"Less than $60,000","$200 or less",NA,"Greater than $300,000","The social state where someone stands socially meaning how they are in social life ","Social mobility is the capacity for individuals or groups to transition within societal hierarchies, typically reflecting movements in socioeconomic status."
"2024","Spring","23860181",3.188,120,"BA","2024-03-21","2024-03-21","950","40.782","-73.9953","10027","2002","Female",NA,"Female","Heterosexual (as in ""straight"")",NA,"Full-time (12 credits or more)","Declared (Please specify major):","Psychology ",NA,"3.0","4th year undergraduate","Yes","Hispanic, Latino or Spanish Origin (E.g., Mexican or Mexican American. Puerto Rican, Cuban, Salvadorian, Dominican, etc.)",NA,NA,"Ecuadorian",NA,NA,NA,NA,"Yes","No","No","Domestic partnership",NA,"Less than $60,000","$200 or less",NA,"$60,000 to $99,999","rank a person holds","moving up the hierarchy"
"2024","Spring","24172651",3.806,130,"BA/MA","2024-03-21","2024-03-21","17994","40.839","-73.946","10473","2003","Female",NA,"Female","Heterosexual (as in ""straight"")",NA,"Full-time (12 credits or more)","Declared (Please specify major):","Psychology",NA,"3.75","3rd year undergraduate","Yes","Hispanic, Latino or Spanish Origin (E.g., Mexican or Mexican American. Puerto Rican, Cuban, Salvadorian, Dominican, etc.)",NA,NA,"Dominican ",NA,NA,NA,NA,"Yes","No","No","Single",NA,"Less than $60,000","$200 or less",NA,"$100,000 to $150,000","I take it as social class, if you experience more economic affects in a certain social class versus in another","Being able to be an active participant in your community or society"
"2024","Spring","24042890",3.605,130,"BA/MA","2024-03-21","2024-03-21","943","40.8171","-73.9392","10027","2002","Female",NA,"Female","Bisexual",NA,"Full-time (12 credits or more)","Declared (Please specify major):","Psychology ",NA,"3.6","3rd year undergraduate","No","Black or African American (E.g., African American, Jamaican, Haitian, Nigerian, Ethiopian, Somalian, etc.:",NA,"Guyanese",NA,NA,NA,NA,NA,"No","No","No","Single",NA,"Less than $60,000","$200 or less",NA,"Greater than $300,000","Where you are on the social hierarchy. Meaning, if you are poor, middle class or rich","The ability to move up the social hierarchy "
"2024","Spring","24161789",3.741,127,"BA/MA","2024-03-21","2024-03-21","2313","40.8777","-73.908","10463","2003","Female",NA,"Female","Bisexual",NA,"Full-time (12 credits or more)","Declared (Please specify major):","Psychology",NA,"3.8","2nd year undergraduate","Yes","Hispanic, Latino or Spanish Origin (E.g., Mexican or Mexican American. Puerto Rican, Cuban, Salvadorian, Dominican, etc.)",NA,NA,"Dominican ",NA,NA,NA,NA,"Yes","Yes","No","Single",NA,"$60,000 to $99,999","$200 or less",NA,"$150,001 to $299,999","Social in big groups ","Can switch to multiple groups "
"2024","Spring","24439553",2.781,86,"BS","2024-03-21","2024-03-21","857","40.6286","-73.939","11210","2005","Female",NA,"Female","Heterosexual (as in ""straight"")",NA,"Full-time (12 credits or more)","Undeclared (Please specify intended major):",NA,"Biology ","3.350","1st year undergraduate","No","Asian (E.g., Chinese, Filipino, Asian Indian, Bangladeshi, Vietnamese, Korean etc,)",NA,NA,NA,"Pakistani",NA,NA,NA,"Yes","No","No","Single",NA,"Less than $60,000","$200 or less",NA,"$60,000 to $99,999","A persons background or status in a society ","change in relationships"
"2024","Spring","24155343",3.984,122,"BS","2024-03-21","2024-03-21","43264","40.782","-73.9953","11379","2004","Male",NA,"Male","Heterosexual (as in ""straight"")",NA,"Full-time (12 credits or more)","Declared (Please specify major):","Psychology ",NA,"3.971","3rd year undergraduate","No","Middle Eastern or North African (E.g., Lebanese, Iranian, Egyptian, Syrian, Moroccan, Algerian, etc.)",NA,NA,NA,NA,NA,"Egyptian",NA,"Yes","No","No","Single",NA,"$60,000 to $99,999","$201-$400",NA,"$60,000 to $99,999","How a person stands relative to others in society.","I don’t w"
"2024","Spring","23051044",3.292,139,"BA","2024-03-22","2024-03-22","836","40.726","-73.848","11435","1991","Female",NA,"Female","Heterosexual (as in ""straight"")",NA,"Full-time (12 credits or more)","Declared (Please specify major):","Interdisciplinary studies",NA,"3.1","Non-degree seeking","Yes","Hispanic, Latino or Spanish Origin (E.g., Mexican or Mexican American. Puerto Rican, Cuban, Salvadorian, Dominican, etc.)",NA,NA,"Latino, hispanic",NA,NA,NA,NA,"Yes","No","No","Single",NA,"Less than $60,000","$601-$800",NA,"$150,001 to $299,999","How you're respected by others","How a person can go from one status to another"
"2024","Spring","24286973",2.908,82,"BA","2024-03-22","2024-03-22","1363","40.839","-73.946","10027","2004","Female",NA,"Female","Uncertain/Questioning",NA,"Full-time (12 credits or more)","Declared (Please specify major):","psychology",NA,"2.8","2nd year undergraduate","No","White or Caucasian (E.g., German, Irish, English, Italian, Polish, French, etc.)","Jewish",NA,NA,NA,NA,NA,NA,"No","No","No","Single",NA,"$150,001 to $299,999","Other ( Please specify):","not sure","$60,000 to $99,999","how you are percieved by society, this impacts what opportunities are availabe to you","the ability to improve your social status with effort"
"2024","Spring","24266743",3.248,100,"BS","2024-03-22","2024-03-22","1417","40.7009","-73.9461","10033","1994","Female",NA,"Gender non-conforming","Bisexual",NA,"Full-time (12 credits or more)","Declared (Please specify major):","Biology",NA,"3.5","2nd year undergraduate","No","White or Caucasian (E.g., German, Irish, English, Italian, Polish, French, etc.)","German Irish French Italian ",NA,NA,NA,NA,NA,NA,"No","Yes","No","Single",NA,"Less than $60,000","$201-$400",NA,"$100,000 to $150,000","socioeconomic status, how much income and access to resources someone has","when someone moves between different status levels"
"2024","Spring","24385355",3.928,118,"BA","2024-03-22","2024-03-22","8151","40.7652","-73.9588","10128","2004","Female",NA,"Female","Homosexual (as in ""lesbian"" or ""gay"")",NA,"Full-time (12 credits or more)","Undeclared (Please specify intended major):",NA,"Psychology","4.0","1st year undergraduate","No","White or Caucasian (E.g., German, Irish, English, Italian, Polish, French, etc.)","Armenian and Ukrainian",NA,NA,NA,NA,NA,NA,"Yes","No","Yes","Single",NA,"Less than $60,000","$201-$400",NA,"$100,000 to $150,000","how people view you, and at what social rank you are at (like socioeconomics) ","ability to move up or just move in general within your social status "
"2024","Spring","24402127",3.047,68,"BS","2024-03-23","2024-03-23","6431","40.6372","-73.9037","11234","2005","Female",NA,"Female","Heterosexual (as in ""straight"")",NA,"Full-time (12 credits or more)","Undeclared (Please specify intended major):",NA,"Biotechnology","3.3","1st year undergraduate","No","Asian (E.g., Chinese, Filipino, Asian Indian, Bangladeshi, Vietnamese, Korean etc,)",NA,NA,NA,"Pakistani",NA,NA,NA,"Yes","No","No","Single",NA,"Less than $60,000","Other ( Please specify):","none","Less than 60,000","your value in society.","Your ability to do something in society. "
"2024","Spring","23992708",3.405,131,"BS","2024-03-23","2024-03-23","2640","40.6186","-73.9272","11236","2002","Female",NA,"Female","Heterosexual (as in ""straight"")",NA,"Full-time (12 credits or more)","Declared (Please specify major):","Psychology",NA,"3.2","4th year undergraduate","No","Black or African American (E.g., African American, Jamaican, Haitian, Nigerian, Ethiopian, Somalian, etc.:",NA,"Nigerian",NA,NA,NA,NA,NA,"Yes","No","No","Single",NA,"$60,000 to $99,999","$201-$400",NA,"Greater than $300,000","social status equates prestige to me. ","social mobility is the movement from one social status to another"
"2024","Spring","24349007",2.33,86,"BA","2024-03-23","2024-03-23","1277","40.7652","-73.9588","10462","2003","Female",NA,"Female","Heterosexual (as in ""straight"")",NA,"Part-time (Fewer than 12 credits)","Declared (Please specify major):","psychology",NA,"1.9","2nd year undergraduate","Yes","Hispanic, Latino or Spanish Origin (E.g., Mexican or Mexican American. Puerto Rican, Cuban, Salvadorian, Dominican, etc.)",NA,NA,"Puerto rican and Honduran",NA,NA,NA,NA,"No","No","No","Single",NA,"$100,000 to $150,000","$201-$400",NA,"Less than 60,000","rank in social hierarchy","the change in your social status"
"2024","Spring","15209800",3.95,156,"BA","2024-03-23","2024-03-23","1674","40.7961","-73.9513","10030","1996","Female",NA,"Female","Heterosexual (as in ""straight"")",NA,"Part-time (Fewer than 12 credits)","Declared (Please specify major):","Psychology ",NA,"3.8","Non-degree seeking","No","Black or African American (E.g., African American, Jamaican, Haitian, Nigerian, Ethiopian, Somalian, etc.:",NA,"Afro -Caribbean ",NA,NA,NA,NA,NA,"No","Yes","No","Domestic partnership",NA,"$60,000 to $99,999","$601-$800",NA,"$100,000 to $150,000","Socio-economic standing in society ","Ability to move up or down the societal ladder socially , financially or opportunity wise "
"2024","Spring","24057006",3.229,104,"BA","2024-03-23","2024-03-24","647","40.8004","-73.9504","10026","2004","Female",NA,"Female","Other (Please identity):","straight ","Full-time (12 credits or more)","Declared (Please specify major):","psychology",NA,"3.2","2nd year undergraduate","No","Black or African American (E.g., African American, Jamaican, Haitian, Nigerian, Ethiopian, Somalian, etc.:",NA,"african-american",NA,NA,NA,NA,NA,"Yes","No","No","Single",NA,"$60,000 to $99,999","$201-$400",NA,"$60,000 to $99,999","Social Status is the way society sees you","the way you are socially mobile?"
"2024","Spring","23519810",3.61,130,"BA/MA","2024-03-19","2024-03-24","378693","40.8777","-73.908","10463","1997","Male",NA,"Male","Homosexual (as in ""lesbian"" or ""gay"")",NA,"Full-time (12 credits or more)","Declared (Please specify major):","Psychology ",NA,"3.5","4th year undergraduate","Yes","White or Caucasian (E.g., German, Irish, English, Italian, Polish, French, etc.)","White",NA,NA,NA,NA,NA,NA,"Yes","No","Yes","Single",NA,"Less than $60,000","$801-$1000",NA,"$60,000 to $99,999","The status that you are either born into or become apart of.","The ability to change social status "
"2024","Spring","24165920",2.772,99,"BA","2024-03-24","2024-03-24","796","41.0641","-73.548","11230","2001","Female",NA,"Female","Heterosexual (as in ""straight"")",NA,"Full-time (12 credits or more)","Declared (Please specify major):","Psychology ",NA,"2.6","2nd year undergraduate","No","Asian (E.g., Chinese, Filipino, Asian Indian, Bangladeshi, Vietnamese, Korean etc,)",NA,NA,NA,"Pakistani ",NA,NA,NA,"Yes","No","No","Single",NA,"Less than $60,000","$200 or less",NA,"$100,000 to $150,000","I’m assuming it’s based on money.   Financial class ","Being able to jump from one economic position to another "
"2024","Spring","24221670",0.25,3,"BA","2024-03-24","2024-03-24","1241","40.7123","-73.7985","11435","2003","Female",NA,"Female","Heterosexual (as in ""straight"")",NA,"Part-time (Fewer than 12 credits)","Undeclared (Please specify intended major):",NA,"psychology","0","1st year undergraduate","No","Asian (E.g., Chinese, Filipino, Asian Indian, Bangladeshi, Vietnamese, Korean etc,)",NA,NA,NA,"bangladeshi",NA,NA,NA,"Yes","No","No","Single",NA,"Less than $60,000","Other ( Please specify):","0","$60,000 to $99,999","The rank or position someone holds in society. Feels like a pyramid game, the higher you are in ranking, the more benefits you'll obtain.","a change in your position in society"
"2024","Spring","23930826",2.107,115,"BA","2024-03-24","2024-03-24","1016","40.8494","-73.9016","10468","2000","Male",NA,"Male","Heterosexual (as in ""straight"")",NA,"Full-time (12 credits or more)","Declared (Please specify major):","Psychology ",NA,"2.5","3rd year undergraduate","No","Black or African American (E.g., African American, Jamaican, Haitian, Nigerian, Ethiopian, Somalian, etc.:",NA,"Caribbean-American ",NA,NA,NA,NA,NA,"No","Yes","No","Single",NA,"Less than $60,000","Other ( Please specify):","0","Less than 60,000","Standing of importance in society ","Equality of opportunity "
"2024","Spring","24295783",3.068,62,"BE","2024-03-24","2024-03-24","965","40.68","-73.775","11434","2004","Male",NA,"Male","Heterosexual (as in ""straight"")",NA,"Full-time (12 credits or more)","Undeclared (Please specify intended major):",NA,"Computer Science","2.565","2nd year undergraduate","No","Black or African American (E.g., African American, Jamaican, Haitian, Nigerian, Ethiopian, Somalian, etc.:",NA,"Nigerian",NA,NA,NA,NA,NA,"Yes","No","No","Single",NA,"$60,000 to $99,999","$200 or less",NA,"$100,000 to $150,000","Social status is where one ""stands"" in society based on factors such as Gender, Race, Salary etc.","How effortless or vice versa it is for one to move up or down in this social caste system"
"2024","Spring","24134711",3.31,122,"BA","2024-03-25","2024-03-25","6386","40.8171","-73.9392","11412","2003","Female",NA,"Female","Heterosexual (as in ""straight"")",NA,"Full-time (12 credits or more)","Declared (Please specify major):","Psychology ",NA,"3.8","3rd year undergraduate","No","Black or African American (E.g., African American, Jamaican, Haitian, Nigerian, Ethiopian, Somalian, etc.:",NA,"Black",NA,NA,NA,NA,NA,"No","No","No","Single",NA,"$100,000 to $150,000","Other ( Please specify):",NA,"Less than 60,000","Social status refers to a person's position or rank within society, often based on factors like wealth, education, occupation, or social connections. It can influence how individuals are perceived by others and their access to resources and opportunities.","Social mobility refers to the ability of individuals or groups to move up or down in social status or class within a society. It reflects the opportunities for people to improve their economic and social position through factors like education, employment, and personal achievements."
"2024","Spring","24030905",3.478,120,"BA","2024-03-25","2024-03-25","721","40.839","-73.946","11104","2002","Male",NA,"Male","Heterosexual (as in ""straight"")",NA,"Full-time (12 credits or more)","Declared (Please specify major):","Anthropology and Sociology ",NA,"3.4","4th year undergraduate","No","Asian (E.g., Chinese, Filipino, Asian Indian, Bangladeshi, Vietnamese, Korean etc,)",NA,NA,NA,"Korean",NA,NA,NA,"Yes","No","No","Single",NA,"Less than $60,000","$200 or less",NA,"Less than 60,000","Social status can be seen as a hierarchy. There are classes and rules each person should follow.","Social mobility is the ability to move up on the social classes."
"2024","Spring","24327300",2.611,63,"BA","2024-03-25","2024-03-25","777","40.7961","-73.9513","11420","2004","Male",NA,"Male","Bisexual",NA,"Part-time (Fewer than 12 credits)","Declared (Please specify major):","Psychology ",NA,"1.8","2nd year undergraduate","Yes","Hispanic, Latino or Spanish Origin (E.g., Mexican or Mexican American. Puerto Rican, Cuban, Salvadorian, Dominican, etc.)",NA,NA,"Ecuadorian/ Trinidadian",NA,NA,NA,NA,"No","No","No","Single",NA,"Less than $60,000","$200 or less",NA,"Less than 60,000","Social status is the status your are “given”. Your status is related to the group you come from.","Social mobility is the relation is someone’s social-economic situation throughout there life"
"2024","Spring","24220575",3.272,121,"BA","2024-03-25","2024-03-25","841","40.839","-73.946","11373","2004","Male",NA,"Male","Heterosexual (as in ""straight"")",NA,"Part-time (Fewer than 12 credits)","Declared (Please specify major):","Economics",NA,"2","2nd year undergraduate","No","Asian (E.g., Chinese, Filipino, Asian Indian, Bangladeshi, Vietnamese, Korean etc,)",NA,NA,NA,"Chinese ",NA,NA,NA,"Yes","No","No","Single",NA,"$60,000 to $99,999","$200 or less",NA,"$100,000 to $150,000"," persons place in the economic landscape","the ability to move your economic status "
"2024","Spring","23923644",2.539,33,"BA","2024-03-25","2024-03-25","896","40.839","-73.946","10461","2001","Male",NA,"Male","Heterosexual (as in ""straight"")",NA,"Full-time (12 credits or more)","Undeclared (Please specify intended major):",NA,"Business Management","0.5","1st year undergraduate","No","Asian (E.g., Chinese, Filipino, Asian Indian, Bangladeshi, Vietnamese, Korean etc,)",NA,NA,NA,"Bangladeshi",NA,NA,NA,"Yes","No","No","Single",NA,"$60,000 to $99,999","$200 or less",NA,"$100,000 to $150,000","Social Status- true to your appeals and roots while portraying those traits amongst peers and the wolrd","Being able to adapt to any environment and making yourself resourceful for any circumstances with the tools you are equipped with"
"2024","Spring","24283581",2.871,119,"BA","2024-03-25","2024-03-25","888","40.839","-73.946","10453","2000","Female",NA,"Female","Heterosexual (as in ""straight"")",NA,"Full-time (12 credits or more)","Declared (Please specify major):","Economic",NA,"2.30","2nd year undergraduate","No","Asian (E.g., Chinese, Filipino, Asian Indian, Bangladeshi, Vietnamese, Korean etc,)",NA,NA,NA,"Bangladeshi",NA,NA,NA,"Yes","No","No","Single",NA,"Less than $60,000","$200 or less",NA,"Less than 60,000","A person's position in a social hierarchy, determined by their honor or reputation, comprises their rights, responsibilities, and way of life. This is known as their social rank.","It's a movement of people between social classes within a society. "
"2024","Spring","23638291",3.152,111,"BA","2024-03-25","2024-03-25","970","40.8019","-73.9285","10474","2000","Female",NA,"Female","Heterosexual (as in ""straight"")",NA,"Part-time (Fewer than 12 credits)","Declared (Please specify major):","Political Science",NA,"2.0","2nd year undergraduate","No","Black or African American (E.g., African American, Jamaican, Haitian, Nigerian, Ethiopian, Somalian, etc.:",NA,"African American",NA,NA,NA,NA,NA,"No","No","No","Single",NA,"$60,000 to $99,999","$201-$400",NA,"Greater than $300,000","This is more of a mental thing ""social staus"" is here you deem yourself to be in the world","having the opportunity to explore and move to different social groups "
"2024","Spring","24214990",2.25,78,"BA","2024-03-25","2024-03-25","908","40.839","-73.946","10475","2003","Male",NA,"Male","Heterosexual (as in ""straight"")",NA,"Full-time (12 credits or more)","Declared (Please specify major):","Political Science",NA,"2.4","2nd year undergraduate","No","Black or African American (E.g., African American, Jamaican, Haitian, Nigerian, Ethiopian, Somalian, etc.:",NA,"African American",NA,NA,NA,NA,NA,"Yes","No","No","Single",NA,"$60,000 to $99,999","$201-$400",NA,"Greater than $300,000","how others perceive you in terms of being beneath them or the same or better, typically with finances or where you live/what you do","idk"
"2024","Spring","24329530",2.597,94,"BA","2024-03-25","2024-03-25","1021","40.839","-73.946","11219","2004","Female",NA,"Female","Bisexual",NA,"Full-time (12 credits or more)","Declared (Please specify major):","Business Administration",NA,"2.8","2nd year undergraduate","Yes","Hispanic, Latino or Spanish Origin (E.g., Mexican or Mexican American. Puerto Rican, Cuban, Salvadorian, Dominican, etc.)",NA,NA,"Mexican",NA,NA,NA,NA,"Yes","No","No","Single",NA,"Less than $60,000","$200 or less",NA,"$60,000 to $99,999","social status to me is more like a hierarchy ","social mobility is more like a motivation to make a change "
"2024","Spring","24288804",1.67,24,"BA","2024-03-25","2024-03-25","1156","40.839","-73.946","10033","2004","Male",NA,"Male","Heterosexual (as in ""straight"")",NA,"Full-time (12 credits or more)","Declared (Please specify major):","Psychology",NA,"4.0","2nd year undergraduate","Yes","Black or African American (E.g., African American, Jamaican, Haitian, Nigerian, Ethiopian, Somalian, etc.:",NA,"AA",NA,NA,NA,NA,NA,"Yes","No","No","Married",NA,"Less than $60,000","$200 or less",NA,"Greater than $300,000","wouldnt know about that, frankly","anything social i cant explain"
"2024","Spring","24324608",2.235,64,"BE","2024-03-25","2024-03-25","1219","34.0544","-118.2441","11423","2004","Male",NA,"Male","Heterosexual (as in ""straight"")",NA,"Full-time (12 credits or more)","Undeclared (Please specify intended major):",NA,"Psychology ","2.0","2nd year undergraduate","No","Some other race, ethnicity or origin",NA,NA,NA,NA,NA,NA,"Guyanese/Caribbean","No","Yes","No","Single",NA,"Less than $60,000","Other ( Please specify):","Do not work","$60,000 to $99,999","Where you stand in society on a non-personal level. It's non physical but represents the accomplishments and failures that surround you and who you are.","A way to move up or down the social hierarchy."
"2024","Spring","24302939",3.06,15,"BA","2024-03-25","2024-03-25","875","40.839","-73.946","10451","2004","Female",NA,"Female","Heterosexual (as in ""straight"")",NA,"Part-time (Fewer than 12 credits)","Undeclared (Please specify intended major):",NA,"math","0","1st year undergraduate","No","Black or African American (E.g., African American, Jamaican, Haitian, Nigerian, Ethiopian, Somalian, etc.:",NA,"Black",NA,NA,NA,NA,NA,"No","No","No","Single",NA,"Less than $60,000","$200 or less",NA,"Less than 60,000","idc","idk"
"2024","Spring","24113217",2.237,97,"BA","2024-03-25","2024-03-25","1273","40.839","-73.946","11204","2003","Female",NA,"Female","Heterosexual (as in ""straight"")",NA,"Full-time (12 credits or more)","Declared (Please specify major):","Political Science",NA,"2","3rd year undergraduate","No","Middle Eastern or North African (E.g., Lebanese, Iranian, Egyptian, Syrian, Moroccan, Algerian, etc.)",NA,NA,NA,NA,NA,"Palestinian-Jordanian",NA,"Yes","No","No","Single",NA,"Less than $60,000","$200 or less",NA,"$100,000 to $150,000","A person's social status is based on how important and influencial they are in society","A person's social mobility is how they have they have changed their social status. It is how they have become more important and influential."
"2024","Spring","24311671",1,6,"BS","2024-03-25","2024-03-25","865","40.839","-73.946","10468","2004","Female",NA,"Female","Heterosexual (as in ""straight"")",NA,"Part-time (Fewer than 12 credits)","Declared (Please specify major):","Psychology ",NA,"0","1st year undergraduate","Yes","Hispanic, Latino or Spanish Origin (E.g., Mexican or Mexican American. Puerto Rican, Cuban, Salvadorian, Dominican, etc.)",NA,NA,"Mexican ",NA,NA,NA,NA,"Yes","No","No","Single",NA,"Less than $60,000","$201-$400",NA,"Less than 60,000","Social status is how you are viewed within the social community ","Social mobility would be how you manage your social interactions "
"2024","Spring","24292381",2.039,92,"BA","2024-03-25","2024-03-25","1312","40.839","-73.946","11218","2005","Female",NA,"Female","Heterosexual (as in ""straight"")",NA,"Part-time (Fewer than 12 credits)","Declared (Please specify major):","Economics ",NA,"2.475","2nd year undergraduate","No","Asian (E.g., Chinese, Filipino, Asian Indian, Bangladeshi, Vietnamese, Korean etc,)",NA,NA,NA,"Bangladeshi ",NA,NA,NA,"Yes","No","No","Single",NA,"Less than $60,000","$201-$400",NA,"$60,000 to $99,999","social status is term that defines your position in a society when you stand in the social pyramids. Also it defines your class to the society and important of person you are to the people around you.  ","social mobility is the action you take among your family and people around you with the advantage you have with your capabilities."
"2024","Spring","24305488",2.433,79,"BA","2024-03-25","2024-03-25","1116","40.839","-73.946","10034","2003","Male",NA,"Male","Homosexual (as in ""lesbian"" or ""gay"")",NA,"Full-time (12 credits or more)","Declared (Please specify major):","psychology major ",NA,"1.88","2nd year undergraduate","Yes","Hispanic, Latino or Spanish Origin (E.g., Mexican or Mexican American. Puerto Rican, Cuban, Salvadorian, Dominican, etc.)",NA,NA,"Hispanic/latino",NA,NA,NA,NA,"Yes","No","No","Single",NA,"Less than $60,000","$200 or less",NA,"$100,000 to $150,000","the ability to share your voice an opinion and the accesses to demand for what you want.","moving up in the ladder"
"2024","Spring","24281007",2.7,27,"BA","2024-03-25","2024-03-25","1389","40.839","-73.946","10463","2004","Female",NA,"Gender fluid","Bisexual",NA,"Part-time (Fewer than 12 credits)","Declared (Please specify major):","anthropology",NA,"1.43","1st year undergraduate","Yes","Hispanic, Latino or Spanish Origin (E.g., Mexican or Mexican American. Puerto Rican, Cuban, Salvadorian, Dominican, etc.)",NA,NA,"Mexican and Costa-Rican American",NA,NA,NA,NA,"Yes","No","No","Single",NA,"$60,000 to $99,999","$201-$400",NA,"Less than 60,000","who you are to other people, what you present yourself as in society based on social skills and assets","how well you can move through social class/circles. "
"2024","Spring","24285071",3.116,117,"BA","2024-03-25","2024-03-25","1295","40.839","-73.946","10454","2004","Male",NA,"Male","Heterosexual (as in ""straight"")",NA,"Full-time (12 credits or more)","Declared (Please specify major):","economics",NA,"3.3","2nd year undergraduate","Yes","Hispanic, Latino or Spanish Origin (E.g., Mexican or Mexican American. Puerto Rican, Cuban, Salvadorian, Dominican, etc.)",NA,NA,"Ecuadorian",NA,NA,NA,NA,"Yes","No","No","Single",NA,"Less than $60,000","$200 or less",NA,"$100,000 to $150,000","the level in the society that you are on ","i don't know "
"2024","Spring","24573905",3.95,36,"BA","2024-03-25","2024-03-25","1234","40.839","-73.946","10011","2001","Female",NA,"Female","Heterosexual (as in ""straight"")",NA,"Full-time (12 credits or more)","Declared (Please specify major):","English literature ",NA,"4.00","1st year undergraduate","No","White or Caucasian (E.g., German, Irish, English, Italian, Polish, French, etc.)","White ",NA,NA,NA,NA,NA,NA,"No","No","No","Single",NA,"$150,001 to $299,999","$200 or less",NA,"$60,000 to $99,999","Your social and economical standing in society","Being able to move to different social standings "
"2024","Spring","24399006",1.616,15,"BA","2024-03-25","2024-03-25","1318","40.7123","-74.0068","10457","2005","Female",NA,"Female","Heterosexual (as in ""straight"")",NA,"Part-time (Fewer than 12 credits)","Undeclared (Please specify intended major):",NA,"Nursing ","2.0","1st year undergraduate","Yes","Hispanic, Latino or Spanish Origin (E.g., Mexican or Mexican American. Puerto Rican, Cuban, Salvadorian, Dominican, etc.)",NA,NA,"Mexican ",NA,NA,NA,NA,"Yes","No","No","Single",NA,"Less than $60,000","$200 or less",NA,"Greater than $300,000","Traveling, learning new things & meeting New people with a bigger statues than you. ","Learning new things. "
"2024","Spring","24492127",3.669,45,"BA","2024-03-25","2024-03-25","1353","40.839","-73.946","10027","2005","Male",NA,"Male","Homosexual (as in ""lesbian"" or ""gay"")",NA,"Full-time (12 credits or more)","Declared (Please specify major):","Theatre",NA,"3.7","1st year undergraduate","Yes","Black or African American (E.g., African American, Jamaican, Haitian, Nigerian, Ethiopian, Somalian, etc.:",NA,"Black mixed with Puerto Rican ",NA,NA,NA,NA,NA,"No","No","No","Single",NA,"$100,000 to $150,000","$201-$400",NA,"$100,000 to $150,000","How you are viewed in society and where on the “Social Ladder”","How you are able to move up and even down the social ladder "
"2024","Spring","24448828",2.246,52,"BS","2024-03-25","2024-03-25","1258","40.839","-73.946","10550","2005","Male",NA,"Male","Heterosexual (as in ""straight"")",NA,"Full-time (12 credits or more)","Undeclared (Please specify intended major):",NA,"Biochemistry ","4.0","1st year undergraduate","No","Black or African American (E.g., African American, Jamaican, Haitian, Nigerian, Ethiopian, Somalian, etc.:",NA,"African american ",NA,NA,NA,NA,NA,"No","No","No","Single",NA,"Less than $60,000","$200 or less",NA,"$150,001 to $299,999","Where you aren in the heierchy of society","Moving around in relations to others"
"2024","Spring","24413806",2.478,75,"BA","2024-03-25","2024-03-25","1435","40.839","-73.946","10035","2005","Male",NA,"Gender queer","Uncertain/Questioning",NA,"Full-time (12 credits or more)","Declared (Please specify major):","Psychology ",NA,"2.8","1st year undergraduate","No","Black or African American (E.g., African American, Jamaican, Haitian, Nigerian, Ethiopian, Somalian, etc.:",NA,"Jamaican, African American ",NA,NA,NA,NA,NA,"No","Yes","No","Other:","Relationship between 2 dependents","Less than $60,000","$200 or less",NA,"Greater than $300,000","Social status is one’s place in society due to the multiple factors that define them, whether it be race, gender, sexuality, income, and other such factors. All of these things are rated in society from what is most to least acceptable and people are then given a position based off their combined factors.","The ability for one to climb the social later usually by gaining more money and improving the parts of their character that relate to income."
"2024","Spring","24427836",3.902,74,"BA","2024-03-25","2024-03-25","1413","42.2903","-71.0798","11204","2003","Female",NA,"Female","Heterosexual (as in ""straight"")",NA,"Full-time (12 credits or more)","Declared (Please specify major):","psychology",NA,"2.8","1st year undergraduate","No","Asian (E.g., Chinese, Filipino, Asian Indian, Bangladeshi, Vietnamese, Korean etc,)",NA,NA,NA,"Chinese",NA,NA,NA,"Yes","Yes","No","Single",NA,"Less than $60,000","$201-$400",NA,"Less than 60,000","it seems like your own level and how many contributions you could made to improve your position in society.","change in a person economic situation"
"2024","Spring","24514062",3.05,18,"BA","2024-03-25","2024-03-25","1362","40.839","-73.946","10459","2005","Female",NA,"Female","Heterosexual (as in ""straight"")",NA,"Full-time (12 credits or more)","Declared (Please specify major):","Art",NA,"3.60","1st year undergraduate","Yes","Hispanic, Latino or Spanish Origin (E.g., Mexican or Mexican American. Puerto Rican, Cuban, Salvadorian, Dominican, etc.)",NA,NA,"Dominican ",NA,NA,NA,NA,"Yes","No","No","Single",NA,"$60,000 to $99,999","Other ( Please specify):","100","$150,001 to $299,999","basically how you are view as a person and your income ","the ability to change your social status "
"2024","Spring","24266217",2.633,68,"BA","2024-03-25","2024-03-25","1264","40.839","-73.946","10473","2005","Female",NA,"Female","Heterosexual (as in ""straight"")",NA,"Full-time (12 credits or more)","Declared (Please specify major):","Psychology ",NA,"3.677","1st year undergraduate","No","Black or African American (E.g., African American, Jamaican, Haitian, Nigerian, Ethiopian, Somalian, etc.:",NA,"Nigerian",NA,NA,NA,NA,NA,"Yes","Yes","No","Single",NA,"Less than $60,000","Other ( Please specify):","0.00","Less than 60,000","a person's standing or importance in relation to other people within a society","Social mobility refers to the movement of individuals, families, or groups within or between social strata or classes in a society. "
"2024","Spring","24414230",3.675,12,"BA","2024-03-25","2024-03-25","1491","40.839","-73.946","10031","2005","Male",NA,"Male","Heterosexual (as in ""straight"")",NA,"Full-time (12 credits or more)","Undeclared (Please specify intended major):",NA,"Political Science ","0.0","1st year undergraduate","Yes","Hispanic, Latino or Spanish Origin (E.g., Mexican or Mexican American. Puerto Rican, Cuban, Salvadorian, Dominican, etc.)",NA,NA,"Dominican",NA,NA,NA,NA,"Yes","No","No","Single",NA,"Less than $60,000","$200 or less",NA,"$100,000 to $150,000","Your relevance in society and the amount of assets you possess ","Moving up in society"
"2024","Spring","24485361",2.09,43,"BA","2024-03-25","2024-03-25","1567","40.6764","-73.8753","10044","2004","Other (Please, Specify):","Non Binary","Non-binary","Other (Please identity):","Pansexual","Full-time (12 credits or more)","Declared (Please specify major):","Psychology",NA,"4.00","1st year undergraduate","No","Black or African American (E.g., African American, Jamaican, Haitian, Nigerian, Ethiopian, Somalian, etc.:",NA,"Mixed african",NA,NA,NA,NA,NA,"Yes","Yes","Yes","Single",NA,"Greater than $300,000","Other ( Please specify):","A zillion dollars a week","Greater than $300,000","idc idk","idc idk"
"2024","Spring","23979182",2.085,60,"BA","2024-03-25","2024-03-25","1000","40.839","-73.946","11420","2003","Female",NA,"Female","Heterosexual (as in ""straight"")",NA,"Part-time (Fewer than 12 credits)","Declared (Please specify major):","Business Administration & Managment",NA,"1.8","3rd year undergraduate","No","Asian (E.g., Chinese, Filipino, Asian Indian, Bangladeshi, Vietnamese, Korean etc,)",NA,NA,NA,"Indian",NA,NA,NA,"No","No","No","Single",NA,"Less than $60,000","$200 or less",NA,"Less than 60,000","It's like a way to determine how much you influence people and the potential cabability to do so","The movement in your level of social influence"
"2024","Spring","24145758",2.238,64,"BA","2024-03-25","2024-03-25","1072","40.839","-73.946","10033","2005","Female",NA,"Female","Heterosexual (as in ""straight"")",NA,"Full-time (12 credits or more)","Declared (Please specify major):","psychology ",NA,"3.6","1st year undergraduate","Yes","Hispanic, Latino or Spanish Origin (E.g., Mexican or Mexican American. Puerto Rican, Cuban, Salvadorian, Dominican, etc.)",NA,NA,"Mexican American ",NA,NA,NA,NA,"Yes","Yes","No","Other:","I have a boyfriend ","Less than $60,000","$201-$400",NA,"Greater than $300,000","how much money u have","how much resources you have access to."
"2024","Spring","24063308",3.497,58,"BA","2024-03-25","2024-03-25","1865","40.839","-73.946","10463","2002","Female",NA,"Female","Heterosexual (as in ""straight"")",NA,"Full-time (12 credits or more)","Undeclared (Please specify intended major):",NA,"psychology","0.00","1st year undergraduate","Yes","Hispanic, Latino or Spanish Origin (E.g., Mexican or Mexican American. Puerto Rican, Cuban, Salvadorian, Dominican, etc.)",NA,NA,"dominican",NA,NA,NA,NA,"Yes","No","No","Single",NA,"$60,000 to $99,999","$201-$400",NA,"$100,000 to $150,000","How other people  and you view yourself. Where in the social ladder are you.","How much you can change your social status"
"2024","Spring","24339096",1.77,21,"BA","2024-03-25","2024-03-25","2196","40.8494","-73.9016","11379","2004","Female",NA,"Female","Heterosexual (as in ""straight"")",NA,"Part-time (Fewer than 12 credits)","Declared (Please specify major):","Economic ",NA,"2.2","2nd year undergraduate","Yes","Hispanic, Latino or Spanish Origin (E.g., Mexican or Mexican American. Puerto Rican, Cuban, Salvadorian, Dominican, etc.)",NA,NA,"Mexican and Peruvian ",NA,NA,NA,NA,"Yes","No","No","Single",NA,"Less than $60,000","$401-$600",NA,"$60,000 to $99,999","It’s a pyramid of your salary compared to the rest of those around you.","Obtaining a higher paying job and moving up the social latter "
"2024","Spring","24277251",2.286,78,"BA","2024-03-25","2024-03-25","1835","40.839","-73.946","10030","2001","Male",NA,"Male","Heterosexual (as in ""straight"")",NA,"Full-time (12 credits or more)","Declared (Please specify major):","Political Science",NA,"1.8","3rd year undergraduate","Yes","Black or African American (E.g., African American, Jamaican, Haitian, Nigerian, Ethiopian, Somalian, etc.:",NA,"Haitian, Dominican ",NA,NA,NA,NA,NA,"Yes","No","No","Single",NA,"Less than $60,000","$200 or less",NA,"Greater than $300,000","How others view you in society compared to how you view yourself ","Your level of cohesion in society "
"2024","Spring","23901652",3.11,145,"BA/MA","2024-03-25","2024-03-25","15556","40.6221","-73.981","11214","2001","Male",NA,"Male","Uncertain/Questioning",NA,"Full-time (12 credits or more)","Declared (Please specify major):","Psychology ",NA,"3.2","5th year undergraduate","Yes","Hispanic, Latino or Spanish Origin (E.g., Mexican or Mexican American. Puerto Rican, Cuban, Salvadorian, Dominican, etc.)",NA,NA,"Nicaraguan ",NA,NA,NA,NA,"Yes","No","No","Single",NA,"Less than $60,000","$200 or less",NA,"Less than 60,000","Place in society ","A person ability to move up or down socially "
"2024","Spring","24316982",2.25,9,"BA","2024-03-25","2024-03-25","1913","40.839","-73.946","10002","2004","Male",NA,"Male","Bisexual",NA,"Part-time (Fewer than 12 credits)","Declared (Please specify major):","Psychology",NA,"0","2nd year undergraduate","No","Middle Eastern or North African (E.g., Lebanese, Iranian, Egyptian, Syrian, Moroccan, Algerian, etc.)",NA,NA,NA,NA,NA,"Middle eastern Jewish and half Western European dutch",NA,"Yes","No","No","Domestic partnership",NA,"$60,000 to $99,999","$200 or less",NA,"Greater than $300,000","The amount of social capital someone has","Being able to move between social classes. Often if one starts out from a poor background and become wealthy and successful as an adult that is social mobility. "
"2024","Spring","24434830",3.2,54,"BA","2024-03-25","2024-03-25","1830","40.839","-73.946","10465","2004","Male",NA,"Male","Heterosexual (as in ""straight"")",NA,"Full-time (12 credits or more)","Undeclared (Please specify intended major):",NA,"Aviation","3.566","1st year undergraduate","No","Middle Eastern or North African (E.g., Lebanese, Iranian, Egyptian, Syrian, Moroccan, Algerian, etc.)",NA,NA,NA,NA,NA,"Middle Eastern",NA,"Yes","No","No","Single",NA,"Less than $60,000","Other ( Please specify):","0","Less than 60,000","The value a person has, and doors to move forwards to get closer to their goals.  ","The ability to by socialy active "
"2024","Spring","24509531",3.98,88,"BS","2024-03-25","2024-03-25","1717","40.839","-73.946","10031","1999","Female",NA,"Female","Heterosexual (as in ""straight"")",NA,"Full-time (12 credits or more)","Declared (Please specify major):","Physics",NA,"0","1st year undergraduate","No","Asian (E.g., Chinese, Filipino, Asian Indian, Bangladeshi, Vietnamese, Korean etc,)",NA,NA,NA,"Korean",NA,NA,NA,"Yes","No","Yes","Single",NA,"Less than $60,000","Other ( Please specify):","none","$60,000 to $99,999","The amount of social assets that a person has","Social status is movable"
"2024","Spring","24177950",2.256,106,"BA","2024-03-25","2024-03-25","14058","40.9039","-73.837","10550","2002","Female",NA,"Female","Heterosexual (as in ""straight"")",NA,"Full-time (12 credits or more)","Declared (Please specify major):","Art",NA,"2.8","3rd year undergraduate","Yes","Hispanic, Latino or Spanish Origin (E.g., Mexican or Mexican American. Puerto Rican, Cuban, Salvadorian, Dominican, etc.)",NA,NA,"Mexican - American",NA,NA,NA,NA,"Yes","No","No","Single",NA,"Less than $60,000","Other ( Please specify):","unemployed ","Less than 60,000","Depends on how you are living. If you are living comfortable or worried about expenses. ","How you can go up or down on your social status "
"2024","Spring","24323049",2.069,42,"BA","2024-03-25","2024-03-25","2107","40.7252","-73.944","11385","2004","Male",NA,"Male","Heterosexual (as in ""straight"")",NA,"Full-time (12 credits or more)","Undeclared (Please specify intended major):",NA,"Business and administration ","3.0","1st year undergraduate","No","Middle Eastern or North African (E.g., Lebanese, Iranian, Egyptian, Syrian, Moroccan, Algerian, etc.)",NA,NA,NA,NA,NA,"Egyptian",NA,"Yes","No","No","Single",NA,"Less than $60,000","$201-$400",NA,"$100,000 to $150,000","Idc","Idc"
"2024","Spring","24368622",3.825,95,"BA/MA","2024-03-25","2024-03-25","17818","40.6643","-73.9763","11209","2001","Female",NA,"Female","Heterosexual (as in ""straight"")",NA,"Full-time (12 credits or more)","Declared (Please specify major):","Psychology ",NA,"3.935","2nd year undergraduate","No","Middle Eastern or North African (E.g., Lebanese, Iranian, Egyptian, Syrian, Moroccan, Algerian, etc.)",NA,NA,NA,NA,NA,"Egyptian",NA,"Yes","No","Yes","Single",NA,"Less than $60,000","$200 or less",NA,"$150,001 to $299,999","Specific living level in society","I don’t know"
"2024","Spring","24190528",3.224,119,"BSED","2024-03-26","2024-03-26","1917","40.839","-73.946","11226","2003","Female",NA,"Female","Heterosexual (as in ""straight"")",NA,"Full-time (12 credits or more)","Declared (Please specify major):","Psychology",NA,"3.1","3rd year undergraduate","Yes","Hispanic, Latino or Spanish Origin (E.g., Mexican or Mexican American. Puerto Rican, Cuban, Salvadorian, Dominican, etc.)",NA,NA,"Mexican American",NA,NA,NA,NA,"Yes","No","No","Single",NA,"Less than $60,000","$401-$600",NA,"$60,000 to $99,999","Rank in the social hierarchy ","movement between the social ladder"
"2024","Spring","24159994",3.076,126,"BA/MA","2024-03-19","2024-03-26","603124","40.839","-73.946","11101","2003","Female",NA,"Female","Heterosexual (as in ""straight"")",NA,"Full-time (12 credits or more)","Declared (Please specify major):","Psychology ",NA,"3.0","3rd year undergraduate","No","Asian (E.g., Chinese, Filipino, Asian Indian, Bangladeshi, Vietnamese, Korean etc,)",NA,NA,NA,"Bangladeshi",NA,NA,NA,"Yes","No","No","Single",NA,"Less than $60,000","$200 or less",NA,"$60,000 to $99,999","Income ","Movement on individual family "
"2024","Spring","24019431",3.793,120,"BA","2024-03-26","2024-03-26","1068","40.839","-73.946","10461","2004","Female",NA,"Female","Heterosexual (as in ""straight"")",NA,"Full-time (12 credits or more)","Declared (Please specify major):","Psychology ",NA,"3.756","2nd year undergraduate","No","Asian (E.g., Chinese, Filipino, Asian Indian, Bangladeshi, Vietnamese, Korean etc,)",NA,NA,NA,"Indonesian ",NA,NA,NA,"Yes","No","No","Domestic partnership",NA,"Less than $60,000","$201-$400",NA,"$60,000 to $99,999","combination of how traditional society view you (race, gender, sexual orientation) and your income","moving upwards in society in terms of income"
"2024","Spring","24206724",3.151,121,"BA","2024-03-26","2024-03-26","835","40.7252","-73.944","10451","2003","Female",NA,"Female","Heterosexual (as in ""straight"")",NA,"Full-time (12 credits or more)","Declared (Please specify major):","Psychology ",NA,"2.713","3rd year undergraduate","Yes","Hispanic, Latino or Spanish Origin (E.g., Mexican or Mexican American. Puerto Rican, Cuban, Salvadorian, Dominican, etc.)",NA,NA,"Dominican ",NA,NA,NA,NA,"Yes","Yes","No","Single",NA,"Less than $60,000","$201-$400",NA,"$100,000 to $150,000","Rich or poor","Being able to blend in with all social parties"
"2024","Spring","24164226",3.684,121,"BA","2024-03-26","2024-03-26","936","40.839","-73.946","10455","2003","Female",NA,"Female","Heterosexual (as in ""straight"")",NA,"Full-time (12 credits or more)","Declared (Please specify major):","Psychology ",NA,"3.1","3rd year undergraduate","Yes","Hispanic, Latino or Spanish Origin (E.g., Mexican or Mexican American. Puerto Rican, Cuban, Salvadorian, Dominican, etc.)",NA,NA,"Hispanic ",NA,NA,NA,NA,"No","Yes","No","Single",NA,"$60,000 to $99,999","$200 or less",NA,"Greater than $300,000","How you spear to others or does your name speak volume ","Your drive "
"2024","Spring","24185849",2.897,83,"BA","2024-03-26","2024-03-26","1356","40.8123","-73.9682","11553","2003","Male",NA,"Male","Bisexual",NA,"Full-time (12 credits or more)","Declared (Please specify major):","Economics",NA,"2.9","3rd year undergraduate","Yes","Hispanic, Latino or Spanish Origin (E.g., Mexican or Mexican American. Puerto Rican, Cuban, Salvadorian, Dominican, etc.)",NA,NA,"Salvadoran",NA,NA,NA,NA,"Yes","No","No","Single",NA,"$100,000 to $150,000","$200 or less",NA,"$60,000 to $99,999","A persons “rank” in society","The ability to change that “rank”"
"2024","Spring","24271463",3.651,111,"BA/MA","2024-03-26","2024-03-26","1002","40.839","-73.946","10456","2004","Male",NA,"Male","Heterosexual (as in ""straight"")",NA,"Full-time (12 credits or more)","Declared (Please specify major):","Psychology ",NA,"3.7","2nd year undergraduate","Yes","Hispanic, Latino or Spanish Origin (E.g., Mexican or Mexican American. Puerto Rican, Cuban, Salvadorian, Dominican, etc.)",NA,NA,"Afro-Latino",NA,NA,NA,NA,"Yes","No","No","Single",NA,"Less than $60,000","$201-$400",NA,"$100,000 to $150,000","where you stand in a community or society ","being able to move up in society "
"2024","Spring","23918172",3.563,138,"BA/MA","2024-03-26","2024-03-26","1213","40.7828","-73.9745","10002","2001","Female",NA,"Female","Heterosexual (as in ""straight"")",NA,"Part-time (Fewer than 12 credits)","Declared (Please specify major):","Psychology ",NA,"3.4","5th year undergraduate","No","Asian (E.g., Chinese, Filipino, Asian Indian, Bangladeshi, Vietnamese, Korean etc,)",NA,NA,NA,"Chinese ",NA,NA,NA,"Yes","No","No","Single",NA,"Less than $60,000","$200 or less",NA,"$60,000 to $99,999","Rank based by area you live and how much you get paid","Being able to receive higher pay when doing jobs. Start from less and moving higher "
"2024","Spring","24354092",3.381,84,"BA","2024-03-26","2024-03-26","896","40.8547","-73.9218","11706","2003","Female",NA,"Female","Heterosexual (as in ""straight"")",NA,"Part-time (Fewer than 12 credits)","Undeclared (Please specify intended major):",NA,"Psychology ","3.2","2nd year undergraduate","No","Asian (E.g., Chinese, Filipino, Asian Indian, Bangladeshi, Vietnamese, Korean etc,)",NA,NA,NA,"Filipino ",NA,NA,NA,"No","Yes","No","Single",NA,"$60,000 to $99,999","$200 or less",NA,"$60,000 to $99,999","where one falls in terms of society ","how you’re able to move around socially "
"2024","Spring","24159173",3.667,122,"BA","2024-03-27","2024-03-27","1243","40.7653","-73.9589","10032","2003","Female",NA,"Female","Heterosexual (as in ""straight"")",NA,"Full-time (12 credits or more)","Declared (Please specify major):","Psychology ",NA,"3.0","3rd year undergraduate","Yes","Hispanic, Latino or Spanish Origin (E.g., Mexican or Mexican American. Puerto Rican, Cuban, Salvadorian, Dominican, etc.)",NA,NA,"Dominican ",NA,NA,NA,NA,"Yes","Yes","No","Single",NA,"Less than $60,000","$201-$400",NA,"$60,000 to $99,999","A group you’re bonded with in society due to certain circumstances and factors ","Moving up in status "
"2024","Spring","23812213",3.918,120,"BA","2024-03-27","2024-03-27","1124","40.839","-73.946","10031","2000","Female",NA,"Female","Heterosexual (as in ""straight"")",NA,"Full-time (12 credits or more)","Declared (Please specify major):","Psychology",NA,"4.0","3rd year undergraduate","Yes","Hispanic, Latino or Spanish Origin (E.g., Mexican or Mexican American. Puerto Rican, Cuban, Salvadorian, Dominican, etc.)",NA,NA,"Dominican",NA,NA,NA,NA,"Yes","No","No","Single",NA,"$60,000 to $99,999","$201-$400",NA,"$100,000 to $150,000","Level of financial independence ","Changing your social Status "
"2024","Spring","24155283",3.014,121,"BA","2024-03-27","2024-03-27","1492","40.839","-73.946","11237","2003","Female",NA,"Female","Heterosexual (as in ""straight"")",NA,"Full-time (12 credits or more)","Declared (Please specify major):","Psychology",NA,"2.78","3rd year undergraduate","Yes","Hispanic, Latino or Spanish Origin (E.g., Mexican or Mexican American. Puerto Rican, Cuban, Salvadorian, Dominican, etc.)",NA,NA,"Ecuadorian ",NA,NA,NA,NA,"Yes","No","No","Single",NA,"Less than $60,000","$200 or less",NA,"$60,000 to $99,999","not sure ","not sure "
"2024","Spring","24162846",2.8,121,"BS","2024-03-27","2024-03-27","1519","40.839","-73.946","10035","2003","Female",NA,"Female","Heterosexual (as in ""straight"")",NA,"Full-time (12 credits or more)","Declared (Please specify major):","Psychology ",NA,"2.8","3rd year undergraduate","Yes","Hispanic, Latino or Spanish Origin (E.g., Mexican or Mexican American. Puerto Rican, Cuban, Salvadorian, Dominican, etc.)",NA,NA,"Mexican ",NA,NA,NA,NA,"No","No","No","Single",NA,"Less than $60,000","$200 or less",NA,"Less than 60,000","Good","Good"
"2024","Spring","24243440",3.635,111,"BS","2024-03-27","2024-03-27","742","40.839","-73.946","11355","2004","Female",NA,"Female","Heterosexual (as in ""straight"")",NA,"Full-time (12 credits or more)","Declared (Please specify major):","Psychology BS",NA,"3.7","1st year undergraduate","No","White or Caucasian (E.g., German, Irish, English, Italian, Polish, French, etc.)","Egyptian ",NA,NA,NA,NA,NA,NA,"Yes","Yes","No","Single",NA,"Less than $60,000","$200 or less",NA,"$100,000 to $150,000","Where you land in society","not sure"
"2024","Spring","24019656",3.614,132,"BA/MA","2024-03-27","2024-03-27","2546","40.782","-73.9953","11416","2003","Female",NA,"Female","Heterosexual (as in ""straight"")",NA,"Full-time (12 credits or more)","Declared (Please specify major):","Psychology ",NA,"3.749","3rd year undergraduate","No","Asian (E.g., Chinese, Filipino, Asian Indian, Bangladeshi, Vietnamese, Korean etc,)",NA,NA,NA,"Bangladeshi",NA,NA,NA,"Yes","No","No","Single",NA,"Less than $60,000","$200 or less",NA,"$60,000 to $99,999","Value respect ","Change in selj"
"2024","Spring","24276405",3.562,121,"BA","2024-03-27","2024-03-27","1528","40.7653","-73.9589","11416","2004","Female",NA,"Female","Heterosexual (as in ""straight"")",NA,"Full-time (12 credits or more)","Declared (Please specify major):","Psychology ",NA,"3.3","2nd year undergraduate","Yes","Hispanic, Latino or Spanish Origin (E.g., Mexican or Mexican American. Puerto Rican, Cuban, Salvadorian, Dominican, etc.)",NA,NA,"Dominican ",NA,NA,NA,NA,"Yes","No","No","Single",NA,"Less than $60,000","$201-$400",NA,"$100,000 to $150,000","Social status is where you are socially, popular, well liked etc ","Social mobility would be the movement of individuals or family and what advantages they have socially "
"2024","Spring","23998101",3.402,130,"BA/MA","2024-03-27","2024-03-27","1838","40.839","-73.946","10025","2002","Female",NA,"Female","Bisexual",NA,"Full-time (12 credits or more)","Declared (Please specify major):","Psychology BA/MA CASAC",NA,"3.2","4th year undergraduate","No","White or Caucasian (E.g., German, Irish, English, Italian, Polish, French, etc.)","Italian and Slovak ",NA,NA,NA,NA,NA,NA,"No","No","Yes","Single",NA,"$60,000 to $99,999","$200 or less",NA,"$60,000 to $99,999","In the form of a hoarse y where the most liked people are at the top and least liked are at the bottom, ","The ability to comfortably interact with people in any given social situation "
"2024","Spring","24083173",2.759,123,"BA","2024-03-27","2024-03-27","991","40.6994","-73.8883","11237","2003","Female",NA,"Female","Heterosexual (as in ""straight"")",NA,"Full-time (12 credits or more)","Declared (Please specify major):","Psychology ",NA,"3.0","3rd year undergraduate","Yes","Hispanic, Latino or Spanish Origin (E.g., Mexican or Mexican American. Puerto Rican, Cuban, Salvadorian, Dominican, etc.)",NA,NA,"Mexican ",NA,NA,NA,NA,"Yes","No","No","Single",NA,"Less than $60,000","$200 or less",NA,"$60,000 to $99,999","I would define it as how many you talk to and how many people actually know you would be a factor","How well you can either start and maintain a conversation "
"2024","Spring","24295335",2.519,86,"BA","2024-03-27","2024-03-27","1229","40.8171","-73.9392","10460","2003","Female",NA,"Female","Heterosexual (as in ""straight"")",NA,"Full-time (12 credits or more)","Declared (Please specify major):","Psychology",NA,"2.83","1st year undergraduate","Yes","Hispanic, Latino or Spanish Origin (E.g., Mexican or Mexican American. Puerto Rican, Cuban, Salvadorian, Dominican, etc.)",NA,NA,"Dominican ",NA,NA,NA,NA,"Yes","No","No","Other:","Relationship","Less than $60,000","$201-$400",NA,"Less than 60,000","Important ","Power"
"2024","Spring","15304902",3.868,124,"BA","2024-03-27","2024-03-27","865","40.8088","-73.9195","10454","1979","Female",NA,"Female","Heterosexual (as in ""straight"")",NA,"Full-time (12 credits or more)","Declared (Please specify major):","Psychology ",NA,"3.2","4th year undergraduate","Yes","Some other race, ethnicity or origin",NA,NA,NA,NA,NA,NA,NA,"Yes","Yes","Yes","Other:","Widow","$60,000 to $99,999","$1001-$1200",NA,"$100,000 to $150,000","Social status is how other people see or perceive you","."
"2024","Spring","23742524",3.533,12,"CUNY Permit","2024-03-27","2024-03-27","1892","40.7428","-73.9712","11369","2000","Female",NA,"Female","Heterosexual (as in ""straight"")",NA,"Part-time (Fewer than 12 credits)","Declared (Please specify major):","Biology ",NA,"3.3","5th year undergraduate","No","Asian (E.g., Chinese, Filipino, Asian Indian, Bangladeshi, Vietnamese, Korean etc,)",NA,NA,NA,"Pakistan ",NA,NA,NA,"Yes","Yes","No","Single",NA,"Less than $60,000","$200 or less",NA,"$60,000 to $99,999","Ur economic and social standing ","Ability to move between classes and just living better lives than ur parent "
"2024","Spring","24036436",3.891,122,"BS","2024-03-27","2024-03-27","1798","40.8691","-73.9191","10033","1989","Female",NA,"Female","Heterosexual (as in ""straight"")",NA,"Full-time (12 credits or more)","Declared (Please specify major):","Psychology ",NA,"3.484","2nd year undergraduate","No","White or Caucasian (E.g., German, Irish, English, Italian, Polish, French, etc.)","Slavic ",NA,NA,NA,NA,NA,NA,"No","Yes","No","Married",NA,"$100,000 to $150,000","$1001-$1200",NA,"$150,001 to $299,999","The position in the social group ","N/a"
"2024","Spring","24138816",4,122,"BA","2024-03-27","2024-03-27","800","40.8343","-73.9235","10474","2004","Female",NA,"Female","Heterosexual (as in ""straight"")",NA,"Full-time (12 credits or more)","Declared (Please specify major):","Psychology ",NA,"4.0","3rd year undergraduate","Yes","Hispanic, Latino or Spanish Origin (E.g., Mexican or Mexican American. Puerto Rican, Cuban, Salvadorian, Dominican, etc.)",NA,NA,"Dominican ",NA,NA,NA,NA,"Yes","No","No","Single",NA,"Less than $60,000","$200 or less",NA,"$60,000 to $99,999","The economic and financial outlook the rest of the world has on you. A class system used to determine your wealth. ","To move up social status "
"2024","Spring","24130332",3.412,122,"BA","2024-03-27","2024-03-27","798","40.726","-73.848","11435","2003","Female",NA,"Female","Uncertain/Questioning",NA,"Full-time (12 credits or more)","Declared (Please specify major):","Psychology",NA,"3.3","3rd year undergraduate","No","Some other race, ethnicity or origin",NA,NA,NA,NA,NA,NA,"South American, Guyana","No","No","No","Single",NA,"Less than $60,000","$201-$400",NA,"$60,000 to $99,999","a person's role/place in society","the ability to move throughout the social ladders constructed within society"
"2024","Spring","23501452",2.59,148,"BS","2024-03-27","2024-03-27","1220","40.8596","-73.9316","10033","2001","Male",NA,"Male","Heterosexual (as in ""straight"")",NA,"Full-time (12 credits or more)","Declared (Please specify major):","Psychology ",NA,"2.34","3rd year undergraduate","Yes","Hispanic, Latino or Spanish Origin (E.g., Mexican or Mexican American. Puerto Rican, Cuban, Salvadorian, Dominican, etc.)",NA,NA,"Dominican",NA,NA,NA,NA,"Yes","No","No","Married",NA,"Less than $60,000","$200 or less",NA,"Less than 60,000","Money","Making or not making money "
"2024","Spring","23589849",3.031,120,"BA","2024-03-27","2024-03-27","1633","40.839","-73.946","10039","1992","Female",NA,"Female","Heterosexual (as in ""straight"")",NA,"Full-time (12 credits or more)","Declared (Please specify major):","Psychology",NA,"0.00","4th year undergraduate","No","Black or African American (E.g., African American, Jamaican, Haitian, Nigerian, Ethiopian, Somalian, etc.:",NA,"African American ",NA,NA,NA,NA,NA,"No","Yes","No","Single",NA,"Less than $60,000","$1001-$1200",NA,"$60,000 to $99,999","Ex. Middle Class ","Moving up in a company "
"2024","Spring","24108184",3.6,95,"BA","2024-03-27","2024-03-27","1095","40.8171","-73.9392","11369","2003","Female",NA,"Female","Heterosexual (as in ""straight"")",NA,"Full-time (12 credits or more)","Declared (Please specify major):","Psychology ",NA,"3.4","2nd year undergraduate","Yes","Hispanic, Latino or Spanish Origin (E.g., Mexican or Mexican American. Puerto Rican, Cuban, Salvadorian, Dominican, etc.)",NA,NA,"Ecuadorian ",NA,NA,NA,NA,"Yes","No","No","Domestic partnership",NA,"$100,000 to $150,000","$401-$600",NA,"$150,001 to $299,999","Social status is where you see yourself in society and where you stand ","Social mobility is the change is a persons social economic status "
"2024","Spring","24061877",2.238,83,"BA","2024-03-27","2024-03-27","2547","40.7252","-73.944","11222","2002","Male",NA,"Male","Bisexual",NA,"Full-time (12 credits or more)","Declared (Please specify major):","Psychology ",NA,"2.1","3rd year undergraduate","Yes","Hispanic, Latino or Spanish Origin (E.g., Mexican or Mexican American. Puerto Rican, Cuban, Salvadorian, Dominican, etc.)",NA,NA,"Colombian ",NA,NA,NA,NA,"Yes","No","No","Domestic partnership",NA,"Less than $60,000","$401-$600",NA,"$60,000 to $99,999","Relationships","Unsure "
"2024","Spring","24190506",3.403,120,"BA","2024-03-28","2024-03-28","762","40.7589","-73.9913","11720","2003","Male",NA,"Male","Heterosexual (as in ""straight"")",NA,"Full-time (12 credits or more)","Declared (Please specify major):","Psychology ",NA,"3.2","3rd year undergraduate","Yes","Hispanic, Latino or Spanish Origin (E.g., Mexican or Mexican American. Puerto Rican, Cuban, Salvadorian, Dominican, etc.)",NA,NA,"Dominican ",NA,NA,NA,NA,"Yes","No","No","Single",NA,"Less than $60,000","$200 or less",NA,"$60,000 to $99,999","Your status among groups of people ","Ability to talk to various people in various places "
"2024","Spring","23164108",2.34,127,"BA","2024-03-28","2024-03-28","1398","40.718","-74.0733","07307","1996","Female",NA,"Female","Heterosexual (as in ""straight"")",NA,"Part-time (Fewer than 12 credits)","Declared (Please specify major):","Psychology ",NA,"2.2","5th year undergraduate","No","Black or African American (E.g., African American, Jamaican, Haitian, Nigerian, Ethiopian, Somalian, etc.:",NA,"Haitian ",NA,NA,NA,NA,NA,"No","No","No","Single",NA,"Less than $60,000","$401-$600",NA,"$100,000 to $150,000","Your placement in society. ","The ability to increase the financial ladder. From maybe lower middle class to upper middle class. "
"2024","Spring","24406279",2.71,96,"BA","2024-03-28","2024-03-28","933","40.7252","-73.944","10029","2005","Male",NA,"Male","Heterosexual (as in ""straight"")",NA,"Full-time (12 credits or more)","Declared (Please specify major):","Sociology",NA,"2.1","1st year undergraduate","No","Middle Eastern or North African (E.g., Lebanese, Iranian, Egyptian, Syrian, Moroccan, Algerian, etc.)",NA,NA,NA,NA,NA,"Egyptian",NA,"Yes","No","No","Single",NA,"Less than $60,000","$200 or less",NA,"$100,000 to $150,000","How much money you make and how important you are. Money is important","How mobile the social is"
"2024","Spring","24055457",3.668,127,"BS","2024-03-28","2024-03-28","890","40.822","-73.86","07646","2002","Male",NA,"Male","Heterosexual (as in ""straight"")",NA,"Full-time (12 credits or more)","Declared (Please specify major):","Psychology, B.S (MHC)",NA,"3.5","3rd year undergraduate","No","Middle Eastern or North African (E.g., Lebanese, Iranian, Egyptian, Syrian, Moroccan, Algerian, etc.)",NA,NA,NA,NA,NA,"Jewish",NA,"Yes","No","No","Single",NA,"Greater than $300,000","$200 or less",NA,"Greater than $300,000","the degree of access a person has to what society has to offer","the capacity of an individual to increase/decrease their social status and the degree to which a society is open to this."
"2024","Spring","23956823",3.821,130,"BA/MA","2024-03-28","2024-03-28","875","40.8142","-73.9081","10459","2003","Female",NA,"Female","Heterosexual (as in ""straight"")",NA,"Full-time (12 credits or more)","Declared (Please specify major):","BA/MA CASAC",NA,"3.8","Graduate","Yes","Hispanic, Latino or Spanish Origin (E.g., Mexican or Mexican American. Puerto Rican, Cuban, Salvadorian, Dominican, etc.)",NA,NA,"Mexican American ",NA,NA,NA,NA,"Yes","No","No","Single",NA,"Less than $60,000","$200 or less",NA,"$60,000 to $99,999","Something fluid, we as humans change everyday that goes for our social status as well. ","Climbing up the ladder of advantages and opportunities, the higher you are the more you have that others don't. "
"2024","Spring","24177677",3.809,130,"BA/MA","2024-03-28","2024-03-28","763","40.9476","-73.8624","10467","2003","Female",NA,"Female","Heterosexual (as in ""straight"")",NA,"Full-time (12 credits or more)","Declared (Please specify major):","Psychology/ CASAC route",NA,"3.8","3rd year undergraduate","Yes","Hispanic, Latino or Spanish Origin (E.g., Mexican or Mexican American. Puerto Rican, Cuban, Salvadorian, Dominican, etc.)",NA,NA,"Hispanic",NA,NA,NA,NA,"Yes","No","No","Single",NA,"Less than $60,000","$200 or less",NA,"$60,000 to $99,999","I would say “social status” relates to how many friends you have and your ability to make friends. ","Social mobility is also about your ability to make friends. "
"2024","Spring","24416173",3.639,141,"BS","2024-03-28","2024-03-28","4048","40.8494","-73.9016","10466","2004","Female",NA,"Female","Heterosexual (as in ""straight"")",NA,"Part-time (Fewer than 12 credits)","Undeclared (Please specify intended major):",NA,"Bio","3.4","1st year undergraduate","No","Black or African American (E.g., African American, Jamaican, Haitian, Nigerian, Ethiopian, Somalian, etc.:",NA,"Black",NA,NA,NA,NA,NA,"Yes","No","No","Single",NA,"$100,000 to $150,000","Other ( Please specify):","Not working","$150,001 to $299,999","Social hierarchy ","Moving up social ladder"
"2024","Spring","24219923",3.485,135,"BA/MA","2024-03-28","2024-03-28","886","40.7787","-73.9132","11105","2004","Female",NA,"Female","Heterosexual (as in ""straight"")",NA,"Full-time (12 credits or more)","Declared (Please specify major):","Psychology",NA,"3.2","2nd year undergraduate","No","Asian (E.g., Chinese, Filipino, Asian Indian, Bangladeshi, Vietnamese, Korean etc,)",NA,NA,NA,"Bengali ",NA,NA,NA,"Yes","No","No","Single",NA,"Less than $60,000","$200 or less",NA,"$100,000 to $150,000","Where you are in society. How much money you make and the opportunities you have available to you. Doctors, and lawyers for example have a higher status compared to teachers and blue collar workers.","Changing your socioeconomic status. For example, getting a high paying job after grad school or marrying bc into a rich family."
"2024","Spring","24038946",3.035,123,"BS","2024-03-29","2024-03-29","982","40.674","-73.9701","11216","2002","Female",NA,"Female","Heterosexual (as in ""straight"")",NA,"Full-time (12 credits or more)","Declared (Please specify major):","Psychology ",NA,"2.9","4th year undergraduate","No","Black or African American (E.g., African American, Jamaican, Haitian, Nigerian, Ethiopian, Somalian, etc.:",NA,"Jamaican. American ",NA,NA,NA,NA,NA,"No","No","No","Single",NA,"Less than $60,000","$401-$600",NA,"$100,000 to $150,000","1. Social stasis occurs when there is minimal to no evolution, growth, or advancement within a society.","Social mobility is all about how people or groups can go up or down in different social levels or classes within a community. It involves moving up or down in terms of things like money, education, job, or assets."
"2024","Spring","23944631",3.453,136,"BA/MA","2024-03-29","2024-03-29","846","40.7364","-73.8695","11372","2003","Female",NA,"Female","Heterosexual (as in ""straight"")",NA,"Full-time (12 credits or more)","Declared (Please specify major):","Psychology ",NA,"3.5","4th year undergraduate","No","Asian (E.g., Chinese, Filipino, Asian Indian, Bangladeshi, Vietnamese, Korean etc,)",NA,NA,NA,"Bangladeshi",NA,NA,NA,"Yes","No","No","Single",NA,"Less than $60,000","$201-$400",NA,"$60,000 to $99,999","Influential power and wealth ","Functioning "
"2024","Spring","23835284",3.835,117,"BA","2024-03-29","2024-03-29","36379","40.7252","-73.944","10032","2001","Female",NA,"Female","Heterosexual (as in ""straight"")",NA,"Full-time (12 credits or more)","Declared (Please specify major):","Studio art ",NA,"3.8","4th year undergraduate","Yes","Hispanic, Latino or Spanish Origin (E.g., Mexican or Mexican American. Puerto Rican, Cuban, Salvadorian, Dominican, etc.)",NA,NA,"Dominican ",NA,NA,NA,NA,"Yes","No","No","Single",NA,"Less than $60,000","$201-$400",NA,"$60,000 to $99,999"," to a rank or position that one holds in a group","Social mobility is the ability of people to move up or down a social ladder."
"2024","Spring","24271217",3.783,120,"BA","2024-03-29","2024-03-29","1312","40.5697","-74.1184","10312","2003","Female",NA,"Female","Heterosexual (as in ""straight"")",NA,"Full-time (12 credits or more)","Declared (Please specify major):","Psychology",NA,"3.88","2nd year undergraduate","No","Middle Eastern or North African (E.g., Lebanese, Iranian, Egyptian, Syrian, Moroccan, Algerian, etc.)",NA,NA,NA,NA,NA,"Egyptian ",NA,"Yes","No","No","Single",NA,"Less than $60,000","$201-$400",NA,"$60,000 to $99,999","how rich/poor you are","having easy freeway in society"
"2024","Spring","24195835",2.583,120,"BA","2024-03-29","2024-03-29","1088","40.7252","-73.944","11209","2003","Female",NA,"Female","Bisexual",NA,"Full-time (12 credits or more)","Declared (Please specify major):","Psychology ",NA,"2.5","3rd year undergraduate","No","Middle Eastern or North African (E.g., Lebanese, Iranian, Egyptian, Syrian, Moroccan, Algerian, etc.)",NA,NA,NA,NA,NA,"Moroccan",NA,"Yes","No","No","Single",NA,"Less than $60,000","Other ( Please specify):","Currently unemployed ","Less than 60,000","A standard met in a spectrum including economic, social, and occupational status ","The ability to change social status."
"2024","Spring","24229148",3.574,102,"BA","2024-03-29","2024-03-29","1199","40.8777","-73.908","10463","2004","Female",NA,"Female","Heterosexual (as in ""straight"")",NA,"Full-time (12 credits or more)","Undeclared (Please specify intended major):",NA,"Psychology","0","2nd year undergraduate","No","Asian (E.g., Chinese, Filipino, Asian Indian, Bangladeshi, Vietnamese, Korean etc,)",NA,NA,NA,"Pakistani",NA,NA,NA,"Yes","Yes","No","Single",NA,"Less than $60,000","Other ( Please specify):","Not working","$60,000 to $99,999","A person's position in society","I think social mobility is a person's capability of moving up the social ladder"
"2024","Spring","24206447",3.346,126,"BA/MA","2024-03-27","2024-03-29","206676","40.782","-73.9953","11233","2003","Male",NA,"Male","Heterosexual (as in ""straight"")",NA,"Full-time (12 credits or more)","Undeclared (Please specify intended major):",NA,"applying for the psychology BA/MA","3.8","3rd year undergraduate","Yes","Some other race, ethnicity or origin",NA,NA,NA,NA,NA,NA,"mixed","No","Yes","No","Single",NA,"Less than $60,000","$401-$600",NA,"$100,000 to $150,000","rank your have in society, determined by wealth, area you live in, or way you live your life","how well someone is able to move up or down the Status or wealth ladder"
"2024","Spring","23920333",3.568,120,"BA","2024-03-30","2024-03-30","2015","40.7123","-74.0068","10039","2001","Female",NA,"Female","Heterosexual (as in ""straight"")",NA,"Part-time (Fewer than 12 credits)","Declared (Please specify major):","Anthropology ",NA,"3.5","5th year undergraduate","No","Black or African American (E.g., African American, Jamaican, Haitian, Nigerian, Ethiopian, Somalian, etc.:",NA,"African American ",NA,NA,NA,NA,NA,"No","No","No","Single",NA,"$60,000 to $99,999","$201-$400",NA,"$60,000 to $99,999","Social status can be described as the position a person has based on their career.","Social mobility is a person’s status changing from one level to another."
"2024","Spring","24419686",1.97,65,"BA","2024-03-31","2024-03-31","1590","40.3172","-74.4304","10009","2005","Female",NA,"Female","Homosexual (as in ""lesbian"" or ""gay"")",NA,"Full-time (12 credits or more)","Declared (Please specify major):","Psychology ",NA,"3.480","1st year undergraduate","Yes","Hispanic, Latino or Spanish Origin (E.g., Mexican or Mexican American. Puerto Rican, Cuban, Salvadorian, Dominican, etc.)",NA,NA,"Puerto Rican",NA,NA,NA,NA,"No","No","No","Other:","In a relationship ","Less than $60,000","Other ( Please specify):","$0","Less than 60,000","Your social value","Social mobility is the movement of people, families or groups can move through a social system "
"2024","Spring","23917200",3.264,120,"BS","2024-03-31","2024-03-31","944","40.7252","-73.944","11207","2001","Male",NA,"Male","Homosexual (as in ""lesbian"" or ""gay"")",NA,"Full-time (12 credits or more)","Declared (Please specify major):","Psych",NA,"3.5","5th year undergraduate","No","Black or African American (E.g., African American, Jamaican, Haitian, Nigerian, Ethiopian, Somalian, etc.:",NA,"Trinidadian ",NA,NA,NA,NA,NA,"No","No","No","Single",NA,"Less than $60,000","$1001-$1200",NA,"Greater than $300,000","Wealth and promote to it ","Na"
"2024","Spring","24172138",2.708,44,"BA","2024-04-01","2024-04-01","1335","40.8231","-73.9513","10031","2004","Male",NA,"Male","Heterosexual (as in ""straight"")",NA,"Full-time (12 credits or more)","Declared (Please specify major):","Management and Administration",NA,"3.00","2nd year undergraduate","Yes","Hispanic, Latino or Spanish Origin (E.g., Mexican or Mexican American. Puerto Rican, Cuban, Salvadorian, Dominican, etc.)",NA,NA,"Dominican",NA,NA,NA,NA,"Yes","No","No","Single",NA,"$100,000 to $150,000","$201-$400",NA,"$100,000 to $150,000","Social status is your status of popularity","being able to be a fluid people's person"
"2024","Spring","24187800",2.773,147,"BA","2024-04-01","2024-04-01","577","40.839","-73.946","10039","2003","Female",NA,"Female","Bisexual",NA,"Full-time (12 credits or more)","Declared (Please specify major):","Earth Science",NA,"2.46","3rd year undergraduate","No","Asian (E.g., Chinese, Filipino, Asian Indian, Bangladeshi, Vietnamese, Korean etc,)",NA,NA,NA,"Bangladeshi",NA,NA,NA,"Yes","No","No","Single",NA,"$100,000 to $150,000","$200 or less",NA,"$60,000 to $99,999","Where you stand in social class","Ability to move up or down the social ladder"
"2024","Spring","24266856",3.794,116,"BA","2024-04-01","2024-04-01","1454","40.839","-73.946","10462","2004","Female",NA,"Female","Heterosexual (as in ""straight"")",NA,"Full-time (12 credits or more)","Declared (Please specify major):","Psychology ",NA,"3.86","2nd year undergraduate","Yes","Hispanic, Latino or Spanish Origin (E.g., Mexican or Mexican American. Puerto Rican, Cuban, Salvadorian, Dominican, etc.)",NA,NA,"Yes",NA,NA,NA,NA,"No","Yes","Yes","Single",NA,"$60,000 to $99,999","$200 or less",NA,"$100,000 to $150,000","ones position within society. ","]social classes"
"2024","Spring","24167922",3.327,122,"BA","2024-04-01","2024-04-01","1495","40.8343","-73.9235","10456","2003","Male",NA,"Male","Heterosexual (as in ""straight"")",NA,"Full-time (12 credits or more)","Declared (Please specify major):","Psychology ",NA,"3.3","3rd year undergraduate","Yes","Hispanic, Latino or Spanish Origin (E.g., Mexican or Mexican American. Puerto Rican, Cuban, Salvadorian, Dominican, etc.)",NA,NA,"Dominican ",NA,NA,NA,NA,"No","No","No","Single",NA,"$60,000 to $99,999","$200 or less",NA,"$60,000 to $99,999","social status is something a person is considered to possess. Such as wealth, and knowledge someone has","Having the freedom to move house to house without anemone problems "
"2024","Spring","24164421",3.05,109,"BS","2024-04-01","2024-04-01","1767","40.839","-73.946","10472","2003","Male",NA,"Male","Heterosexual (as in ""straight"")",NA,"Full-time (12 credits or more)","Declared (Please specify major):","Psychology ",NA,"2.3","3rd year undergraduate","No","Asian (E.g., Chinese, Filipino, Asian Indian, Bangladeshi, Vietnamese, Korean etc,)",NA,NA,NA,"Bangladeshi",NA,NA,NA,"Yes","No","No","Single",NA,"Less than $60,000","$200 or less",NA,"Less than 60,000","The amount of wealth you have. But to me it's the knowledge you possess ","To have the flexibility to relocate"
"2024","Spring","24042459",3.637,121,"BA","2024-04-01","2024-04-01","972","40.8494","-73.9016","10462","2003","Female",NA,"Female","Heterosexual (as in ""straight"")",NA,"Full-time (12 credits or more)","Declared (Please specify major):","Psychology",NA,"3.5","4th year undergraduate","Yes","Hispanic, Latino or Spanish Origin (E.g., Mexican or Mexican American. Puerto Rican, Cuban, Salvadorian, Dominican, etc.)",NA,NA,"Dominican",NA,NA,NA,NA,"Yes","No","No","Single",NA,"Less than $60,000","$401-$600",NA,"$100,000 to $150,000","It is the stage you find yourself with within society ","I believe is the professional and economic growth a person achieve when it comes to social status"
"2024","Spring","23542338",2.981,120,"BA","2024-04-01","2024-04-01","1020","40.839","-73.946","10472","1998","Female",NA,"Female","Heterosexual (as in ""straight"")",NA,"Full-time (12 credits or more)","Declared (Please specify major):","Psychology ",NA,"2.9","3rd year undergraduate","Yes","Hispanic, Latino or Spanish Origin (E.g., Mexican or Mexican American. Puerto Rican, Cuban, Salvadorian, Dominican, etc.)",NA,NA,"Puerto Rican and Dominican ",NA,NA,NA,NA,"Yes","Yes","No","Single",NA,"$60,000 to $99,999","$401-$600",NA,"$100,000 to $150,000","It is your placement and importance to society ","It’s the ability to move up the ladder in status, including economically. "
"2024","Spring","24107204",2.627,86,"BA","2024-04-01","2024-04-01","488","40.839","-73.946","10032","2002","Male",NA,"Male","Heterosexual (as in ""straight"")",NA,"Part-time (Fewer than 12 credits)","Declared (Please specify major):","Business administration",NA,"2.5","3rd year undergraduate","No","Asian (E.g., Chinese, Filipino, Asian Indian, Bangladeshi, Vietnamese, Korean etc,)",NA,NA,NA,"Korean",NA,NA,NA,"No","No","No","Single",NA,"$60,000 to $99,999","$601-$800",NA,"$60,000 to $99,999","Your standing in varying array of social groups","Your ability to transition between groups "
"2024","Spring","24069127",3.502,125,"BS","2024-04-01","2024-04-01","1051","40.7015","-73.8422","11415","2003","Female",NA,"Female","Heterosexual (as in ""straight"")",NA,"Full-time (12 credits or more)","Declared (Please specify major):","Psychology",NA,"3.4","3rd year undergraduate","No","Asian (E.g., Chinese, Filipino, Asian Indian, Bangladeshi, Vietnamese, Korean etc,)",NA,NA,NA,"Pakistani",NA,NA,NA,"Yes","No","No","Single",NA,"Less than $60,000","$201-$400",NA,"$100,000 to $150,000","how much money you make, how many people you know and connections you have","being able to change your financial situation"
"2024","Spring","24459989",3.796,62,"BA","2024-04-01","2024-04-01","1031","41.0129","-73.7559","10601","2005","Male",NA,"Male","Bisexual",NA,"Full-time (12 credits or more)","Declared (Please specify major):","Business Management and Administration",NA,"3.838","1st year undergraduate","Yes","Hispanic, Latino or Spanish Origin (E.g., Mexican or Mexican American. Puerto Rican, Cuban, Salvadorian, Dominican, etc.)",NA,NA,"Mexican",NA,NA,NA,NA,"Yes","Yes","No","Single",NA,"Less than $60,000","$200 or less",NA,"Less than 60,000","Money your worth comes from how much you earn and are able to live comfortably in a society with such crippling economy for those under the average yearly salary","The ability to move up from different social classes by taking advantage of opportunities that allow you to earn more"
"2024","Spring","24206442",2.847,116,"BA","2024-04-01","2024-04-02","34665","40.6764","-73.8753","11421","2003","Female",NA,"Female","Heterosexual (as in ""straight"")",NA,"Full-time (12 credits or more)","Declared (Please specify major):","Psychology",NA,"1.9","3rd year undergraduate","Yes","Hispanic, Latino or Spanish Origin (E.g., Mexican or Mexican American. Puerto Rican, Cuban, Salvadorian, Dominican, etc.)",NA,NA,"Peruvian",NA,NA,NA,NA,"Yes","No","No","Single",NA,"Less than $60,000","$200 or less",NA,"$60,000 to $99,999","Popularity","Being able to socialize"
"2024","Spring","24378063",3.593,80,"BA","2024-04-02","2024-04-02","2743","40.839","-73.946","11355","2003","Female",NA,"Female","Heterosexual (as in ""straight"")",NA,"Full-time (12 credits or more)","Declared (Please specify major):","Psychology ",NA,"3.456","2nd year undergraduate","Yes","Hispanic, Latino or Spanish Origin (E.g., Mexican or Mexican American. Puerto Rican, Cuban, Salvadorian, Dominican, etc.)",NA,NA,"Colombian ",NA,NA,NA,NA,"Yes","No","No","Single",NA,"$60,000 to $99,999","$201-$400",NA,"$60,000 to $99,999","Your position in the community ","The status’ movement of the individuals "
"2024","Spring","24298919",3.748,124,"BA","2024-04-03","2024-04-03","4355","40.8494","-73.9016","10456","2004","Other (Please, Specify):","no gender","Gender non-conforming","Other (Please identity):","queer","Full-time (12 credits or more)","Declared (Please specify major):","philosophy & sociology",NA,"3.9","2nd year undergraduate","No","Black or African American (E.g., African American, Jamaican, Haitian, Nigerian, Ethiopian, Somalian, etc.:",NA,"black",NA,NA,NA,NA,NA,"Yes","No","No","Single",NA,"Less than $60,000","$401-$600",NA,"Less than 60,000","the value or social acceptance/treatment of someone according society/others","Changes in one's circumstances that is deemed by society as making them better than they used to be."
"2024","Spring","23659703",2.847,123,"BS","2024-04-02","2024-04-03","47317","40.7809","-73.9502","11417","1999","Male",NA,"Male","Heterosexual (as in ""straight"")",NA,"Not a College student","Declared (Please specify major):","Psychology ",NA,"2.86","Graduate","Yes","Hispanic, Latino or Spanish Origin (E.g., Mexican or Mexican American. Puerto Rican, Cuban, Salvadorian, Dominican, etc.)",NA,NA,"Ecuadorian ",NA,NA,NA,NA,"Yes","No","No","Single",NA,"$60,000 to $99,999","Other ( Please specify):","1,800","$100,000 to $150,000","Social status could be defined as the amount of prestige or social value an individual holds in society.","Social mobility can be defined as moving up in prestigious and social value."
"2024","Spring","23749620",2.459,125,"BA","2024-04-03","2024-04-03","1918","40.839","-73.946","11779","2001","Female",NA,"Female","Heterosexual (as in ""straight"")",NA,"Full-time (12 credits or more)","Declared (Please specify major):","Psychology",NA,"2.4","4th year undergraduate","No","Asian (E.g., Chinese, Filipino, Asian Indian, Bangladeshi, Vietnamese, Korean etc,)",NA,NA,NA,"Pakistani",NA,NA,NA,"Yes","No","No","Single",NA,"Less than $60,000","Other ( Please specify):","0","Less than 60,000","how others see you ","Competency "
"2024","Spring","24243440",3.635,111,"BS","2024-04-03","2024-04-03","445","40.7465","-73.909","11355","2004","Female",NA,"Female","Heterosexual (as in ""straight"")",NA,"Full-time (12 credits or more)","Declared (Please specify major):","Psych bs ",NA,"3.7","1st year undergraduate","No","White or Caucasian (E.g., German, Irish, English, Italian, Polish, French, etc.)","Egyptian ",NA,NA,NA,NA,NA,NA,"Yes","No","No","Single",NA,"Less than $60,000","$200 or less",NA,"Less than 60,000","Not sure ","Not sure "
"2024","Spring","23936292",3.344,127,"BS","2024-04-03","2024-04-03","1011","40.839","-73.946","11219","2002","Female",NA,"Female","Heterosexual (as in ""straight"")",NA,"Full-time (12 credits or more)","Declared (Please specify major):","Psychology ",NA,"3.4","4th year undergraduate","No","Asian (E.g., Chinese, Filipino, Asian Indian, Bangladeshi, Vietnamese, Korean etc,)",NA,NA,NA,"Pakistani ",NA,NA,NA,"Yes","No","No","Single",NA,"Less than $60,000","$200 or less",NA,"$100,000 to $150,000","The economic standpoint a person is at ","The ability to better yourself financially and intellectually "
"2024","Spring","23918902",3.81,30,"MS","2024-04-03","2024-04-03","1602","40.8171","-73.9392","10128","2001","Male",NA,"Male","Heterosexual (as in ""straight"")",NA,"Full-time (12 credits or more)","Declared (Please specify major):","Translational medicine ",NA,"3.7","Graduate","No","Middle Eastern or North African (E.g., Lebanese, Iranian, Egyptian, Syrian, Moroccan, Algerian, etc.)",NA,NA,NA,NA,NA,"Egyptian ",NA,"Yes","No","No","Single",NA,"$100,000 to $150,000","Other ( Please specify):","Unemployed ","Greater than $300,000","One’s charisma, income and intelligence","Changing one’s social status to a higher or lower one "
"2024","Spring","24197548",3.276,120,"BS","2024-04-03","2024-04-04","51976","40.6764","-73.8753","11208","2003","Female",NA,"Female","Heterosexual (as in ""straight"")",NA,"Full-time (12 credits or more)","Declared (Please specify major):","Psychology (BS)",NA,"3.063","4th year undergraduate","Yes","Hispanic, Latino or Spanish Origin (E.g., Mexican or Mexican American. Puerto Rican, Cuban, Salvadorian, Dominican, etc.)",NA,NA,"Puerto Rican, Salvadorian, Ecuadorian",NA,NA,NA,NA,"Yes","No","No","Single",NA,"Less than $60,000","$200 or less",NA,"$100,000 to $150,000","Rank or position in society ","Shift of status"
"2024","Spring","24453023",3.49,50,"BA","2024-04-04","2024-04-04","790","40.7484","-73.862","11369","2005","Male",NA,"Male","Asexual",NA,"Full-time (12 credits or more)","Undeclared (Please specify intended major):",NA,"Engineering","3.5","1st year undergraduate","Yes","Hispanic, Latino or Spanish Origin (E.g., Mexican or Mexican American. Puerto Rican, Cuban, Salvadorian, Dominican, etc.)",NA,NA,"Ecuadorian",NA,NA,NA,NA,"Yes","No","No","Single",NA,"Less than $60,000","$200 or less",NA,"$100,000 to $150,000","Social status to me is when someone lives a more prestigious lifestyle ","I see it as a way for someone to change their social status"
"2024","Spring","24195841",3.33,125,"BA","2024-04-04","2024-04-04","2043","40.8518","-73.8705","10473","2003","Female",NA,"Female","Heterosexual (as in ""straight"")",NA,"Full-time (12 credits or more)","Declared (Please specify major):","Psychology ",NA,"3.78","3rd year undergraduate","No","Some other race, ethnicity or origin",NA,NA,NA,NA,NA,NA,NA,"Yes","No","No","Single",NA,"Less than $60,000","$200 or less",NA,"Greater than $300,000","Social status refers to a person's position or rank within a social hierarchy or structure. It is a way to categorize individuals based on factors such as wealth, occupation, education, and social connections. Social status can influence how people are perceived by others and can impact their access to resources, opportunities, and privileges within society.  Understanding social status involves recognizing the different levels or strata that exist within a community or society. It's important to note that social status is not solely determined by one's personal qualities or achievements, but can also be influenced by factors beyond individual control, such as birth or inherited wealth.  In simpler terms, social status is like a ladder that places individuals at different levels based on various factors like money, job, education, and connections. It can affect how people are seen by others and the advantages or disadvantages they may experience in their daily lives.","Social mobility refers to the ability of individuals or groups to move up or down the social ladder within a society. It reflects the extent to which someone can change their social status over time. Social mobility can be influenced by various factors, such as education, occupation, income, and opportunities for advancement.  In simpler terms, social mobility means the ability to climb up or slide down the social ladder. If someone has high social mobility, it means they have a greater chance of improving their social status and achieving upward mobility. On the other hand, low social mobility means that it is more difficult for individuals to change their social position and move to a higher level.  Understanding social mobility is important because it reflects the level of equality and opportunities within a society. A society with high social mobility provides individuals with the chance to better their circumstances regardless of their background, while a society with low social mobility may perpetuate inequality and limit upward mobility for certain groups."
"2024","Spring","24279766",2.986,121,"BS","2024-04-04","2024-04-04","1136","40.8125","-74.2134","07017","2003","Female",NA,"Female","Heterosexual (as in ""straight"")",NA,"Full-time (12 credits or more)","Declared (Please specify major):","Psychology And Jewish Studies",NA,"2.3","2nd year undergraduate","Yes","Black or African American (E.g., African American, Jamaican, Haitian, Nigerian, Ethiopian, Somalian, etc.:",NA,"African American ",NA,NA,NA,NA,NA,"No","No","No","Single",NA,"Less than $60,000","$200 or less",NA,"$100,000 to $150,000","Ranking in regard to other in your population/ community","moving upwards in the world"
"2024","Spring","24064678",3.461,139,"BS","2024-04-05","2024-04-05","9395","40.7537","-73.8892","11370","2004","Female",NA,"Female","Heterosexual (as in ""straight"")",NA,"Full-time (12 credits or more)","Declared (Please specify major):","Biology",NA,"3.5","2nd year undergraduate","Yes","Some other race, ethnicity or origin",NA,NA,NA,NA,NA,NA,NA,"Yes","No","No","Single",NA,"Less than $60,000","$200 or less",NA,"$100,000 to $150,000"," Social status refers to the relative position  that an individual or group holds within a society. ","Social mobility refers to the ability of individuals or groups to move within different social positions in a society's hierarchy"
"2024","Spring","24300077",3.788,124,"BA","2024-04-05","2024-04-05","610","40.726","-73.848","11375","2004","Male",NA,"Male","Heterosexual (as in ""straight"")",NA,"Full-time (12 credits or more)","Declared (Please specify major):","Business Administration",NA,"3.76","2nd year undergraduate","No","White or Caucasian (E.g., German, Irish, English, Italian, Polish, French, etc.)","White European",NA,NA,NA,NA,NA,NA,"Yes","No","No","Single",NA,"$100,000 to $150,000","$401-$600",NA,"$100,000 to $150,000","The amount of money one has compared to others.","I have no idea what that is"
"2024","Spring","24135785",4,116,"BA","2024-04-05","2024-04-05","881","40.839","-73.946","10462","2005","Female",NA,"Non-binary","Bisexual",NA,"Full-time (12 credits or more)","Declared (Please specify major):","Sociology ",NA,"4.0","1st year undergraduate","Yes","Some other race, ethnicity or origin",NA,NA,NA,NA,NA,NA,"Latino (Ecuadorian) and Asian (Indo-Guyanese)","Yes","No","No","Single",NA,"$100,000 to $150,000","$200 or less",NA,"Less than 60,000","The term social status considers people’s identities and how they impact how they navigate life. It is a form of classing them based on their socioeconomic circumstances. ","Social mobility means climbing the social ladder so that someone can have access to new and better resources/privileges"
"2024","Spring","24135624",3.803,109,"BA","2024-04-05","2024-04-05","2855","40.7961","-73.9513","10703","2005","Female",NA,"Female","Heterosexual (as in ""straight"")",NA,"Full-time (12 credits or more)","Declared (Please specify major):","Psychology/Sociology ",NA,"3.4","1st year undergraduate","No","Middle Eastern or North African (E.g., Lebanese, Iranian, Egyptian, Syrian, Moroccan, Algerian, etc.)",NA,NA,NA,NA,NA,"Yemeni",NA,"Yes","Yes","No","Single",NA,"Less than $60,000","$200 or less",NA,"Less than 60,000","Money and power ","Meeting with others "
"2024","Spring","24133341",3.696,156,"BA","2024-04-05","2024-04-05","1138","40.7252","-73.944","11223","2004","Female",NA,"Female","Heterosexual (as in ""straight"")",NA,"Full-time (12 credits or more)","Undeclared (Please specify intended major):",NA,"Computer Science","3.5","2nd year undergraduate","No","Asian (E.g., Chinese, Filipino, Asian Indian, Bangladeshi, Vietnamese, Korean etc,)",NA,NA,NA,"Pakistani",NA,NA,NA,"Yes","No","No","Single",NA,"Less than $60,000","Other ( Please specify):","Don't work","$60,000 to $99,999","It describes the social value or social role an individual has in society.","Moving up or down the social ladder in terms of the core social value or social role they have. "
"2024","Spring","24114405",3.212,120,"BS","2024-04-05","2024-04-05","646","40.7429","-73.9392","11101","2003","Female",NA,"Female","Heterosexual (as in ""straight"")",NA,"Full-time (12 credits or more)","Declared (Please specify major):","Psychology",NA,"2.8","3rd year undergraduate","No","Asian (E.g., Chinese, Filipino, Asian Indian, Bangladeshi, Vietnamese, Korean etc,)",NA,NA,NA,"Bangladeshi",NA,NA,NA,"Yes","No","No","Single",NA,"Less than $60,000","$201-$400",NA,"$60,000 to $99,999","Social status is how other's perceive you","Movement of one's status"
"2024","Spring","24211957",3.89,120,"BA","2024-04-06","2024-04-06","700","40.8343","-73.9235","10452","2003","Female",NA,"Female","Bisexual",NA,"Full-time (12 credits or more)","Declared (Please specify major):","Psychology ",NA,"3.8","3rd year undergraduate","Yes","Hispanic, Latino or Spanish Origin (E.g., Mexican or Mexican American. Puerto Rican, Cuban, Salvadorian, Dominican, etc.)",NA,NA,"Dominican",NA,NA,NA,NA,"No","No","No","Single",NA,"$100,000 to $150,000","$200 or less",NA,"$60,000 to $99,999","the level someone is in the socioeconomic spectrum ","what people do in order to move up in socioeconomic status "
"2024","Spring","24108844",3.4,49,"BA","2024-04-07","2024-04-07","949","40.7787","-73.9132","11103","2002","Male",NA,"Male","Heterosexual (as in ""straight"")",NA,"Full-time (12 credits or more)","Undeclared (Please specify intended major):",NA,"Computer Science","3.3","3rd year undergraduate","No","Asian (E.g., Chinese, Filipino, Asian Indian, Bangladeshi, Vietnamese, Korean etc,)",NA,NA,NA,"Bangladeshi",NA,NA,NA,"Yes","No","No","Single",NA,"Less than $60,000","$200 or less",NA,"$60,000 to $99,999","I define it as a role you have in society and how other people perceive you. If you're role in society is to be a doctor than your ""social status"" is good because other people view you as a strong, intelligent, and empathetic person that helps other while earning good pay for your deeds.","I define it as the ability to change your role in society financially and socially, meaning you are able to move upwards from the current situation you have. For example, you may be working as a retail worker, but with good education you may one day end up owning the store when you're older. You are essentially moving ranks which usually improves everything else in your life."
"2024","Spring","24571979",3.365,39,"BA","2024-04-07","2024-04-07","3509","40.782","-73.9953","10036","2000","Male",NA,"Male","Heterosexual (as in ""straight"")",NA,"Part-time (Fewer than 12 credits)","Undeclared (Please specify intended major):",NA,"Premed","2.9","Non-degree seeking","No","Middle Eastern or North African (E.g., Lebanese, Iranian, Egyptian, Syrian, Moroccan, Algerian, etc.)",NA,NA,NA,NA,NA,"Palestinian ",NA,"Yes","Yes","No","Single",NA,"Greater than $300,000","$201-$400",NA,"$150,001 to $299,999","Someone’s perceived standing or importance in relation to other people within their society","The ability to meaningfully increase or decrease your social status throughout your life "
"2024","Spring","23961355",3.781,124,"BA","2024-04-07","2024-04-07","765","40.7123","-73.7985","11432","2002","Female",NA,"Female","Heterosexual (as in ""straight"")",NA,"Full-time (12 credits or more)","Declared (Please specify major):","Psychology, sociology",NA,"3.7","4th year undergraduate","No","Asian (E.g., Chinese, Filipino, Asian Indian, Bangladeshi, Vietnamese, Korean etc,)",NA,NA,NA,"Bangladeshi",NA,NA,NA,"Yes","No","No","Single",NA,"Less than $60,000","$200 or less",NA,"Less than 60,000","Having good communication skills. ","Being able to network and knowing where to find resources. "
"2024","Spring","24286544",3.652,118,"BA","2024-04-08","2024-04-08","1555","40.6877","-73.9267","11221","2004","Female",NA,"Female","Uncertain/Questioning",NA,"Full-time (12 credits or more)","Declared (Please specify major):","Pyschology ",NA,"3.4","2nd year undergraduate","No","Black or African American (E.g., African American, Jamaican, Haitian, Nigerian, Ethiopian, Somalian, etc.:",NA,"Black",NA,NA,NA,NA,NA,"No","No","No","Single",NA,"Less than $60,000","$200 or less",NA,"Less than 60,000","Social status to me is a persons position in society","Social mobility is like a movement between social classes or positions."
"2024","Spring","24159783",3.75,121,"BA","2024-04-03","2024-04-08","417522","40.839","-73.946","10032","2003","Female",NA,"Female","Homosexual (as in ""lesbian"" or ""gay"")",NA,"Full-time (12 credits or more)","Declared (Please specify major):","Psychology ",NA,"3.734","2nd year undergraduate","Yes","Hispanic, Latino or Spanish Origin (E.g., Mexican or Mexican American. Puerto Rican, Cuban, Salvadorian, Dominican, etc.)",NA,NA,"Dominican ",NA,NA,NA,NA,"No","No","No","Single",NA,"Less than $60,000","$200 or less",NA,"$60,000 to $99,999","Social Status is where you stand in society financially and what opportunities you have available to you because of it. ","Social Mobility it’s the ability to move up in class "
"2024","Spring","24088873",3.014,122,"BA","2024-04-08","2024-04-08","3878","40.8171","-73.9392","10460","2004","Female",NA,"Female","Asexual",NA,"Full-time (12 credits or more)","Declared (Please specify major):","Psychology ",NA,"2.9","2nd year undergraduate","No","White or Caucasian (E.g., German, Irish, English, Italian, Polish, French, etc.)","White ",NA,NA,NA,NA,NA,NA,"No","No","No","Single",NA,"Less than $60,000","$601-$800",NA,"Greater than $300,000","Social status to me is the label you are connected to in terms of labels in society in terms of the value that you hold.","To me social mobility is the way you are able to maneuver."
"2024","Spring","24449366",3.764,42,"BS","2024-04-08","2024-04-08","9828","40.7961","-73.9513","11230","2005","Female",NA,"Female","Heterosexual (as in ""straight"")",NA,"Full-time (12 credits or more)","Declared (Please specify major):","Psychology ",NA,"3.75","1st year undergraduate","No","Some other race, ethnicity or origin",NA,NA,NA,NA,NA,NA,"Turkish ","Yes","No","No","Single",NA,"Less than $60,000","Other ( Please specify):","0","$150,001 to $299,999","I understand “social status” as your financial stability. The higher social status you have, the more financially stable you are in my opinion.","I understand “social mobility” as how many connections you have to get you to a higher social status."
"2024","Spring","24254148",3.068,126,"BA","2024-04-08","2024-04-08","1691","40.8494","-73.9016","10466","2003","Female",NA,"Gender queer","Asexual",NA,"Full-time (12 credits or more)","Declared (Please specify major):","Psychology ",NA,"2.8","2nd year undergraduate","Yes","Black or African American (E.g., African American, Jamaican, Haitian, Nigerian, Ethiopian, Somalian, etc.:",NA,"Black ",NA,NA,NA,NA,NA,"No","No","No","Single",NA,"Less than $60,000","Other ( Please specify):","Idk","$100,000 to $150,000","a person's standing or importance in relation to other people within a society.","and it cannot necessarily be determined if the change is for good or bad."
"2024","Spring","24035117",3.079,120,"BA","2024-04-09","2024-04-09","1698","40.6739","-73.9358","11225","2002","Female",NA,"Female","Heterosexual (as in ""straight"")",NA,"Full-time (12 credits or more)","Declared (Please specify major):","Psychology ",NA,"2.6","4th year undergraduate","Yes","Hispanic, Latino or Spanish Origin (E.g., Mexican or Mexican American. Puerto Rican, Cuban, Salvadorian, Dominican, etc.)",NA,NA,"Panamanian ",NA,NA,NA,NA,"No","No","No","Single",NA,"Less than $60,000","$200 or less",NA,"$60,000 to $99,999","When I hear social status I think of popularity or the food chain. The strongest or smartest would be on top. Or l social status can be seen a hierarchy like middle class, lower class, or upper class.","In my brain mobility mean the ability to movie, and when I hear social I think of people interacting with another. So I think social mobility is the ability to socialize with different people."
"2024","Spring","24393206",2.972,81,"BA","2024-04-09","2024-04-09","1965","40.7015","-73.8422","11432","2004","Male",NA,"Male","Uncertain/Questioning",NA,"Full-time (12 credits or more)","Undeclared (Please specify intended major):",NA,"Engineering ","3.2","1st year undergraduate","No","Asian (E.g., Chinese, Filipino, Asian Indian, Bangladeshi, Vietnamese, Korean etc,)",NA,NA,NA,"Bangladeshi",NA,NA,NA,"Yes","No","No","Single",NA,"$60,000 to $99,999","Other ( Please specify):","Unemployed ","$100,000 to $150,000","Social status is where a person in their community it has many factor like the wealth, education, family background and more.","The movement of individuals or group within social hierarchy, often influenced by factors like education, occupation, or income."
"2024","Spring","24366640",3.319,71,"BA","2024-04-10","2024-04-10","1076","40.8231","-73.9513","10453","2005","Female",NA,"Female","Heterosexual (as in ""straight"")",NA,"Part-time (Fewer than 12 credits)","Declared (Please specify major):","Psychology",NA,"3.2","1st year undergraduate","Yes","Hispanic, Latino or Spanish Origin (E.g., Mexican or Mexican American. Puerto Rican, Cuban, Salvadorian, Dominican, etc.)",NA,NA,"Dominican",NA,NA,NA,NA,"Yes","No","No","Single",NA,"Less than $60,000","$200 or less",NA,"Less than 60,000","Social status for me is the level that you are in society based on economics, for example.","What I understand is moving from a social status to another."
"2024","Spring","24062359",3.85,6,"MA","2024-04-10","2024-04-10","1776","40.8231","-73.9513","11372","2002","Male",NA,"Male","Heterosexual (as in ""straight"")",NA,"Full-time (12 credits or more)","Declared (Please specify major):","Psychology BA",NA,"2.9","4th year undergraduate","Yes","Hispanic, Latino or Spanish Origin (E.g., Mexican or Mexican American. Puerto Rican, Cuban, Salvadorian, Dominican, etc.)",NA,NA,"Ecuadorian ",NA,NA,NA,NA,"Yes","No","No","Single",NA,"$60,000 to $99,999","$601-$800",NA,"$100,000 to $150,000","A social value people possess","Ability to move up or down the social scale in a society "
"2024","Spring","24426363",2.71,83,"BA","2024-04-10","2024-04-10","1647","40.8596","-73.9316","10033","2004","Male",NA,"Male","Heterosexual (as in ""straight"")",NA,"Full-time (12 credits or more)","Declared (Please specify major):","Flim ",NA,"2.4","1st year undergraduate","Yes","Hispanic, Latino or Spanish Origin (E.g., Mexican or Mexican American. Puerto Rican, Cuban, Salvadorian, Dominican, etc.)",NA,NA,"Dominican",NA,NA,NA,NA,"Yes","No","No","Single",NA,"$60,000 to $99,999","$200 or less",NA,"$60,000 to $99,999","To me I would be where in are consider by others in a status. Do you make more money than others, stuff like that. ","Moving status, I'm not too sure what social mobility truly means. "
"2024","Spring","24281158",3.696,124,"BA","2024-04-11","2024-04-11","1316","40.7653","-73.9589","10454","2004","Female",NA,"Female","Heterosexual (as in ""straight"")",NA,"Full-time (12 credits or more)","Declared (Please specify major):","PSYCHOLOGY",NA,"3.4","2nd year undergraduate","Yes","Hispanic, Latino or Spanish Origin (E.g., Mexican or Mexican American. Puerto Rican, Cuban, Salvadorian, Dominican, etc.)",NA,NA,"ECUADORIAN AND GUATEMALAN",NA,NA,NA,NA,"Yes","No","No","Other:","IN A RELATIONSHIP ","$60,000 to $99,999","$201-$400",NA,"$100,000 to $150,000","Rank in society, mostly in class ","How someone changes their socio-economic status "
"2024","Spring","24298822",3.455,148,"BS","2024-04-11","2024-04-11","698","40.6764","-73.8753","11208","2004","Male",NA,"Male","Heterosexual (as in ""straight"")",NA,"Full-time (12 credits or more)","Undeclared (Please specify intended major):",NA,"Computer Science","3.4","2nd year undergraduate","No","Asian (E.g., Chinese, Filipino, Asian Indian, Bangladeshi, Vietnamese, Korean etc,)",NA,NA,NA,"Bangladeshi",NA,NA,NA,"Yes","No","No","Single",NA,"$60,000 to $99,999","$200 or less",NA,"$60,000 to $99,999","Where you stand in society financially and how influential you are","The ability to move up and down in regards to social status"
"2024","Spring","24435256",3.304,69,"BS","2024-04-11","2024-04-11","794","40.7961","-73.9513","10029","2005","Female",NA,"Female","Heterosexual (as in ""straight"")",NA,"Full-time (12 credits or more)","Undeclared (Please specify intended major):",NA,"biology","3.6","1st year undergraduate","Yes","Hispanic, Latino or Spanish Origin (E.g., Mexican or Mexican American. Puerto Rican, Cuban, Salvadorian, Dominican, etc.)",NA,NA,"dominican",NA,NA,NA,NA,"Yes","Yes","No","Single",NA,"Less than $60,000","Other ( Please specify):","100or less","$60,000 to $99,999","often","often"
"2024","Spring","24403000",3.508,92,"BA","2024-04-12","2024-04-12","3611","40.8231","-73.9513","10701","2004","Male",NA,"Male","Heterosexual (as in ""straight"")",NA,"Full-time (12 credits or more)","Undeclared (Please specify intended major):",NA,"Psychology","3.9","1st year undergraduate","Yes","Hispanic, Latino or Spanish Origin (E.g., Mexican or Mexican American. Puerto Rican, Cuban, Salvadorian, Dominican, etc.)",NA,NA,"Dominican",NA,NA,NA,NA,"Yes","Yes","No","Domestic partnership",NA,"$60,000 to $99,999","$200 or less",NA,"$60,000 to $99,999","Basically just how important someone is when compared to other people","Moving upwards or downwards in social status"
"2024","Spring","24420074",1.846,33,"BA","2024-04-12","2024-04-12","1395","40.8205","-73.9183","10455","2004","Male",NA,"Male","Heterosexual (as in ""straight"")",NA,"Full-time (12 credits or more)","Undeclared (Please specify intended major):",NA,"N/A","2.00","1st year undergraduate","Yes","Hispanic, Latino or Spanish Origin (E.g., Mexican or Mexican American. Puerto Rican, Cuban, Salvadorian, Dominican, etc.)",NA,NA,"Mexican",NA,NA,NA,NA,"Yes","No","No","Single",NA,"Less than $60,000","Other ( Please specify):","0","$60,000 to $99,999","where you are interms of money","how you are able to grow"
"2024","Spring","24406217",3.025,68,"BA","2024-04-12","2024-04-12","1569","40.8547","-73.9218","10457","2005","Female",NA,"Female","Heterosexual (as in ""straight"")",NA,"Full-time (12 credits or more)","Declared (Please specify major):","Psychology ",NA,"2.8","1st year undergraduate","Yes","Hispanic, Latino or Spanish Origin (E.g., Mexican or Mexican American. Puerto Rican, Cuban, Salvadorian, Dominican, etc.)",NA,NA,"Mexican",NA,NA,NA,NA,"Yes","No","No","Single",NA,"Less than $60,000","$200 or less",NA,"Less than 60,000","I define it as how known you are in your department and or job.","I’m not sure "
"2024","Spring","24198814",3.572,131,"BS","2024-04-14","2024-04-15","10260","40.822","-73.86","10473","2003","Female",NA,"Female","Heterosexual (as in ""straight"")",NA,"Full-time (12 credits or more)","Declared (Please specify major):","Biology ",NA,"3.6","3rd year undergraduate","Yes","Hispanic, Latino or Spanish Origin (E.g., Mexican or Mexican American. Puerto Rican, Cuban, Salvadorian, Dominican, etc.)",NA,NA,"Hispanic ",NA,NA,NA,NA,"Yes","No","No","Single",NA,"$60,000 to $99,999","$200 or less",NA,"Less than 60,000","An individuals position in society ","Moving up or down from positions "
"2024","Spring","23838765",3.834,122,"BS","2024-04-15","2024-04-15","1043","40.8231","-73.9513","10314","2002","Female",NA,"Female","Heterosexual (as in ""straight"")",NA,"Full-time (12 credits or more)","Declared (Please specify major):","Psychology",NA,"3.25","3rd year undergraduate","No","Asian (E.g., Chinese, Filipino, Asian Indian, Bangladeshi, Vietnamese, Korean etc,)",NA,NA,NA,"Pakistani",NA,NA,NA,"Yes","Yes","Yes","Single",NA,"Less than $60,000","Other ( Please specify):","None","$60,000 to $99,999","As the economic and financial status one holds in society","Ones ability to move around be social"
"2024","Spring","24423705",2.815,82,"BA","2024-04-15","2024-04-15","1225","40.8231","-73.9513","10031","2005","Female",NA,"Female","Heterosexual (as in ""straight"")",NA,"Full-time (12 credits or more)","Declared (Please specify major):","psychology",NA,"1.7","1st year undergraduate","Yes","Hispanic, Latino or Spanish Origin (E.g., Mexican or Mexican American. Puerto Rican, Cuban, Salvadorian, Dominican, etc.)",NA,NA,"Mexican American",NA,NA,NA,NA,"Yes","No","No","Single",NA,"Less than $60,000","Other ( Please specify):","don't work","Less than 60,000","The rank that an individual holds, with attendant rights, duties, and lifestyle is. when people pick the people they want to hang with","How people grow socially "
"2024","Spring","24181888",3.271,100,"BA","2024-04-15","2024-04-15","2176","40.8622","-73.8902","10460","2002","Female",NA,"Female","Heterosexual (as in ""straight"")",NA,"Full-time (12 credits or more)","Declared (Please specify major):","psychology",NA,"3.6","2nd year undergraduate","Yes","Hispanic, Latino or Spanish Origin (E.g., Mexican or Mexican American. Puerto Rican, Cuban, Salvadorian, Dominican, etc.)",NA,NA,"Dominican, Puerto Rican",NA,NA,NA,NA,"No","No","No","Single",NA,"Less than $60,000","$200 or less",NA,"$60,000 to $99,999","Social status is the position you are in society. ","Social mobility to my understanding is when a person moves from one social status to another. "
"2024","Spring","24285294",3.141,60,"BA","2024-04-15","2024-04-15","1353","40.8312","-73.9067","10456","2004","Female",NA,"Female","Heterosexual (as in ""straight"")",NA,"Full-time (12 credits or more)","Undeclared (Please specify intended major):",NA,"Health science/Psychology ","3.1","2nd year undergraduate","No","Black or African American (E.g., African American, Jamaican, Haitian, Nigerian, Ethiopian, Somalian, etc.:",NA,"Gambian",NA,NA,NA,NA,NA,"Yes","No","No","Single",NA,"Less than $60,000","$201-$400",NA,"$100,000 to $150,000","Someone’s position in society","Moving up the social status bar"
"2024","Spring","24163541",3.324,122,"BA","2024-04-15","2024-04-15","1231","40.6627","-73.9138","11233","2003","Female",NA,"Female","Heterosexual (as in ""straight"")",NA,"Full-time (12 credits or more)","Declared (Please specify major):","Theater ",NA,"3.5","3rd year undergraduate","No","Black or African American (E.g., African American, Jamaican, Haitian, Nigerian, Ethiopian, Somalian, etc.:",NA,"African American ",NA,NA,NA,NA,NA,"No","No","No","Single",NA,"Less than $60,000","Other ( Please specify):","0.00","Less than 60,000","How well you’re known ","How well you can get around different social groups "
"2024","Spring","24072781",3.293,123,"BS","2024-04-16","2024-04-16","652","40.8231","-73.9513","10573","2002","Female",NA,"Female","Heterosexual (as in ""straight"")",NA,"Full-time (12 credits or more)","Declared (Please specify major):","Psychology ",NA,"3.3","4th year undergraduate","Yes","Hispanic, Latino or Spanish Origin (E.g., Mexican or Mexican American. Puerto Rican, Cuban, Salvadorian, Dominican, etc.)",NA,NA,"Half Puerto Rican half black ",NA,NA,NA,NA,"Yes","No","No","Single",NA,"$60,000 to $99,999","$201-$400",NA,"Less than 60,000","Social status is the amount of money and power someone can wield in life. ","You can move up the social ladder "
"2024","Spring","23980693",3.267,120,"BS","2024-04-16","2024-04-16","884","40.8231","-73.9513","10031","2003","Female",NA,"Female","Heterosexual (as in ""straight"")",NA,"Full-time (12 credits or more)","Declared (Please specify major):","B.S. Psychology",NA,"3.0","3rd year undergraduate","No","Black or African American (E.g., African American, Jamaican, Haitian, Nigerian, Ethiopian, Somalian, etc.:",NA,"Nigerian",NA,NA,NA,NA,NA,"Yes","No","No","Single",NA,"$100,000 to $150,000","$201-$400",NA,"$150,001 to $299,999","ranking in accordance to societal standards","ability to change and navigate social status"
"2024","Spring","24408079",3.484,89,"BA/MA","2024-04-16","2024-04-16","1524","40.8646","-73.8981","10458","2005","Female",NA,"Female","Heterosexual (as in ""straight"")",NA,"Full-time (12 credits or more)","Declared (Please specify major):","Psychology ",NA,"3.5","1st year undergraduate","Yes","Hispanic, Latino or Spanish Origin (E.g., Mexican or Mexican American. Puerto Rican, Cuban, Salvadorian, Dominican, etc.)",NA,NA,"Mexican American ",NA,NA,NA,NA,"Yes","No","No","Single",NA,"Less than $60,000","Other ( Please specify):","Unemployed ","Less than 60,000","Social status is in someway what tells you apart from someone else kind of like a measurement of how much you even make I guess ","I don’t understand this term honesty speaking "
"2024","Spring","24155392",2.39,43,"BA","2024-04-17","2024-04-17","718","40.6713","-73.8943","11207","2004","Male",NA,"Male","Heterosexual (as in ""straight"")",NA,"Full-time (12 credits or more)","Undeclared (Please specify intended major):",NA,"Electrical engineering ","2.4","2nd year undergraduate","Yes","Hispanic, Latino or Spanish Origin (E.g., Mexican or Mexican American. Puerto Rican, Cuban, Salvadorian, Dominican, etc.)",NA,NA,"Mexican",NA,NA,NA,NA,"Yes","Yes","No","Single",NA,"$60,000 to $99,999","$200 or less",NA,"$100,000 to $150,000","Social Status means the status of your everyday life.","Social Mobility is how you move in your everyday life"
"2024","Spring","24316215",3.176,111,"BA","2024-04-18","2024-04-18","922","40.828","-73.8685","10469","2004","Male",NA,"Male","Heterosexual (as in ""straight"")",NA,"Full-time (12 credits or more)","Declared (Please specify major):","Psychology ",NA,"2.9","2nd year undergraduate","Yes","Hispanic, Latino or Spanish Origin (E.g., Mexican or Mexican American. Puerto Rican, Cuban, Salvadorian, Dominican, etc.)",NA,NA,"Dominican",NA,NA,NA,NA,"Yes","No","No","Single",NA,"$60,000 to $99,999","$201-$400",NA,"$100,000 to $150,000","Social status is your position in society how much power or how much publicity or how much money you have  like what group do you fall in","I don’t really understand it much"
"2024","Spring","24246043",3.488,51,"BA","2024-04-18","2024-04-18","3978","40.598","-73.9467","11234","2005","Female",NA,"Female","Heterosexual (as in ""straight"")",NA,"Full-time (12 credits or more)","Declared (Please specify major):","English ",NA,"4.0","1st year undergraduate","No","White or Caucasian (E.g., German, Irish, English, Italian, Polish, French, etc.)","Russian",NA,NA,NA,NA,NA,NA,"Yes","No","No","Single",NA,"$100,000 to $150,000","$200 or less",NA,"$60,000 to $99,999","popularity ","not sure "
"2024","Spring","24331243",3.509,96,"BBA","2024-04-18","2024-04-18","2588","40.6627","-73.9138","11208","2004","Male",NA,"Male","Heterosexual (as in ""straight"")",NA,"Full-time (12 credits or more)","Undeclared (Please specify intended major):",NA,"Computer Science ","3.80","1st year undergraduate","No","Asian (E.g., Chinese, Filipino, Asian Indian, Bangladeshi, Vietnamese, Korean etc,)",NA,NA,NA,"Bangladeshi",NA,NA,NA,"No","No","Yes","Single",NA,"Less than $60,000","$201-$400",NA,"$100,000 to $150,000","It refers to the honor or prestige attached to one's position in society. ","I dont know"
"2024","Spring","24134112",3.606,101,"BA","2024-04-18","2024-04-18","1602","40.6304","-74.1641","10303","2004","Female",NA,"Female","Heterosexual (as in ""straight"")",NA,"Full-time (12 credits or more)","Declared (Please specify major):","Biology ",NA,"3.5","2nd year undergraduate","No","Black or African American (E.g., African American, Jamaican, Haitian, Nigerian, Ethiopian, Somalian, etc.:",NA,"Haitian ",NA,NA,NA,NA,NA,"Yes","No","No","Single",NA,"$60,000 to $99,999","$201-$400",NA,"$100,000 to $150,000","social status refers to a person's rank within a society's hierarchy which is often determined by wealth, education, and family background. It's basically how people interact with one another and how it can affect access to opportunities","Social mobility is the movement of people or groups within a social hierarchy mainly from socioeconomic status to another. "
"2024","Spring","24149952",2.51,127,"BA","2024-04-19","2024-04-19","1734","40.8518","-73.8705","10462","2002","Female",NA,"Female","Heterosexual (as in ""straight"")",NA,"Full-time (12 credits or more)","Declared (Please specify major):","biology",NA,"2.5","3rd year undergraduate","No","Asian (E.g., Chinese, Filipino, Asian Indian, Bangladeshi, Vietnamese, Korean etc,)",NA,NA,NA,"Bangladeshi",NA,NA,NA,"Yes","No","No","Single",NA,"Less than $60,000","$601-$800",NA,"$100,000 to $150,000","Social status refers to an individual's position or rank within a social hierarchy. It's determined by various factors such as wealth, occupation, education, family background, and societal recognition. Essentially, it's about where someone stands in relation to others in terms of prestige, influence, and respect within a particular community or society.","n societies with high social mobility, individuals have relatively equal opportunities to improve their socioeconomic standing regardless of their background, while in societies with low social mobility, one's social status tends to be more rigidly determined by factors such as family background, race, gender, or education level."
"2024","Spring","24169031",2.345,108,"BA","2024-04-19","2024-04-19","1232","40.8231","-73.9513","11373","2004","Female",NA,"Female","Uncertain/Questioning",NA,"Full-time (12 credits or more)","Declared (Please specify major):","Psychology ",NA,"2.6","2nd year undergraduate","Yes","Hispanic, Latino or Spanish Origin (E.g., Mexican or Mexican American. Puerto Rican, Cuban, Salvadorian, Dominican, etc.)",NA,NA,"Mexican American",NA,NA,NA,NA,"Yes","No","No","Single",NA,"Less than $60,000","$200 or less",NA,"$60,000 to $99,999","Something made up by people to feel better about themselves. ","How someone moves throughout society?"
"2024","Spring","24099058",3.232,154,"BA","2024-04-19","2024-04-19","707","40.6801","-73.9207","10940","2002","Female",NA,"Female","Bisexual",NA,"Full-time (12 credits or more)","Declared (Please specify major):","psychology",NA,"3.4","4th year undergraduate","No","Some other race, ethnicity or origin",NA,NA,NA,NA,NA,NA,"native hawaiian and egyptian ","Yes","No","Yes","Single",NA,"$100,000 to $150,000","$200 or less",NA,"$60,000 to $99,999","The position that you are in socio-economically, with intersections based on characteristics that may cause discrimination? ","Being able to change socio-economic brackets"
"2024","Spring","24192963",2.241,121,"BA","2024-04-19","2024-04-19","8401","40.66","-73.839","11434","2003","Male",NA,"Male","Bisexual",NA,"Full-time (12 credits or more)","Declared (Please specify major):","theater",NA,"3.0","3rd year undergraduate","No","Black or African American (E.g., African American, Jamaican, Haitian, Nigerian, Ethiopian, Somalian, etc.:",NA,"Jamaican",NA,NA,NA,NA,NA,"No","No","No","Single",NA,"Less than $60,000","$201-$400",NA,"Less than 60,000","position or rank in society","ability to move in between social classes"
"2024","Spring","24441996",3.517,134,"BS","2024-04-20","2024-04-20","1716","40.6704","-73.6981","11003","2005","Male",NA,"Male","Heterosexual (as in ""straight"")",NA,"Full-time (12 credits or more)","Declared (Please specify major):","Biomedical Science",NA,"3.3","1st year undergraduate","No","Black or African American (E.g., African American, Jamaican, Haitian, Nigerian, Ethiopian, Somalian, etc.:",NA,"Jamaican American",NA,NA,NA,NA,NA,"No","No","No","Single",NA,"$100,000 to $150,000","$601-$800",NA,"$150,001 to $299,999","I would define social status as the way in which a society views you","The shift in one's social status "
"2024","Spring","24407159",3.628,74,"BA","2024-04-20","2024-04-20","1811","40.8527","-73.9383","10033","2005","Female",NA,"Female","Heterosexual (as in ""straight"")",NA,"Full-time (12 credits or more)","Declared (Please specify major):","psychology",NA,"3.2","1st year undergraduate","Yes","Hispanic, Latino or Spanish Origin (E.g., Mexican or Mexican American. Puerto Rican, Cuban, Salvadorian, Dominican, etc.)",NA,NA,"dominican",NA,NA,NA,NA,"Yes","No","No","Single",NA,"Less than $60,000","$1001-$1200",NA,"$60,000 to $99,999","your place in the social hierarchy. you can be poor or middle class or even one of the elites of the world.","the change to your social status. so you can be middle class and then become insanely poor or insanely rich"
"2024","Spring","24509397",2.882,43,"BS","2024-04-21","2024-04-21","994","40.8905","-74.0504","07601","2004","Female",NA,"Female","Heterosexual (as in ""straight"")",NA,"Full-time (12 credits or more)","Declared (Please specify major):","Computer Science",NA,"0","1st year undergraduate","No","Asian (E.g., Chinese, Filipino, Asian Indian, Bangladeshi, Vietnamese, Korean etc,)",NA,NA,NA,"Bangladeshi",NA,NA,NA,"Yes","No","Yes","Single",NA,"$60,000 to $99,999","Other ( Please specify):","I don't work","$100,000 to $150,000","one's situation or position in society","change in social situation"
"2024","Spring","24032150",3.828,125,"BA","2024-04-22","2024-04-22","656","40.8518","-73.8705","10462","2002","Female",NA,"Female","Asexual",NA,"Full-time (12 credits or more)","Declared (Please specify major):","Communications",NA,"3.8","4th year undergraduate","Yes","Hispanic, Latino or Spanish Origin (E.g., Mexican or Mexican American. Puerto Rican, Cuban, Salvadorian, Dominican, etc.)",NA,NA,"Dominican",NA,NA,NA,NA,"Yes","No","No","Single",NA,"Less than $60,000","$601-$800",NA,"$100,000 to $150,000","Popularity ","Advancment"
"2024","Spring","24346245",3.363,122,"BA","2024-04-22","2024-04-22","1177","40.9476","-73.8624","10705","2003","Female",NA,"Female","Heterosexual (as in ""straight"")",NA,"Full-time (12 credits or more)","Declared (Please specify major):","Psychology",NA,"3.3","2nd year undergraduate","Yes","Hispanic, Latino or Spanish Origin (E.g., Mexican or Mexican American. Puerto Rican, Cuban, Salvadorian, Dominican, etc.)",NA,NA,"Mexican-American ",NA,NA,NA,NA,"Yes","No","No","Single",NA,"Less than $60,000","$201-$400",NA,"$60,000 to $99,999","category people are perceived as based on income ","i don’t know"
"2024","Spring","24441996",3.517,134,"BS","2024-04-22","2024-04-22","3200","40.6704","-73.6981","11003","2005","Male",NA,"Male","Heterosexual (as in ""straight"")",NA,"Full-time (12 credits or more)","Declared (Please specify major):","Biomedical Science",NA,"3.3","1st year undergraduate","No","Black or African American (E.g., African American, Jamaican, Haitian, Nigerian, Ethiopian, Somalian, etc.:",NA,"Jamaican American",NA,NA,NA,NA,NA,"No","No","No","Single",NA,"$100,000 to $150,000","$401-$600",NA,"$150,001 to $299,999","The value a person has in society ","The idea that a person can vary in social status "
"2024","Spring","24298202",3.324,97,"BA","2024-04-23","2024-04-23","1771","40.7961","-73.9513","10029","2004","Male",NA,"Male","Heterosexual (as in ""straight"")",NA,"Full-time (12 credits or more)","Undeclared (Please specify intended major):",NA,"architecture","3.1","2nd year undergraduate","Yes","Hispanic, Latino or Spanish Origin (E.g., Mexican or Mexican American. Puerto Rican, Cuban, Salvadorian, Dominican, etc.)",NA,NA,"Mexican",NA,NA,NA,NA,"Yes","Yes","No","Single",NA,"$60,000 to $99,999","$201-$400",NA,"$60,000 to $99,999","I would define social status as a position one is in. This could be in a big group of pepple, jobs, etc. ","Social mobility to me is the change one faces within their own family. One can gain a very high tier job and someone in our family still working for a very low tier company. "
"2024","Spring","23954109",2.425,94,"BA","2024-04-24","2024-04-24","848","40.873","-73.8233","10465","2002","Male",NA,"Male","Heterosexual (as in ""straight"")",NA,"Full-time (12 credits or more)","Declared (Please specify major):","psychology",NA,"2.3","3rd year undergraduate","Yes","Hispanic, Latino or Spanish Origin (E.g., Mexican or Mexican American. Puerto Rican, Cuban, Salvadorian, Dominican, etc.)",NA,NA,"mixed",NA,NA,NA,NA,"Yes","No","No","Single",NA,"Less than $60,000","$401-$600",NA,"$60,000 to $99,999","economic status","economic growth"
"2024","Spring","24292149",2.971,107,"BA","2024-04-24","2024-04-24","973","40.8271","-73.9359","10039","2004","Female",NA,"Female","Heterosexual (as in ""straight"")",NA,"Full-time (12 credits or more)","Declared (Please specify major):","Psychology",NA,"3.1","2nd year undergraduate","No","Black or African American (E.g., African American, Jamaican, Haitian, Nigerian, Ethiopian, Somalian, etc.:",NA,"African American, Jamaican",NA,NA,NA,NA,NA,"No","No","No","Single",NA,"$60,000 to $99,999","$200 or less",NA,"$60,000 to $99,999","I define it as your standing in society which determines your treatment and I understand it to be full of crap because we are all human at the end of the day with an expiration date.","Genuinely don't know what that means but probably it how sociable you are with other people and I guess I understand it as navigating sociably."
"2024","Spring","24452008",2.825,36,"BA","2024-04-24","2024-04-24","9232","40.694","-73.9901","10460","2006","Female",NA,"Female","Heterosexual (as in ""straight"")",NA,"Full-time (12 credits or more)","Undeclared (Please specify intended major):",NA,"Biology","0.000","1st year undergraduate","Yes","Hispanic, Latino or Spanish Origin (E.g., Mexican or Mexican American. Puerto Rican, Cuban, Salvadorian, Dominican, etc.)",NA,NA,"Dominican ",NA,NA,NA,NA,"Yes","No","No","Single",NA,"Less than $60,000","Other ( Please specify):","0","Greater than $300,000","I understand it as someone's position in society. ","I understand it as someone going from one position to another in society."
"2024","Spring","24292149",2.971,107,"BA","2024-04-24","2024-04-24","1481","40.8271","-73.9359","10039","2004","Female",NA,"Female","Heterosexual (as in ""straight"")",NA,"Full-time (12 credits or more)","Declared (Please specify major):","Psychology",NA,"3.1","2nd year undergraduate","No","Black or African American (E.g., African American, Jamaican, Haitian, Nigerian, Ethiopian, Somalian, etc.:",NA,"Black, Jamaican",NA,NA,NA,NA,NA,"No","No","No","Single",NA,"$60,000 to $99,999","$200 or less",NA,"$60,000 to $99,999","your position in society that determines your treatment and i believe the term in absurb because no status will lengthen your lifestyle when death comes knocking at your door.","probably socialbility in the workplace "
"2024","Spring","24434919",2.721,51,"BBA","2024-04-26","2024-04-26","10378","40.8646","-73.8981","10458","2005","Male",NA,"Male","Heterosexual (as in ""straight"")",NA,"Full-time (12 credits or more)","Declared (Please specify major):","Biochemistry",NA,"3.2","1st year undergraduate","No","Black or African American (E.g., African American, Jamaican, Haitian, Nigerian, Ethiopian, Somalian, etc.:",NA,"Ghanian",NA,NA,NA,NA,NA,"Yes","No","No","Single",NA,"$60,000 to $99,999","$200 or less",NA,"$60,000 to $99,999","Money","The way your able to maneuver regardless of your social standing "
"2024","Spring","24236462",3.136,97,"BARCH","2024-04-26","2024-04-26","822","40.7292","-73.7514","11001","2005","Female",NA,"Female","Heterosexual (as in ""straight"")",NA,"Full-time (12 credits or more)","Declared (Please specify major):","architecture",NA,"3.5","1st year undergraduate","No","Asian (E.g., Chinese, Filipino, Asian Indian, Bangladeshi, Vietnamese, Korean etc,)",NA,NA,NA,"Pakistani",NA,NA,NA,"Yes","No","No","Single",NA,"$60,000 to $99,999","$200 or less",NA,"$60,000 to $99,999","how you get perceived .","the ability to move up"
"2024","Spring","24446696",3.909,63,"BS","2024-04-28","2024-04-28","713","40.6208","-74.0426","11209","2005","Male",NA,"Male","Heterosexual (as in ""straight"")",NA,"Full-time (12 credits or more)","Undeclared (Please specify intended major):",NA,"Biochemsitry","4.0","1st year undergraduate","No","White or Caucasian (E.g., German, Irish, English, Italian, Polish, French, etc.)","Irish",NA,NA,NA,NA,NA,NA,"No","No","No","Single",NA,"$60,000 to $99,999","$200 or less",NA,"$150,001 to $299,999","How others value you and your work","social mobility is how an individual changes how others perceive them"
"2024","Spring","24073704",3.897,120,"BA","2024-04-28","2024-04-28","923","40.9673","-73.8418","10710","2002","Male",NA,"Male","Heterosexual (as in ""straight"")",NA,"Full-time (12 credits or more)","Declared (Please specify major):","Political Science",NA,"3.9","4th year undergraduate","No","Middle Eastern or North African (E.g., Lebanese, Iranian, Egyptian, Syrian, Moroccan, Algerian, etc.)",NA,NA,NA,NA,NA,"Arab/Jordanian",NA,"Yes","Yes","No","Single",NA,"$150,001 to $299,999","$200 or less",NA,"$150,001 to $299,999","how others see your standing, as well as your relation to others in terms of money, career, and sucesss.","the ability to move from one level of success and social standing to another"
"2024","Spring","24431043",3.166,18,"BA","2024-04-28","2024-04-28","2149","40.822","-73.86","10456","2003","Male",NA,"Male","Heterosexual (as in ""straight"")",NA,"Full-time (12 credits or more)","Undeclared (Please specify intended major):",NA,"Psychology","3.0","1st year undergraduate","Yes","Hispanic, Latino or Spanish Origin (E.g., Mexican or Mexican American. Puerto Rican, Cuban, Salvadorian, Dominican, etc.)",NA,NA,"Dominican",NA,NA,NA,NA,"Yes","No","No","Domestic partnership",NA,"$60,000 to $99,999","$200 or less",NA,"$60,000 to $99,999","A persons importance in society.","advancement in society."
"2024","Spring","24291559",3.349,120,"BA","2024-04-29","2024-04-29","2621","40.6994","-73.8883","10021","2004","Male",NA,"Male","Heterosexual (as in ""straight"")",NA,"Full-time (12 credits or more)","Undeclared (Please specify intended major):",NA,"Computer Science","3.2","2nd year undergraduate","Yes","Hispanic, Latino or Spanish Origin (E.g., Mexican or Mexican American. Puerto Rican, Cuban, Salvadorian, Dominican, etc.)",NA,NA,"Mexican American",NA,NA,NA,NA,"Yes","No","No","Single",NA,"$60,000 to $99,999","$200 or less",NA,"$100,000 to $150,000","Social Status is a person's position in society in terms of their wealth, fame, and connections. A person with a high social status is considered wealthy, widely loved, and successful while a person with low social status is part of the general public, someone with little to no wealth, and no aspiring success in their career.","Social mobility is the act of moving up in the social hierarchy, so to say, the act of gaining more fame and success in society."
"2024","Spring","24069127",3.502,125,"BS","2024-04-30","2024-04-30","1310","40.7015","-73.8422","11415","2003","Female",NA,"Female","Heterosexual (as in ""straight"")",NA,"Full-time (12 credits or more)","Declared (Please specify major):","Psychology",NA,"3.4","3rd year undergraduate","No","Asian (E.g., Chinese, Filipino, Asian Indian, Bangladeshi, Vietnamese, Korean etc,)",NA,NA,NA,"Pakistani",NA,NA,NA,"Yes","No","No","Single",NA,"Less than $60,000","$201-$400",NA,"$100,000 to $150,000","Your status in society","Ability to move up in society"
"2024","Spring","24193446",2.907,105,"BSED","2024-04-30","2024-04-30","1474","40.8646","-73.8981","10458","2002","Female",NA,"Female","Heterosexual (as in ""straight"")",NA,"Full-time (12 credits or more)","Declared (Please specify major):","childhood education",NA,"3.08","3rd year undergraduate","No","White or Caucasian (E.g., German, Irish, English, Italian, Polish, French, etc.)","albanian",NA,NA,NA,NA,NA,NA,"Yes","No","No","Single",NA,"Less than $60,000","$200 or less",NA,"Less than 60,000","where one stands in society","leveling up "
"2024","Spring","24451466",3.877,103,"BM","2024-04-30","2024-04-30","1148","37.751","-97.822","10027","2005","Male",NA,"Male","Heterosexual (as in ""straight"")",NA,"Full-time (12 credits or more)","Declared (Please specify major):","Sonic Arts",NA,"3.8","1st year undergraduate","No","White or Caucasian (E.g., German, Irish, English, Italian, Polish, French, etc.)","Unknown/Multiple",NA,NA,NA,NA,NA,NA,"No","Yes","No","Single",NA,"$60,000 to $99,999","$200 or less",NA,"Less than 60,000","I have never quite understood the term because when most people say ""social status"" they mean a mix of economic status and how many different relationships they have. Because that is the commonly understood definition, that is what I used to choose my answers. That being said, I would define it as someone's satisfaction with their various relationships.","I would assume the term means one's ability to navigate social situations."
"2024","Spring","24415107",3.616,105,"BA/MA","2024-04-24","2024-04-30","527459","40.8438","-73.8813","10460","2005","Female",NA,"Female","Heterosexual (as in ""straight"")",NA,"Full-time (12 credits or more)","Declared (Please specify major):","Psychology",NA,"3.6","1st year undergraduate","Yes","Hispanic, Latino or Spanish Origin (E.g., Mexican or Mexican American. Puerto Rican, Cuban, Salvadorian, Dominican, etc.)",NA,NA,"Dominican",NA,NA,NA,NA,"Yes","No","No","Single",NA,"Less than $60,000","$200 or less",NA,"$100,000 to $150,000","Social status refers to an individual's position or rank within a society's hierarchy, often determined by factors such as wealth, occupation, education, and social connections.","Social mobility refers to the ability of individuals or groups to move within or between social strata or classes over time, typically upward or downward, often influenced by factors like education, economic opportunity, and social networks."
"2024","Spring","23239329",3.085,120,"BA","2024-05-01","2024-05-01","709","40.8205","-73.9183","10455","1998","Female",NA,"Female","Heterosexual (as in ""straight"")",NA,"Full-time (12 credits or more)","Declared (Please specify major):","Psychology",NA,"3","4th year undergraduate","Yes","Hispanic, Latino or Spanish Origin (E.g., Mexican or Mexican American. Puerto Rican, Cuban, Salvadorian, Dominican, etc.)",NA,NA,"Dominican",NA,NA,NA,NA,"Yes","No","No","Separated",NA,"Less than $60,000","$200 or less",NA,"$150,001 to $299,999","Economy wise, and importance ","The ability to move from one status to another"
"2024","Spring","24355014",3.764,118,"BA","2024-05-01","2024-05-01","584","40.7589","-73.9913","10128","2005","Male",NA,"Male","Heterosexual (as in ""straight"")",NA,"Full-time (12 credits or more)","Declared (Please specify major):","Advertising and PR",NA,"3.95","1st year undergraduate","Yes","White or Caucasian (E.g., German, Irish, English, Italian, Polish, French, etc.)","German",NA,NA,NA,NA,NA,NA,"Yes","No","No","Single",NA,"$60,000 to $99,999","$200 or less",NA,"$60,000 to $99,999","Your financial, political, ethnical positions in relation to the people surrounding you","The extent to which a person can change their social class"
"2024","Spring","24317597",3.566,104,"BA","2024-05-01","2024-05-01","1875","40.8312","-73.9067","10456","2005","Female",NA,"Female","Heterosexual (as in ""straight"")",NA,"Full-time (12 credits or more)","Declared (Please specify major):","Psychology",NA,"3.33","1st year undergraduate","Yes","Hispanic, Latino or Spanish Origin (E.g., Mexican or Mexican American. Puerto Rican, Cuban, Salvadorian, Dominican, etc.)",NA,NA,"Dominican",NA,NA,NA,NA,"Yes","No","No","Single",NA,"Less than $60,000","$200 or less",NA,"Less than 60,000","its having an important position in society","its someond moving up or down from one social status"
"2024","Spring","23995113",3.271,124,"BA","2024-05-02","2024-05-02","2060","40.6704","-73.6981","11510","2004","Female",NA,"Female","Heterosexual (as in ""straight"")",NA,"Full-time (12 credits or more)","Declared (Please specify major):","Psychology",NA,"3.0","2nd year undergraduate","No","Black or African American (E.g., African American, Jamaican, Haitian, Nigerian, Ethiopian, Somalian, etc.:",NA,"Haitian",NA,NA,NA,NA,NA,"Yes","No","No","Single",NA,"$60,000 to $99,999","$200 or less",NA,"$100,000 to $150,000","It’s the umbrella term that holds characteristics of oneself. Are you a daughter or son? Student or teacher? Single or Married? Low or High Income Earner? Popular or extroverted? Or Are you not popular or prefer being alone?These compromise one’s relationship and identity in society. They have ranking meaning; you can interplay between a less or more advanced version of social status. ","The form of interplay or movement between one stage or social status to another. Think of an entry level position evolving into an advanced level position. Or Unexpectedly inheriting fifty million when you were previously worth less than fifty thousand. Sometimes you control it, other times it occurs unexpectedly."
"2024","Spring","24346643",3.308,81,"BE","2024-05-03","2024-05-03","1393","40.7609","-73.9115","11377","2005","Male",NA,"Male","Heterosexual (as in ""straight"")",NA,"Full-time (12 credits or more)","Undeclared (Please specify intended major):",NA,"civil engineering ","3.4","1st year undergraduate","Yes","Hispanic, Latino or Spanish Origin (E.g., Mexican or Mexican American. Puerto Rican, Cuban, Salvadorian, Dominican, etc.)",NA,NA,"Latino ",NA,NA,NA,NA,"Yes","No","No","Domestic partnership",NA,"$60,000 to $99,999","$200 or less",NA,"$60,000 to $99,999","A label given to you to try and generalize what type of person you are based on what you contribute to society","being able to socialize well with other people in society "
"2024","Spring","24181965",2.798,96,"BA","2024-05-04","2024-05-04","1430","40.8622","-73.8902","10460","2002","Female",NA,"Female","Heterosexual (as in ""straight"")",NA,"Full-time (12 credits or more)","Declared (Please specify major):","psychology",NA,"3","2nd year undergraduate","Yes","Hispanic, Latino or Spanish Origin (E.g., Mexican or Mexican American. Puerto Rican, Cuban, Salvadorian, Dominican, etc.)",NA,NA,"Dominican and Puerto Rican",NA,NA,NA,NA,"No","No","No","Single",NA,"Less than $60,000","Other ( Please specify):","0","Greater than $300,000","Not well","I never heard of that "
"2024","Spring","24133342",2.923,114,"BARCH","2024-05-04","2024-05-04","5785","40.7162","-73.9229","11223","2003","Female",NA,"Female","Heterosexual (as in ""straight"")",NA,"Full-time (12 credits or more)","Declared (Please specify major):","architecture",NA,"2.6","2nd year undergraduate","No","Asian (E.g., Chinese, Filipino, Asian Indian, Bangladeshi, Vietnamese, Korean etc,)",NA,NA,NA,"pakistani",NA,NA,NA,"Yes","No","No","Single",NA,"Less than $60,000","$201-$400",NA,"$60,000 to $99,999","Rank a person hold and they lifestyles.","moving rank in Society."
"2024","Spring","24247760",3.2,100,"BS","2024-05-05","2024-05-05","693","40.5978","-74.0001","11224","2005","Male",NA,"Male","Heterosexual (as in ""straight"")",NA,"Full-time (12 credits or more)","Undeclared (Please specify intended major):",NA,"BIology","4.0","1st year undergraduate","No","Some other race, ethnicity or origin",NA,NA,NA,NA,NA,NA,"Tajik","Yes","No","No","Single",NA,"Greater than $300,000","$401-$600",NA,"Greater than $300,000","Your place in society","A persons ability to move through social classes"
"2024","Spring","24172707",2.562,117,"BA","2024-05-05","2024-05-05","2900","40.6358","-73.7147","11580","2003","Female",NA,"Female","Heterosexual (as in ""straight"")",NA,"Full-time (12 credits or more)","Declared (Please specify major):","Childhood education",NA,"2.0","3rd year undergraduate","Yes","Hispanic, Latino or Spanish Origin (E.g., Mexican or Mexican American. Puerto Rican, Cuban, Salvadorian, Dominican, etc.)",NA,NA,"Colombian and Ecuadorian",NA,NA,NA,NA,"Yes","No","No","Single",NA,"Less than $60,000","$200 or less",NA,"Less than 60,000","How you portray yourself in front of society","A change in social position"
"2024","Spring","24050595",3.57,120,"BA","2024-05-05","2024-05-05","1783","40.873","-73.8233","10475","2001","Female",NA,"Female","Heterosexual (as in ""straight"")",NA,"Full-time (12 credits or more)","Declared (Please specify major):","Psychology",NA,"3.5","4th year undergraduate","Yes","Hispanic, Latino or Spanish Origin (E.g., Mexican or Mexican American. Puerto Rican, Cuban, Salvadorian, Dominican, etc.)",NA,NA,"Puerto Rican",NA,NA,NA,NA,"Yes","No","No","Single",NA,"Less than $60,000","$201-$400",NA,"$100,000 to $150,000","I define social status as a position that someone has in life or categories of class that they fit into.","I define the term social mobility as the ability to move up or down economically or a change in social status."
"2024","Spring","24330289",4,137,"BS","2024-05-06","2024-05-06","757","40.6372","-73.9037","11236","2002","Female",NA,"Female","Heterosexual (as in ""straight"")",NA,"Full-time (12 credits or more)","Declared (Please specify major):","biology",NA,"4.0","2nd year undergraduate","No","Black or African American (E.g., African American, Jamaican, Haitian, Nigerian, Ethiopian, Somalian, etc.:",NA,"Guyanese",NA,NA,NA,NA,NA,"No","No","Yes","Domestic partnership",NA,"Less than $60,000","$200 or less",NA,"$100,000 to $150,000","a person's position in the social hierarchy ","moving up the social ladder"
"2024","Spring","24089732",2.54,41,"BA","2024-05-07","2024-05-07","864","40.8731","-73.8726","10466","2004","Female",NA,"Female","Other (Please identity):","Queer","Full-time (12 credits or more)","Undeclared (Please specify intended major):",NA,"Computer Science","3.3","2nd year undergraduate","No","Black or African American (E.g., African American, Jamaican, Haitian, Nigerian, Ethiopian, Somalian, etc.:",NA,"Black-Caribbean",NA,NA,NA,NA,NA,"No","Yes","No","Other:","Partnered","Less than $60,000","$201-$400",NA,"Less than 60,000","One's place in society.","Someone's status fluctuating in society."
"2024","Spring","24154597",3.695,119,"BS","2024-05-07","2024-05-07","903","40.7015","-73.8422","11432","2004","Male",NA,"Male","Uncertain/Questioning",NA,"Full-time (12 credits or more)","Declared (Please specify major):","Psychology (BS)",NA,"3.46","2nd year undergraduate","No","Asian (E.g., Chinese, Filipino, Asian Indian, Bangladeshi, Vietnamese, Korean etc,)",NA,NA,NA,"Bangladeshi",NA,NA,NA,"Yes","No","No","Single",NA,"$60,000 to $99,999","$200 or less",NA,"$60,000 to $99,999","iIt's about how much respect and influence one has compared to others around them.","It means one's ability to ascend or descend the social hierarchy, indicating their capacity to improve or decline in terms of status, opportunities, and recognition within society."
"2024","Spring","24453927",2.884,65,"BA","2024-05-04","2024-05-07","232019","40.8518","-73.8705","10472","2005","Male",NA,"Male","Heterosexual (as in ""straight"")",NA,"Full-time (12 credits or more)","Undeclared (Please specify intended major):",NA,"computer science or engineering","2.466","1st year undergraduate","No","Asian (E.g., Chinese, Filipino, Asian Indian, Bangladeshi, Vietnamese, Korean etc,)",NA,NA,NA,"Bangladeshi",NA,NA,NA,"Yes","No","No","Single",NA,"$60,000 to $99,999","Other ( Please specify):","0","Less than 60,000","Where u stand in society","How you move around in society"
"2024","Spring","24277702",3.118,87,"BSED","2024-05-07","2024-05-07","14324","40.8231","-73.9513","10031","2004","Female",NA,"Female","Bisexual",NA,"Full-time (12 credits or more)","Undeclared (Please specify intended major):",NA,"Child Education ","2.9","2nd year undergraduate","Yes","Hispanic, Latino or Spanish Origin (E.g., Mexican or Mexican American. Puerto Rican, Cuban, Salvadorian, Dominican, etc.)",NA,NA,"Mexican",NA,NA,NA,NA,"Yes","No","No","Single",NA,"Less than $60,000","$201-$400",NA,"Less than 60,000","The position where someone stands within a group or society. ","The ability that someone has when they are able to change their ranking in a group or society "
"2024","Spring","24301517",3.702,98,"BA/MA","2024-05-07","2024-05-07","1107","40.6462","-73.9559","11208","2001","Female",NA,"Female","Heterosexual (as in ""straight"")",NA,"Full-time (12 credits or more)","Declared (Please specify major):","Psychology",NA,"3.602","2nd year undergraduate","No","Asian (E.g., Chinese, Filipino, Asian Indian, Bangladeshi, Vietnamese, Korean etc,)",NA,NA,NA,"Bangladeshi",NA,NA,NA,"Yes","No","No","Single",NA,"Less than $60,000","$201-$400",NA,"$60,000 to $99,999","One’s social value ","Shift in social status "
"2024","Spring","23659691",3.24,120,"BA","2024-05-08","2024-05-08","2196","40.8312","-73.9067","10454","1999","Male",NA,"Male","Heterosexual (as in ""straight"")",NA,"Part-time (Fewer than 12 credits)","Declared (Please specify major):","Psychology",NA,"2.571","3rd year undergraduate","No","Black or African American (E.g., African American, Jamaican, Haitian, Nigerian, Ethiopian, Somalian, etc.:",NA,"Black",NA,NA,NA,NA,NA,"No","No","No","Single",NA,"$60,000 to $99,999","$200 or less",NA,"Greater than $300,000","The state in which you are compared to others in society.","The ability to be able to change your social status in your society."
"2024","Spring","24312944",3.47,90,"BA","2024-05-08","2024-05-08","1069","40.8547","-73.9218","10452","2004","Male",NA,"Male","Heterosexual (as in ""straight"")",NA,"Full-time (12 credits or more)","Declared (Please specify major):","Film & Jewish Studies",NA,"3.5","2nd year undergraduate","Yes","Hispanic, Latino or Spanish Origin (E.g., Mexican or Mexican American. Puerto Rican, Cuban, Salvadorian, Dominican, etc.)",NA,NA,"Dominican ",NA,NA,NA,NA,"Yes","No","No","Single",NA,"Less than $60,000","Other ( Please specify):","0 ","$100,000 to $150,000","economic situation. ","change in a persons economical situation"
"2024","Spring","24307886",3.925,24,"BE","2024-05-08","2024-05-08","708","40.7149","-73.9893","10002","2005","Male",NA,"Male","Heterosexual (as in ""straight"")",NA,"Full-time (12 credits or more)","Undeclared (Please specify intended major):",NA,"computer engineering","0.00","1st year undergraduate","No","Asian (E.g., Chinese, Filipino, Asian Indian, Bangladeshi, Vietnamese, Korean etc,)",NA,NA,NA,"chinese",NA,NA,NA,"No","Yes","No","Single",NA,"Less than $60,000","$200 or less",NA,"$100,000 to $150,000","where you stand in society; how important you are","i am not sure"
"2024","Spring","24307886",3.925,24,"BE","2024-05-08","2024-05-08","335","40.7149","-73.9893","10002","2005","Male",NA,"Male","Heterosexual (as in ""straight"")",NA,"Full-time (12 credits or more)","Undeclared (Please specify intended major):",NA,"computer engineering","0.00","1st year undergraduate","No","Asian (E.g., Chinese, Filipino, Asian Indian, Bangladeshi, Vietnamese, Korean etc,)",NA,NA,NA,"chinese",NA,NA,NA,"Yes","Yes","No","Single",NA,"Less than $60,000","$200 or less",NA,"$100,000 to $150,000","where you stand in society ","unsure"
"2024","Spring","23058599",3.577,30,"MA","2024-05-09","2024-05-09","3764","40.8231","-73.9513","10031","1994","Male",NA,"Male","Heterosexual (as in ""straight"")",NA,"Not a College student","Declared (Please specify major):","Psychology ",NA,"3.5","Graduate","No","White or Caucasian (E.g., German, Irish, English, Italian, Polish, French, etc.)","Turkish ",NA,NA,NA,NA,NA,NA,"Yes","No","No","Domestic partnership",NA,"$60,000 to $99,999","$1001-$1200",NA,"$100,000 to $150,000","From birth, based on family","The CUNY system"
"2024","Spring","24184730",3.846,121,"BA","2024-05-09","2024-05-09","906","39.6566","-75.5661","10040","2004","Female",NA,"Female","Heterosexual (as in ""straight"")",NA,"Full-time (12 credits or more)","Declared (Please specify major):","History and Jewish Studies",NA,"3.8","3rd year undergraduate","No","White or Caucasian (E.g., German, Irish, English, Italian, Polish, French, etc.)","Ashkinazi Jewish",NA,NA,NA,NA,NA,NA,"No","No","No","Single",NA,"$100,000 to $150,000","$200 or less",NA,"$150,001 to $299,999","Economic position","Upward movement in econnomic status"
"2024","Spring","16119360",2.974,123,"BA","2024-05-09","2024-05-09","1658","41.3948","-73.3214","10466","1984","Male",NA,"Male","Heterosexual (as in ""straight"")",NA,"Full-time (12 credits or more)","Declared (Please specify major):","Economics",NA,"2.76","6th year undergraduate","No","Black or African American (E.g., African American, Jamaican, Haitian, Nigerian, Ethiopian, Somalian, etc.:",NA,"Jamaicans ",NA,NA,NA,NA,NA,"Yes","No","No","Married",NA,"$150,001 to $299,999","$1001-$1200",NA,"Greater than $300,000","How your peers and society views you. ","The ability to move from poverty to middle class and above"
"2024","Spring","24273715",2.847,125,"BS","2024-05-09","2024-05-09","887","40.7484","-73.862","11373","2004","Female",NA,"Female","Heterosexual (as in ""straight"")",NA,"Full-time (12 credits or more)","Undeclared (Please specify intended major):",NA,"biology","3.2","2nd year undergraduate","No","Asian (E.g., Chinese, Filipino, Asian Indian, Bangladeshi, Vietnamese, Korean etc,)",NA,NA,NA,"indian",NA,NA,NA,"Yes","No","No","Single",NA,"Less than $60,000","$201-$400",NA,"Less than 60,000","high class in society","people in or between social strata in a society"
"2024","Spring","24282098",3.686,114,"BA","2024-05-10","2024-05-10","1443","40.7162","-73.9229","11237","2004","Female",NA,"Female","Uncertain/Questioning",NA,"Full-time (12 credits or more)","Declared (Please specify major):","Studio Art",NA,"3.8","2nd year undergraduate","Yes","Hispanic, Latino or Spanish Origin (E.g., Mexican or Mexican American. Puerto Rican, Cuban, Salvadorian, Dominican, etc.)",NA,NA,"Honduran",NA,NA,NA,NA,"Yes","No","No","Single",NA,"Less than $60,000","$200 or less",NA,"Less than 60,000","privileges in society ","to move up in social hierarchies "
"2024","Spring","24397982",2.54,51,"BA","2024-05-10","2024-05-10","1015","40.8518","-73.8705","10465","2005","Male",NA,"Male","Heterosexual (as in ""straight"")",NA,"Full-time (12 credits or more)","Undeclared (Please specify intended major):",NA,"Computer Science","3.3","1st year undergraduate","Yes","Hispanic, Latino or Spanish Origin (E.g., Mexican or Mexican American. Puerto Rican, Cuban, Salvadorian, Dominican, etc.)",NA,NA,"Dominican",NA,NA,NA,NA,"Yes","No","No","Single",NA,"$100,000 to $150,000","$201-$400",NA,"$100,000 to $150,000","your status socially","being able to get around in a social aspect"
"2024","Spring","24462447",3.59,78,"BARCH","2024-05-10","2024-05-10","1107","40.6627","-73.9138","11229","2006","Female",NA,"Female","Bisexual",NA,"Full-time (12 credits or more)","Declared (Please specify major):","Architecture",NA,"3.75","1st year undergraduate","No","Asian (E.g., Chinese, Filipino, Asian Indian, Bangladeshi, Vietnamese, Korean etc,)",NA,NA,NA,"Vietnamese",NA,NA,NA,"Yes","No","No","Single",NA,"Less than $60,000","Other ( Please specify):","Currently unemployed","$100,000 to $150,000","a position that you hold in society","when you are be able to move up to a higher position"
"2024","Spring","24462447",3.59,78,"BARCH","2024-05-10","2024-05-10","800","40.6627","-73.9138","11229","2006","Female",NA,"Female","Bisexual",NA,"Full-time (12 credits or more)","Declared (Please specify major):","Architecture",NA,"3.75","1st year undergraduate","No","Asian (E.g., Chinese, Filipino, Asian Indian, Bangladeshi, Vietnamese, Korean etc,)",NA,NA,NA,"Vietnamese",NA,NA,NA,"Yes","No","No","Single",NA,"Less than $60,000","Other ( Please specify):","Currently unemployed","$100,000 to $150,000","a position that you hold in society","when you are able to move up to a higher position in society"
"2024","Spring","24084829",1.741,124,"BS","2024-05-10","2024-05-11","1383","40.7428","-73.9712","11372","1989","Female",NA,"Female","Heterosexual (as in ""straight"")",NA,"Full-time (12 credits or more)","Declared (Please specify major):","Biotechnology ",NA,"2.1","3rd year undergraduate","No","Asian (E.g., Chinese, Filipino, Asian Indian, Bangladeshi, Vietnamese, Korean etc,)",NA,NA,NA,"Thai",NA,NA,NA,"Yes","Yes","Yes","Single",NA,"Less than $60,000","$401-$600",NA,"$60,000 to $99,999","It can identify what level you are, and how your life is","A person’s economic situation "
"2024","Spring","24370091",1.892,47,"BA","2024-05-08","2024-05-11","185748","40.7513","-73.8244","11355","2004","Female",NA,"Female","Heterosexual (as in ""straight"")",NA,"Full-time (12 credits or more)","Undeclared (Please specify intended major):",NA,"not sure","3.3","1st year undergraduate","No","Asian (E.g., Chinese, Filipino, Asian Indian, Bangladeshi, Vietnamese, Korean etc,)",NA,NA,NA,"chinese",NA,NA,NA,"Yes","No","No","Single",NA,"Less than $60,000","$200 or less",NA,"Less than 60,000","the social value of a person, what others see you, how much you earn with other factors combine","changing of social status or identity"
"2024","Spring","24064219",3.665,129,"BS","2024-05-11","2024-05-11","857","40.7465","-73.909","11104","2002","Male",NA,"Male","Heterosexual (as in ""straight"")",NA,"Full-time (12 credits or more)","Declared (Please specify major):","Biology, B.S.",NA,"3.610","4th year undergraduate","No","Asian (E.g., Chinese, Filipino, Asian Indian, Bangladeshi, Vietnamese, Korean etc,)",NA,NA,NA,"Bengali/Bangladeshi",NA,NA,NA,"Yes","No","No","Single",NA,"$60,000 to $99,999","$200 or less",NA,"$150,001 to $299,999","Dependent on race, sexuality, and economic income.","The ability to move up the social ladder, perhaps getting a better job in the future."
"2024","Spring","24303494",3.487,71,"BFA","2024-05-11","2024-05-11","777","40.8","-73.9763","10025","2004","Male",NA,"Male","Heterosexual (as in ""straight"")",NA,"Full-time (12 credits or more)","Declared (Please specify major):","Film",NA,"3.4","2nd year undergraduate","No","Black or African American (E.g., African American, Jamaican, Haitian, Nigerian, Ethiopian, Somalian, etc.:",NA,"Jamaican",NA,NA,NA,NA,NA,"No","No","No","Other:","Have a fiance","Less than $60,000","$401-$600",NA,"Less than 60,000","How people percieve me, even if they don't know me personally","the variety of people you can converse with no matter what"
"2024","Spring","24222336",3.535,114,"BS","2024-05-12","2024-05-12","482","40.7162","-73.9229","10031","2005","Female",NA,"Female","Heterosexual (as in ""straight"")",NA,"Full-time (12 credits or more)","Declared (Please specify major):","Psychology ",NA,"3.5","2nd year undergraduate","No","Black or African American (E.g., African American, Jamaican, Haitian, Nigerian, Ethiopian, Somalian, etc.:",NA,"African",NA,NA,NA,NA,NA,"No","No","No","Other:","None","$60,000 to $99,999","$200 or less",NA,"$100,000 to $150,000","Where you are in the society","How aware you are of your societu"
"2024","Spring","24281314",3.028,50,"BE","2024-05-12","2024-05-12","1165","40.7465","-73.909","11373","2003","Male",NA,"Male","Heterosexual (as in ""straight"")",NA,"Part-time (Fewer than 12 credits)","Undeclared (Please specify intended major):",NA,"mechanical engineer","3.0","2nd year undergraduate","No","Asian (E.g., Chinese, Filipino, Asian Indian, Bangladeshi, Vietnamese, Korean etc,)",NA,NA,NA,"Tibetan",NA,NA,NA,"No","No","No","Single",NA,"Less than $60,000","$1001-$1200",NA,"$100,000 to $150,000","a position in which a person is in the society","being able to move up or down from where they are at"
"2024","Spring","24368493",2.866,94,"BS","2024-05-12","2024-05-12","666","40.8703","-73.8525","10469","2005","Male",NA,"Male","Heterosexual (as in ""straight"")",NA,"Full-time (12 credits or more)","Declared (Please specify major):","Biology",NA,"2.6","1st year undergraduate","No","Black or African American (E.g., African American, Jamaican, Haitian, Nigerian, Ethiopian, Somalian, etc.:",NA,"Nigerian",NA,NA,NA,NA,NA,"No","No","Yes","Single",NA,"$100,000 to $150,000","$200 or less",NA,"$150,001 to $299,999","wealth and impression","ability to change social class"
"2024","Spring","23862456",3.408,124,"BA","2024-05-12","2024-05-12","980","40.8547","-73.9218","10453","2002","Female",NA,"Female","Heterosexual (as in ""straight"")",NA,"Full-time (12 credits or more)","Declared (Please specify major):","Art",NA,"3.5","1st year undergraduate","Yes","Hispanic, Latino or Spanish Origin (E.g., Mexican or Mexican American. Puerto Rican, Cuban, Salvadorian, Dominican, etc.)",NA,NA,"Hispanic",NA,NA,NA,NA,"Yes","No","No","Single",NA,"Less than $60,000","$201-$400",NA,"Less than 60,000","It’s a social ladder or rank","Change in social status "
"2024","Spring","24094904",1.915,108,"BA","2024-05-12","2024-05-12","519","40.7465","-73.909","11377","2001","Male",NA,"Male","Heterosexual (as in ""straight"")",NA,"Full-time (12 credits or more)","Declared (Please specify major):","PSYCHOLOGY",NA,"3.2","3rd year undergraduate","No","Asian (E.g., Chinese, Filipino, Asian Indian, Bangladeshi, Vietnamese, Korean etc,)",NA,NA,NA,"BENGALI",NA,NA,NA,"Yes","No","No","Single",NA,"Less than $60,000","$201-$400",NA,"$60,000 to $99,999","TO BE POPULAR AMONGST PEOPLE","TO BE ABLE TO TRAVEL TO NEW PLACES FREELY"
"2024","Spring","24435809",2.511,27,"BA","2024-05-12","2024-05-12","1013","40.8518","-73.8705","10473","2005","Female",NA,"Female","Heterosexual (as in ""straight"")",NA,"Full-time (12 credits or more)","Undeclared (Please specify intended major):",NA,"not sure","2.0","1st year undergraduate","Yes","Hispanic, Latino or Spanish Origin (E.g., Mexican or Mexican American. Puerto Rican, Cuban, Salvadorian, Dominican, etc.)",NA,NA,"dominican",NA,NA,NA,NA,"Yes","No","Yes","Single",NA,"Less than $60,000","Other ( Please specify):","unemployed ","Less than 60,000","how much money they have ","can you move from one social class to another "
"2024","Spring","24071327",3.176,121,"BA","2024-05-13","2024-05-13","840","40.7009","-73.9461","11211","2001","Male",NA,"Male","Heterosexual (as in ""straight"")",NA,"Full-time (12 credits or more)","Declared (Please specify major):","Psychology",NA,"2.658","3rd year undergraduate","Yes","Hispanic, Latino or Spanish Origin (E.g., Mexican or Mexican American. Puerto Rican, Cuban, Salvadorian, Dominican, etc.)",NA,NA,"Dominican",NA,NA,NA,NA,"Yes","No","No","Single",NA,"Less than $60,000","$401-$600",NA,"$60,000 to $99,999","how much money you have ","the ability to go from poor to middle class"
"2024","Spring","24071327",3.176,121,"BA","2024-05-13","2024-05-13","9486","40.8231","-73.9513","11211","2001","Male",NA,"Male","Heterosexual (as in ""straight"")",NA,"Full-time (12 credits or more)","Declared (Please specify major):","psychology",NA,"2.658","3rd year undergraduate","Yes","Hispanic, Latino or Spanish Origin (E.g., Mexican or Mexican American. Puerto Rican, Cuban, Salvadorian, Dominican, etc.)",NA,NA,"Dominican ",NA,NA,NA,NA,"Yes","Yes","No","Single",NA,"Less than $60,000","$401-$600",NA,"$100,000 to $150,000","The amount of money you have","being able to gain more money "
"2024","Spring","24403632",1.754,39,"BS","2024-05-13","2024-05-13","4375","40.8231","-73.9513","10027","2005","Female",NA,"Female","Heterosexual (as in ""straight"")",NA,"Full-time (12 credits or more)","Undeclared (Please specify intended major):",NA,"biology","3.0","1st year undergraduate","Yes","Hispanic, Latino or Spanish Origin (E.g., Mexican or Mexican American. Puerto Rican, Cuban, Salvadorian, Dominican, etc.)",NA,NA,"Honduran",NA,NA,NA,NA,"Yes","Yes","No","Single",NA,"Less than $60,000","$201-$400",NA,"Less than 60,000","Social status is when you are comfortable to talk or communicate around other people ","Social mobility is the movement of individuals, families, households or other categories of people within or between social strata in a society. "
"2024","Spring","24447983",2.67,51,"BA","2024-05-13","2024-05-13","1495","40.7258","-73.862","11373","2005","Female",NA,"Female","Heterosexual (as in ""straight"")",NA,"Full-time (12 credits or more)","Undeclared (Please specify intended major):",NA,"Liberal arts","3.0","1st year undergraduate","No","Asian (E.g., Chinese, Filipino, Asian Indian, Bangladeshi, Vietnamese, Korean etc,)",NA,NA,NA,"Chinese",NA,NA,NA,"Yes","No","No","Single",NA,"Less than $60,000","$200 or less",NA,"$100,000 to $150,000","People who are confident in there own skin and are able to achive what they want without people putting a label on it","To be able to move around in a social status "
"2024","Spring","24165838",2.132,61,"BS","2024-05-13","2024-05-13","375","40.8518","-73.8705","10462","2004","Male",NA,"Male","Heterosexual (as in ""straight"")",NA,"Full-time (12 credits or more)","Undeclared (Please specify intended major):",NA,"Business","1.6","2nd year undergraduate","No","Asian (E.g., Chinese, Filipino, Asian Indian, Bangladeshi, Vietnamese, Korean etc,)",NA,NA,NA,"Bangladeshi",NA,NA,NA,"Yes","No","No","Single",NA,"Less than $60,000","$200 or less",NA,"$60,000 to $99,999","how much money you got and what color your skin is","idk"
"2024","Spring","24300915",3.278,73,"BA","2024-05-13","2024-05-13","1204","40.7681","-73.8291","11358","2005","Male",NA,"Male","Asexual",NA,"Full-time (12 credits or more)","Undeclared (Please specify intended major):",NA,"Engineering","3.94","1st year undergraduate","Yes","Hispanic, Latino or Spanish Origin (E.g., Mexican or Mexican American. Puerto Rican, Cuban, Salvadorian, Dominican, etc.)",NA,NA,"Hispanic",NA,NA,NA,NA,"Yes","Yes","No","Single",NA,"$150,001 to $299,999","$201-$400",NA,"$100,000 to $150,000","Someone well known around campus or any particular area which requires socializing.","The way someone socializes with others."
"2024","Spring","24306891",2.623,48,"BA","2024-05-13","2024-05-14","2637","40.6739","-73.9358","11216","2004","Female",NA,"Female","Bisexual",NA,"Full-time (12 credits or more)","Declared (Please specify major):","English",NA,"1.9","1st year undergraduate","No","Black or African American (E.g., African American, Jamaican, Haitian, Nigerian, Ethiopian, Somalian, etc.:",NA,"Black ",NA,NA,NA,NA,NA,"No","No","No","Single",NA,"Less than $60,000","$201-$400",NA,"$100,000 to $150,000","How you are perceived by the other members of your society and what benefits it grants.","to be able to move from one social status to another."
"2024","Spring","24431649",3.324,84,"BS","2024-05-14","2024-05-14","1941","40.8646","-73.8981","10468","2005","Male",NA,"Male","Heterosexual (as in ""straight"")",NA,"Full-time (12 credits or more)","Declared (Please specify major):","Mathematics",NA,"3.3","1st year undergraduate","No","Asian (E.g., Chinese, Filipino, Asian Indian, Bangladeshi, Vietnamese, Korean etc,)",NA,NA,NA,"Chinese",NA,NA,NA,"Yes","No","Yes","Single",NA,"$100,000 to $150,000","$200 or less",NA,"$60,000 to $99,999","The social value the person contains whether it's friends, respect, etc.","The movement through social environment."
"2024","Spring","24029323",2.833,122,"BA","2024-05-14","2024-05-14","860","40.7428","-73.9712","11237","2002","Female",NA,"Female","Heterosexual (as in ""straight"")",NA,"Full-time (12 credits or more)","Declared (Please specify major):","Psychology ",NA,"2.8","4th year undergraduate","Yes","Hispanic, Latino or Spanish Origin (E.g., Mexican or Mexican American. Puerto Rican, Cuban, Salvadorian, Dominican, etc.)",NA,NA,"Mexican",NA,NA,NA,NA,"Yes","No","No","Single",NA,"Less than $60,000","Other ( Please specify):","Not sure ","$60,000 to $99,999","Society hierarchy ( low , middle and high ) ","How far you can change your status from being low to working hard to be at the top "
"2024","Spring","24426307",3.107,87,"BS","2024-05-14","2024-05-14","2142","40.8231","-73.9513","10032","2005","Female",NA,"Female","Heterosexual (as in ""straight"")",NA,"Full-time (12 credits or more)","Declared (Please specify major):","Biology",NA,"3.8","1st year undergraduate","No","Black or African American (E.g., African American, Jamaican, Haitian, Nigerian, Ethiopian, Somalian, etc.:",NA,"Ghanaian",NA,NA,NA,NA,NA,"Yes","No","No","Single",NA,"$60,000 to $99,999","$401-$600",NA,"$100,000 to $150,000","The social role an individual plays in society","The ability to socially interact and fit it in the social society"
"2024","Spring","24439597",3.62,63,"BSED","2024-05-14","2024-05-14","1114","40.8205","-73.9183","10454","2005","Female",NA,"Female","Bisexual",NA,"Full-time (12 credits or more)","Declared (Please specify major):","childhood education",NA,"3.9","1st year undergraduate","Yes","Hispanic, Latino or Spanish Origin (E.g., Mexican or Mexican American. Puerto Rican, Cuban, Salvadorian, Dominican, etc.)",NA,NA,"Mexican American ",NA,NA,NA,NA,"Yes","Yes","No","Single",NA,"$60,000 to $99,999","$200 or less",NA,"$60,000 to $99,999","I define ""social status"" as how 'popular' you are in society. How many friends you have, etc. I think it's very different than socioeconomic status. ","I define ""social mobility"" as the way you can get along with people from different walks of life. In any room that you are in, you are somehow able to get around and make friends. "
"2024","Spring","24426307",3.107,87,"BS","2024-05-14","2024-05-14","1819","40.8231","-73.9513","10032","2005","Female",NA,"Female","Heterosexual (as in ""straight"")",NA,"Full-time (12 credits or more)","Declared (Please specify major):","Biology",NA,"3.8","1st year undergraduate","No","Black or African American (E.g., African American, Jamaican, Haitian, Nigerian, Ethiopian, Somalian, etc.:",NA,"Ghanaian",NA,NA,NA,NA,NA,"Yes","No","No","Single",NA,"$60,000 to $99,999","$401-$600",NA,"$100,000 to $150,000","Social status is a social role an individual plays in a society","The ability of an individual to fit into a social status with ease"
"2024","Spring","24426307",3.107,87,"BS","2024-05-14","2024-05-14","1997","40.8231","-73.9513","10032","2005","Female",NA,"Female","Heterosexual (as in ""straight"")",NA,"Full-time (12 credits or more)","Declared (Please specify major):","Biology",NA,"3.8","1st year undergraduate","No","Black or African American (E.g., African American, Jamaican, Haitian, Nigerian, Ethiopian, Somalian, etc.:",NA,"Ghanaian",NA,NA,NA,NA,NA,"Yes","No","No","Single",NA,"$60,000 to $99,999","$601-$800",NA,"$100,000 to $150,000","Social status is the social role an individual plays in the society","It is the ability of an individual to fit into a social society with ease"
"2024","Spring","23923788",3.679,120,"BA","2024-05-13","2024-05-14","84184","40.8622","-73.8902","10468","2003","Female",NA,"Female","Heterosexual (as in ""straight"")",NA,"Full-time (12 credits or more)","Declared (Please specify major):","psychology",NA,"3.6","3rd year undergraduate","Yes","Hispanic, Latino or Spanish Origin (E.g., Mexican or Mexican American. Puerto Rican, Cuban, Salvadorian, Dominican, etc.)",NA,NA,"Ecuadorian",NA,NA,NA,NA,"Yes","No","No","Single",NA,"Less than $60,000","$200 or less",NA,"$60,000 to $99,999","what place or rank a person is in compared to others.","the way a person can maneuver within society."
"2024","Spring","23956707",2.803,123,"BS","2024-05-14","2024-05-14","1063","40.6952","-73.6596","11373","2001","Female",NA,"Female","Bisexual",NA,"Full-time (12 credits or more)","Declared (Please specify major):","Psychology",NA,"2.4","4th year undergraduate","Yes","Hispanic, Latino or Spanish Origin (E.g., Mexican or Mexican American. Puerto Rican, Cuban, Salvadorian, Dominican, etc.)",NA,NA,"Mexican",NA,NA,NA,NA,"Yes","No","No","Single",NA,"Less than $60,000","$200 or less",NA,"$60,000 to $99,999","The level of imprtance you have in different areas. It can be financial but it can also be based on authority like a boss.","When you are in a position are able to level up."
"2024","Spring","24451799",3.31,30,"BE","2024-05-14","2024-05-14","1171","40.6764","-73.8753","11417","2005","Male",NA,"Male","Heterosexual (as in ""straight"")",NA,"Full-time (12 credits or more)","Undeclared (Please specify intended major):",NA,"Nothing yet","2.850","1st year undergraduate","Yes","Hispanic, Latino or Spanish Origin (E.g., Mexican or Mexican American. Puerto Rican, Cuban, Salvadorian, Dominican, etc.)",NA,NA,"Colombian and Dominican",NA,NA,NA,NA,"Yes","No","No","Single",NA,"Less than $60,000","Other ( Please specify):","Unemployed","$60,000 to $99,999","How successful you are as a person","being successful enough to comfortable do what you want,"
"2024","Spring","24275502",3.961,120,"BS","2024-05-14","2024-05-15","758","40.6994","-73.8883","11385","2005","Male",NA,"Male","Heterosexual (as in ""straight"")",NA,"Full-time (12 credits or more)","Declared (Please specify major):","PSYCHOLOGY BS",NA,"3.9","1st year undergraduate","No","Middle Eastern or North African (E.g., Lebanese, Iranian, Egyptian, Syrian, Moroccan, Algerian, etc.)",NA,NA,NA,NA,NA,"Egyptian",NA,"Yes","No","Yes","Single",NA,"Less than $60,000","$200 or less",NA,"$100,000 to $150,000","relations with other people ","movement in individuals"
"2024","Spring","24299450",2.965,104,"BA","2024-05-15","2024-05-15","752","40.8312","-73.9067","10029","2004","Male",NA,"Male","Heterosexual (as in ""straight"")",NA,"Full-time (12 credits or more)","Undeclared (Please specify intended major):",NA,"Communications","3.2","2nd year undergraduate","Yes","Hispanic, Latino or Spanish Origin (E.g., Mexican or Mexican American. Puerto Rican, Cuban, Salvadorian, Dominican, etc.)",NA,NA,"Puerto Rican, Mexican ",NA,NA,NA,NA,"No","No","No","Single",NA,"Less than $60,000","Other ( Please specify):","0","$60,000 to $99,999","Social status is a role a person is born into ","Social mobility is how a person goes on with their life in their social status "
"2024","Spring","24458868",3.126,92,"BA","2024-05-15","2024-05-15","844","40.8527","-73.9383","10033","2005","Male",NA,"Male","Heterosexual (as in ""straight"")",NA,"Full-time (12 credits or more)","Declared (Please specify major):","Economics",NA,"2.5","1st year undergraduate","Yes","Hispanic, Latino or Spanish Origin (E.g., Mexican or Mexican American. Puerto Rican, Cuban, Salvadorian, Dominican, etc.)",NA,NA,"Dominican",NA,NA,NA,NA,"Yes","No","No","Single",NA,"$100,000 to $150,000","$401-$600",NA,"$100,000 to $150,000","How popular or known a person is.","A fast or how easy you can move up in the social ladder."
"2024","Spring","24400980",3.37,38,"BA","2024-05-15","2024-05-15","2991","40.8231","-73.9513","10472","2005","Female",NA,"Female","Heterosexual (as in ""straight"")",NA,"Full-time (12 credits or more)","Undeclared (Please specify intended major):",NA,"psychology","2.8","1st year undergraduate","Yes","Some other race, ethnicity or origin",NA,NA,NA,NA,NA,NA,"hispanic","Yes","No","No","Single",NA,"$150,001 to $299,999","$200 or less",NA,"$150,001 to $299,999","lower, middle and high class. ","your limits to oppurtunities "
"2024","Spring","24483752",3.552,87,"BA","2024-05-15","2024-05-15","823","40.8231","-73.9513","10009","2000","Female",NA,"Female","Heterosexual (as in ""straight"")",NA,"Full-time (12 credits or more)","Declared (Please specify major):","psychology",NA,"3.2","1st year undergraduate","Yes","Hispanic, Latino or Spanish Origin (E.g., Mexican or Mexican American. Puerto Rican, Cuban, Salvadorian, Dominican, etc.)",NA,NA,"dominican",NA,NA,NA,NA,"Yes","No","No","Single",NA,"Less than $60,000","$200 or less",NA,"Greater than $300,000","how society labels you","how far you can get in life"
"2024","Spring","24402780",2.537,21,"BE","2024-05-15","2024-05-15","2736","40.8343","-73.9235","10455","2005","Male",NA,"Male","Heterosexual (as in ""straight"")",NA,"Full-time (12 credits or more)","Undeclared (Please specify intended major):",NA,"I don't know yet","4.00","1st year undergraduate","No","Native American or Alaska Native (e.g., Navajo nation, Blackfeet tribe, Mayan, Aztec, Nome Eskimo community, etc.)",NA,NA,NA,NA,"Was born in America ",NA,NA,"Yes","No","No","Single",NA,"Less than $60,000","$200 or less",NA,"Less than 60,000","Where someone is in life or there role ","There economic place"
"2024","Spring","24127957",3.101,141,"BS","2024-05-15","2024-05-15","750","40.7364","-73.8695","11373","2004","Female",NA,"Female","Heterosexual (as in ""straight"")",NA,"Full-time (12 credits or more)","Declared (Please specify major):","Biology",NA,"3.1","2nd year undergraduate","No","Asian (E.g., Chinese, Filipino, Asian Indian, Bangladeshi, Vietnamese, Korean etc,)",NA,NA,NA,"Indian",NA,NA,NA,"Yes","No","No","Domestic partnership",NA,"Less than $60,000","$200 or less",NA,"$60,000 to $99,999","Social status isn't an important thing in this world. While it comes with a lot of privilege, you can have high social status and still be miserable on the inside, and vice versa.","I'm not sure how to describe that."
"2024","Spring","24457443",2.87,51,"BA","2024-05-16","2024-05-16","593","40.6208","-74.0426","11209","2005","Female",NA,"Female","Bisexual",NA,"Full-time (12 credits or more)","Declared (Please specify major):","psychology ",NA,"3.4","1st year undergraduate","No","Black or African American (E.g., African American, Jamaican, Haitian, Nigerian, Ethiopian, Somalian, etc.:",NA,"Afro Caribbean ",NA,NA,NA,NA,NA,"No","No","No","Single",NA,"Less than $60,000","$201-$400",NA,"$60,000 to $99,999","a social status is a rank that an individual holds in a social hierarchy ","social mobility is a person’s socioeconomic situation "
"2024","Spring","23601928",2.344,121,"BA","2024-05-16","2024-05-16","861","40.8312","-73.9067","10466","1999","Female",NA,"Female","Heterosexual (as in ""straight"")",NA,"Full-time (12 credits or more)","Declared (Please specify major):","Psychology",NA,"2.5","6th year undergraduate","No","Black or African American (E.g., African American, Jamaican, Haitian, Nigerian, Ethiopian, Somalian, etc.:",NA,"Belizean",NA,NA,NA,NA,NA,"Yes","No","Yes","Single",NA,"Less than $60,000","$201-$400",NA,"$150,001 to $299,999","Social groups, daily lifestyle and conveniences  associated with financial wellbeing","Ability to move across socioeconomic statuses in society"
"2024","Spring","24012097",3.863,131,"BA","2024-05-17","2024-05-17","432","40.66","-73.839","11419","2003","Female",NA,"Female","Heterosexual (as in ""straight"")",NA,"Full-time (12 credits or more)","Declared (Please specify major):","psychology",NA,"3.7","3rd year undergraduate","No","Black or African American (E.g., African American, Jamaican, Haitian, Nigerian, Ethiopian, Somalian, etc.:",NA,"African American",NA,NA,NA,NA,NA,"No","No","No","Single",NA,"$60,000 to $99,999","$201-$400",NA,"$60,000 to $99,999","level where u stand socially","how freely you are to socialize"
"2024","Spring","24041175",3.56,84,"BA","2024-05-17","2024-05-17","3898","40.8","-73.9763","10027","2002","Male",NA,"Male","Heterosexual (as in ""straight"")",NA,"Full-time (12 credits or more)","Declared (Please specify major):","Psychology",NA,"3.4","2nd year undergraduate","Yes","Hispanic, Latino or Spanish Origin (E.g., Mexican or Mexican American. Puerto Rican, Cuban, Salvadorian, Dominican, etc.)",NA,NA,"Salvadorian",NA,NA,NA,NA,"Yes","No","No","Single",NA,"Less than $60,000","Other ( Please specify):","For me specifically none since I don't work.","$60,000 to $99,999","Who you are in the society you live in be it economically, religiously, or academically.","How you navigate your social status in society I believe"
"2024","Spring","24035141",3.951,120,"BA","2024-05-18","2024-05-18","962","40.8343","-73.9235","10452","2002","Female",NA,"Female","Heterosexual (as in ""straight"")",NA,"Full-time (12 credits or more)","Declared (Please specify major):","psychology",NA,"3.9","4th year undergraduate","Yes","Hispanic, Latino or Spanish Origin (E.g., Mexican or Mexican American. Puerto Rican, Cuban, Salvadorian, Dominican, etc.)",NA,NA,"Dominican",NA,NA,NA,NA,"Yes","No","No","Single",NA,"Less than $60,000","$401-$600",NA,"$60,000 to $99,999","Based on finances, socioeconomic status, etc","How well you adapt in society, and how much work to move up the social ladder."
"2024","Spring","24134106",3.173,121,"BS","2024-05-19","2024-05-19","4899","40.8231","-73.9513","10031","2003","Female",NA,"Female","Heterosexual (as in ""straight"")",NA,"Full-time (12 credits or more)","Declared (Please specify major):","Biomedical Science",NA,"2.8","2nd year undergraduate","No","White or Caucasian (E.g., German, Irish, English, Italian, Polish, French, etc.)","Albanian",NA,NA,NA,NA,NA,NA,"Yes","No","No","Single",NA,"Less than $60,000","$201-$400",NA,"$150,001 to $299,999","your importance in society ","the ability to move up and down in ranking of importance in society "
"2024","Spring","24485127",3.803,124,"BA","2024-05-20","2024-05-20","1143","40.8691","-73.9191","10033","2002","Male",NA,"Male","Heterosexual (as in ""straight"")",NA,"Full-time (12 credits or more)","Declared (Please specify major):","Psychology",NA,"3.66","3rd year undergraduate","No","White or Caucasian (E.g., German, Irish, English, Italian, Polish, French, etc.)","white",NA,NA,NA,NA,NA,NA,"No","Yes","No","Single",NA,"Greater than $300,000","$200 or less",NA,"$100,000 to $150,000","Way you're viewed by society","I have never heard this term before"
"2024","Spring","24137719",3.154,98,"BA","2024-05-20","2024-05-20","892","40.7547","-73.9614","11105","2004","Female",NA,"Gender queer","Bisexual",NA,"Full-time (12 credits or more)","Declared (Please specify major):","Psychology",NA,"3.144","2nd year undergraduate","No","Middle Eastern or North African (E.g., Lebanese, Iranian, Egyptian, Syrian, Moroccan, Algerian, etc.)",NA,NA,NA,NA,NA,"Moroccan",NA,"No","No","No","Single",NA,"Less than $60,000","$200 or less",NA,"$60,000 to $99,999","A person's standing or importance in relation to others within society","An individual's ability to change their social status"
"2024","Spring","24108405",3.747,122,"BS","2024-05-20","2024-05-20","898","40.6994","-73.8883","11385","2003","Female",NA,"Female","Heterosexual (as in ""straight"")",NA,"Full-time (12 credits or more)","Declared (Please specify major):","Psychology BS",NA,"3.7","3rd year undergraduate","No","White or Caucasian (E.g., German, Irish, English, Italian, Polish, French, etc.)","White",NA,NA,NA,NA,NA,NA,"Yes","Yes","No","Single",NA,"Less than $60,000","$200 or less",NA,"Less than 60,000","position or rank","movement "
"2024","Spring","24328550",3.765,108,"BS","2024-05-20","2024-05-20","1729","40.695","-73.791","11433","2004","Female",NA,"Female","Heterosexual (as in ""straight"")",NA,"Full-time (12 credits or more)","Declared (Please specify major):","Psychology ",NA,"3.6","2nd year undergraduate","No","Asian (E.g., Chinese, Filipino, Asian Indian, Bangladeshi, Vietnamese, Korean etc,)",NA,NA,NA,"Bangladeshi ",NA,NA,NA,"Yes","No","No","Single",NA,"Less than $60,000","$200 or less",NA,"Less than 60,000","To me Social status is ranks within a society that lead you to different levels of privileges ","Social mobility is the ability of people to move up or down the social and economic ladder in a society."
"2024","Spring","24199104",2.582,118,"BA","2024-05-21","2024-05-21","1106","40.6994","-73.8883","11385","2003","Male",NA,"Male","Heterosexual (as in ""straight"")",NA,"Full-time (12 credits or more)","Declared (Please specify major):","Psychology",NA,"2.01","3rd year undergraduate","Yes","Hispanic, Latino or Spanish Origin (E.g., Mexican or Mexican American. Puerto Rican, Cuban, Salvadorian, Dominican, etc.)",NA,NA,"Peruvian",NA,NA,NA,NA,"Yes","No","No","Other:","in a relationship","Less than $60,000","$601-$800",NA,"$150,001 to $299,999","prestige and honor","Being able to move up or down in status in society"
"2024","Spring","24203891",3.503,52,"BA","2024-05-21","2024-05-21","1368","40.8596","-73.9316","10040","2005","Female",NA,"Female","Bisexual",NA,"Not a College student","Undeclared (Please specify intended major):",NA,"Early College Iniative ","3.8","Non-degree seeking","No","White or Caucasian (E.g., German, Irish, English, Italian, Polish, French, etc.)","Albanian",NA,NA,NA,NA,NA,NA,"Yes","No","No","Other:","Dating","Less than $60,000","$200 or less",NA,"$100,000 to $150,000","How you are percieved in society","Your freedom in society"
"2024","Spring","24137296",3.762,103,"BA","2024-05-21","2024-05-21","1973","40.8231","-73.9513","10033","2005","Female",NA,"Female","Heterosexual (as in ""straight"")",NA,"Full-time (12 credits or more)","Declared (Please specify major):","Psychology ",NA,"3.8","1st year undergraduate","Yes","Hispanic, Latino or Spanish Origin (E.g., Mexican or Mexican American. Puerto Rican, Cuban, Salvadorian, Dominican, etc.)",NA,NA,"Dominican",NA,NA,NA,NA,"Yes","No","No","Single",NA,"Less than $60,000","$200 or less",NA,"Less than 60,000","Social Status has to do with hierarchy and kind of like a latter in a sense and everyone is at different scales depending on money, race, etc ","Social mobility is a persons socio economic situation "
"2024","Spring","24433008",3.089,77,"BS","2024-05-21","2024-05-21","2009","40.8231","-73.9513","10472","2005","Female",NA,"Female","Heterosexual (as in ""straight"")",NA,"Full-time (12 credits or more)","Declared (Please specify major):","Psychology",NA,"3.7","1st year undergraduate","No","Asian (E.g., Chinese, Filipino, Asian Indian, Bangladeshi, Vietnamese, Korean etc,)",NA,NA,NA,"Bangladeshi",NA,NA,NA,"Yes","No","No","Single",NA,"Less than $60,000","$200 or less",NA,"$60,000 to $99,999","I will define with the things that we wear that things that we have.","Being active "
"2024","Spring","24022899",3.278,138,"BS","2024-05-21","2024-05-21","1411","40.7247","-73.8957","11385","2003","Female",NA,"Female","Heterosexual (as in ""straight"")",NA,"Full-time (12 credits or more)","Declared (Please specify major):","Biology",NA,"3.360","3rd year undergraduate","No","Asian (E.g., Chinese, Filipino, Asian Indian, Bangladeshi, Vietnamese, Korean etc,)",NA,NA,NA,"Pakistani",NA,NA,NA,"Yes","No","No","Single",NA,"$60,000 to $99,999","$200 or less",NA,"$100,000 to $150,000","the respect, honor, and money a person has in a society ","change in a persons social status"
"2024","Spring","23911077",3.434,128,"BA","2024-05-22","2024-05-22","964","40.8004","-73.9504","10034","2001","Female",NA,"Female","Heterosexual (as in ""straight"")",NA,"Full-time (12 credits or more)","Declared (Please specify major):","advertisment and public relations",NA,"3","3rd year undergraduate","Yes","Hispanic, Latino or Spanish Origin (E.g., Mexican or Mexican American. Puerto Rican, Cuban, Salvadorian, Dominican, etc.)",NA,NA,"mexican",NA,NA,NA,NA,"Yes","Yes","No","Single",NA,"Less than $60,000","$200 or less",NA,"Less than 60,000","wealth","being bale to change. move around"
"2024","Spring","23998986",2.935,121,"BS","2024-05-22","2024-05-22","3512","40.8596","-73.9316","10453","2003","Female",NA,"Female","Heterosexual (as in ""straight"")",NA,"Full-time (12 credits or more)","Declared (Please specify major):","psychology",NA,"3.2","3rd year undergraduate","No","Black or African American (E.g., African American, Jamaican, Haitian, Nigerian, Ethiopian, Somalian, etc.:",NA,"ghanaian",NA,NA,NA,NA,NA,"Yes","No","No","Single",NA,"Less than $60,000","$201-$400",NA,"$60,000 to $99,999","the way you are labeled in society","the way you move in society"
"2024","Spring","24015870",3.212,120,"BA","2024-05-22","2024-05-22","852","40.8622","-73.8902","10468","2003","Female",NA,"Female","Heterosexual (as in ""straight"")",NA,"Full-time (12 credits or more)","Declared (Please specify major):","Psychology ",NA,"3.1","3rd year undergraduate","Yes","Hispanic, Latino or Spanish Origin (E.g., Mexican or Mexican American. Puerto Rican, Cuban, Salvadorian, Dominican, etc.)",NA,NA,"Dominican",NA,NA,NA,NA,"Yes","No","No","Other:","In relationship ","Less than $60,000","$200 or less",NA,"$60,000 to $99,999","healthy relationships ","being able to develop social relationships "
"2024","Spring","24190789",2.715,134,"BS","2024-05-22","2024-05-22","843","40.8231","-73.9513","10031","2003","Female",NA,"Non-binary","Other (Please identity):","Queer","Full-time (12 credits or more)","Declared (Please specify major):","Biomedical Sciences",NA,"2.6","3rd year undergraduate","Yes","Hispanic, Latino or Spanish Origin (E.g., Mexican or Mexican American. Puerto Rican, Cuban, Salvadorian, Dominican, etc.)",NA,NA,"Afro-Ecuadorian",NA,NA,NA,NA,"Yes","No","No","Single",NA,"Greater than $300,000","Other ( Please specify):","0","Greater than $300,000","How you are viewed in context of other groups by other groups.","Moving up and down the proverbial caste system."
"2024","Spring","24278937",3.811,98,"BA/MA","2024-05-22","2024-05-22","1227","40.8547","-73.9218","10453","2003","Female",NA,"Female","Heterosexual (as in ""straight"")",NA,"Full-time (12 credits or more)","Declared (Please specify major):","Psychology",NA,"3.7","2nd year undergraduate","Yes","Hispanic, Latino or Spanish Origin (E.g., Mexican or Mexican American. Puerto Rican, Cuban, Salvadorian, Dominican, etc.)",NA,NA,"dominican",NA,NA,NA,NA,"Yes","No","No","Single",NA,"Less than $60,000","$200 or less",NA,"$100,000 to $150,000","in the place that you have in society dependong the amount of money that you have","is the ability to move in the socila ladder"
"2024","Spring","24108859",2.568,86,"BA","2024-05-25","2024-05-25","5785","40.7364","-73.8695","11372","2001","Female",NA,"Female","Heterosexual (as in ""straight"")",NA,"Full-time (12 credits or more)","Undeclared (Please specify intended major):",NA,"Psychology ","3.6","2nd year undergraduate","No","Asian (E.g., Chinese, Filipino, Asian Indian, Bangladeshi, Vietnamese, Korean etc,)",NA,NA,NA,"Bangladeshi",NA,NA,NA,"Yes","No","No","Single",NA,"$60,000 to $99,999","$200 or less",NA,"$150,001 to $299,999","Someone's position in the society based on their social and economic situation. ","Upgrading to position that is better than the previous position. "
"2024","Spring","24503132",3.351,37,"MA","2024-05-20","2024-05-26","512905","41.4535","-74.4774","10940","2002","Female",NA,"Female","Heterosexual (as in ""straight"")",NA,"Full-time (12 credits or more)","Declared (Please specify major):","General Psychology",NA,"3.5","Graduate","Yes","Hispanic, Latino or Spanish Origin (E.g., Mexican or Mexican American. Puerto Rican, Cuban, Salvadorian, Dominican, etc.)",NA,NA,"Dominican",NA,NA,NA,NA,"Yes","Yes","No","Single",NA,"Less than $60,000","$401-$600",NA,"$60,000 to $99,999","Popularity and classism. ","How to navigate the social interactions of humans."
"2024","Summer","24058221",3.981,120,"BS","2024-06-13","2024-06-13","3646","40.8547","-73.9218","10458","2000","Female",NA,"Female","Heterosexual (as in ""straight"")",NA,"Full-time (12 credits or more)","Declared (Please specify major):","PSYCOLOGY",NA,"4.0","2nd year undergraduate","Yes","Some other race, ethnicity or origin",NA,NA,NA,NA,NA,NA,"Hispanic","Yes","Yes","No","Domestic partnership",NA,"Less than $60,000","$401-$600",NA,"$60,000 to $99,999","more stability and more income to support family","Move from one social status to other"
"2024","Summer","23762347",3.155,121,"BA","2024-06-20","2024-06-20","1628","40.8142","-73.9081","10452","2000","Female",NA,"Female","Heterosexual (as in ""straight"")",NA,"Part-time (Fewer than 12 credits)","Declared (Please specify major):","Psychology",NA,"3.1","5th year undergraduate","Yes","Hispanic, Latino or Spanish Origin (E.g., Mexican or Mexican American. Puerto Rican, Cuban, Salvadorian, Dominican, etc.)",NA,NA,"Honduran",NA,NA,NA,NA,"No","No","No","Single",NA,"$60,000 to $99,999","$201-$400",NA,"$100,000 to $150,000","education, income, and occupation, determine someone's social status."," the movement of a person from one social status to another. "
"2024","Summer","24174284",3.233,122,"BA","2024-06-24","2024-06-24","1031","40.7503","-74.0014","10459","2003","Female",NA,"Female","Heterosexual (as in ""straight"")",NA,"Full-time (12 credits or more)","Declared (Please specify major):","Psychology BA",NA,"3.4","4th year undergraduate","Yes","Hispanic, Latino or Spanish Origin (E.g., Mexican or Mexican American. Puerto Rican, Cuban, Salvadorian, Dominican, etc.)",NA,NA,"Dominican",NA,NA,NA,NA,"Yes","No","No","Married",NA,"$100,000 to $150,000","$601-$800",NA,"$100,000 to $150,000","Social status is all about someone's income because based on how much money you hav epeopleperceive youa s better tha or less than ","Social mobility it's about what do you do with your life to move yourself up the social scale ladder. weather its going to college or building a business"
"2024","Summer","24035127",3.274,121,"BS","2024-06-26","2024-06-26","2149","40.6568","-75.3912","18042","2002","Female",NA,"Female","Heterosexual (as in ""straight"")",NA,"Full-time (12 credits or more)","Declared (Please specify major):","Biology",NA,"3.1","4th year undergraduate","Yes","Hispanic, Latino or Spanish Origin (E.g., Mexican or Mexican American. Puerto Rican, Cuban, Salvadorian, Dominican, etc.)",NA,NA,"Dominican",NA,NA,NA,NA,"Yes","No","No","Single",NA,"$60,000 to $99,999","Other ( Please specify):","currently unemployed ","$100,000 to $150,000","How you and others view you in society ( the position you occupied)","working hard and being resilient in the pursuit to be in a better or desired position in life"
"2024","Summer","24186614",3.415,121,"BS","2024-06-26","2024-06-27","111419","31.9555","35.9435","10462","2003","Female",NA,"Female","Heterosexual (as in ""straight"")",NA,"Full-time (12 credits or more)","Declared (Please specify major):","Psychology",NA,"3.2","3rd year undergraduate","No","Middle Eastern or North African (E.g., Lebanese, Iranian, Egyptian, Syrian, Moroccan, Algerian, etc.)",NA,NA,NA,NA,NA,"yemen",NA,"Yes","No","No","Single",NA,"Less than $60,000","$200 or less",NA,"$100,000 to $150,000","How other view you","how many opportunities you are privileged to have.  "
"2024","Summer","23492929",3.7,93,"BS","2024-06-28","2024-06-28","14242","40.7162","-73.9229","10460","1999","Female",NA,"Female","Heterosexual (as in ""straight"")",NA,"Full-time (12 credits or more)","Declared (Please specify major):","BS in Psychology",NA,"3.5","3rd year undergraduate","Yes","Hispanic, Latino or Spanish Origin (E.g., Mexican or Mexican American. Puerto Rican, Cuban, Salvadorian, Dominican, etc.)",NA,NA,"Dominican",NA,NA,NA,NA,"Yes","Yes","No","Domestic partnership",NA,"Less than $60,000","$200 or less",NA,"$100,000 to $150,000","wealth and social connections","the movement within your social class"
"2024","Summer","23492929",3.7,93,"BS","2024-06-28","2024-06-28","10516","40.9014","-73.9056","10460","1999","Female",NA,"Female","Heterosexual (as in ""straight"")",NA,"Full-time (12 credits or more)","Declared (Please specify major):","psychology",NA,"3.5","3rd year undergraduate","Yes","Hispanic, Latino or Spanish Origin (E.g., Mexican or Mexican American. Puerto Rican, Cuban, Salvadorian, Dominican, etc.)",NA,NA,"Dominican",NA,NA,NA,NA,"Yes","Yes","No","Domestic partnership",NA,"Less than $60,000","$200 or less",NA,"$100,000 to $150,000","wealth and social connections","moving up social class"
"2024","Summer","24343964",3.877,122,"BA","2024-06-24","2024-06-29","445752","40.7828","-73.9745","10027","2001","Female",NA,"Female","Heterosexual (as in ""straight"")",NA,"Full-time (12 credits or more)","Declared (Please specify major):","Economics BA ",NA,"3.925","3rd year undergraduate","Yes","Hispanic, Latino or Spanish Origin (E.g., Mexican or Mexican American. Puerto Rican, Cuban, Salvadorian, Dominican, etc.)",NA,NA,"Mexican American",NA,NA,NA,NA,"Yes","No","No","Single",NA,"$60,000 to $99,999","$401-$600",NA,"$100,000 to $150,000","one's position in society ","one's ability to move up in rank"
"2024","Summer","24343964",3.877,122,"BA","2024-06-29","2024-06-29","13956","40.7828","-73.9745","10027","2001","Female",NA,"Female","Heterosexual (as in ""straight"")",NA,"Full-time (12 credits or more)","Declared (Please specify major):","Econ",NA,"3.925","4th year undergraduate","Yes","Hispanic, Latino or Spanish Origin (E.g., Mexican or Mexican American. Puerto Rican, Cuban, Salvadorian, Dominican, etc.)",NA,NA,"Mexican American",NA,NA,NA,NA,"Yes","Yes","No","Single",NA,"Less than $60,000","$401-$600",NA,"$60,000 to $99,999","One's position in society where its economically/socially ","one's ability to move up 'rank'"
"2024","Summer","24029739",3.298,125,"BA","2024-07-01","2024-07-01","1430","40.674","-73.9701","10455","2002","Female",NA,"Female","Heterosexual (as in ""straight"")",NA,"Full-time (12 credits or more)","Declared (Please specify major):","Psychology",NA,"3.0","4th year undergraduate","Yes","Hispanic, Latino or Spanish Origin (E.g., Mexican or Mexican American. Puerto Rican, Cuban, Salvadorian, Dominican, etc.)",NA,NA,"Mexican",NA,NA,NA,NA,"Yes","No","No","Single",NA,"$60,000 to $99,999","Other ( Please specify):","I don't work","Less than 60,000","A social value an individual has","How an individual's status can change"
"2024","Summer","24172407",2.617,124,"BS","2024-07-01","2024-07-01","399","40.8622","-73.8902","10453","2004","Female",NA,"Female","Heterosexual (as in ""straight"")",NA,"Full-time (12 credits or more)","Declared (Please specify major):","Psychology",NA,"2.8","3rd year undergraduate","Yes","Hispanic, Latino or Spanish Origin (E.g., Mexican or Mexican American. Puerto Rican, Cuban, Salvadorian, Dominican, etc.)",NA,NA,"Dominican",NA,NA,NA,NA,"Yes","No","No","Single",NA,"Less than $60,000","$200 or less",NA,"$150,001 to $299,999","n/a","s"
"2024","Summer","24029739",3.298,125,"BA","2024-07-01","2024-07-01","27402","40.674","-73.9701","10455","2002","Female",NA,"Female","Heterosexual (as in ""straight"")",NA,"Full-time (12 credits or more)","Declared (Please specify major):","Psychology",NA,"3.0","4th year undergraduate","Yes","Hispanic, Latino or Spanish Origin (E.g., Mexican or Mexican American. Puerto Rican, Cuban, Salvadorian, Dominican, etc.)",NA,NA,"Mexican",NA,NA,NA,NA,"Yes","No","No","Single",NA,"$60,000 to $99,999","Other ( Please specify):","I'm not sure","$60,000 to $99,999","social status is the social value individuals have","social mobility is the social status individuals change through"
"2024","Summer","23466128",3.333,99,"BS","2024-07-05","2024-07-05","977","40.8171","-73.9392","10464","1997","Male",NA,"Male","Bisexual",NA,"Part-time (Fewer than 12 credits)","Undeclared (Please specify intended major):",NA,"B.S. Psychology","3.675","2nd year undergraduate","No","White or Caucasian (E.g., German, Irish, English, Italian, Polish, French, etc.)","Irish, German, English",NA,NA,NA,NA,NA,NA,"Yes","Yes","No","Single",NA,"$100,000 to $150,000","$601-$800",NA,"$150,001 to $299,999","I define social status as the personal connections one makes to enable them to advance in their career and become more successful","The ability to move up the social ladder"
"2024","Fall","24572491",1.925,16,"BA","2024-08-29","2024-08-29","635","40.7609","-73.9115","11102","2006","Female",NA,"Female","Uncertain/Questioning",NA,"Full-time (12 credits or more)","Declared (Please specify major):","psychology",NA,"3.2","1st year undergraduate","Yes","Black or African American (E.g., African American, Jamaican, Haitian, Nigerian, Ethiopian, Somalian, etc.:",NA,"African American",NA,NA,NA,NA,NA,"No","No","No","Single",NA,"$100,000 to $150,000","$401-$600",NA,"Greater than $300,000","how society views you, the subconscious expectations they have for you that may influence how they view/treat you. your ""category"" in their eyes","moving from one social status to another"
"2024","Fall","24591274",3.364,89,"BS","2024-08-30","2024-08-30","912","37.751","-97.822","10027","2006","Male",NA,"Male","Homosexual (as in ""lesbian"" or ""gay"")",NA,"Full-time (12 credits or more)","Declared (Please specify major):","Chemistry",NA,"4.0","1st year undergraduate","No","White or Caucasian (E.g., German, Irish, English, Italian, Polish, French, etc.)","Russian",NA,NA,NA,NA,NA,NA,"No","No","No","Single",NA,"Less than $60,000","$200 or less",NA,"$150,001 to $299,999","One's position in society.","One's ability to climb the social ladder."
"2024","Fall","24177726",3.676,132,"BA","2024-08-30","2024-08-30","866","40.6915","-73.8533","11421","2003","Male",NA,"Male","Heterosexual (as in ""straight"")",NA,"Full-time (12 credits or more)","Declared (Please specify major):","Management and Administration",NA,"3.589","4th year undergraduate","No","Asian (E.g., Chinese, Filipino, Asian Indian, Bangladeshi, Vietnamese, Korean etc,)",NA,NA,NA,"Chinese",NA,NA,NA,"Yes","No","Yes","Single",NA,"Less than $60,000","$200 or less",NA,"$60,000 to $99,999","I would define ""social status"" as your salary range and financial situation, and how well you are capable of taking care of yourself and those around you properly.","I would define ""social mobility"" as the ability to move up or down the social ladder, improving or declining based on education, networking, or other economic opportunities."
"2024","Fall","24352349",3.204,93,"BS","2024-08-31","2024-08-31","1677","40.7484","-73.862","11368","2005","Female",NA,"Female","Bisexual",NA,"Full-time (12 credits or more)","Undeclared (Please specify intended major):",NA,"Digital Design","3.2","2nd year undergraduate","No","Middle Eastern or North African (E.g., Lebanese, Iranian, Egyptian, Syrian, Moroccan, Algerian, etc.)",NA,NA,NA,NA,NA,"North African/Moroccan ",NA,"Yes","No","No","Single",NA,"Less than $60,000","Other ( Please specify):","0","$60,000 to $99,999","Mostly by economic background, their families background like what occupation they've held ","Improving your social status "
"2024","Fall","24567190",3.9,82,"BS","2024-08-31","2024-08-31","835","40.009","-76.3631","07024","2006","Female",NA,"Female","Heterosexual (as in ""straight"")",NA,"Full-time (12 credits or more)","Undeclared (Please specify intended major):",NA,"Biology","0.0","1st year undergraduate","No","Middle Eastern or North African (E.g., Lebanese, Iranian, Egyptian, Syrian, Moroccan, Algerian, etc.)",NA,NA,NA,NA,NA,"Egyptian ",NA,"Yes","No","No","Single",NA,"Greater than $300,000","$201-$400",NA,"$150,001 to $299,999","A person's rank in society which can be based on several factors such as education, wealth, job, or connections. It can reflect how they are seen or treated by other memebrs of their community. ","This term refers to the ability of people to move up in social status. This too can be influenced by different factors such as job, connections, education, or yearly salary. "
"2024","Fall","24547711",3.614,21,"BE","2024-09-02","2024-09-02","1262","40.695","-73.791","11435","2005","Male",NA,"Male","Heterosexual (as in ""straight"")",NA,"Full-time (12 credits or more)","Undeclared (Please specify intended major):",NA,"Mechanical Engineering","0","1st year undergraduate","No","Asian (E.g., Chinese, Filipino, Asian Indian, Bangladeshi, Vietnamese, Korean etc,)",NA,NA,NA,"Bangladeshi",NA,NA,NA,"Yes","Yes","No","Single",NA,"Less than $60,000","$200 or less",NA,"$100,000 to $150,000","a rank that an individual holds in the society.","the movement of a particular person from one social status to another"
"2024","Fall","24209825",3.876,131,"BS","2024-09-01","2024-09-02","91653","40.7484","-73.862","11370","2003","Female",NA,"Female","Bisexual",NA,"Full-time (12 credits or more)","Declared (Please specify major):","Psychology",NA,"3.878","4th year undergraduate","No","Asian (E.g., Chinese, Filipino, Asian Indian, Bangladeshi, Vietnamese, Korean etc,)",NA,NA,NA,"Bangladeshi",NA,NA,NA,"Yes","No","No","Single",NA,"Less than $60,000","$200 or less",NA,"$150,001 to $299,999","One's position (usually economic) compared to others in society.","The ability of someone to increase their economic status."
"2024","Fall","24177726",3.676,132,"BA","2024-08-30","2024-09-02","257607","40.6915","-73.8533","11421","2003","Male",NA,"Male","Heterosexual (as in ""straight"")",NA,"Full-time (12 credits or more)","Declared (Please specify major):","Management and Administration",NA,"3.589","4th year undergraduate","No","Asian (E.g., Chinese, Filipino, Asian Indian, Bangladeshi, Vietnamese, Korean etc,)",NA,NA,NA,"Chinese",NA,NA,NA,"No","No","No","Single",NA,"Less than $60,000","$200 or less",NA,"$60,000 to $99,999","Social status can be defined as how well off you are and how you fit into modern society. It's about whether you are contributing and succeeding in the context of your community and broader social environment. This includes factors like your financial situation, your role in society, and how others perceive your contributions and achievements.","Social mobility can be defined as the ability of an individual or group to move up or down the social ladder. It reflects changes in a person's social status relative to their starting point, often influenced by factors like education, career opportunities, and economic conditions. "
"2024","Fall","24138816",4,122,"BA","2024-09-02","2024-09-02","725","40.6713","-73.8943","10474","2004","Female",NA,"Female","Heterosexual (as in ""straight"")",NA,"Full-time (12 credits or more)","Declared (Please specify major):","Psychology ",NA,"4.0","4th year undergraduate","Yes","Hispanic, Latino or Spanish Origin (E.g., Mexican or Mexican American. Puerto Rican, Cuban, Salvadorian, Dominican, etc.)",NA,NA,"Dominican ",NA,NA,NA,NA,"Yes","No","No","Single",NA,"Less than $60,000","$200 or less",NA,"$60,000 to $99,999","Social hierarchy and/or the level of prestige you have in society. ","The amount of space you have to move up a ladder on social status "
"2024","Fall","24138816",4,122,"BA","2024-09-02","2024-09-02","705","40.6713","-73.8943","10474","2004","Female",NA,"Female","Heterosexual (as in ""straight"")",NA,"Full-time (12 credits or more)","Declared (Please specify major):","Psychology ",NA,"4.0","4th year undergraduate","Yes","Hispanic, Latino or Spanish Origin (E.g., Mexican or Mexican American. Puerto Rican, Cuban, Salvadorian, Dominican, etc.)",NA,NA,"Dominican ",NA,NA,NA,NA,"Yes","No","No","Single",NA,"Less than $60,000","$200 or less",NA,"$60,000 to $99,999","The prestige you have in society ","The ladder that you can increase within society "
"2024","Fall","24209825",3.876,131,"BS","2024-09-02","2024-09-02","10507","40.7484","-73.862","11370","2003","Female",NA,"Female","Bisexual",NA,"Full-time (12 credits or more)","Declared (Please specify major):","Psychology",NA,"3.878","4th year undergraduate","No","Asian (E.g., Chinese, Filipino, Asian Indian, Bangladeshi, Vietnamese, Korean etc,)",NA,NA,NA,"Bangladeshi",NA,NA,NA,"Yes","No","No","Single",NA,"Less than $60,000","$200 or less",NA,"$150,001 to $299,999","One's position (usually economic) compared to others in society.","The ability of someone to increase their economic status."
"2024","Fall","24241184",3.099,128,"BS","2024-09-03","2024-09-03","778","40.8231","-73.9513","10027","2005","Female",NA,"Female","Heterosexual (as in ""straight"")",NA,"Full-time (12 credits or more)","Declared (Please specify major):","biomedical sciences",NA,"3","3rd year undergraduate","No","Middle Eastern or North African (E.g., Lebanese, Iranian, Egyptian, Syrian, Moroccan, Algerian, etc.)",NA,NA,NA,NA,NA,"moroccan",NA,"No","No","No","Single",NA,"Less than $60,000","$200 or less",NA,"$100,000 to $150,000","how ""popular"" you are and if you have friends","adapting to changing statuses"
"2024","Fall","24132676",3.647,121,"BA","2024-09-03","2024-09-03","1807","40.7123","-74.0068","11229","2004","Female",NA,"Female","Heterosexual (as in ""straight"")",NA,"Full-time (12 credits or more)","Declared (Please specify major):","Business administration and management ",NA,"3.5","3rd year undergraduate","No","White or Caucasian (E.g., German, Irish, English, Italian, Polish, French, etc.)","Georgian ",NA,NA,NA,NA,NA,NA,"Yes","Yes","No","Single",NA,"$100,000 to $150,000","$401-$600",NA,"Greater than $300,000","Social class / achieved status a person chooses or earns with their own efforts ","When you move up a social status "
"2024","Fall","24297026",3.92,134,"BS","2024-09-03","2024-09-03","873","37.751","-97.822","11362","2004","Female",NA,"Female","Heterosexual (as in ""straight"")",NA,"Full-time (12 credits or more)","Declared (Please specify major):","Biochemistry",NA,"3.890","3rd year undergraduate","No","White or Caucasian (E.g., German, Irish, English, Italian, Polish, French, etc.)","Greek-Italian",NA,NA,NA,NA,NA,NA,"Yes","No","No","Other:","In a relationship","$60,000 to $99,999","$200 or less",NA,"$60,000 to $99,999","ones position in the socioeconomic hierarchy","the ability to gain more financil freedom"
"2024","Fall","24547201",2.566,33,"BS","2024-09-04","2024-09-04","1456","40.6713","-73.8943","11212","2005","Female",NA,"Female","Heterosexual (as in ""straight"")",NA,"Full-time (12 credits or more)","Declared (Please specify major):","Biology",NA,"0","1st year undergraduate","No","Black or African American (E.g., African American, Jamaican, Haitian, Nigerian, Ethiopian, Somalian, etc.:",NA,"Black",NA,NA,NA,NA,NA,"No","No","No","Single",NA,"$60,000 to $99,999","$201-$400",NA,"$100,000 to $150,000","Social status is basically what's in the name to me it means being social. Growing and opening yourself up to many different people and ideas.","Social mobility would be where a person current social status is being placed whether its high or low."
"2024","Fall","24284425",3.189,69,"BS","2024-09-05","2024-09-05","1645","40.8231","-73.9513","11230","2006","Female",NA,"Female","Heterosexual (as in ""straight"")",NA,"Full-time (12 credits or more)","Declared (Please specify major):","Biology",NA,"3","1st year undergraduate","No","Asian (E.g., Chinese, Filipino, Asian Indian, Bangladeshi, Vietnamese, Korean etc,)",NA,NA,NA,"uzbek",NA,NA,NA,"Yes","No","No","Single",NA,"Less than $60,000","$200 or less",NA,"$150,001 to $299,999","your standing in life and you can always change it later on life","income "
"2024","Fall","24576289",3.55,114,"BS","2024-09-05","2024-09-05","1236","40.9673","-73.8418","10710","2006","Female",NA,"Female","Heterosexual (as in ""straight"")",NA,"Full-time (12 credits or more)","Declared (Please specify major):","Biomedical Sciences",NA,"0.000","1st year undergraduate","Yes","Some other race, ethnicity or origin",NA,NA,NA,NA,NA,NA,"Mixed Race (Black-Haitian, White/Hispanic-Colombian)","No","No","No","Single",NA,"Greater than $300,000","$200 or less",NA,"$100,000 to $150,000","Economic standing in comparison to others.","The process of changing economic status, usually augmenting it."
"2024","Fall","24625313",3.381,101,"BA","2024-09-05","2024-09-05","1523","40.781","-73.9501","10021","1980","Male",NA,"Male","Homosexual (as in ""lesbian"" or ""gay"")",NA,"Part-time (Fewer than 12 credits)","Undeclared (Please specify intended major):",NA,"Pre Health Program","3.8","Non-degree seeking","Yes","Some other race, ethnicity or origin",NA,NA,NA,NA,NA,NA,"European","No","No","No","Married",NA,"Less than $60,000","$200 or less",NA,"$150,001 to $299,999","Social status relates to what social conventions dictates in a society. It can be related to family, race, or financial aspects.","Social Mobility relates to the ability members of a society have to navigate across certain society layers."
"2024","Fall","24433407",0,3,"BS","2024-09-05","2024-09-05","1200","40.8205","-73.9183","11212","2006","Female",NA,"Female","Heterosexual (as in ""straight"")",NA,"Full-time (12 credits or more)","Undeclared (Please specify intended major):",NA,"Biology","0.0","1st year undergraduate","No","Black or African American (E.g., African American, Jamaican, Haitian, Nigerian, Ethiopian, Somalian, etc.:",NA,"Grenadian",NA,NA,NA,NA,NA,"No","No","No","Other:","Dating","$60,000 to $99,999","Other ( Please specify):","Not working","$150,001 to $299,999","An individuals standing in a social environment or society as a whole","A persons ability to adjust their social status"
"2024","Fall","24549338",4,55,"BBA","2024-09-06","2024-09-06","560","40.8518","-73.8705","10462","2006","Female",NA,"Female","Heterosexual (as in ""straight"")",NA,"Full-time (12 credits or more)","Undeclared (Please specify intended major):",NA,"Computer Science","3.7","1st year undergraduate","No","White or Caucasian (E.g., German, Irish, English, Italian, Polish, French, etc.)","Albanian",NA,NA,NA,NA,NA,NA,"Yes","No","No","Single",NA,"Less than $60,000","$200 or less",NA,"$60,000 to $99,999","A term that was given to you by society to describe your role and value.","Moving between social statuses"
"2024","Fall","24383512",3.838,66,"BE","2024-09-07","2024-09-07","949","40.8622","-73.8902","10458","2006","Male",NA,"Male","Heterosexual (as in ""straight"")",NA,"Full-time (12 credits or more)","Declared (Please specify major):","Medicine",NA,"4.0","1st year undergraduate","No","Black or African American (E.g., African American, Jamaican, Haitian, Nigerian, Ethiopian, Somalian, etc.:",NA,"Ghanaian",NA,NA,NA,NA,NA,"Yes","No","No","Single",NA,"Less than $60,000","$200 or less",NA,"$150,001 to $299,999","The honor attached to a person","How well a person can climb the ranks of social status"
"2024","Fall","24521327",3.732,25,"BA","2024-09-07","2024-09-07","456","40.6799","-74.0028","11249","2006","Female",NA,"Female","Bisexual",NA,"Full-time (12 credits or more)","Undeclared (Please specify intended major):",NA,"psychology","4.0","1st year undergraduate","Yes","Hispanic, Latino or Spanish Origin (E.g., Mexican or Mexican American. Puerto Rican, Cuban, Salvadorian, Dominican, etc.)",NA,NA,"Puerto rican ",NA,NA,NA,NA,"Yes","No","No","Single",NA,"$150,001 to $299,999","$200 or less",NA,"$150,001 to $299,999","how known you are in your community or how people perceive you ","how much you get around"
"2024","Fall","24521327",3.732,25,"BA","2024-09-07","2024-09-07","1932","40.6799","-74.0028","11249","2006","Female",NA,"Female","Bisexual",NA,"Full-time (12 credits or more)","Undeclared (Please specify intended major):",NA,"psych","4.0","1st year undergraduate","Yes","White or Caucasian (E.g., German, Irish, English, Italian, Polish, French, etc.)","polish",NA,NA,NA,NA,NA,NA,"Yes","No","No","Single",NA,"$150,001 to $299,999","$200 or less",NA,"Greater than $300,000","someones representation","someone who gets around "
"2024","Fall","24492143",3.628,64,"BA","2024-09-07","2024-09-07","3749","40.8547","-73.9218","10453","2006","Female",NA,"Female","Heterosexual (as in ""straight"")",NA,"Full-time (12 credits or more)","Declared (Please specify major):","Psychology",NA,"4.0","1st year undergraduate","Yes","Hispanic, Latino or Spanish Origin (E.g., Mexican or Mexican American. Puerto Rican, Cuban, Salvadorian, Dominican, etc.)",NA,NA,"Dominican",NA,NA,NA,NA,"Yes","No","No","Single",NA,"Less than $60,000","$200 or less",NA,"$60,000 to $99,999","Social status is a person's rank or position in society, based on things like wealth, job, and education, which affects how they are treated and what opportunities they have.","Social mobility is the ability to move up or down in social rank, usually through changes in income, education, or job."
"2024","Fall","24044589",3.228,121,"BS","2024-09-08","2024-09-08","2870","40.7465","-73.909","11370","2004","Female",NA,"Female","Heterosexual (as in ""straight"")",NA,"Full-time (12 credits or more)","Declared (Please specify major):","Psychology ",NA,"2.6","3rd year undergraduate","Yes","Hispanic, Latino or Spanish Origin (E.g., Mexican or Mexican American. Puerto Rican, Cuban, Salvadorian, Dominican, etc.)",NA,NA,"Colombian ",NA,NA,NA,NA,"Yes","Yes","No","Single",NA,"Less than $60,000","$801-$1000",NA,"$100,000 to $150,000","A tag gave to individuals according to their education, monetary situation, influences etc ","The monetary hierarchy "
"2024","Fall","24420262",3.016,31,"BA","2024-09-08","2024-09-08","3662","40.8527","-73.9383","10032","2004","Female",NA,"Female","Heterosexual (as in ""straight"")",NA,"Part-time (Fewer than 12 credits)","Undeclared (Please specify intended major):",NA,"PSYCHOLOGY ","2","1st year undergraduate","Yes","Hispanic, Latino or Spanish Origin (E.g., Mexican or Mexican American. Puerto Rican, Cuban, Salvadorian, Dominican, etc.)",NA,NA,"Peruvian",NA,NA,NA,NA,"Yes","No","Yes","Single",NA,"Less than $60,000","$201-$400",NA,"$60,000 to $99,999","economic status","how much social you can be "
"2024","Fall","24545381",3.761,97,"BS","2024-09-09","2024-09-09","1626","40.6208","-74.0426","11209","2006","Female",NA,"Female","Heterosexual (as in ""straight"")",NA,"Full-time (12 credits or more)","Declared (Please specify major):","Biomedical Sciences",NA,"3.7","1st year undergraduate","No","Middle Eastern or North African (E.g., Lebanese, Iranian, Egyptian, Syrian, Moroccan, Algerian, etc.)",NA,NA,NA,NA,NA,"Egyptian",NA,"Yes","No","No","Single",NA,"Greater than $300,000","Other ( Please specify):","0","Greater than $300,000","place in society financially and class/rank","how easily someone can change their social status "
"2024","Fall","24545381",3.761,97,"BS","2024-09-09","2024-09-09","48310","40.7653","-73.9589","11209","2006","Female",NA,"Female","Heterosexual (as in ""straight"")",NA,"Full-time (12 credits or more)","Declared (Please specify major):","biomedical sciences",NA,"3.7","1st year undergraduate","No","Middle Eastern or North African (E.g., Lebanese, Iranian, Egyptian, Syrian, Moroccan, Algerian, etc.)",NA,NA,NA,NA,NA,"Egyptian",NA,"Yes","No","No","Single",NA,"Greater than $300,000","Other ( Please specify):","0","Greater than $300,000","where someone stands class wise in society ","if the person can move up or down the social ladder in class"
"2024","Fall","23980174",3.302,120,"BA","2024-09-09","2024-09-09","609","40.7653","-73.9589","10306","2003","Female",NA,"Female","Heterosexual (as in ""straight"")",NA,"Full-time (12 credits or more)","Declared (Please specify major):","psychology ",NA,"3.2","4th year undergraduate","No","Black or African American (E.g., African American, Jamaican, Haitian, Nigerian, Ethiopian, Somalian, etc.:",NA,"nigerian",NA,NA,NA,NA,NA,"Yes","No","No","Domestic partnership",NA,"Less than $60,000","$201-$400",NA,"Greater than $300,000","how many followers you have","influence people to takeactions"
"2024","Fall","24569864",3.45,80,"BS","2024-09-09","2024-09-09","857","40.8","-73.9763","10027","2005","Female",NA,"Female","Heterosexual (as in ""straight"")",NA,"Full-time (12 credits or more)","Declared (Please specify major):","Art",NA,"4.0","1st year undergraduate","No","Asian (E.g., Chinese, Filipino, Asian Indian, Bangladeshi, Vietnamese, Korean etc,)",NA,NA,NA,"Chinese",NA,NA,NA,"Yes","No","Yes","Single",NA,"$100,000 to $150,000","Other ( Please specify):","I'm not working now","$60,000 to $99,999","Where financial and power level people are at comparing with others","The possibility of moving up and down in social status"
"2024","Fall","24396125",2.432,42,"BA","2024-09-10","2024-09-10","984","40.8","-73.9763","10024","2005","Female",NA,"Female","Bisexual",NA,"Full-time (12 credits or more)","Undeclared (Please specify intended major):",NA,"not sure","3.5","2nd year undergraduate","No","White or Caucasian (E.g., German, Irish, English, Italian, Polish, French, etc.)","German",NA,NA,NA,NA,NA,NA,"No","Yes","No","Single",NA,"Less than $60,000","$601-$800",NA,"Greater than $300,000","social class ","how well your able to interact with people from different social classes"
"2024","Fall","24532176",3.461,91,"BS","2024-09-10","2024-09-10","7010","37.751","-97.822","11946","2006","Female",NA,"Female","Bisexual",NA,"Full-time (12 credits or more)","Declared (Please specify major):","Biochemistry",NA,"3.7","1st year undergraduate","No","White or Caucasian (E.g., German, Irish, English, Italian, Polish, French, etc.)","German, Polish",NA,NA,NA,NA,NA,NA,"No","No","No","Single",NA,"$100,000 to $150,000","$200 or less",NA,"$60,000 to $99,999","Social standing","Ability to change status in a society"
"2024","Fall","24605226",3.958,76,"BS","2024-09-10","2024-09-10","8082","37.751","-97.822","11967","2006","Male",NA,"Male","Heterosexual (as in ""straight"")",NA,"Full-time (12 credits or more)","Declared (Please specify major):","Biology",NA,"3.7","1st year undergraduate","No","White or Caucasian (E.g., German, Irish, English, Italian, Polish, French, etc.)","Greek",NA,NA,NA,NA,NA,NA,"Yes","No","No","Single",NA,"Less than $60,000","$601-$800",NA,"Greater than $300,000","amount of social connections and economic ability","ability to change social status"
"2024","Fall","24417277",2.857,72,"BSED","2024-09-12","2024-09-12","1927","40.8271","-73.9359","10025","2005","Female",NA,"Female","Heterosexual (as in ""straight"")",NA,"Full-time (12 credits or more)","Declared (Please specify major):","Children Education",NA,"2.6","2nd year undergraduate","Yes","Hispanic, Latino or Spanish Origin (E.g., Mexican or Mexican American. Puerto Rican, Cuban, Salvadorian, Dominican, etc.)",NA,NA,"Mexican",NA,NA,NA,NA,"Yes","No","No","Single",NA,"Less than $60,000","Other ( Please specify):","0","$60,000 to $99,999","I'll define it as rank.","Being free as a bird"
"2024","Fall","24417277",2.857,72,"BSED","2024-09-12","2024-09-12","1220","40.7242","-74.1977","10025","2005","Female",NA,"Female","Heterosexual (as in ""straight"")",NA,"Full-time (12 credits or more)","Declared (Please specify major):","Education",NA,"2.6","2nd year undergraduate","Yes","Hispanic, Latino or Spanish Origin (E.g., Mexican or Mexican American. Puerto Rican, Cuban, Salvadorian, Dominican, etc.)",NA,NA,"Mexican",NA,NA,NA,NA,"Yes","No","No","Single",NA,"Less than $60,000","Other ( Please specify):","0","$60,000 to $99,999","ranks","economic status"
"2024","Fall","24427737",3.5,48,"BA","2024-09-15","2024-09-15","1163","40.8312","-73.9067","10451","2006","Male",NA,"Male","Heterosexual (as in ""straight"")",NA,"Full-time (12 credits or more)","Declared (Please specify major):","economics",NA,"4.0","1st year undergraduate","Yes","Black or African American (E.g., African American, Jamaican, Haitian, Nigerian, Ethiopian, Somalian, etc.:",NA,"dominican",NA,NA,NA,NA,NA,"Yes","No","No","Married",NA,"Less than $60,000","Other ( Please specify):","0","$100,000 to $150,000","social status is how high in regards you hold someone based on personal value.","movement between social classes"
"2024","Fall","23490894",2.971,115,"BS","2024-09-15","2024-09-15","837","40.7364","-73.8695","11378","1998","Female",NA,"Female","Heterosexual (as in ""straight"")",NA,"Full-time (12 credits or more)","Declared (Please specify major):","Psychology",NA,"2.3","2nd year undergraduate","No","White or Caucasian (E.g., German, Irish, English, Italian, Polish, French, etc.)","Eastern European ",NA,NA,NA,NA,NA,NA,"Yes","No","No","Married",NA,"Less than $60,000","$601-$800",NA,"$100,000 to $150,000","level of social value","when you move your social status"
"2024","Fall","23911725",2.495,130,"BS","2024-09-16","2024-09-16","1455","26.6113","-80.1743","10456","2001","Female",NA,"Female","Heterosexual (as in ""straight"")",NA,"Full-time (12 credits or more)","Declared (Please specify major):","psy",NA,"3.2","4th year undergraduate","Yes","White or Caucasian (E.g., German, Irish, English, Italian, Polish, French, etc.)","W",NA,NA,NA,NA,NA,NA,"Yes","No","No","Single",NA,"Less than $60,000","$201-$400",NA,"$60,000 to $99,999","financial situation ","how do you scalate"
"2024","Fall","24339573",3.249,123,"BS","2024-09-16","2024-09-16","6843","40.8271","-73.9359","10038","2024","Male",NA,"Male","Heterosexual (as in ""straight"")",NA,"Full-time (12 credits or more)","Declared (Please specify major):","Computer Science",NA,"3.2","3rd year undergraduate","No","Asian (E.g., Chinese, Filipino, Asian Indian, Bangladeshi, Vietnamese, Korean etc,)",NA,NA,NA,"Chinese",NA,NA,NA,"Yes","No","No","Domestic partnership",NA,"Less than $60,000","$201-$400",NA,"Greater than $300,000","How highly others think of you","Ability to move economic brackets"
"2024","Fall","24174433",3.436,129,"BS","2024-09-16","2024-09-16","1516","40.695","-73.791","11432","2003","Female",NA,"Female","Heterosexual (as in ""straight"")",NA,"Full-time (12 credits or more)","Declared (Please specify major):","Psychology ",NA,"3.2","3rd year undergraduate","Yes","Hispanic, Latino or Spanish Origin (E.g., Mexican or Mexican American. Puerto Rican, Cuban, Salvadorian, Dominican, etc.)",NA,NA,"Peru",NA,NA,NA,NA,"Yes","No","No","Single",NA,"Less than $60,000","$200 or less",NA,"$60,000 to $99,999","I would define it as in what level you are in life like poor, mid income, wealthy ","It means social classes "
"2024","Fall","24413374",3.862,95,"BS","2024-09-17","2024-09-17","1260","37.751","-97.822","10466","2005","Female",NA,"Female","Heterosexual (as in ""straight"")",NA,"Full-time (12 credits or more)","Declared (Please specify major):","Pre-med",NA,"3.9","2nd year undergraduate","No","Black or African American (E.g., African American, Jamaican, Haitian, Nigerian, Ethiopian, Somalian, etc.:",NA,"African American, Nigerian",NA,NA,NA,NA,NA,"Yes","Yes","No","Single",NA,"$60,000 to $99,999","$401-$600",NA,"$60,000 to $99,999","Where you quality or are placed when relating with other people","The ability to ""move up and down the social ladder"". Gain familiarity and likeliness and lose it too."
"2024","Fall","24535497",3.455,51,"BA","2024-09-18","2024-09-18","3437","40.7484","-73.862","11356","2006","Male",NA,"Male","Heterosexual (as in ""straight"")",NA,"Full-time (12 credits or more)","Declared (Please specify major):","Psychology",NA,"4.0","1st year undergraduate","Yes","Hispanic, Latino or Spanish Origin (E.g., Mexican or Mexican American. Puerto Rican, Cuban, Salvadorian, Dominican, etc.)",NA,NA,"Puerto Rican",NA,NA,NA,NA,"Yes","No","No","Single",NA,"Less than $60,000","$200 or less",NA,"$60,000 to $99,999","Popularity","Being able to be in different groups"
"2024","Fall","24523112",2.655,68,"BE","2024-09-18","2024-09-18","1179","40.6877","-73.9267","11233","2006","Male",NA,"Male","Heterosexual (as in ""straight"")",NA,"Full-time (12 credits or more)","Undeclared (Please specify intended major):",NA,"Computer Engineering","0.000","1st year undergraduate","No","Black or African American (E.g., African American, Jamaican, Haitian, Nigerian, Ethiopian, Somalian, etc.:",NA,"African American",NA,NA,NA,NA,NA,"No","No","No","Single",NA,"Less than $60,000","$200 or less",NA,"$60,000 to $99,999","Social status is a sort of gauge of how comfortable someones life is, whether it be financially, socially or physically.","Social Mobility is the change of ones own lifestyle."
"2024","Fall","24307591",3.874,126,"BE","2024-09-19","2024-09-19","1102","40.8231","-73.9513","10452","2004","Male",NA,"Male","Heterosexual (as in ""straight"")",NA,"Full-time (12 credits or more)","Declared (Please specify major):","B.E. Computer Engineering",NA,"3.8","3rd year undergraduate","No","Asian (E.g., Chinese, Filipino, Asian Indian, Bangladeshi, Vietnamese, Korean etc,)",NA,NA,NA,"Bangladeshi",NA,NA,NA,"Yes","No","No","Single",NA,"Less than $60,000","$200 or less",NA,"$100,000 to $150,000","How you compare to people in terms of education, wealth, and possessions.","How well you are able to move up in social status"
"2024","Fall","24417277",2.857,72,"BSED","2024-09-19","2024-09-19","631","40.8494","-73.9016","10025","2005","Female",NA,"Female","Heterosexual (as in ""straight"")",NA,"Full-time (12 credits or more)","Declared (Please specify major):","Education",NA,"2.6","2nd year undergraduate","Yes","Hispanic, Latino or Spanish Origin (E.g., Mexican or Mexican American. Puerto Rican, Cuban, Salvadorian, Dominican, etc.)",NA,NA,"Mexican",NA,NA,NA,NA,"Yes","No","No","Single",NA,"Less than $60,000","Other ( Please specify):","o","$60,000 to $99,999","someone who's in a higher rank?","eurm, someone who's socially free?"
"2024","Fall","24522682",3.416,75,"BA","2024-09-20","2024-09-20","1035","40.8231","-73.9513","10027","2006","Female",NA,"Female","Heterosexual (as in ""straight"")",NA,"Full-time (12 credits or more)","Declared (Please specify major):","Biology",NA,"0","1st year undergraduate","No","Black or African American (E.g., African American, Jamaican, Haitian, Nigerian, Ethiopian, Somalian, etc.:",NA,"Liberian and Trinidadian",NA,NA,NA,NA,NA,"No","No","No","Single",NA,"Less than $60,000","Other ( Please specify):","0","$100,000 to $150,000","Sometimes is depicted as popularity but I see it as a persons background in society","the ability to make a movement in society"
"2024","Fall","24397357",3.494,85,"BA","2024-09-20","2024-09-20","2476","40.8231","-73.9513","10027","2005","Female",NA,"Female","Heterosexual (as in ""straight"")",NA,"Full-time (12 credits or more)","Declared (Please specify major):","psychology",NA,"3.5","2nd year undergraduate","Yes","Hispanic, Latino or Spanish Origin (E.g., Mexican or Mexican American. Puerto Rican, Cuban, Salvadorian, Dominican, etc.)",NA,NA,"Puerto Rican",NA,NA,NA,NA,"Yes","No","No","Single",NA,"Less than $60,000","$200 or less",NA,"$60,000 to $99,999","Social status is basically the position or rank a person holds within a society or a specific social group","Social mobility refers to the ability of someone, people, different groups and families to move up or move down the social or economic ladder in society   "
"2024","Fall","24413374",3.862,95,"BS","2024-09-20","2024-09-20","1247","40.8231","-73.9513","10466","2005","Female",NA,"Female","Heterosexual (as in ""straight"")",NA,"Full-time (12 credits or more)","Declared (Please specify major):","Pre-med",NA,"3.9","2nd year undergraduate","No","Black or African American (E.g., African American, Jamaican, Haitian, Nigerian, Ethiopian, Somalian, etc.:",NA,"African American, Nigerian",NA,NA,NA,NA,NA,"Yes","Yes","No","Single",NA,"$60,000 to $99,999","$201-$400",NA,"$60,000 to $99,999","your level in relation to other people in the world","your ability to become more or less superior in comparison to other people"
"2024","Fall","24512263",3.111,63,"BS","2024-09-21","2024-09-21","1874","40.8312","-73.9067","10452","2006","Male",NA,"Male","Heterosexual (as in ""straight"")",NA,"Full-time (12 credits or more)","Declared (Please specify major):","Biochemistry",NA,"0.00","1st year undergraduate","Yes","Hispanic, Latino or Spanish Origin (E.g., Mexican or Mexican American. Puerto Rican, Cuban, Salvadorian, Dominican, etc.)",NA,NA,"Mexican",NA,NA,NA,NA,"Yes","No","No","Single",NA,"Less than $60,000","$200 or less",NA,"$60,000 to $99,999","The social value of a person, their competence and respect that are given to them and others which determines their overall place in society","How people are able to move up or down the social ladder in terms of social, economic, moral and educational standards"
"2024","Fall","24529122",2.65,55,"BE","2024-09-21","2024-09-21","1160","40.8518","-73.8705","10462","2006","Male",NA,"Male","Heterosexual (as in ""straight"")",NA,"Full-time (12 credits or more)","Declared (Please specify major):"," Mechanical Engineering ",NA,"3.8","1st year undergraduate","Yes","Hispanic, Latino or Spanish Origin (E.g., Mexican or Mexican American. Puerto Rican, Cuban, Salvadorian, Dominican, etc.)",NA,NA,"Mexican ",NA,NA,NA,NA,"Yes","No","No","Single",NA,"Less than $60,000","Other ( Please specify):","0","$60,000 to $99,999","A title that you have based on what you do and earn ","The ability to move up or down within social status ladders"
"2024","Fall","24529122",2.65,55,"BE","2024-09-21","2024-09-21","307","40.8518","-73.8705","10462","2006","Male",NA,"Male","Heterosexual (as in ""straight"")",NA,"Full-time (12 credits or more)","Declared (Please specify major):","Mechanical Engineering ",NA,"3.8","1st year undergraduate","Yes","Hispanic, Latino or Spanish Origin (E.g., Mexican or Mexican American. Puerto Rican, Cuban, Salvadorian, Dominican, etc.)",NA,NA,"Mexican ",NA,NA,NA,NA,"Yes","No","No","Single",NA,"Less than $60,000","Other ( Please specify):","0","$60,000 to $99,999","The class you are in based on money and job","The ability to move up or down the social classes"
"2024","Fall","24599794",3.042,55,"BS","2024-09-21","2024-09-21","1115","40.7162","-73.9229","10040","2002","Female",NA,"Female","Heterosexual (as in ""straight"")",NA,"Full-time (12 credits or more)","Undeclared (Please specify intended major):",NA,"biochemistry ","0","1st year undergraduate","No","Middle Eastern or North African (E.g., Lebanese, Iranian, Egyptian, Syrian, Moroccan, Algerian, etc.)",NA,NA,NA,NA,NA,"palestinian and moroccan",NA,"Yes","Yes","No","Single",NA,"Less than $60,000","Other ( Please specify):","00","Greater than $300,000","a person's importance in society and how well regarded a person is","the ability to change the your ""standing""/importance within society "
"2024","Fall","23964685",2.663,122,"BA","2024-09-23","2024-09-23","1082","40.6446","-73.9743","11219","2000","Female",NA,"Female","Heterosexual (as in ""straight"")",NA,"Full-time (12 credits or more)","Declared (Please specify major):","psychology",NA,"2.246","5th year undergraduate","Yes","Some other race, ethnicity or origin",NA,NA,NA,NA,NA,NA,"Polish Ecuadorian","No","No","No","Single",NA,"Less than $60,000","$200 or less",NA,"$100,000 to $150,000","an individuals position within a society that influences their day to day experience in a good or bad way","how well someone maneuvers amongst different kinds of people of different types of backgrounds"
"2024","Fall","24315404",4,120,"BS","2024-09-25","2024-09-25","3251","40.66","-73.839","11417","2005","Male",NA,"Male","Heterosexual (as in ""straight"")",NA,"Full-time (12 credits or more)","Declared (Please specify major):","Psychology",NA,"4.0","2nd year undergraduate","No","Asian (E.g., Chinese, Filipino, Asian Indian, Bangladeshi, Vietnamese, Korean etc,)",NA,NA,NA,"Bangladeshi",NA,NA,NA,"Yes","No","No","Single",NA,"$60,000 to $99,999","$200 or less",NA,"Greater than $300,000","How the greater population of people perceive you.","Moving past how people perceive you initially"
"2024","Fall","24448169",2.91,53,"BS","2024-09-25","2024-09-25","1304","40.6763","-73.9492","11213","2006","Female",NA,"Female","Heterosexual (as in ""straight"")",NA,"Full-time (12 credits or more)","Undeclared (Please specify intended major):",NA,"B.S","0","1st year undergraduate","No","Black or African American (E.g., African American, Jamaican, Haitian, Nigerian, Ethiopian, Somalian, etc.:",NA,"Grenadian",NA,NA,NA,NA,NA,"No","No","No","Single",NA,"Less than $60,000","$200 or less",NA,"$100,000 to $150,000","Social status to me is the extent of which you're able to access and experience due to salary or recognition.","Social mobility is the ability to adapt to different environments and succeed while doing so."
"2024","Fall","24578700",4,63,"BS","2024-09-26","2024-09-26","3065","40.8231","-73.9513","10128","2001","Female",NA,"Female","Heterosexual (as in ""straight"")",NA,"Full-time (12 credits or more)","Undeclared (Please specify intended major):",NA,"Chemistry","4.0","1st year undergraduate","No","White or Caucasian (E.g., German, Irish, English, Italian, Polish, French, etc.)","Ashkenazi Jew",NA,NA,NA,NA,NA,NA,"Yes","No","Yes","Other:","Engaged","$100,000 to $150,000","Other ( Please specify):","currently unemployed","$60,000 to $99,999","The social standing of a person, his place in society. Financially, relationship, intelligence, success.","The ability of an individual to ""move up or down the ladder"" of society."
"2024","Fall","24578700",4,63,"BS","2024-09-26","2024-09-26","903","40.7809","-73.9502","10128","2001","Female",NA,"Female","Heterosexual (as in ""straight"")",NA,"Full-time (12 credits or more)","Undeclared (Please specify intended major):",NA,"Chemistry","4.0","1st year undergraduate","No","White or Caucasian (E.g., German, Irish, English, Italian, Polish, French, etc.)","Ashkenazi Jew",NA,NA,NA,NA,NA,NA,"Yes","No","Yes","Other:","engaged","$100,000 to $150,000","Other ( Please specify):","currently unemployed","$60,000 to $99,999","A person's standing in society. Financially, socially, relationship-wise and in competency.","An individual's ability to change his own social standing."
"2024","Fall","24592340",3.711,57,"BS","2024-09-27","2024-09-27","1419","40.8231","-73.9513","10472","2006","Female",NA,"Female","Homosexual (as in ""lesbian"" or ""gay"")",NA,"Full-time (12 credits or more)","Declared (Please specify major):","Bio-chem",NA,"0.00","1st year undergraduate","Yes","Hispanic, Latino or Spanish Origin (E.g., Mexican or Mexican American. Puerto Rican, Cuban, Salvadorian, Dominican, etc.)",NA,NA,"Dominican",NA,NA,NA,NA,"Yes","No","No","Single",NA,"Less than $60,000","$200 or less",NA,"$60,000 to $99,999","How society views you as a person","the ability to move up or down the social ranks"
"2024","Fall","24526118",3.175,21,"BA","2024-09-27","2024-09-27","1481","40.8142","-73.9081","10459","2006","Female",NA,"Female","Bisexual",NA,"Full-time (12 credits or more)","Declared (Please specify major):","Psychology",NA,"2.0","1st year undergraduate","Yes","Black or African American (E.g., African American, Jamaican, Haitian, Nigerian, Ethiopian, Somalian, etc.:",NA,"Garifuna",NA,NA,NA,NA,NA,"Yes","No","No","Single",NA,"Less than $60,000","$200 or less",NA,"$60,000 to $99,999","I don't really care.","N/A"
"2024","Fall","24152934",2.006,25,"BA","2024-09-27","2024-09-27","830","40.873","-73.8233","10462","2000","Male",NA,"Male","Heterosexual (as in ""straight"")",NA,"Part-time (Fewer than 12 credits)","Undeclared (Please specify intended major):",NA,"Computer Science ","2.4","2nd year undergraduate","No","Asian (E.g., Chinese, Filipino, Asian Indian, Bangladeshi, Vietnamese, Korean etc,)",NA,NA,NA,"Bangladeshi",NA,NA,NA,"Yes","No","No","Single",NA,"Less than $60,000","$201-$400",NA,"$60,000 to $99,999","Social status is a person's position or rank in a group or society, often based on factors like wealth, job, or family background.","Social mobility is the ability to move up or down in social status or class within a society."
"2024","Fall","24094908",3.585,84,"BA","2024-09-27","2024-09-27","2178","40.8231","-73.9513","10031","2002","Male",NA,"Male","Heterosexual (as in ""straight"")",NA,"Part-time (Fewer than 12 credits)","Declared (Please specify major):","business management",NA,"3.9","3rd year undergraduate","No","Asian (E.g., Chinese, Filipino, Asian Indian, Bangladeshi, Vietnamese, Korean etc,)",NA,NA,NA,"Chinese ",NA,NA,NA,"Yes","Yes","No","Single",NA,"Less than $60,000","$201-$400",NA,"Less than 60,000","I understand the social status is based on the live quantity that you have so far. Like low, middle, and high class and the social status will have change during the time maybe with better salary.","I would said from the original social status to the next social status."
"2024","Fall","24477003",3.337,61,"BS","2024-09-27","2024-09-27","536","40.6744","-73.8016","11420","2006","Male",NA,"Male","Heterosexual (as in ""straight"")",NA,"Full-time (12 credits or more)","Declared (Please specify major):","Biology",NA,"3.6","1st year undergraduate","No","Asian (E.g., Chinese, Filipino, Asian Indian, Bangladeshi, Vietnamese, Korean etc,)",NA,NA,NA,"Indian",NA,NA,NA,"Yes","No","No","Single",NA,"Less than $60,000","$200 or less",NA,"$100,000 to $150,000","to me it means how you stand in society it self","social mobility is moving up or down"
"2024","Fall","24550553",2.333,15,"BA","2024-09-27","2024-09-27","1827","40.8477","-73.8418","10460","2004","Female",NA,"Female","Bisexual",NA,"Part-time (Fewer than 12 credits)","Declared (Please specify major):","Psychology",NA,"0.00","1st year undergraduate","Yes","Hispanic, Latino or Spanish Origin (E.g., Mexican or Mexican American. Puerto Rican, Cuban, Salvadorian, Dominican, etc.)",NA,NA,"Dominican",NA,NA,NA,NA,"Yes","No","Yes","Single",NA,"Less than $60,000","$200 or less",NA,"Less than 60,000","It is a fashion of the world","I think that is a different social class."
"2024","Fall","24297026",3.92,134,"BS","2024-09-29","2024-09-29","520","40.6801","-73.9207","11362","2004","Female",NA,"Female","Heterosexual (as in ""straight"")",NA,"Full-time (12 credits or more)","Declared (Please specify major):","Biochemistry",NA,"3.894","3rd year undergraduate","No","White or Caucasian (E.g., German, Irish, English, Italian, Polish, French, etc.)","Greek, Italian",NA,NA,NA,NA,NA,NA,"Yes","No","No","Single",NA,"$60,000 to $99,999","$200 or less",NA,"$100,000 to $150,000","ones place in a society in terms of the people they interact with at a certain economic positon","the ability to move to a higher or lower socioeconomic status"
"2024","Fall","24592340",3.711,57,"BS","2024-09-27","2024-09-30","260144","40.8231","-73.9513","10472","2006","Female",NA,"Female","Homosexual (as in ""lesbian"" or ""gay"")",NA,"Full-time (12 credits or more)","Declared (Please specify major):","biochem",NA,"0.00","1st year undergraduate","Yes","Hispanic, Latino or Spanish Origin (E.g., Mexican or Mexican American. Puerto Rican, Cuban, Salvadorian, Dominican, etc.)",NA,NA,"Dominican",NA,NA,NA,NA,"Yes","No","No","Single",NA,"$60,000 to $99,999","$200 or less",NA,"$60,000 to $99,999","The amount of value society gives you","the ability to gain more or lose more value to society"
"2024","Fall","24594837",3.492,71,"BS","2024-09-30","2024-09-30","734","40.8231","-73.9513","10027","2006","Female",NA,"Female","Heterosexual (as in ""straight"")",NA,"Full-time (12 credits or more)","Undeclared (Please specify intended major):",NA,"Biology","3.7","1st year undergraduate","No","White or Caucasian (E.g., German, Irish, English, Italian, Polish, French, etc.)","Ukrainian ",NA,NA,NA,NA,NA,NA,"Yes","Yes","Yes","Single",NA,"Less than $60,000","$200 or less",NA,"$100,000 to $150,000","A place in society that is usually categorized or goes together with class","Being able to move around in terms of social status"
"2024","Fall","24586060",4,96,"BA","2024-10-01","2024-10-01","1117","40.8231","-73.9513","10031","1998","Female",NA,"Female","Heterosexual (as in ""straight"")",NA,"Part-time (Fewer than 12 credits)","Undeclared (Please specify intended major):",NA,"Post Baccalaureate Pre-Health (non degree)","3.8","Non-degree seeking","No","White or Caucasian (E.g., German, Irish, English, Italian, Polish, French, etc.)","Italian, Irish",NA,NA,NA,NA,NA,NA,"No","Yes","No","Other:","In a relationship, we don't officially live together but we stay together almost every day","Less than $60,000","$401-$600",NA,"$100,000 to $150,000","Salary group, class","ability to move up in class/salary"
"2024","Fall","24504058",3.47,62,"BA","2024-10-01","2024-10-01","977","40.6713","-73.8943","10452","2006","Female",NA,"Female","Heterosexual (as in ""straight"")",NA,"Full-time (12 credits or more)","Declared (Please specify major):","Sociology ",NA,"0.00","1st year undergraduate","Yes","Hispanic, Latino or Spanish Origin (E.g., Mexican or Mexican American. Puerto Rican, Cuban, Salvadorian, Dominican, etc.)",NA,NA,"Mexican-American",NA,NA,NA,NA,"Yes","No","No","Single",NA,"Less than $60,000","Other ( Please specify):","Less, I only do school","$60,000 to $99,999","where you're placed on society hierarchy ","Social Mobility is like when you change your status from one class to another"
"2024","Fall","24283815",3.048,104,"BA","2024-10-02","2024-10-02","821","40.7623","-73.8724","11368","2004","Male",NA,"Male","Heterosexual (as in ""straight"")",NA,"Full-time (12 credits or more)","Declared (Please specify major):","Media and Communications",NA,"2.75","3rd year undergraduate","Yes","Hispanic, Latino or Spanish Origin (E.g., Mexican or Mexican American. Puerto Rican, Cuban, Salvadorian, Dominican, etc.)",NA,NA,"Ecuadorian American",NA,NA,NA,NA,"Yes","No","No","Single",NA,"Less than $60,000","$401-$600",NA,"Less than 60,000","A person's importance in society","the movement from one social status to another"
"2024","Fall","24620851",3.454,57,"BA","2024-10-02","2024-10-02","1256","40.7015","-73.8422","11418","2007","Male",NA,"Male","Heterosexual (as in ""straight"")",NA,"Full-time (12 credits or more)","Declared (Please specify major):","Communications",NA,"3","1st year undergraduate","No","Asian (E.g., Chinese, Filipino, Asian Indian, Bangladeshi, Vietnamese, Korean etc,)",NA,NA,NA,"Asian Indian",NA,NA,NA,"Yes","No","Yes","Single",NA,"Less than $60,000","Other ( Please specify):","0$","$100,000 to $150,000","The position occupied by a person and their social group in the stratified society.","moving up the social ladder"
"2024","Fall","24620851",3.454,57,"BA","2024-10-02","2024-10-02","657","40.7015","-73.8422","11418","2007","Male",NA,"Male","Heterosexual (as in ""straight"")",NA,"Full-time (12 credits or more)","Declared (Please specify major):","Communications",NA,"3","1st year undergraduate","No","Asian (E.g., Chinese, Filipino, Asian Indian, Bangladeshi, Vietnamese, Korean etc,)",NA,NA,NA,"Asian Indian",NA,NA,NA,"Yes","No","Yes","Single",NA,"Less than $60,000","Other ( Please specify):","0$","$100,000 to $150,000","one's  social standing in a stratified society","Moving upthe social ladder "
"2024","Fall","24488502",3.223,66,"BE","2024-10-03","2024-10-03","1886","40.7123","-73.7985","11432","2006","Male",NA,"Male","Heterosexual (as in ""straight"")",NA,"Full-time (12 credits or more)","Declared (Please specify major):","Computer Engineering",NA,"0","1st year undergraduate","Yes","Hispanic, Latino or Spanish Origin (E.g., Mexican or Mexican American. Puerto Rican, Cuban, Salvadorian, Dominican, etc.)",NA,NA,"Guatemalan ",NA,NA,NA,NA,"Yes","Yes","No","Single",NA,"Less than $60,000","$200 or less",NA,"$60,000 to $99,999","social status for me means where you come from, meaning how much money you grew up with.","How someone can make more money and grow financially "
"2024","Fall","24318339",2.645,49,"BA","2024-10-05","2024-10-05","4153","40.5978","-74.0001","11223","2006","Female",NA,"Female","Heterosexual (as in ""straight"")",NA,"Full-time (12 credits or more)","Declared (Please specify major):","psychology",NA,"0.00","1st year undergraduate","No","Middle Eastern or North African (E.g., Lebanese, Iranian, Egyptian, Syrian, Moroccan, Algerian, etc.)",NA,NA,NA,NA,NA,"yemeni",NA,"Yes","Yes","No","Single",NA,"Less than $60,000","$200 or less",NA,"$100,000 to $150,000","how people see you and. how important to them is your opinion","whether you can become more or less important to people."
"2024","Fall","24265992",3.5,121,"BS","2024-10-10","2024-10-10","1802","40.6713","-73.8943","11211","2000","Female",NA,"Female","Heterosexual (as in ""straight"")",NA,"Full-time (12 credits or more)","Declared (Please specify major):","Biotechnology",NA,"0","2nd year undergraduate","No","Asian (E.g., Chinese, Filipino, Asian Indian, Bangladeshi, Vietnamese, Korean etc,)",NA,NA,NA,"Pakistani",NA,NA,NA,"Yes","Yes","No","Married",NA,"$150,001 to $299,999","Other ( Please specify):","Unemployed","$100,000 to $150,000","where one stands in the society","how far along one moves on the social ladder"
"2024","Fall","24542217",2.96,39,"BA","2024-10-11","2024-10-11","1276","40.6877","-73.9267","11212","2007","Female",NA,"Female","Uncertain/Questioning",NA,"Full-time (12 credits or more)","Declared (Please specify major):","Pre-Med Psych",NA,"3","1st year undergraduate","No","Black or African American (E.g., African American, Jamaican, Haitian, Nigerian, Ethiopian, Somalian, etc.:",NA,"Jamaican ",NA,NA,NA,NA,NA,"No","No","No","Single",NA,"Less than $60,000","$200 or less",NA,"Greater than $300,000","Social status is a coined concept for how a person is perceived or may perceive themselves amongst society based on overall wealth","Social mobility may be a scale for how well a person is able to change their social status."
"2024","Fall","24232303",3.46,64,"BE","2024-10-12","2024-10-12","1453","40.6764","-73.8753","11421","2005","Female",NA,"Female","Heterosexual (as in ""straight"")",NA,"Full-time (12 credits or more)","Declared (Please specify major):","Mechanical Engineering",NA,"4.0","1st year undergraduate","No","Asian (E.g., Chinese, Filipino, Asian Indian, Bangladeshi, Vietnamese, Korean etc,)",NA,NA,NA,"Chinese",NA,NA,NA,"Yes","No","No","Single",NA,"Less than $60,000","Other ( Please specify):","0","$60,000 to $99,999","One's position and title in society. ","The change in one's social status. "
"2024","Fall","24525200",3.633,60,"BS","2024-10-13","2024-10-13","1439","40.726","-73.848","11374","2006","Female",NA,"Female","Heterosexual (as in ""straight"")",NA,"Full-time (12 credits or more)","Declared (Please specify major):","psychology bs",NA,"0","1st year undergraduate","No","Asian (E.g., Chinese, Filipino, Asian Indian, Bangladeshi, Vietnamese, Korean etc,)",NA,NA,NA,"Japanese  ",NA,NA,NA,"Yes","No","No","Single",NA,"Less than $60,000","$401-$600",NA,"$100,000 to $150,000","I define social status as as place in a societal hierarchy. The societal hierarchy is based on the rank people have.  ","I define the term social mobility as the ability to be able to move from one rank to another. "
"2024","Fall","24592462",3.625,58,"BE","2024-10-25","2024-10-25","1233","40.7364","-73.8695","11377","2006","Female",NA,"Female","Uncertain/Questioning",NA,"Full-time (12 credits or more)","Undeclared (Please specify intended major):",NA,"Computer Science","3.00","1st year undergraduate","No","Asian (E.g., Chinese, Filipino, Asian Indian, Bangladeshi, Vietnamese, Korean etc,)",NA,NA,NA,"Chinese",NA,NA,NA,"No","No","No","Single",NA,"Less than $60,000","$200 or less",NA,"Less than 60,000","Lower class, Middle class, High class, economic status","The ability to progress to a higher economic status."
"2024","Fall","23262772",3.903,120,"BA","2024-10-28","2024-10-28","1098","40.839","-73.946","10040","1995","Female",NA,"Female","Homosexual (as in ""lesbian"" or ""gay"")",NA,"Full-time (12 credits or more)","Declared (Please specify major):","Psych",NA,"3.8","3rd year undergraduate","Yes","Hispanic, Latino or Spanish Origin (E.g., Mexican or Mexican American. Puerto Rican, Cuban, Salvadorian, Dominican, etc.)",NA,NA,"Peruvian and Puerto Rican, USA born",NA,NA,NA,NA,"Yes","Yes","No","Domestic partnership",NA,"Less than $60,000","$401-$600",NA,"$100,000 to $150,000","The impact that what I do or say has in my society (that is the one I belong to). ","The ability to move through different social statuses."
"2024","Fall","24558267",3.822,40,"BE","2024-11-01","2024-11-01","1552","40.8231","-73.9513","10453","2006","Male",NA,"Male","Heterosexual (as in ""straight"")",NA,"Full-time (12 credits or more)","Undeclared (Please specify intended major):",NA,"computer science","3","1st year undergraduate","Yes","Hispanic, Latino or Spanish Origin (E.g., Mexican or Mexican American. Puerto Rican, Cuban, Salvadorian, Dominican, etc.)",NA,NA,"Yes",NA,NA,NA,NA,"Yes","No","No","Single",NA,"$60,000 to $99,999","Other ( Please specify):","0","$60,000 to $99,999","your place on the social hierarchy which determines your set salary or income and what type of life you will experience ahead.","How much your able to change and adapt your social status"
"2024","Fall","24445449",3.004,66,"BS","2024-11-01","2024-11-01","1512","40.8231","-73.9513","11224","2006","Female",NA,"Female","Heterosexual (as in ""straight"")",NA,"Full-time (12 credits or more)","Declared (Please specify major):","Biology",NA,"3","1st year undergraduate","No","Asian (E.g., Chinese, Filipino, Asian Indian, Bangladeshi, Vietnamese, Korean etc,)",NA,NA,NA,"central asian",NA,NA,NA,"Yes","No","No","Single",NA,"$60,000 to $99,999","Other ( Please specify):","don't work","Greater than $300,000","Social status refers to the position or rank of an individual within a social hierarchy. ","Social mobility refers to the ability of individuals or groups to move within the social hierarchy, which can involve changes in economic status, education level, or occupational position. It reflects the degree to which people can improve"
"2024","Fall","24448240",3.964,55,"BA","2024-11-01","2024-11-01","1566","40.8231","-73.9513","10029","2006","Female",NA,"Female","Heterosexual (as in ""straight"")",NA,"Full-time (12 credits or more)","Declared (Please specify major):","psychology",NA,"0","1st year undergraduate","Yes","Hispanic, Latino or Spanish Origin (E.g., Mexican or Mexican American. Puerto Rican, Cuban, Salvadorian, Dominican, etc.)",NA,NA,"hispanic and latino",NA,NA,NA,NA,"Yes","No","No","Single",NA,"Less than $60,000","$200 or less",NA,"Less than 60,000","the place where you were born and difine economically ","the ability to move from your social status "
"2024","Fall","24318443",4,12,"BS","2024-11-01","2024-11-01","1006","40.5948","-73.9715","11204","2006","Male",NA,"Male","Heterosexual (as in ""straight"")",NA,"Full-time (12 credits or more)","Declared (Please specify major):","Biology",NA,"0","1st year undergraduate","No","Asian (E.g., Chinese, Filipino, Asian Indian, Bangladeshi, Vietnamese, Korean etc,)",NA,NA,NA,"Chinese",NA,NA,NA,"Yes","No","No","Single",NA,"Less than $60,000","$200 or less",NA,"$60,000 to $99,999","income, education and family background","change ones social status to another"
"2024","Fall","24365015",3.593,66,"BE","2024-11-01","2024-11-01","754","40.7364","-73.8695","11373","2005","Male",NA,"Male","Heterosexual (as in ""straight"")",NA,"Full-time (12 credits or more)","Declared (Please specify major):","Computer Engineering",NA,"3.7","1st year undergraduate","No","Asian (E.g., Chinese, Filipino, Asian Indian, Bangladeshi, Vietnamese, Korean etc,)",NA,NA,NA,"Indonesian",NA,NA,NA,"Yes","No","No","Single",NA,"Less than $60,000","$201-$400",NA,"$100,000 to $150,000","it's how a person stands against the group higher or lower than them.","being able to change their class status"
"2024","Fall","24375857",3.586,72,"BE","2024-11-01","2024-11-01","755","40.6462","-73.9559","11226","2006","Male",NA,"Male","Heterosexual (as in ""straight"")",NA,"Full-time (12 credits or more)","Declared (Please specify major):","BME",NA,"3.5","1st year undergraduate","Yes","Hispanic, Latino or Spanish Origin (E.g., Mexican or Mexican American. Puerto Rican, Cuban, Salvadorian, Dominican, etc.)",NA,NA,"puerto rican ",NA,NA,NA,NA,"Yes","Yes","No","Single",NA,"$60,000 to $99,999","$200 or less",NA,"$100,000 to $150,000","how ur viewed socially","how you move in social settings "
"2024","Fall","24387825",2.877,67,"BA","2024-11-01","2024-11-02","1432","40.8646","-73.8981","10468","2006","Female",NA,"Female","Heterosexual (as in ""straight"")",NA,"Full-time (12 credits or more)","Declared (Please specify major):","Psychology",NA,"0","1st year undergraduate","Yes","Hispanic, Latino or Spanish Origin (E.g., Mexican or Mexican American. Puerto Rican, Cuban, Salvadorian, Dominican, etc.)",NA,NA,"Dominican American",NA,NA,NA,NA,"Yes","No","No","Single",NA,"Less than $60,000","Other ( Please specify):","I don't currently work","$60,000 to $99,999","I define it as the way society views you/ where you stand in it. ","Social mobility is the changing your social status, so you can either move up or down in the ""social hierarchy""."
"2024","Fall","24314307",2.96,30,"BA","2024-11-03","2024-11-03","1064","40.8312","-73.9067","10456","2006","Female",NA,"Female","Heterosexual (as in ""straight"")",NA,"Full-time (12 credits or more)","Declared (Please specify major):","Economics",NA,"3","1st year undergraduate","No","Black or African American (E.g., African American, Jamaican, Haitian, Nigerian, Ethiopian, Somalian, etc.:",NA,"African American",NA,NA,NA,NA,NA,"Yes","Yes","No","Single",NA,"Less than $60,000","Other ( Please specify):","0","$150,001 to $299,999","a person's level of importance to society","rhe movement between classes"
"2024","Fall","24067690",3.731,105,"BA","2024-11-04","2024-11-05","46748","40.8231","-73.9513","10462","2004","Female",NA,"Gender non-conforming","Asexual",NA,"Full-time (12 credits or more)","Declared (Please specify major):","Art",NA,"3.6","3rd year undergraduate","Yes","Hispanic, Latino or Spanish Origin (E.g., Mexican or Mexican American. Puerto Rican, Cuban, Salvadorian, Dominican, etc.)",NA,NA,"Dominican/Puerto Rican",NA,NA,NA,NA,"No","No","No","Single",NA,"Less than $60,000","$200 or less",NA,"$60,000 to $99,999","Having friends and connections","Being able to jump around in terms of friend/connection groups"
"2024","Fall","24525664",3.916,62,"BA","2024-11-06","2024-11-06","1312","40.8231","-73.9513","10029","2006","Female",NA,"Female","Heterosexual (as in ""straight"")",NA,"Full-time (12 credits or more)","Declared (Please specify major):","Psychology ",NA,"0.000","1st year undergraduate","Yes","Hispanic, Latino or Spanish Origin (E.g., Mexican or Mexican American. Puerto Rican, Cuban, Salvadorian, Dominican, etc.)",NA,NA,"Dominican ",NA,NA,NA,NA,"Yes","No","No","Single",NA,"Less than $60,000","$200 or less",NA,"$100,000 to $150,000","Is the type of life that you have ","not sure "
"2024","Fall","23965625",3.533,120,"BS","2024-11-06","2024-11-06","692","40.7681","-73.8291","11354","2003","Male",NA,"Male","Heterosexual (as in ""straight"")",NA,"Full-time (12 credits or more)","Declared (Please specify major):","Psychology",NA,"3.429","4th year undergraduate","No","Asian (E.g., Chinese, Filipino, Asian Indian, Bangladeshi, Vietnamese, Korean etc,)",NA,NA,NA,"Chinese",NA,NA,NA,"Yes","No","No","Single",NA,"$60,000 to $99,999","$200 or less",NA,"$150,001 to $299,999","How successful you are","The ability to be better"
"2024","Fall","24066764",3.533,75,"BA","2024-11-06","2024-11-06","933","40.8527","-73.9383","10033","2004","Female",NA,"Female","Heterosexual (as in ""straight"")",NA,"Part-time (Fewer than 12 credits)","Declared (Please specify major):","psychology ",NA,"3.4","3rd year undergraduate","Yes","Hispanic, Latino or Spanish Origin (E.g., Mexican or Mexican American. Puerto Rican, Cuban, Salvadorian, Dominican, etc.)",NA,NA,"Ecuadorian",NA,NA,NA,NA,"Yes","No","No","Single",NA,"Less than $60,000","Other ( Please specify):","0","$100,000 to $150,000","Where a persons stands in society.","Ones personal gain or lose. Going up or down."
"2024","Fall","24318443",4,12,"BS","2024-11-06","2024-11-07","85695","40.5948","-73.9715","11204","2006","Male",NA,"Male","Heterosexual (as in ""straight"")",NA,"Full-time (12 credits or more)","Declared (Please specify major):","Biology",NA,"0","1st year undergraduate","No","Asian (E.g., Chinese, Filipino, Asian Indian, Bangladeshi, Vietnamese, Korean etc,)",NA,NA,NA,"Chinese",NA,NA,NA,"Yes","No","No","Single",NA,"Less than $60,000","Other ( Please specify):","0","$60,000 to $99,999","social status is your status in society define by wealth and background","you can adjust your social status and move up like a ladder into different status"
"2024","Fall","24544204",3.593,61,"BS","2024-11-07","2024-11-07","771","40.6462","-73.9559","11226","2006","Female",NA,"Female","Heterosexual (as in ""straight"")",NA,"Full-time (12 credits or more)","Declared (Please specify major):","Biology ",NA,"3.4","1st year undergraduate","No","Black or African American (E.g., African American, Jamaican, Haitian, Nigerian, Ethiopian, Somalian, etc.:",NA,"Haitian",NA,NA,NA,NA,NA,"Yes","No","No","Single",NA,"$60,000 to $99,999","$200 or less",NA,"$100,000 to $150,000","Social status is your place in society like middle class or lower class.","Being able to move to and from different social classes"
"2024","Fall","24553273",2.366,59,"BE","2024-11-07","2024-11-07","1354","40.8231","-73.9513","10466","2006","Male",NA,"Male","Heterosexual (as in ""straight"")",NA,"Full-time (12 credits or more)","Declared (Please specify major):","Civil Engineering",NA,"3.2","1st year undergraduate","No","Black or African American (E.g., African American, Jamaican, Haitian, Nigerian, Ethiopian, Somalian, etc.:",NA,"Jamaican",NA,NA,NA,NA,NA,"No","No","No","Single",NA,"Less than $60,000","$200 or less",NA,"$60,000 to $99,999","The way I understand it, your social class coinsides with the amount of money you make and the community you live in..","I believe that social mobility is the ability to rise or fall in your social status."
"2024","Fall","24432912",3.552,52,"BS","2024-11-03","2024-11-07","350837","40.8703","-73.8525","10462","2007","Female",NA,"Female","Heterosexual (as in ""straight"")",NA,"Full-time (12 credits or more)","Declared (Please specify major):","Biology",NA,"4.0","1st year undergraduate","No","Black or African American (E.g., African American, Jamaican, Haitian, Nigerian, Ethiopian, Somalian, etc.:",NA,"Ghanaian",NA,NA,NA,NA,NA,"Yes","No","No","Single",NA,"Less than $60,000","$200 or less",NA,"$60,000 to $99,999","Social status is how significant a rank that a person holds in society.","This is when a person moves up the social status ladder."
"2024","Fall","24558267",3.822,40,"BE","2024-11-07","2024-11-07","974","40.8547","-73.9218","10453","2006","Male",NA,"Male","Heterosexual (as in ""straight"")",NA,"Full-time (12 credits or more)","Undeclared (Please specify intended major):",NA,"computer science","3","1st year undergraduate","Yes","Hispanic, Latino or Spanish Origin (E.g., Mexican or Mexican American. Puerto Rican, Cuban, Salvadorian, Dominican, etc.)",NA,NA,"hispanic",NA,NA,NA,NA,"Yes","No","No","Single",NA,"$60,000 to $99,999","Other ( Please specify):","0","$60,000 to $99,999","the amount of money you make and your position or standing within society","how fast or effectively you can move between social classes or statuses"
"2024","Fall","24544666",3.79,62,"BA","2024-11-07","2024-11-08","2067","40.6221","-73.981","11214","2006","Male",NA,"Male","Heterosexual (as in ""straight"")",NA,"Full-time (12 credits or more)","Declared (Please specify major):","Finance",NA,"0","1st year undergraduate","Yes","Black or African American (E.g., African American, Jamaican, Haitian, Nigerian, Ethiopian, Somalian, etc.:",NA,"Black and Latino",NA,NA,NA,NA,NA,"No","Yes","No","Single",NA,"$60,000 to $99,999","Other ( Please specify):","0","$100,000 to $150,000","Idk","How well you interact with others"
"2024","Fall","23790458",3.085,114,"BS","2024-11-10","2024-11-10","1774","40.8703","-73.8525","10469","2000","Male",NA,"Male","Heterosexual (as in ""straight"")",NA,"Full-time (12 credits or more)","Declared (Please specify major):","Applied Mathematics ",NA,"2.8","3rd year undergraduate","No","Some other race, ethnicity or origin",NA,NA,NA,NA,NA,NA,"West Indian","No","No","No","Single",NA,"Less than $60,000","$200 or less",NA,"$100,000 to $150,000","not sure","not sure"
"2024","Fall","24450059",2.619,60,"AA","2024-11-11","2024-11-11","430","40.8518","-73.8705","12453","2005","Male",NA,"Male","Heterosexual (as in ""straight"")",NA,"Full-time (12 credits or more)","Declared (Please specify major):","Computer Science",NA,"3.5","1st year undergraduate","Yes","Asian (E.g., Chinese, Filipino, Asian Indian, Bangladeshi, Vietnamese, Korean etc,)",NA,NA,NA,"Bangla",NA,NA,NA,"No","No","No","Single",NA,"Less than $60,000","$200 or less",NA,"$100,000 to $150,000","Socialy","Being social everywhere"
"2024","Spring","23943536",3.113,120,"BA","2024-03-19","2024-03-19","25643","40.7961","-73.9513","10025","2001","Female",NA,"Female","Homosexual (as in ""lesbian"" or ""gay"")",NA,"Full-time (12 credits or more)","Declared (Please specify major):","Psychology BA",NA,"2.8","4th year undergraduate","Yes","Hispanic, Latino or Spanish Origin (E.g., Mexican or Mexican American. Puerto Rican, Cuban, Salvadorian, Dominican, etc.)",NA,NA,"Mexican American",NA,NA,NA,NA,"Yes","No","No","Single",NA,"Less than $60,000","$201-$400",NA,"Less than 60,000","A persons importance compared to other people","Due to your social status you can either move up or down"
"2024","Spring","24058480",3.723,168,"BA","2024-03-13","2024-03-13","1211","40.8123","-73.9682","11360","2002","Female",NA,"Gender queer","Bisexual",NA,"Full-time (12 credits or more)","Declared (Please specify major):","Psychology and Creative Writing",NA,"3.5","4th year undergraduate","No","White or Caucasian (E.g., German, Irish, English, Italian, Polish, French, etc.)","German, Italian, Russian Jew, Scandinavian, Spanish",NA,NA,NA,NA,NA,NA,"No","No","No","Single",NA,"$100,000 to $150,000","$200 or less",NA,"$60,000 to $99,999","My power, perception, and standing in society","My ability to improve or lessen my “worth” according to our society"
"2024","Spring","23407957",2.639,122,"BA","2024-03-15","2024-03-15","1050","40.8123","-73.9682","11102","1997","Male",NA,"Male","Heterosexual (as in ""straight"")",NA,"Full-time (12 credits or more)","Declared (Please specify major):","business management",NA,"2.5","4th year undergraduate","Yes","Hispanic, Latino or Spanish Origin (E.g., Mexican or Mexican American. Puerto Rican, Cuban, Salvadorian, Dominican, etc.)",NA,NA,"Mexican",NA,NA,NA,NA,"Yes","No","No","Single",NA,"Less than $60,000","$200 or less",NA,"$60,000 to $99,999","amount of income","ability to change the social status of a person"
"2024","Spring","24385355",3.928,118,"BA","2024-03-22","2024-03-22","8151","40.7652","-73.9588","10128","2004","Female",NA,"Female","Homosexual (as in ""lesbian"" or ""gay"")",NA,"Full-time (12 credits or more)","Undeclared (Please specify intended major):",NA,"Psychology","4","1st year undergraduate","No","White or Caucasian (E.g., German, Irish, English, Italian, Polish, French, etc.)","Armenian and Ukrainian",NA,NA,NA,NA,NA,NA,"Yes","No","Yes","Single",NA,"Less than $60,000","$201-$400",NA,"$100,000 to $150,000","how people view you, and at what social rank you are at (like socioeconomics)","ability to move up or just move in general within your social status"
"2024","Spring","24266743",3.248,100,"BS","2024-03-22","2024-03-22","1417","40.7009","-73.9461","10033","1994","Female",NA,"Gender non-conforming","Bisexual",NA,"Full-time (12 credits or more)","Declared (Please specify major):","Biology",NA,"3.5","2nd year undergraduate","No","White or Caucasian (E.g., German, Irish, English, Italian, Polish, French, etc.)","German Irish French Italian",NA,NA,NA,NA,NA,NA,"No","Yes","No","Single",NA,"Less than $60,000","$201-$400",NA,"$100,000 to $150,000","socioeconomic status, how much income and access to resources someone has","when someone moves between different status levels"
"2024","Spring","24439553",2.781,86,"BS","2024-03-21","2024-03-21","857","40.6286","-73.939","11210","2005","Female",NA,"Female","Heterosexual (as in ""straight"")",NA,"Full-time (12 credits or more)","Undeclared (Please specify intended major):",NA,"Biology","3.35","1st year undergraduate","No","Asian (E.g., Chinese, Filipino, Asian Indian, Bangladeshi, Vietnamese, Korean etc,)",NA,NA,NA,"Pakistani",NA,NA,NA,"Yes","No","No","Single",NA,"Less than $60,000","$200 or less",NA,"$60,000 to $99,999","A persons background or status in a society","change in relationships"
"2024","Spring","23875531",3.657,130,"BA/MA","2024-03-20","2024-03-21","1742","40.7652","-73.9588","11377","2001","Female",NA,"Female","Heterosexual (as in ""straight"")",NA,"Full-time (12 credits or more)","Declared (Please specify major):","BA/MA Psychology CASAC track",NA,"3.5","4th year undergraduate","No","Asian (E.g., Chinese, Filipino, Asian Indian, Bangladeshi, Vietnamese, Korean etc,)",NA,NA,NA,"Bangladeshiii",NA,NA,NA,"Yes","No","No","Single",NA,"Less than $60,000","$200 or less",NA,"$100,000 to $150,000","I define the term social status with one’s income level. I don’t want to define it as anything, we’re all here temporarily. But I have observed that those green papers and bank cards are what people either long for, actively chase, or mount themselves on. As people do their thing, society ranks them as low, average joe, or high. Then depending on the persons character, one chooses whether they will/how they will interact with someone if the same or lower “status”. Apologies, I am probably yapping and all that was important was the first sentence.","Definitely subjective because of unique circumstances. But I define the term as how much of a change you can make to your societal standing."
"2024","Spring","24038137",3.885,123,"BA","2024-03-14","2024-03-15","28780","40.8691","-73.9191","10034","2001","Male",NA,"Male","Heterosexual (as in ""straight"")",NA,"Full-time (12 credits or more)","Declared (Please specify major):","Economics",NA,"3.87","4th year undergraduate","Yes","Hispanic, Latino or Spanish Origin (E.g., Mexican or Mexican American. Puerto Rican, Cuban, Salvadorian, Dominican, etc.)",NA,NA,"Hispanic",NA,NA,NA,NA,"Yes","No","No","Single",NA,"Less than $60,000","$200 or less",NA,"$100,000 to $150,000","Your wealth and the amount of people that look up to you/respect you for certain attributes","Being able to move around the social hierarchy"
"2024","Spring","24151021",3.88,174,"BE","2024-03-13","2024-03-13","1009","40.7513","-73.8244","11355","1996","Male",NA,"Male","Heterosexual (as in ""straight"")",NA,"Full-time (12 credits or more)","Declared (Please specify major):","Electrical Engineering",NA,"0","3rd year undergraduate","No","Asian (E.g., Chinese, Filipino, Asian Indian, Bangladeshi, Vietnamese, Korean etc,)",NA,NA,NA,"Chinese",NA,NA,NA,"Yes","Yes","No","Single",NA,"Less than $60,000","$200 or less",NA,"$60,000 to $99,999","importance of you in the society","movement of social status"
"2024","Spring","24315296",3.915,116,"BA/MA","2024-03-20","2024-03-20","9121","40.8171","-73.9392","11365","2004","Female",NA,"Transgender","Uncertain/Questioning",NA,"Part-time (Fewer than 12 credits)","Declared (Please specify major):","Psychology",NA,"3.8","2nd year undergraduate","No","Asian (E.g., Chinese, Filipino, Asian Indian, Bangladeshi, Vietnamese, Korean etc,)",NA,NA,NA,"Korean",NA,NA,NA,"Yes","No","No","Single",NA,"$150,001 to $299,999","Other ( Please specify):","I am dependent on my parents","$150,001 to $299,999","I see it as labels society puts on us. I feel that we shouldn’t always be defined in who we are with labels. I also believe that we can achieve more and climb the social latter, when it comes to education and money.","It’s where a person or group moves in the social hierarchy that is set by society."
"2024","Spring","23967011",3.987,123,"BS","2024-03-21","2024-03-21","1222","42.2904","-71.0712","11207","2001","Female",NA,"Female","Heterosexual (as in ""straight"")",NA,"Not a College student","Declared (Please specify major):","Psych BS",NA,"3.9","Graduate","No","Middle Eastern or North African (E.g., Lebanese, Iranian, Egyptian, Syrian, Moroccan, Algerian, etc.)",NA,NA,NA,NA,NA,"Egyptian",NA,"Yes","No","No","Single",NA,"Less than $60,000","$200 or less",NA,"Greater than $300,000","The social state where someone stands socially meaning how they are in social life","Social mobility is the capacity for individuals or groups to transition within societal hierarchies, typically reflecting movements in socioeconomic status."
"2024","Spring","24264044",3.6,30,"BE","2024-03-19","2024-03-19","1765","40.839","-73.946","10472","2005","Female",NA,"Female","Heterosexual (as in ""straight"")",NA,"Full-time (12 credits or more)","Undeclared (Please specify intended major):",NA,"Computer science","3.7","1st year undergraduate","No","Asian (E.g., Chinese, Filipino, Asian Indian, Bangladeshi, Vietnamese, Korean etc,)",NA,NA,NA,"Bangladeshi",NA,NA,NA,"Yes","No","No","Single",NA,"Less than $60,000","Other ( Please specify):","0","$100,000 to $150,000","Social status can be define as how standard your job/career is.","change in a person's socio-economic situation, either in relation to their parents"
"2024","Spring","23720336",3.229,136,"BS","2024-03-20","2024-03-20","8558","40.6627","-73.9138","11207","2001","Female",NA,"Female","Heterosexual (as in ""straight"")",NA,"Full-time (12 credits or more)","Declared (Please specify major):","Biology",NA,"3","5th year undergraduate","No","Asian (E.g., Chinese, Filipino, Asian Indian, Bangladeshi, Vietnamese, Korean etc,)",NA,NA,NA,"Chinese, Indonesian",NA,NA,NA,"No","No","No","Single",NA,"Less than $60,000","$200 or less",NA,"$60,000 to $99,999","The prestige or respect one might have in society.","The ability to move in a social hierarchy."
"2024","Spring","24273264",3.867,128,"BA/MA","2024-03-20","2024-03-20","909","40.6643","-73.9763","11209","2004","Female",NA,"Female","Heterosexual (as in ""straight"")",NA,"Full-time (12 credits or more)","Declared (Please specify major):","CASAC ba/ma",NA,"3.92","2nd year undergraduate","No","Black or African American (E.g., African American, Jamaican, Haitian, Nigerian, Ethiopian, Somalian, etc.:",NA,"Sudanese",NA,NA,NA,NA,NA,"Yes","No","No","Domestic partnership",NA,"Less than $60,000","$200 or less",NA,"$60,000 to $99,999","Social status to me is how other people perceive you based on your success and sociability.","People who are adaptable to different social settings"
"2024","Spring","23906511",3.401,120,"BS","2024-03-12","2024-03-12","428","40.8123","-73.9682","10032","1999","Female",NA,"Female","Heterosexual (as in ""straight"")",NA,"Not a College student","Declared (Please specify major):","Pychology",NA,"3.2","1st year undergraduate","Yes","White or Caucasian (E.g., German, Irish, English, Italian, Polish, French, etc.)","german",NA,NA,NA,NA,NA,NA,"No","Yes","Yes","Single",NA,"Less than $60,000","$201-$400",NA,"$150,001 to $299,999","dktgfcjyhvlu","lfvliv;ivb"
"2024","Spring","24058754",3.977,130,"BA/MA","2024-03-13","2024-03-13","1212","40.8123","-73.9682","11232","2002","Female",NA,"Female","Bisexual",NA,"Full-time (12 credits or more)","Declared (Please specify major):","Psychology",NA,"3.973","4th year undergraduate","No","White or Caucasian (E.g., German, Irish, English, Italian, Polish, French, etc.)","Italian",NA,NA,NA,NA,NA,NA,"No","No","No","Single",NA,"Less than $60,000","$201-$400",NA,"$100,000 to $150,000","Social status is the position in society. I most relate this to class in my head.","Social mobility is the ability to change class (upward mobility)"
"2024","Spring","24130631",3.606,134,"BA/MA","2024-03-19","2024-03-19","1305","40.839","-73.946","10456","2004","Female",NA,"Female","Bisexual",NA,"Full-time (12 credits or more)","Declared (Please specify major):","Psychology",NA,"3.6","2nd year undergraduate","Yes","Hispanic, Latino or Spanish Origin (E.g., Mexican or Mexican American. Puerto Rican, Cuban, Salvadorian, Dominican, etc.)",NA,NA,"Dominican",NA,NA,NA,NA,"Yes","No","No","Single",NA,"Less than $60,000","$200 or less",NA,"$60,000 to $99,999","Social status depends on how well your liked within your community. You’re being ranked on your education, job, salary, assets, and etc.","Social mobility is the way in which you move up the social ladder. Sort of like a child moving from the children’s table to eat lunch to the adult table. Or wen children who have grown up stop holing themselves in their rooms and instead come to join the family function."
"2024","Spring","24023890",3.551,130,"BA/MA","2024-03-19","2024-03-19","1806","40.7652","-73.9588","10032","2002","Female",NA,"Female","Heterosexual (as in ""straight"")",NA,"Full-time (12 credits or more)","Declared (Please specify major):","Psychology",NA,"3.4","4th year undergraduate","Yes","Hispanic, Latino or Spanish Origin (E.g., Mexican or Mexican American. Puerto Rican, Cuban, Salvadorian, Dominican, etc.)",NA,NA,"Dominican",NA,NA,NA,NA,"Yes","No","No","Single",NA,"Less than $60,000","$200 or less",NA,"$60,000 to $99,999","A rank or position that someone holds in society or in a group","Someone improving their social status"
"2024","Spring","16048143",3.792,125,"BA/MA","2024-03-15","2024-03-15","3898","40.8231","-73.9513","10002","1985","Female",NA,"Female","Heterosexual (as in ""straight"")",NA,"Full-time (12 credits or more)","Declared (Please specify major):","Psychology",NA,"3.97","2nd year undergraduate","Yes","Hispanic, Latino or Spanish Origin (E.g., Mexican or Mexican American. Puerto Rican, Cuban, Salvadorian, Dominican, etc.)",NA,NA,"Puerto Rican",NA,NA,NA,NA,"Yes","Yes","No","Single",NA,"Less than $60,000","$601-$800",NA,"$100,000 to $150,000","I don’t know","Social class"
"2024","Spring","23844633",3.828,130,"BA","2024-03-15","2024-03-15","1603","40.7099","-73.9591","10033","2001","Female",NA,"Female","Heterosexual (as in ""straight"")",NA,"Part-time (Fewer than 12 credits)","Declared (Please specify major):","Psychology",NA,"3.8","4th year undergraduate","Yes","Hispanic, Latino or Spanish Origin (E.g., Mexican or Mexican American. Puerto Rican, Cuban, Salvadorian, Dominican, etc.)",NA,NA,"Dominican",NA,NA,NA,NA,"Yes","No","No","Single",NA,"Less than $60,000","Other ( Please specify):","Unemployment","$60,000 to $99,999","Social status, for me, refers to your economic status along with the level of recognition you have within your field of work","Social mobility refers to a person's ability to move up within society/climb the social laterresulting in experiencing an improvement in their social status"
"2024","Spring","24184079",3.536,120,"BA","2024-03-18","2024-03-18","883","40.8123","-73.9682","10462","2002","Male",NA,"Male","Heterosexual (as in ""straight"")",NA,"Full-time (12 credits or more)","Declared (Please specify major):","Psychology",NA,"3.5","3rd year undergraduate","Yes","Hispanic, Latino or Spanish Origin (E.g., Mexican or Mexican American. Puerto Rican, Cuban, Salvadorian, Dominican, etc.)",NA,NA,"Ecuador",NA,NA,NA,NA,"No","No","No","Single",NA,"$60,000 to $99,999","Other ( Please specify):","N/A","$100,000 to $150,000","Where you place in Society.","Don’t know"
"2024","Spring","23990732",3.274,129,"BA/MA","2024-03-20","2024-03-20","884","40.839","-73.946","10306","2003","Male",NA,"Male","Heterosexual (as in ""straight"")",NA,"Full-time (12 credits or more)","Declared (Please specify major):","BAMA psychology",NA,"3.1","3rd year undergraduate","Yes","Hispanic, Latino or Spanish Origin (E.g., Mexican or Mexican American. Puerto Rican, Cuban, Salvadorian, Dominican, etc.)",NA,NA,"Mexican",NA,NA,NA,NA,"Yes","No","No","Single",NA,"Less than $60,000","$201-$400",NA,"$60,000 to $99,999","mid to lower class","that there is no concrete social status"
"2024","Spring","14096885",3.842,30,"MPA","2024-03-20","2024-03-20","7576","40.839","-73.946","11224","1994","Female",NA,"Female","Bisexual",NA,"Part-time (Fewer than 12 credits)","Declared (Please specify major):","Masters in Public Service",NA,"3.8","Graduate","Yes","Hispanic, Latino or Spanish Origin (E.g., Mexican or Mexican American. Puerto Rican, Cuban, Salvadorian, Dominican, etc.)",NA,NA,"Dominican",NA,NA,NA,NA,"Yes","No","No","Single",NA,"Less than $60,000","$1001-$1200",NA,"$100,000 to $150,000","Social status is determined by our socio-economic background, intersectionally  affected by race or gender","The ability to move up in the social ladder"
"2024","Spring","24421928",2.729,72,"BSED","2024-03-21","2024-03-21","757","30.0588","31.2268","10128","2005","Female",NA,"Female","Heterosexual (as in ""straight"")",NA,"Full-time (12 credits or more)","Declared (Please specify major):","Childhood Education",NA,"2.9","1st year undergraduate","No","Middle Eastern or North African (E.g., Lebanese, Iranian, Egyptian, Syrian, Moroccan, Algerian, etc.)",NA,NA,NA,NA,NA,"Egyptian",NA,"Yes","No","No","Single",NA,"Less than $60,000","Other ( Please specify):","No income","Less than 60,000","Status in society","Flexibility"
"2024","Spring","24450488",3.185,95,"BA","2024-03-19","2024-03-19","958","40.839","-73.946","11432","2005","Female",NA,"Female","Heterosexual (as in ""straight"")",NA,"Full-time (12 credits or more)","Undeclared (Please specify intended major):",NA,"biology","2.75","1st year undergraduate","Yes","Hispanic, Latino or Spanish Origin (E.g., Mexican or Mexican American. Puerto Rican, Cuban, Salvadorian, Dominican, etc.)",NA,NA,"Guatemalan",NA,NA,NA,NA,"Yes","No","No","Single",NA,"Less than $60,000","$200 or less",NA,"$100,000 to $150,000","social status is how you are defined based on income, education, work","Social mobility is being able to move either up or down the social ladder."
"2024","Spring","24212435",3.75,120,"BA","2024-03-15","2024-03-15","10043","40.8123","-73.9682","11214","2001","Female",NA,"Female","Bisexual",NA,"Full-time (12 credits or more)","Declared (Please specify major):","Biology",NA,"3.8","3rd year undergraduate","No","White or Caucasian (E.g., German, Irish, English, Italian, Polish, French, etc.)","Ukrainian",NA,NA,NA,NA,NA,NA,"Yes","Yes","No","Single",NA,"Less than $60,000","$401-$600",NA,"$60,000 to $99,999","Defined by the way people perceive you based on the qualities you have","The ability to change your social status"
"2024","Spring","24308217",3.903,143,"BS","2024-03-19","2024-03-19","608","40.839","-73.946","10031","2003","Male",NA,"Male","Heterosexual (as in ""straight"")",NA,"Full-time (12 credits or more)","Declared (Please specify major):","CUNY BA- Social Epidemiology and Neuroscience",NA,"3.86","2nd year undergraduate","No","White or Caucasian (E.g., German, Irish, English, Italian, Polish, French, etc.)","White",NA,NA,NA,NA,NA,NA,"Yes","No","No","Domestic partnership",NA,"$100,000 to $150,000","$801-$1000",NA,"$150,001 to $299,999","Socioeconomic","Upward avility"
"2024","Spring","24151021",3.88,174,"BE","2024-03-13","2024-03-13","1319","40.7513","-73.8244","11355","1996","Male",NA,"Male","Heterosexual (as in ""straight"")",NA,"Full-time (12 credits or more)","Declared (Please specify major):","Electrical Engineering",NA,"0","3rd year undergraduate","No","Asian (E.g., Chinese, Filipino, Asian Indian, Bangladeshi, Vietnamese, Korean etc,)",NA,NA,NA,"Chinese",NA,NA,NA,"Yes","Yes","No","Single",NA,"Less than $60,000","$200 or less",NA,"$60,000 to $99,999","social status is the importance or contribution for the society","movement of social status"
"2024","Spring","24172651",3.806,130,"BA/MA","2024-03-21","2024-03-21","17994","40.839","-73.946","10473","2003","Female",NA,"Female","Heterosexual (as in ""straight"")",NA,"Full-time (12 credits or more)","Declared (Please specify major):","Psychology",NA,"3.75","3rd year undergraduate","Yes","Hispanic, Latino or Spanish Origin (E.g., Mexican or Mexican American. Puerto Rican, Cuban, Salvadorian, Dominican, etc.)",NA,NA,"Dominican",NA,NA,NA,NA,"Yes","No","No","Single",NA,"Less than $60,000","$200 or less",NA,"$100,000 to $150,000","I take it as social class, if you experience more economic affects in a certain social class versus in another","Being able to be an active participant in your community or society"
"2024","Spring","23259244",3.188,159,"BA/MA","2024-03-20","2024-03-20","1109","40.839","-73.946","10457","1991","Female",NA,"Female","Other (Please identity):","Queer","Full-time (12 credits or more)","Declared (Please specify major):","CASAC in Psychology Combined BA/MA",NA,"3","Graduate","No","Some other race, ethnicity or origin",NA,NA,NA,NA,NA,NA,NA,"Yes","No","No","Single",NA,"Less than $60,000","$201-$400",NA,"$60,000 to $99,999","Income bracket/social standing within society","Ability to change social status"
"2024","Spring","24108457",3.418,122,"BA","2024-03-19","2024-03-19","2119","40.839","-73.946","11354","2003","Female",NA,"Female","Heterosexual (as in ""straight"")",NA,"Full-time (12 credits or more)","Declared (Please specify major):","Psychology",NA,"3.2","3rd year undergraduate","Yes","Hispanic, Latino or Spanish Origin (E.g., Mexican or Mexican American. Puerto Rican, Cuban, Salvadorian, Dominican, etc.)",NA,NA,"Colombian",NA,NA,NA,NA,"Yes","No","No","Married",NA,"Less than $60,000","$200 or less",NA,"$60,000 to $99,999","ones place on the social ladder and society","The ability to move through the social ladder"
"2024","Spring","24155343",3.984,122,"BS","2024-03-21","2024-03-21","43264","40.782","-73.9953","11379","2004","Male",NA,"Male","Heterosexual (as in ""straight"")",NA,"Full-time (12 credits or more)","Declared (Please specify major):","Psychology",NA,"3.971","3rd year undergraduate","No","Middle Eastern or North African (E.g., Lebanese, Iranian, Egyptian, Syrian, Moroccan, Algerian, etc.)",NA,NA,NA,NA,NA,"Egyptian",NA,"Yes","No","No","Single",NA,"$60,000 to $99,999","$201-$400",NA,"$60,000 to $99,999","How a person stands relative to others in society.","I don’t w"
"2024","Spring","24405762",3.366,57,"BA","2024-03-18","2024-03-18","1474","40.3913","-74.3247","11235","2004","Female",NA,"Female","Heterosexual (as in ""straight"")",NA,"Full-time (12 credits or more)","Undeclared (Please specify intended major):",NA,"biology","2.8","1st year undergraduate","No","Middle Eastern or North African (E.g., Lebanese, Iranian, Egyptian, Syrian, Moroccan, Algerian, etc.)",NA,NA,NA,NA,NA,"arab",NA,"Yes","No","No","Single",NA,"Less than $60,000","$201-$400",NA,"Greater than $300,000","knowing there's people whose popular and whose not based on what they do","moving in a higher position in your career"
"2024","Spring","14095746",2.879,98,"BS","2024-03-14","2024-03-14","1299","40.8477","-73.8418","10467","1988","Female",NA,"Female","Heterosexual (as in ""straight"")",NA,"Part-time (Fewer than 12 credits)","Undeclared (Please specify intended major):",NA,"Education","3.6","3rd year undergraduate","Yes","Hispanic, Latino or Spanish Origin (E.g., Mexican or Mexican American. Puerto Rican, Cuban, Salvadorian, Dominican, etc.)",NA,NA,"Dominican",NA,NA,NA,NA,"Yes","No","No","Single",NA,"Less than $60,000","$601-$800",NA,"$150,001 to $299,999","The level of wealth, success, social group you’re in.","Easily accessible"
"2024","Spring","23872268",3.576,123,"BA/MA","2024-03-15","2024-03-15","4298","40.7162","-73.9229","11207","2001","Male",NA,"Male","Heterosexual (as in ""straight"")",NA,"Full-time (12 credits or more)","Declared (Please specify major):","Psychology",NA,"4","2nd year undergraduate","No","Black or African American (E.g., African American, Jamaican, Haitian, Nigerian, Ethiopian, Somalian, etc.:",NA,"Black",NA,NA,NA,NA,NA,"No","Yes","No","Single",NA,"Less than $60,000","$200 or less",NA,"$100,000 to $150,000","The ability to exist and hold valuable assets and positions in a social hierarchy.","The ability to move and how well you move in social class."
"2024","Spring","23845445",3.789,131,"BA/MA","2024-03-20","2024-03-20","1059","40.8231","-73.9513","10031","2002","Female",NA,"Female","Heterosexual (as in ""straight"")",NA,"Full-time (12 credits or more)","Declared (Please specify major):","Ba/ma psychology",NA,"3.81","4th year undergraduate","Yes","Some other race, ethnicity or origin",NA,NA,NA,NA,NA,NA,NA,"Yes","No","No","Single",NA,"Less than $60,000","$401-$600",NA,"$60,000 to $99,999","Economic status","Moving up social ladder"
"2024","Spring","23959728",3.216,124,"BA","2024-03-20","2024-03-20","1904","40.8703","-73.8525","10470","2003","Female",NA,"Female","Heterosexual (as in ""straight"")",NA,"Full-time (12 credits or more)","Declared (Please specify major):","psych",NA,"3.2","3rd year undergraduate","Yes","Hispanic, Latino or Spanish Origin (E.g., Mexican or Mexican American. Puerto Rican, Cuban, Salvadorian, Dominican, etc.)",NA,NA,"dominican",NA,NA,NA,NA,"Yes","No","No","Single",NA,"$150,001 to $299,999","$200 or less",NA,"$150,001 to $299,999","social status is based on perception. it is where others think we belong based on outward appearance, assumed financial status and job titles.","how succesfully people can move from one ""tier"" of society into another."
"2024","Spring","24440214",3.717,98,"BS","2024-03-20","2024-03-20","1098","40.839","-73.946","11226","2005","Female",NA,"Female","Heterosexual (as in ""straight"")",NA,"Full-time (12 credits or more)","Undeclared (Please specify intended major):",NA,"Pre-Health","4","1st year undergraduate","No","Black or African American (E.g., African American, Jamaican, Haitian, Nigerian, Ethiopian, Somalian, etc.:",NA,"Haitian",NA,NA,NA,NA,NA,"Yes","No","No","Single",NA,"Less than $60,000","$200 or less",NA,"$100,000 to $150,000","SocioEconomic standpoint","Being able to make more money, be more educated."
"2024","Spring","23860181",3.188,120,"BA","2024-03-21","2024-03-21","950","40.782","-73.9953","10027","2002","Female",NA,"Female","Heterosexual (as in ""straight"")",NA,"Full-time (12 credits or more)","Declared (Please specify major):","Psychology",NA,"3","4th year undergraduate","Yes","Hispanic, Latino or Spanish Origin (E.g., Mexican or Mexican American. Puerto Rican, Cuban, Salvadorian, Dominican, etc.)",NA,NA,"Ecuadorian",NA,NA,NA,NA,"Yes","No","No","Domestic partnership",NA,"Less than $60,000","$200 or less",NA,"$60,000 to $99,999","rank a person holds","moving up the hierarchy"
"2024","Spring","23740788",2.96,159.5,"BS","2024-03-13","2024-03-13","3376","40.7123","-74.0068","11355","2001","Female",NA,"Female","Heterosexual (as in ""straight"")",NA,"Full-time (12 credits or more)","Declared (Please specify major):","Behavioral Science & Health and Medicine (CUNYBA)",NA,"3.1","4th year undergraduate","No","Asian (E.g., Chinese, Filipino, Asian Indian, Bangladeshi, Vietnamese, Korean etc,)",NA,NA,NA,"Pakistani",NA,NA,NA,"Yes","No","No","Single",NA,"$100,000 to $150,000","$200 or less",NA,"$150,001 to $299,999","The connections you are capable of possessing and how others view you in society based on ‘who you are’","How possible it is to ‘climb up the social ladder’"
"2024","Spring","24204144",3.838,121,"BA","2024-03-20","2024-03-20","6310","40.8171","-73.9392","11372","2003","Female",NA,"Female","Heterosexual (as in ""straight"")",NA,"Full-time (12 credits or more)","Declared (Please specify major):","Psychology",NA,"3.8","3rd year undergraduate","Yes","Hispanic, Latino or Spanish Origin (E.g., Mexican or Mexican American. Puerto Rican, Cuban, Salvadorian, Dominican, etc.)",NA,NA,"Ecuadorian",NA,NA,NA,NA,"Yes","No","No","Single",NA,"Less than $60,000","$200 or less",NA,"$60,000 to $99,999","Your position in life","The ability to change your status"
"2024","Spring","24010924",3.648,120,"BA","2024-03-15","2024-03-15","688","40.8123","-73.9682","11368","2003","Female",NA,"Female","Uncertain/Questioning",NA,"Full-time (12 credits or more)","Declared (Please specify major):","psychology",NA,"3.66","3rd year undergraduate","Yes","Hispanic, Latino or Spanish Origin (E.g., Mexican or Mexican American. Puerto Rican, Cuban, Salvadorian, Dominican, etc.)",NA,NA,"Ecuadorian",NA,NA,NA,NA,"Yes","No","No","Single",NA,"Less than $60,000","Other ( Please specify):","i don’t work","$60,000 to $99,999","social mobidlity- socioeconomic status","ability to move up and down the socioeconomic ladder"
"2024","Spring","24161789",3.741,127,"BA/MA","2024-03-21","2024-03-21","2313","40.8777","-73.908","10463","2003","Female",NA,"Female","Bisexual",NA,"Full-time (12 credits or more)","Declared (Please specify major):","Psychology",NA,"3.8","2nd year undergraduate","Yes","Hispanic, Latino or Spanish Origin (E.g., Mexican or Mexican American. Puerto Rican, Cuban, Salvadorian, Dominican, etc.)",NA,NA,"Dominican",NA,NA,NA,NA,"Yes","Yes","No","Single",NA,"$60,000 to $99,999","$200 or less",NA,"$150,001 to $299,999","Social in big groups","Can switch to multiple groups"
"2024","Spring","24042890",3.605,130,"BA/MA","2024-03-21","2024-03-21","943","40.8171","-73.9392","10027","2002","Female",NA,"Female","Bisexual",NA,"Full-time (12 credits or more)","Declared (Please specify major):","Psychology",NA,"3.6","3rd year undergraduate","No","Black or African American (E.g., African American, Jamaican, Haitian, Nigerian, Ethiopian, Somalian, etc.:",NA,"Guyanese",NA,NA,NA,NA,NA,"No","No","No","Single",NA,"Less than $60,000","$200 or less",NA,"Greater than $300,000","Where you are on the social hierarchy. Meaning, if you are poor, middle class or rich","The ability to move up the social hierarchy"
"2024","Spring","23141159",2.191,129,"BS","2024-03-19","2024-03-19","3579","40.839","-73.946","10462","1994","Female",NA,"Female","Heterosexual (as in ""straight"")",NA,"Part-time (Fewer than 12 credits)","Declared (Please specify major):","Psychology",NA,"2","4th year undergraduate","No","Asian (E.g., Chinese, Filipino, Asian Indian, Bangladeshi, Vietnamese, Korean etc,)",NA,NA,NA,"Bangladeshi",NA,NA,NA,"Yes","Yes","No","Single",NA,"Less than $60,000","$801-$1000",NA,"$60,000 to $99,999","Social status is your position in the society. How people of the society perceive you and what range of influence you have on people due to their perception.","change of social status"
"2024","Spring","24051319",3.984,167,"BA/MA","2024-03-19","2024-03-19","500","40.7653","-73.9589","10031","2002","Female",NA,"Gender non-conforming","Bisexual",NA,"Full-time (12 credits or more)","Declared (Please specify major):","Psychology",NA,"3.9","4th year undergraduate","No","White or Caucasian (E.g., German, Irish, English, Italian, Polish, French, etc.)","Irish ancestry",NA,NA,NA,NA,NA,NA,"No","No","No","Single",NA,"$60,000 to $99,999","$201-$400",NA,"$60,000 to $99,999","The class someone is born into","The class you can work your way into"
"2024","Spring","24161789",3.741,127,"BA/MA","2024-03-16","2024-03-16","1470","40.8312","-73.9067","10463","2003","Female",NA,"Female","Bisexual",NA,"Full-time (12 credits or more)","Declared (Please specify major):","Psychology",NA,"3.8","1st year undergraduate","Yes","Hispanic, Latino or Spanish Origin (E.g., Mexican or Mexican American. Puerto Rican, Cuban, Salvadorian, Dominican, etc.)",NA,NA,"Dominican",NA,NA,NA,NA,"Yes","Yes","No","Single",NA,"$60,000 to $99,999","$200 or less",NA,"$150,001 to $299,999","Status based on Level of achievements","Being active in social setting, events , with people"
"2024","Spring","16046772",2.523,120,"BS","2024-03-20","2024-03-20","2355","41.7965","-71.4304","11379","1993","Male",NA,"Male","Heterosexual (as in ""straight"")",NA,"Not a College student","Declared (Please specify major):","Psychology",NA,"2.6","Graduate","Yes","Hispanic, Latino or Spanish Origin (E.g., Mexican or Mexican American. Puerto Rican, Cuban, Salvadorian, Dominican, etc.)",NA,NA,"Colombian, Ecuadorian",NA,NA,NA,NA,"Yes","No","No","Married",NA,"$60,000 to $99,999","Other ( Please specify):","Unemployed","$100,000 to $150,000","Wealth and influence in social circles","The capacity to increase/decrease in wealth and social influence"
"2024","Spring","24105167",3.398,175,"BA","2024-03-21","2024-03-21","1216","40.839","-73.946","11358","2004","Female",NA,"Female","Asexual",NA,"Full-time (12 credits or more)","Declared (Please specify major):","psychology",NA,"3.536","2nd year undergraduate","No","Asian (E.g., Chinese, Filipino, Asian Indian, Bangladeshi, Vietnamese, Korean etc,)",NA,NA,NA,"chinese",NA,NA,NA,"Yes","No","No","Single",NA,"Less than $60,000","$201-$400",NA,"$60,000 to $99,999","your position in a social environment","moving positions in a social environment"
"2024","Spring","23789014",3.112,119,"BA","2024-03-19","2024-03-19","1577","40.7547","-73.9614","10461","2000","Male",NA,"Male","Heterosexual (as in ""straight"")",NA,"Part-time (Fewer than 12 credits)","Declared (Please specify major):","Psychology",NA,"2.5","5th year undergraduate","Yes","Hispanic, Latino or Spanish Origin (E.g., Mexican or Mexican American. Puerto Rican, Cuban, Salvadorian, Dominican, etc.)",NA,NA,"Puerto Rican",NA,NA,NA,NA,"No","No","No","Single",NA,"$60,000 to $99,999","$201-$400",NA,"Greater than $300,000","Where one stands in the cultural hierarchy of their peers.","The ability to move up in that hierarchy"
"2024","Spring","24130675",3.713,130,"BA/MA","2024-03-20","2024-03-20","1055","40.7503","-74.0014","10031","1990","Male",NA,"Male","Homosexual (as in ""lesbian"" or ""gay"")",NA,"Full-time (12 credits or more)","Declared (Please specify major):","Psychology",NA,"3.63","4th year undergraduate","No","White or Caucasian (E.g., German, Irish, English, Italian, Polish, French, etc.)","Italian",NA,NA,NA,NA,NA,NA,"No","No","No","Married",NA,"$100,000 to $150,000","$1001-$1200",NA,"$150,001 to $299,999","The status to which a person holds in a given society. Mainly surrounding job role and income in a capitalist society","The ability to move up in in society"
"2024","Spring","23644150",3.203,186,"BS","2024-03-13","2024-03-13","1828","40.8123","-73.9682","11385","1999","Female",NA,"Female","Asexual",NA,"Part-time (Fewer than 12 credits)","Declared (Please specify major):","Post bacc biology major",NA,"3.44","6th year undergraduate","Yes","Hispanic, Latino or Spanish Origin (E.g., Mexican or Mexican American. Puerto Rican, Cuban, Salvadorian, Dominican, etc.)",NA,NA,"Puerto Rican",NA,NA,NA,NA,"Yes","No","No","Separated",NA,"Less than $60,000","$200 or less",NA,"$60,000 to $99,999","Position that one holds within the society","Ability of individuals to move up or down in the hierarchy"
"2024","Spring","24007183",3.931,130,"BA/MA","2024-03-20","2024-03-20","5815","40.782","-73.9953","11436","2004","Female",NA,"Female","Bisexual",NA,"Full-time (12 credits or more)","Declared (Please specify major):","Psychology BA/MA CASAC",NA,"3.9","3rd year undergraduate","No","Some other race, ethnicity or origin",NA,NA,NA,NA,NA,NA,"West Indian","No","No","No","Single",NA,"Less than $60,000","$201-$400",NA,"$60,000 to $99,999","Your social class based on income/where you live etc (upper, middle, lower)","being able to move between the social class (going from lower to mid or vice versa)"
"2024","Spring","13010232",3.5,24,"MPA","2024-03-20","2024-03-20","5274","40.839","-73.946","10463","1989","Female",NA,"Female","Heterosexual (as in ""straight"")",NA,"Part-time (Fewer than 12 credits)","Declared (Please specify major):","Masters in Public Administration",NA,"3.1","Graduate","Yes","Hispanic, Latino or Spanish Origin (E.g., Mexican or Mexican American. Puerto Rican, Cuban, Salvadorian, Dominican, etc.)",NA,NA,"Dominican & Puerto Rican",NA,NA,NA,NA,"Yes","No","No","Single",NA,"$60,000 to $99,999","Other ( Please specify):","$1,411.54","Greater than $300,000","Achieved status, position in society","Ability of chnage in social/economic situation"
"2024","Spring","24180078",3.774,115,"BA/MA","2024-03-20","2024-03-20","1565","40.6994","-73.8883","11385","2003","Female",NA,"Female","Heterosexual (as in ""straight"")",NA,"Full-time (12 credits or more)","Declared (Please specify major):","Psychology",NA,"3.7","3rd year undergraduate","No","Middle Eastern or North African (E.g., Lebanese, Iranian, Egyptian, Syrian, Moroccan, Algerian, etc.)",NA,NA,NA,NA,NA,"Yemeni",NA,"Yes","No","No","Single",NA,"Less than $60,000","Other ( Please specify):","don't work","$60,000 to $99,999","Finacial stability level","social status level"
"2024","Spring","23812213",3.918,120,"BA","2024-03-27","2024-03-27","1124","40.839","-73.946","10031","2000","Female",NA,"Female","Heterosexual (as in ""straight"")",NA,"Full-time (12 credits or more)","Declared (Please specify major):","Psychology",NA,"4","3rd year undergraduate","Yes","Hispanic, Latino or Spanish Origin (E.g., Mexican or Mexican American. Puerto Rican, Cuban, Salvadorian, Dominican, etc.)",NA,NA,"Dominican",NA,NA,NA,NA,"Yes","No","No","Single",NA,"$60,000 to $99,999","$201-$400",NA,"$100,000 to $150,000","Level of financial independence","Changing your social Status"
"2024","Spring","24155283",3.014,121,"BA","2024-03-27","2024-03-27","1492","40.839","-73.946","11237","2003","Female",NA,"Female","Heterosexual (as in ""straight"")",NA,"Full-time (12 credits or more)","Declared (Please specify major):","Psychology",NA,"2.78","3rd year undergraduate","Yes","Hispanic, Latino or Spanish Origin (E.g., Mexican or Mexican American. Puerto Rican, Cuban, Salvadorian, Dominican, etc.)",NA,NA,"Ecuadorian",NA,NA,NA,NA,"Yes","No","No","Single",NA,"Less than $60,000","$200 or less",NA,"$60,000 to $99,999","not sure","not sure"
"2024","Spring","23742524",3.533,12,"CUNY Permit","2024-03-27","2024-03-27","1892","40.7428","-73.9712","11369","2000","Female",NA,"Female","Heterosexual (as in ""straight"")",NA,"Part-time (Fewer than 12 credits)","Declared (Please specify major):","Biology",NA,"3.3","5th year undergraduate","No","Asian (E.g., Chinese, Filipino, Asian Indian, Bangladeshi, Vietnamese, Korean etc,)",NA,NA,NA,"Pakistan",NA,NA,NA,"Yes","Yes","No","Single",NA,"Less than $60,000","$200 or less",NA,"$60,000 to $99,999","Ur economic and social standing","Ability to move between classes and just living better lives than ur parent"
"2024","Spring","24492127",3.669,45,"BA","2024-03-25","2024-03-25","1353","40.839","-73.946","10027","2005","Male",NA,"Male","Homosexual (as in ""lesbian"" or ""gay"")",NA,"Full-time (12 credits or more)","Declared (Please specify major):","Theatre",NA,"3.7","1st year undergraduate","Yes","Black or African American (E.g., African American, Jamaican, Haitian, Nigerian, Ethiopian, Somalian, etc.:",NA,"Black mixed with Puerto Rican",NA,NA,NA,NA,NA,"No","No","No","Single",NA,"$100,000 to $150,000","$201-$400",NA,"$100,000 to $150,000","How you are viewed in society and where on the “Social Ladder”","How you are able to move up and even down the social ladder"
"2024","Spring","24165920",2.772,99,"BA","2024-03-24","2024-03-24","796","41.0641","-73.548","11230","2001","Female",NA,"Female","Heterosexual (as in ""straight"")",NA,"Full-time (12 credits or more)","Declared (Please specify major):","Psychology",NA,"2.6","2nd year undergraduate","No","Asian (E.g., Chinese, Filipino, Asian Indian, Bangladeshi, Vietnamese, Korean etc,)",NA,NA,NA,"Pakistani",NA,NA,NA,"Yes","No","No","Single",NA,"Less than $60,000","$200 or less",NA,"$100,000 to $150,000","I’m assuming it’s based on money.   Financial class","Being able to jump from one economic position to another"
"2024","Spring","24019656",3.614,132,"BA/MA","2024-03-27","2024-03-27","2546","40.782","-73.9953","11416","2003","Female",NA,"Female","Heterosexual (as in ""straight"")",NA,"Full-time (12 credits or more)","Declared (Please specify major):","Psychology",NA,"3.749","3rd year undergraduate","No","Asian (E.g., Chinese, Filipino, Asian Indian, Bangladeshi, Vietnamese, Korean etc,)",NA,NA,NA,"Bangladeshi",NA,NA,NA,"Yes","No","No","Single",NA,"Less than $60,000","$200 or less",NA,"$60,000 to $99,999","Value respect","Change in selj"
"2024","Spring","24030905",3.478,120,"BA","2024-03-25","2024-03-25","721","40.839","-73.946","11104","2002","Male",NA,"Male","Heterosexual (as in ""straight"")",NA,"Full-time (12 credits or more)","Declared (Please specify major):","Anthropology and Sociology",NA,"3.4","4th year undergraduate","No","Asian (E.g., Chinese, Filipino, Asian Indian, Bangladeshi, Vietnamese, Korean etc,)",NA,NA,NA,"Korean",NA,NA,NA,"Yes","No","No","Single",NA,"Less than $60,000","$200 or less",NA,"Less than 60,000","Social status can be seen as a hierarchy. There are classes and rules each person should follow.","Social mobility is the ability to move up on the social classes."
"2024","Spring","24368622",3.825,95,"BA/MA","2024-03-25","2024-03-25","17818","40.6643","-73.9763","11209","2001","Female",NA,"Female","Heterosexual (as in ""straight"")",NA,"Full-time (12 credits or more)","Declared (Please specify major):","Psychology",NA,"3.935","2nd year undergraduate","No","Middle Eastern or North African (E.g., Lebanese, Iranian, Egyptian, Syrian, Moroccan, Algerian, etc.)",NA,NA,NA,NA,NA,"Egyptian",NA,"Yes","No","Yes","Single",NA,"Less than $60,000","$200 or less",NA,"$150,001 to $299,999","Specific living level in society","I don’t know"
"2024","Spring","24281007",2.7,27,"BA","2024-03-25","2024-03-25","1389","40.839","-73.946","10463","2004","Female",NA,"Gender fluid","Bisexual",NA,"Part-time (Fewer than 12 credits)","Declared (Please specify major):","anthropology",NA,"1.43","1st year undergraduate","Yes","Hispanic, Latino or Spanish Origin (E.g., Mexican or Mexican American. Puerto Rican, Cuban, Salvadorian, Dominican, etc.)",NA,NA,"Mexican and Costa-Rican American",NA,NA,NA,NA,"Yes","No","No","Single",NA,"$60,000 to $99,999","$201-$400",NA,"Less than 60,000","who you are to other people, what you present yourself as in society based on social skills and assets","how well you can move through social class/circles."
"2024","Spring","24266217",2.633,68,"BA","2024-03-25","2024-03-25","1264","40.839","-73.946","10473","2005","Female",NA,"Female","Heterosexual (as in ""straight"")",NA,"Full-time (12 credits or more)","Declared (Please specify major):","Psychology",NA,"3.677","1st year undergraduate","No","Black or African American (E.g., African American, Jamaican, Haitian, Nigerian, Ethiopian, Somalian, etc.:",NA,"Nigerian",NA,NA,NA,NA,NA,"Yes","Yes","No","Single",NA,"Less than $60,000","Other ( Please specify):","0.00","Less than 60,000","a person's standing or importance in relation to other people within a society","Social mobility refers to the movement of individuals, families, or groups within or between social strata or classes in a society."
"2024","Spring","24159994",3.076,126,"BA/MA","2024-03-19","2024-03-26","603124","40.839","-73.946","11101","2003","Female",NA,"Female","Heterosexual (as in ""straight"")",NA,"Full-time (12 credits or more)","Declared (Please specify major):","Psychology",NA,"3","3rd year undergraduate","No","Asian (E.g., Chinese, Filipino, Asian Indian, Bangladeshi, Vietnamese, Korean etc,)",NA,NA,NA,"Bangladeshi",NA,NA,NA,"Yes","No","No","Single",NA,"Less than $60,000","$200 or less",NA,"$60,000 to $99,999","Income","Movement on individual family"
"2024","Spring","23918172",3.563,138,"BA/MA","2024-03-26","2024-03-26","1213","40.7828","-73.9745","10002","2001","Female",NA,"Female","Heterosexual (as in ""straight"")",NA,"Part-time (Fewer than 12 credits)","Declared (Please specify major):","Psychology",NA,"3.4","5th year undergraduate","No","Asian (E.g., Chinese, Filipino, Asian Indian, Bangladeshi, Vietnamese, Korean etc,)",NA,NA,NA,"Chinese",NA,NA,NA,"Yes","No","No","Single",NA,"Less than $60,000","$200 or less",NA,"$60,000 to $99,999","Rank based by area you live and how much you get paid","Being able to receive higher pay when doing jobs. Start from less and moving higher"
"2024","Spring","24434830",3.2,54,"BA","2024-03-25","2024-03-25","1830","40.839","-73.946","10465","2004","Male",NA,"Male","Heterosexual (as in ""straight"")",NA,"Full-time (12 credits or more)","Undeclared (Please specify intended major):",NA,"Aviation","3.566","1st year undergraduate","No","Middle Eastern or North African (E.g., Lebanese, Iranian, Egyptian, Syrian, Moroccan, Algerian, etc.)",NA,NA,NA,NA,NA,"Middle Eastern",NA,"Yes","No","No","Single",NA,"Less than $60,000","Other ( Please specify):","0","Less than 60,000","The value a person has, and doors to move forwards to get closer to their goals.","The ability to by socialy active"
"2024","Spring","23519810",3.61,130,"BA/MA","2024-03-19","2024-03-24","378693","40.8777","-73.908","10463","1997","Male",NA,"Male","Homosexual (as in ""lesbian"" or ""gay"")",NA,"Full-time (12 credits or more)","Declared (Please specify major):","Psychology",NA,"3.5","4th year undergraduate","Yes","White or Caucasian (E.g., German, Irish, English, Italian, Polish, French, etc.)","White",NA,NA,NA,NA,NA,NA,"Yes","No","Yes","Single",NA,"Less than $60,000","$801-$1000",NA,"$60,000 to $99,999","The status that you are either born into or become apart of.","The ability to change social status"
"2024","Spring","24339096",1.77,21,"BA","2024-03-25","2024-03-25","2196","40.8494","-73.9016","11379","2004","Female",NA,"Female","Heterosexual (as in ""straight"")",NA,"Part-time (Fewer than 12 credits)","Declared (Please specify major):","Economic",NA,"2.2","2nd year undergraduate","Yes","Hispanic, Latino or Spanish Origin (E.g., Mexican or Mexican American. Puerto Rican, Cuban, Salvadorian, Dominican, etc.)",NA,NA,"Mexican and Peruvian",NA,NA,NA,NA,"Yes","No","No","Single",NA,"Less than $60,000","$401-$600",NA,"$60,000 to $99,999","It’s a pyramid of your salary compared to the rest of those around you.","Obtaining a higher paying job and moving up the social latter"
"2024","Spring","15304902",3.868,124,"BA","2024-03-27","2024-03-27","865","40.8088","-73.9195","10454","1979","Female",NA,"Female","Heterosexual (as in ""straight"")",NA,"Full-time (12 credits or more)","Declared (Please specify major):","Psychology",NA,"3.2","4th year undergraduate","Yes","Some other race, ethnicity or origin",NA,NA,NA,NA,NA,NA,NA,"Yes","Yes","Yes","Other:","Widow","$60,000 to $99,999","$1001-$1200",NA,"$100,000 to $150,000","Social status is how other people see or perceive you","."
"2024","Spring","24413806",2.478,75,"BA","2024-03-25","2024-03-25","1435","40.839","-73.946","10035","2005","Male",NA,"Gender queer","Uncertain/Questioning",NA,"Full-time (12 credits or more)","Declared (Please specify major):","Psychology",NA,"2.8","1st year undergraduate","No","Black or African American (E.g., African American, Jamaican, Haitian, Nigerian, Ethiopian, Somalian, etc.:",NA,"Jamaican, African American",NA,NA,NA,NA,NA,"No","Yes","No","Other:","Relationship between 2 dependents","Less than $60,000","$200 or less",NA,"Greater than $300,000","Social status is one’s place in society due to the multiple factors that define them, whether it be race, gender, sexuality, income, and other such factors. All of these things are rated in society from what is most to least acceptable and people are then given a position based off their combined factors.","The ability for one to climb the social later usually by gaining more money and improving the parts of their character that relate to income."
"2024","Spring","24323049",2.069,42,"BA","2024-03-25","2024-03-25","2107","40.7252","-73.944","11385","2004","Male",NA,"Male","Heterosexual (as in ""straight"")",NA,"Full-time (12 credits or more)","Undeclared (Please specify intended major):",NA,"Business and administration","3","1st year undergraduate","No","Middle Eastern or North African (E.g., Lebanese, Iranian, Egyptian, Syrian, Moroccan, Algerian, etc.)",NA,NA,NA,NA,NA,"Egyptian",NA,"Yes","No","No","Single",NA,"Less than $60,000","$201-$400",NA,"$100,000 to $150,000","Idc","Idc"
"2024","Spring","24019431",3.793,120,"BA","2024-03-26","2024-03-26","1068","40.839","-73.946","10461","2004","Female",NA,"Female","Heterosexual (as in ""straight"")",NA,"Full-time (12 credits or more)","Declared (Please specify major):","Psychology",NA,"3.756","2nd year undergraduate","No","Asian (E.g., Chinese, Filipino, Asian Indian, Bangladeshi, Vietnamese, Korean etc,)",NA,NA,NA,"Indonesian",NA,NA,NA,"Yes","No","No","Domestic partnership",NA,"Less than $60,000","$201-$400",NA,"$60,000 to $99,999","combination of how traditional society view you (race, gender, sexual orientation) and your income","moving upwards in society in terms of income"
"2024","Spring","24162846",2.8,121,"BS","2024-03-27","2024-03-27","1519","40.839","-73.946","10035","2003","Female",NA,"Female","Heterosexual (as in ""straight"")",NA,"Full-time (12 credits or more)","Declared (Please specify major):","Psychology",NA,"2.8","3rd year undergraduate","Yes","Hispanic, Latino or Spanish Origin (E.g., Mexican or Mexican American. Puerto Rican, Cuban, Salvadorian, Dominican, etc.)",NA,NA,"Mexican",NA,NA,NA,NA,"No","No","No","Single",NA,"Less than $60,000","$200 or less",NA,"Less than 60,000","Good","Good"
"2024","Spring","23638291",3.152,111,"BA","2024-03-25","2024-03-25","970","40.8019","-73.9285","10474","2000","Female",NA,"Female","Heterosexual (as in ""straight"")",NA,"Part-time (Fewer than 12 credits)","Declared (Please specify major):","Political Science",NA,"2","2nd year undergraduate","No","Black or African American (E.g., African American, Jamaican, Haitian, Nigerian, Ethiopian, Somalian, etc.:",NA,"African American",NA,NA,NA,NA,NA,"No","No","No","Single",NA,"$60,000 to $99,999","$201-$400",NA,"Greater than $300,000","This is more of a mental thing ""social staus"" is here you deem yourself to be in the world","having the opportunity to explore and move to different social groups"
"2024","Spring","24190528",3.224,119,"BSED","2024-03-26","2024-03-26","1917","40.839","-73.946","11226","2003","Female",NA,"Female","Heterosexual (as in ""straight"")",NA,"Full-time (12 credits or more)","Declared (Please specify major):","Psychology",NA,"3.1","3rd year undergraduate","Yes","Hispanic, Latino or Spanish Origin (E.g., Mexican or Mexican American. Puerto Rican, Cuban, Salvadorian, Dominican, etc.)",NA,NA,"Mexican American",NA,NA,NA,NA,"Yes","No","No","Single",NA,"Less than $60,000","$401-$600",NA,"$60,000 to $99,999","Rank in the social hierarchy","movement between the social ladder"
"2024","Spring","24414230",3.675,12,"BA","2024-03-25","2024-03-25","1491","40.839","-73.946","10031","2005","Male",NA,"Male","Heterosexual (as in ""straight"")",NA,"Full-time (12 credits or more)","Undeclared (Please specify intended major):",NA,"Political Science","0","1st year undergraduate","Yes","Hispanic, Latino or Spanish Origin (E.g., Mexican or Mexican American. Puerto Rican, Cuban, Salvadorian, Dominican, etc.)",NA,NA,"Dominican",NA,NA,NA,NA,"Yes","No","No","Single",NA,"Less than $60,000","$200 or less",NA,"$100,000 to $150,000","Your relevance in society and the amount of assets you possess","Moving up in society"
"2024","Spring","15209800",3.95,156,"BA","2024-03-23","2024-03-23","1674","40.7961","-73.9513","10030","1996","Female",NA,"Female","Heterosexual (as in ""straight"")",NA,"Part-time (Fewer than 12 credits)","Declared (Please specify major):","Psychology",NA,"3.8","Non-degree seeking","No","Black or African American (E.g., African American, Jamaican, Haitian, Nigerian, Ethiopian, Somalian, etc.:",NA,"Afro -Caribbean",NA,NA,NA,NA,NA,"No","Yes","No","Domestic partnership",NA,"$60,000 to $99,999","$601-$800",NA,"$100,000 to $150,000","Socio-economic standing in society","Ability to move up or down the societal ladder socially , financially or opportunity wise"
"2024","Spring","24277251",2.286,78,"BA","2024-03-25","2024-03-25","1835","40.839","-73.946","10030","2001","Male",NA,"Male","Heterosexual (as in ""straight"")",NA,"Full-time (12 credits or more)","Declared (Please specify major):","Political Science",NA,"1.8","3rd year undergraduate","Yes","Black or African American (E.g., African American, Jamaican, Haitian, Nigerian, Ethiopian, Somalian, etc.:",NA,"Haitian, Dominican",NA,NA,NA,NA,NA,"Yes","No","No","Single",NA,"Less than $60,000","$200 or less",NA,"Greater than $300,000","How others view you in society compared to how you view yourself","Your level of cohesion in society"
"2024","Spring","23901652",3.11,145,"BA/MA","2024-03-25","2024-03-25","15556","40.6221","-73.981","11214","2001","Male",NA,"Male","Uncertain/Questioning",NA,"Full-time (12 credits or more)","Declared (Please specify major):","Psychology",NA,"3.2","5th year undergraduate","Yes","Hispanic, Latino or Spanish Origin (E.g., Mexican or Mexican American. Puerto Rican, Cuban, Salvadorian, Dominican, etc.)",NA,NA,"Nicaraguan",NA,NA,NA,NA,"Yes","No","No","Single",NA,"Less than $60,000","$200 or less",NA,"Less than 60,000","Place in society","A person ability to move up or down socially"
"2024","Spring","24220575",3.272,121,"BA","2024-03-25","2024-03-25","841","40.839","-73.946","11373","2004","Male",NA,"Male","Heterosexual (as in ""straight"")",NA,"Part-time (Fewer than 12 credits)","Declared (Please specify major):","Economics",NA,"2","2nd year undergraduate","No","Asian (E.g., Chinese, Filipino, Asian Indian, Bangladeshi, Vietnamese, Korean etc,)",NA,NA,NA,"Chinese",NA,NA,NA,"Yes","No","No","Single",NA,"$60,000 to $99,999","$200 or less",NA,"$100,000 to $150,000","persons place in the economic landscape","the ability to move your economic status"
"2024","Spring","24159173",3.667,122,"BA","2024-03-27","2024-03-27","1243","40.7653","-73.9589","10032","2003","Female",NA,"Female","Heterosexual (as in ""straight"")",NA,"Full-time (12 credits or more)","Declared (Please specify major):","Psychology",NA,"3","3rd year undergraduate","Yes","Hispanic, Latino or Spanish Origin (E.g., Mexican or Mexican American. Puerto Rican, Cuban, Salvadorian, Dominican, etc.)",NA,NA,"Dominican",NA,NA,NA,NA,"Yes","Yes","No","Single",NA,"Less than $60,000","$201-$400",NA,"$60,000 to $99,999","A group you’re bonded with in society due to certain circumstances and factors","Moving up in status"
"2024","Spring","24271463",3.651,111,"BA/MA","2024-03-26","2024-03-26","1002","40.839","-73.946","10456","2004","Male",NA,"Male","Heterosexual (as in ""straight"")",NA,"Full-time (12 credits or more)","Declared (Please specify major):","Psychology",NA,"3.7","2nd year undergraduate","Yes","Hispanic, Latino or Spanish Origin (E.g., Mexican or Mexican American. Puerto Rican, Cuban, Salvadorian, Dominican, etc.)",NA,NA,"Afro-Latino",NA,NA,NA,NA,"Yes","No","No","Single",NA,"Less than $60,000","$201-$400",NA,"$100,000 to $150,000","where you stand in a community or society","being able to move up in society"
"2024","Spring","24190506",3.403,120,"BA","2024-03-28","2024-03-28","762","40.7589","-73.9913","11720","2003","Male",NA,"Male","Heterosexual (as in ""straight"")",NA,"Full-time (12 credits or more)","Declared (Please specify major):","Psychology",NA,"3.2","3rd year undergraduate","Yes","Hispanic, Latino or Spanish Origin (E.g., Mexican or Mexican American. Puerto Rican, Cuban, Salvadorian, Dominican, etc.)",NA,NA,"Dominican",NA,NA,NA,NA,"Yes","No","No","Single",NA,"Less than $60,000","$200 or less",NA,"$60,000 to $99,999","Your status among groups of people","Ability to talk to various people in various places"
"2024","Spring","24283581",2.871,119,"BA","2024-03-25","2024-03-25","888","40.839","-73.946","10453","2000","Female",NA,"Female","Heterosexual (as in ""straight"")",NA,"Full-time (12 credits or more)","Declared (Please specify major):","Economic",NA,"2.3","2nd year undergraduate","No","Asian (E.g., Chinese, Filipino, Asian Indian, Bangladeshi, Vietnamese, Korean etc,)",NA,NA,NA,"Bangladeshi",NA,NA,NA,"Yes","No","No","Single",NA,"Less than $60,000","$200 or less",NA,"Less than 60,000","A person's position in a social hierarchy, determined by their honor or reputation, comprises their rights, responsibilities, and way of life. This is known as their social rank.","It's a movement of people between social classes within a society."
"2024","Spring","24057006",3.229,104,"BA","2024-03-23","2024-03-24","647","40.8004","-73.9504","10026","2004","Female",NA,"Female","Other (Please identity):","straight","Full-time (12 credits or more)","Declared (Please specify major):","psychology",NA,"3.2","2nd year undergraduate","No","Black or African American (E.g., African American, Jamaican, Haitian, Nigerian, Ethiopian, Somalian, etc.:",NA,"african-american",NA,NA,NA,NA,NA,"Yes","No","No","Single",NA,"$60,000 to $99,999","$201-$400",NA,"$60,000 to $99,999","Social Status is the way society sees you","the way you are socially mobile?"
"2024","Spring","24485361",2.09,43,"BA","2024-03-25","2024-03-25","1567","40.6764","-73.8753","10044","2004","Other (Please, Specify):","Non Binary","Non-binary","Other (Please identity):","Pansexual","Full-time (12 credits or more)","Declared (Please specify major):","Psychology",NA,"4","1st year undergraduate","No","Black or African American (E.g., African American, Jamaican, Haitian, Nigerian, Ethiopian, Somalian, etc.:",NA,"Mixed african",NA,NA,NA,NA,NA,"Yes","Yes","Yes","Single",NA,"Greater than $300,000","Other ( Please specify):","A zillion dollars a week","Greater than $300,000","idc idk","idc idk"
"2024","Spring","24063308",3.497,58,"BA","2024-03-25","2024-03-25","1865","40.839","-73.946","10463","2002","Female",NA,"Female","Heterosexual (as in ""straight"")",NA,"Full-time (12 credits or more)","Undeclared (Please specify intended major):",NA,"psychology","0","1st year undergraduate","Yes","Hispanic, Latino or Spanish Origin (E.g., Mexican or Mexican American. Puerto Rican, Cuban, Salvadorian, Dominican, etc.)",NA,NA,"dominican",NA,NA,NA,NA,"Yes","No","No","Single",NA,"$60,000 to $99,999","$201-$400",NA,"$100,000 to $150,000","How other people  and you view yourself. Where in the social ladder are you.","How much you can change your social status"
"2024","Spring","24514062",3.05,18,"BA","2024-03-25","2024-03-25","1362","40.839","-73.946","10459","2005","Female",NA,"Female","Heterosexual (as in ""straight"")",NA,"Full-time (12 credits or more)","Declared (Please specify major):","Art",NA,"3.6","1st year undergraduate","Yes","Hispanic, Latino or Spanish Origin (E.g., Mexican or Mexican American. Puerto Rican, Cuban, Salvadorian, Dominican, etc.)",NA,NA,"Dominican",NA,NA,NA,NA,"Yes","No","No","Single",NA,"$60,000 to $99,999","Other ( Please specify):","100","$150,001 to $299,999","basically how you are view as a person and your income","the ability to change your social status"
"2024","Spring","24399006",1.616,15,"BA","2024-03-25","2024-03-25","1318","40.7123","-74.0068","10457","2005","Female",NA,"Female","Heterosexual (as in ""straight"")",NA,"Part-time (Fewer than 12 credits)","Undeclared (Please specify intended major):",NA,"Nursing","2","1st year undergraduate","Yes","Hispanic, Latino or Spanish Origin (E.g., Mexican or Mexican American. Puerto Rican, Cuban, Salvadorian, Dominican, etc.)",NA,NA,"Mexican",NA,NA,NA,NA,"Yes","No","No","Single",NA,"Less than $60,000","$200 or less",NA,"Greater than $300,000","Traveling, learning new things & meeting New people with a bigger statues than you.","Learning new things."
"2024","Spring","24329530",2.597,94,"BA","2024-03-25","2024-03-25","1021","40.839","-73.946","11219","2004","Female",NA,"Female","Bisexual",NA,"Full-time (12 credits or more)","Declared (Please specify major):","Business Administration",NA,"2.8","2nd year undergraduate","Yes","Hispanic, Latino or Spanish Origin (E.g., Mexican or Mexican American. Puerto Rican, Cuban, Salvadorian, Dominican, etc.)",NA,NA,"Mexican",NA,NA,NA,NA,"Yes","No","No","Single",NA,"Less than $60,000","$200 or less",NA,"$60,000 to $99,999","social status to me is more like a hierarchy","social mobility is more like a motivation to make a change"
"2024","Spring","24145758",2.238,64,"BA","2024-03-25","2024-03-25","1072","40.839","-73.946","10033","2005","Female",NA,"Female","Heterosexual (as in ""straight"")",NA,"Full-time (12 credits or more)","Declared (Please specify major):","psychology",NA,"3.6","1st year undergraduate","Yes","Hispanic, Latino or Spanish Origin (E.g., Mexican or Mexican American. Puerto Rican, Cuban, Salvadorian, Dominican, etc.)",NA,NA,"Mexican American",NA,NA,NA,NA,"Yes","Yes","No","Other:","I have a boyfriend","Less than $60,000","$201-$400",NA,"Greater than $300,000","how much money u have","how much resources you have access to."
"2024","Spring","24292381",2.039,92,"BA","2024-03-25","2024-03-25","1312","40.839","-73.946","11218","2005","Female",NA,"Female","Heterosexual (as in ""straight"")",NA,"Part-time (Fewer than 12 credits)","Declared (Please specify major):","Economics",NA,"2.475","2nd year undergraduate","No","Asian (E.g., Chinese, Filipino, Asian Indian, Bangladeshi, Vietnamese, Korean etc,)",NA,NA,NA,"Bangladeshi",NA,NA,NA,"Yes","No","No","Single",NA,"Less than $60,000","$201-$400",NA,"$60,000 to $99,999","social status is term that defines your position in a society when you stand in the social pyramids. Also it defines your class to the society and important of person you are to the people around you.","social mobility is the action you take among your family and people around you with the advantage you have with your capabilities."
"2024","Spring","24108184",3.6,95,"BA","2024-03-27","2024-03-27","1095","40.8171","-73.9392","11369","2003","Female",NA,"Female","Heterosexual (as in ""straight"")",NA,"Full-time (12 credits or more)","Declared (Please specify major):","Psychology",NA,"3.4","2nd year undergraduate","Yes","Hispanic, Latino or Spanish Origin (E.g., Mexican or Mexican American. Puerto Rican, Cuban, Salvadorian, Dominican, etc.)",NA,NA,"Ecuadorian",NA,NA,NA,NA,"Yes","No","No","Domestic partnership",NA,"$100,000 to $150,000","$401-$600",NA,"$150,001 to $299,999","Social status is where you see yourself in society and where you stand","Social mobility is the change is a persons social economic status"
"2024","Spring","23930826",2.107,115,"BA","2024-03-24","2024-03-24","1016","40.8494","-73.9016","10468","2000","Male",NA,"Male","Heterosexual (as in ""straight"")",NA,"Full-time (12 credits or more)","Declared (Please specify major):","Psychology",NA,"2.5","3rd year undergraduate","No","Black or African American (E.g., African American, Jamaican, Haitian, Nigerian, Ethiopian, Somalian, etc.:",NA,"Caribbean-American",NA,NA,NA,NA,NA,"No","Yes","No","Single",NA,"Less than $60,000","Other ( Please specify):","0","Less than 60,000","Standing of importance in society","Equality of opportunity"
"2024","Spring","24243440",3.635,111,"BS","2024-03-27","2024-03-27","742","40.839","-73.946","11355","2004","Female",NA,"Female","Heterosexual (as in ""straight"")",NA,"Full-time (12 credits or more)","Declared (Please specify major):","Psychology BS",NA,"3.7","1st year undergraduate","No","White or Caucasian (E.g., German, Irish, English, Italian, Polish, French, etc.)","Egyptian",NA,NA,NA,NA,NA,NA,"Yes","Yes","No","Single",NA,"Less than $60,000","$200 or less",NA,"$100,000 to $150,000","Where you land in society","not sure"
"2024","Spring","24402127",3.047,68,"BS","2024-03-23","2024-03-23","6431","40.6372","-73.9037","11234","2005","Female",NA,"Female","Heterosexual (as in ""straight"")",NA,"Full-time (12 credits or more)","Undeclared (Please specify intended major):",NA,"Biotechnology","3.3","1st year undergraduate","No","Asian (E.g., Chinese, Filipino, Asian Indian, Bangladeshi, Vietnamese, Korean etc,)",NA,NA,NA,"Pakistani",NA,NA,NA,"Yes","No","No","Single",NA,"Less than $60,000","Other ( Please specify):","none","Less than 60,000","your value in society.","Your ability to do something in society."
"2024","Spring","23998101",3.402,130,"BA/MA","2024-03-27","2024-03-27","1838","40.839","-73.946","10025","2002","Female",NA,"Female","Bisexual",NA,"Full-time (12 credits or more)","Declared (Please specify major):","Psychology BA/MA CASAC",NA,"3.2","4th year undergraduate","No","White or Caucasian (E.g., German, Irish, English, Italian, Polish, French, etc.)","Italian and Slovak",NA,NA,NA,NA,NA,NA,"No","No","Yes","Single",NA,"$60,000 to $99,999","$200 or less",NA,"$60,000 to $99,999","In the form of a hoarse y where the most liked people are at the top and least liked are at the bottom,","The ability to comfortably interact with people in any given social situation"
"2024","Spring","23589849",3.031,120,"BA","2024-03-27","2024-03-27","1633","40.839","-73.946","10039","1992","Female",NA,"Female","Heterosexual (as in ""straight"")",NA,"Full-time (12 credits or more)","Declared (Please specify major):","Psychology",NA,"0","4th year undergraduate","No","Black or African American (E.g., African American, Jamaican, Haitian, Nigerian, Ethiopian, Somalian, etc.:",NA,"African American",NA,NA,NA,NA,NA,"No","Yes","No","Single",NA,"Less than $60,000","$1001-$1200",NA,"$60,000 to $99,999","Ex. Middle Class","Moving up in a company"
"2024","Spring","23501452",2.59,148,"BS","2024-03-27","2024-03-27","1220","40.8596","-73.9316","10033","2001","Male",NA,"Male","Heterosexual (as in ""straight"")",NA,"Full-time (12 credits or more)","Declared (Please specify major):","Psychology",NA,"2.34","3rd year undergraduate","Yes","Hispanic, Latino or Spanish Origin (E.g., Mexican or Mexican American. Puerto Rican, Cuban, Salvadorian, Dominican, etc.)",NA,NA,"Dominican",NA,NA,NA,NA,"Yes","No","No","Married",NA,"Less than $60,000","$200 or less",NA,"Less than 60,000","Money","Making or not making money"
"2024","Spring","24324608",2.235,64,"BE","2024-03-25","2024-03-25","1219","34.0544","-118.2441","11423","2004","Male",NA,"Male","Heterosexual (as in ""straight"")",NA,"Full-time (12 credits or more)","Undeclared (Please specify intended major):",NA,"Psychology","2","2nd year undergraduate","No","Some other race, ethnicity or origin",NA,NA,NA,NA,NA,NA,"Guyanese/Caribbean","No","Yes","No","Single",NA,"Less than $60,000","Other ( Please specify):","Do not work","$60,000 to $99,999","Where you stand in society on a non-personal level. It's non physical but represents the accomplishments and failures that surround you and who you are.","A way to move up or down the social hierarchy."
"2024","Spring","24134711",3.31,122,"BA","2024-03-25","2024-03-25","6386","40.8171","-73.9392","11412","2003","Female",NA,"Female","Heterosexual (as in ""straight"")",NA,"Full-time (12 credits or more)","Declared (Please specify major):","Psychology",NA,"3.8","3rd year undergraduate","No","Black or African American (E.g., African American, Jamaican, Haitian, Nigerian, Ethiopian, Somalian, etc.:",NA,"Black",NA,NA,NA,NA,NA,"No","No","No","Single",NA,"$100,000 to $150,000","Other ( Please specify):",NA,"Less than 60,000","Social status refers to a person's position or rank within society, often based on factors like wealth, education, occupation, or social connections. It can influence how individuals are perceived by others and their access to resources and opportunities.","Social mobility refers to the ability of individuals or groups to move up or down in social status or class within a society. It reflects the opportunities for people to improve their economic and social position through factors like education, employment, and personal achievements."
"2024","Spring","24311671",1,6,"BS","2024-03-25","2024-03-25","865","40.839","-73.946","10468","2004","Female",NA,"Female","Heterosexual (as in ""straight"")",NA,"Part-time (Fewer than 12 credits)","Declared (Please specify major):","Psychology",NA,"0","1st year undergraduate","Yes","Hispanic, Latino or Spanish Origin (E.g., Mexican or Mexican American. Puerto Rican, Cuban, Salvadorian, Dominican, etc.)",NA,NA,"Mexican",NA,NA,NA,NA,"Yes","No","No","Single",NA,"Less than $60,000","$201-$400",NA,"Less than 60,000","Social status is how you are viewed within the social community","Social mobility would be how you manage your social interactions"
"2024","Spring","24448828",2.246,52,"BS","2024-03-25","2024-03-25","1258","40.839","-73.946","10550","2005","Male",NA,"Male","Heterosexual (as in ""straight"")",NA,"Full-time (12 credits or more)","Undeclared (Please specify intended major):",NA,"Biochemistry","4","1st year undergraduate","No","Black or African American (E.g., African American, Jamaican, Haitian, Nigerian, Ethiopian, Somalian, etc.:",NA,"African american",NA,NA,NA,NA,NA,"No","No","No","Single",NA,"Less than $60,000","$200 or less",NA,"$150,001 to $299,999","Where you aren in the heierchy of society","Moving around in relations to others"
"2024","Spring","24354092",3.381,84,"BA","2024-03-26","2024-03-26","896","40.8547","-73.9218","11706","2003","Female",NA,"Female","Heterosexual (as in ""straight"")",NA,"Part-time (Fewer than 12 credits)","Undeclared (Please specify intended major):",NA,"Psychology","3.2","2nd year undergraduate","No","Asian (E.g., Chinese, Filipino, Asian Indian, Bangladeshi, Vietnamese, Korean etc,)",NA,NA,NA,"Filipino",NA,NA,NA,"No","Yes","No","Single",NA,"$60,000 to $99,999","$200 or less",NA,"$60,000 to $99,999","where one falls in terms of society","how you’re able to move around socially"
"2024","Spring","24206724",3.151,121,"BA","2024-03-26","2024-03-26","835","40.7252","-73.944","10451","2003","Female",NA,"Female","Heterosexual (as in ""straight"")",NA,"Full-time (12 credits or more)","Declared (Please specify major):","Psychology",NA,"2.713","3rd year undergraduate","Yes","Hispanic, Latino or Spanish Origin (E.g., Mexican or Mexican American. Puerto Rican, Cuban, Salvadorian, Dominican, etc.)",NA,NA,"Dominican",NA,NA,NA,NA,"Yes","Yes","No","Single",NA,"Less than $60,000","$201-$400",NA,"$100,000 to $150,000","Rich or poor","Being able to blend in with all social parties"
"2024","Spring","24061877",2.238,83,"BA","2024-03-27","2024-03-27","2547","40.7252","-73.944","11222","2002","Male",NA,"Male","Bisexual",NA,"Full-time (12 credits or more)","Declared (Please specify major):","Psychology",NA,"2.1","3rd year undergraduate","Yes","Hispanic, Latino or Spanish Origin (E.g., Mexican or Mexican American. Puerto Rican, Cuban, Salvadorian, Dominican, etc.)",NA,NA,"Colombian",NA,NA,NA,NA,"Yes","No","No","Domestic partnership",NA,"Less than $60,000","$401-$600",NA,"$60,000 to $99,999","Relationships","Unsure"
"2024","Spring","24083173",2.759,123,"BA","2024-03-27","2024-03-27","991","40.6994","-73.8883","11237","2003","Female",NA,"Female","Heterosexual (as in ""straight"")",NA,"Full-time (12 credits or more)","Declared (Please specify major):","Psychology",NA,"3","3rd year undergraduate","Yes","Hispanic, Latino or Spanish Origin (E.g., Mexican or Mexican American. Puerto Rican, Cuban, Salvadorian, Dominican, etc.)",NA,NA,"Mexican",NA,NA,NA,NA,"Yes","No","No","Single",NA,"Less than $60,000","$200 or less",NA,"$60,000 to $99,999","I would define it as how many you talk to and how many people actually know you would be a factor","How well you can either start and maintain a conversation"
"2024","Spring","24164226",3.684,121,"BA","2024-03-26","2024-03-26","936","40.839","-73.946","10455","2003","Female",NA,"Female","Heterosexual (as in ""straight"")",NA,"Full-time (12 credits or more)","Declared (Please specify major):","Psychology",NA,"3.1","3rd year undergraduate","Yes","Hispanic, Latino or Spanish Origin (E.g., Mexican or Mexican American. Puerto Rican, Cuban, Salvadorian, Dominican, etc.)",NA,NA,"Hispanic",NA,NA,NA,NA,"No","Yes","No","Single",NA,"$60,000 to $99,999","$200 or less",NA,"Greater than $300,000","How you spear to others or does your name speak volume","Your drive"
"2024","Spring","24177950",2.256,106,"BA","2024-03-25","2024-03-25","14058","40.9039","-73.837","10550","2002","Female",NA,"Female","Heterosexual (as in ""straight"")",NA,"Full-time (12 credits or more)","Declared (Please specify major):","Art",NA,"2.8","3rd year undergraduate","Yes","Hispanic, Latino or Spanish Origin (E.g., Mexican or Mexican American. Puerto Rican, Cuban, Salvadorian, Dominican, etc.)",NA,NA,"Mexican - American",NA,NA,NA,NA,"Yes","No","No","Single",NA,"Less than $60,000","Other ( Please specify):","unemployed","Less than 60,000","Depends on how you are living. If you are living comfortable or worried about expenses.","How you can go up or down on your social status"
"2024","Spring","23992708",3.405,131,"BS","2024-03-23","2024-03-23","2640","40.6186","-73.9272","11236","2002","Female",NA,"Female","Heterosexual (as in ""straight"")",NA,"Full-time (12 credits or more)","Declared (Please specify major):","Psychology",NA,"3.2","4th year undergraduate","No","Black or African American (E.g., African American, Jamaican, Haitian, Nigerian, Ethiopian, Somalian, etc.:",NA,"Nigerian",NA,NA,NA,NA,NA,"Yes","No","No","Single",NA,"$60,000 to $99,999","$201-$400",NA,"Greater than $300,000","social status equates prestige to me.","social mobility is the movement from one social status to another"
"2024","Spring","24305488",2.433,79,"BA","2024-03-25","2024-03-25","1116","40.839","-73.946","10034","2003","Male",NA,"Male","Homosexual (as in ""lesbian"" or ""gay"")",NA,"Full-time (12 credits or more)","Declared (Please specify major):","psychology major",NA,"1.88","2nd year undergraduate","Yes","Hispanic, Latino or Spanish Origin (E.g., Mexican or Mexican American. Puerto Rican, Cuban, Salvadorian, Dominican, etc.)",NA,NA,"Hispanic/latino",NA,NA,NA,NA,"Yes","No","No","Single",NA,"Less than $60,000","$200 or less",NA,"$100,000 to $150,000","the ability to share your voice an opinion and the accesses to demand for what you want.","moving up in the ladder"
"2024","Spring","24138816",4,122,"BA","2024-03-27","2024-03-27","800","40.8343","-73.9235","10474","2004","Female",NA,"Female","Heterosexual (as in ""straight"")",NA,"Full-time (12 credits or more)","Declared (Please specify major):","Psychology",NA,"4","3rd year undergraduate","Yes","Hispanic, Latino or Spanish Origin (E.g., Mexican or Mexican American. Puerto Rican, Cuban, Salvadorian, Dominican, etc.)",NA,NA,"Dominican",NA,NA,NA,NA,"Yes","No","No","Single",NA,"Less than $60,000","$200 or less",NA,"$60,000 to $99,999","The economic and financial outlook the rest of the world has on you. A class system used to determine your wealth.","To move up social status"
"2024","Spring","24288804",1.67,24,"BA","2024-03-25","2024-03-25","1156","40.839","-73.946","10033","2004","Male",NA,"Male","Heterosexual (as in ""straight"")",NA,"Full-time (12 credits or more)","Declared (Please specify major):","Psychology",NA,"4","2nd year undergraduate","Yes","Black or African American (E.g., African American, Jamaican, Haitian, Nigerian, Ethiopian, Somalian, etc.:",NA,"AA",NA,NA,NA,NA,NA,"Yes","No","No","Married",NA,"Less than $60,000","$200 or less",NA,"Greater than $300,000","wouldnt know about that, frankly","anything social i cant explain"
"2024","Spring","24276405",3.562,121,"BA","2024-03-27","2024-03-27","1528","40.7653","-73.9589","11416","2004","Female",NA,"Female","Heterosexual (as in ""straight"")",NA,"Full-time (12 credits or more)","Declared (Please specify major):","Psychology",NA,"3.3","2nd year undergraduate","Yes","Hispanic, Latino or Spanish Origin (E.g., Mexican or Mexican American. Puerto Rican, Cuban, Salvadorian, Dominican, etc.)",NA,NA,"Dominican",NA,NA,NA,NA,"Yes","No","No","Single",NA,"Less than $60,000","$201-$400",NA,"$100,000 to $150,000","Social status is where you are socially, popular, well liked etc","Social mobility would be the movement of individuals or family and what advantages they have socially"
"2024","Spring","24036436",3.891,122,"BS","2024-03-27","2024-03-27","1798","40.8691","-73.9191","10033","1989","Female",NA,"Female","Heterosexual (as in ""straight"")",NA,"Full-time (12 credits or more)","Declared (Please specify major):","Psychology",NA,"3.484","2nd year undergraduate","No","White or Caucasian (E.g., German, Irish, English, Italian, Polish, French, etc.)","Slavic",NA,NA,NA,NA,NA,NA,"No","Yes","No","Married",NA,"$100,000 to $150,000","$1001-$1200",NA,"$150,001 to $299,999","The position in the social group","N/a"
"2024","Spring","24295335",2.519,86,"BA","2024-03-27","2024-03-27","1229","40.8171","-73.9392","10460","2003","Female",NA,"Female","Heterosexual (as in ""straight"")",NA,"Full-time (12 credits or more)","Declared (Please specify major):","Psychology",NA,"2.83","1st year undergraduate","Yes","Hispanic, Latino or Spanish Origin (E.g., Mexican or Mexican American. Puerto Rican, Cuban, Salvadorian, Dominican, etc.)",NA,NA,"Dominican",NA,NA,NA,NA,"Yes","No","No","Other:","Relationship","Less than $60,000","$201-$400",NA,"Less than 60,000","Important","Power"
"2024","Spring","24316982",2.25,9,"BA","2024-03-25","2024-03-25","1913","40.839","-73.946","10002","2004","Male",NA,"Male","Bisexual",NA,"Part-time (Fewer than 12 credits)","Declared (Please specify major):","Psychology",NA,"0","2nd year undergraduate","No","Middle Eastern or North African (E.g., Lebanese, Iranian, Egyptian, Syrian, Moroccan, Algerian, etc.)",NA,NA,NA,NA,NA,"Middle eastern Jewish and half Western European dutch",NA,"Yes","No","No","Domestic partnership",NA,"$60,000 to $99,999","$200 or less",NA,"Greater than $300,000","The amount of social capital someone has","Being able to move between social classes. Often if one starts out from a poor background and become wealthy and successful as an adult that is social mobility."
"2024","Spring","24327300",2.611,63,"BA","2024-03-25","2024-03-25","777","40.7961","-73.9513","11420","2004","Male",NA,"Male","Bisexual",NA,"Part-time (Fewer than 12 credits)","Declared (Please specify major):","Psychology",NA,"1.8","2nd year undergraduate","Yes","Hispanic, Latino or Spanish Origin (E.g., Mexican or Mexican American. Puerto Rican, Cuban, Salvadorian, Dominican, etc.)",NA,NA,"Ecuadorian/ Trinidadian",NA,NA,NA,NA,"No","No","No","Single",NA,"Less than $60,000","$200 or less",NA,"Less than 60,000","Social status is the status your are “given”. Your status is related to the group you come from.","Social mobility is the relation is someone’s social-economic situation throughout there life"
"2024","Spring","24573905",3.95,36,"BA","2024-03-25","2024-03-25","1234","40.839","-73.946","10011","2001","Female",NA,"Female","Heterosexual (as in ""straight"")",NA,"Full-time (12 credits or more)","Declared (Please specify major):","English literature",NA,"4","1st year undergraduate","No","White or Caucasian (E.g., German, Irish, English, Italian, Polish, French, etc.)","White",NA,NA,NA,NA,NA,NA,"No","No","No","Single",NA,"$150,001 to $299,999","$200 or less",NA,"$60,000 to $99,999","Your social and economical standing in society","Being able to move to different social standings"
"2024","Spring","24285071",3.116,117,"BA","2024-03-25","2024-03-25","1295","40.839","-73.946","10454","2004","Male",NA,"Male","Heterosexual (as in ""straight"")",NA,"Full-time (12 credits or more)","Declared (Please specify major):","economics",NA,"3.3","2nd year undergraduate","Yes","Hispanic, Latino or Spanish Origin (E.g., Mexican or Mexican American. Puerto Rican, Cuban, Salvadorian, Dominican, etc.)",NA,NA,"Ecuadorian",NA,NA,NA,NA,"Yes","No","No","Single",NA,"Less than $60,000","$200 or less",NA,"$100,000 to $150,000","the level in the society that you are on","i don't know"
"2024","Spring","24035117",3.079,120,"BA","2024-04-09","2024-04-09","1698","40.6739","-73.9358","11225","2002","Female",NA,"Female","Heterosexual (as in ""straight"")",NA,"Full-time (12 credits or more)","Declared (Please specify major):","Psychology",NA,"2.6","4th year undergraduate","Yes","Hispanic, Latino or Spanish Origin (E.g., Mexican or Mexican American. Puerto Rican, Cuban, Salvadorian, Dominican, etc.)",NA,NA,"Panamanian",NA,NA,NA,NA,"No","No","No","Single",NA,"Less than $60,000","$200 or less",NA,"$60,000 to $99,999","When I hear social status I think of popularity or the food chain. The strongest or smartest would be on top. Or l social status can be seen a hierarchy like middle class, lower class, or upper class.","In my brain mobility mean the ability to movie, and when I hear social I think of people interacting with another. So I think social mobility is the ability to socialize with different people."
"2024","Spring","24177677",3.809,130,"BA/MA","2024-03-28","2024-03-28","763","40.9476","-73.8624","10467","2003","Female",NA,"Female","Heterosexual (as in ""straight"")",NA,"Full-time (12 credits or more)","Declared (Please specify major):","Psychology/ CASAC route",NA,"3.8","3rd year undergraduate","Yes","Hispanic, Latino or Spanish Origin (E.g., Mexican or Mexican American. Puerto Rican, Cuban, Salvadorian, Dominican, etc.)",NA,NA,"Hispanic",NA,NA,NA,NA,"Yes","No","No","Single",NA,"Less than $60,000","$200 or less",NA,"$60,000 to $99,999","I would say “social status” relates to how many friends you have and your ability to make friends.","Social mobility is also about your ability to make friends."
"2024","Spring","24038946",3.035,123,"BS","2024-03-29","2024-03-29","982","40.674","-73.9701","11216","2002","Female",NA,"Female","Heterosexual (as in ""straight"")",NA,"Full-time (12 credits or more)","Declared (Please specify major):","Psychology",NA,"2.9","4th year undergraduate","No","Black or African American (E.g., African American, Jamaican, Haitian, Nigerian, Ethiopian, Somalian, etc.:",NA,"Jamaican. American",NA,NA,NA,NA,NA,"No","No","No","Single",NA,"Less than $60,000","$401-$600",NA,"$100,000 to $150,000","1. Social stasis occurs when there is minimal to no evolution, growth, or advancement within a society.","Social mobility is all about how people or groups can go up or down in different social levels or classes within a community. It involves moving up or down in terms of things like money, education, job, or assets."
"2024","Spring","24243440",3.635,111,"BS","2024-04-03","2024-04-03","445","40.7465","-73.909","11355","2004","Female",NA,"Female","Heterosexual (as in ""straight"")",NA,"Full-time (12 credits or more)","Declared (Please specify major):","Psych bs",NA,"3.7","1st year undergraduate","No","White or Caucasian (E.g., German, Irish, English, Italian, Polish, French, etc.)","Egyptian",NA,NA,NA,NA,NA,NA,"Yes","No","No","Single",NA,"Less than $60,000","$200 or less",NA,"Less than 60,000","Not sure","Not sure"
"2024","Spring","24088873",3.014,122,"BA","2024-04-08","2024-04-08","3878","40.8171","-73.9392","10460","2004","Female",NA,"Female","Asexual",NA,"Full-time (12 credits or more)","Declared (Please specify major):","Psychology",NA,"2.9","2nd year undergraduate","No","White or Caucasian (E.g., German, Irish, English, Italian, Polish, French, etc.)","White",NA,NA,NA,NA,NA,NA,"No","No","No","Single",NA,"Less than $60,000","$601-$800",NA,"Greater than $300,000","Social status to me is the label you are connected to in terms of labels in society in terms of the value that you hold.","To me social mobility is the way you are able to maneuver."
"2024","Spring","24164421",3.05,109,"BS","2024-04-01","2024-04-01","1767","40.839","-73.946","10472","2003","Male",NA,"Male","Heterosexual (as in ""straight"")",NA,"Full-time (12 credits or more)","Declared (Please specify major):","Psychology",NA,"2.3","3rd year undergraduate","No","Asian (E.g., Chinese, Filipino, Asian Indian, Bangladeshi, Vietnamese, Korean etc,)",NA,NA,NA,"Bangladeshi",NA,NA,NA,"Yes","No","No","Single",NA,"Less than $60,000","$200 or less",NA,"Less than 60,000","The amount of wealth you have. But to me it's the knowledge you possess","To have the flexibility to relocate"
"2024","Spring","24279766",2.986,121,"BS","2024-04-04","2024-04-04","1136","40.8125","-74.2134","07017","2003","Female",NA,"Female","Heterosexual (as in ""straight"")",NA,"Full-time (12 credits or more)","Declared (Please specify major):","Psychology And Jewish Studies",NA,"2.3","2nd year undergraduate","Yes","Black or African American (E.g., African American, Jamaican, Haitian, Nigerian, Ethiopian, Somalian, etc.:",NA,"African American",NA,NA,NA,NA,NA,"No","No","No","Single",NA,"Less than $60,000","$200 or less",NA,"$100,000 to $150,000","Ranking in regard to other in your population/ community","moving upwards in the world"
"2024","Spring","24135624",3.803,109,"BA","2024-04-05","2024-04-05","2855","40.7961","-73.9513","10703","2005","Female",NA,"Female","Heterosexual (as in ""straight"")",NA,"Full-time (12 credits or more)","Declared (Please specify major):","Psychology/Sociology",NA,"3.4","1st year undergraduate","No","Middle Eastern or North African (E.g., Lebanese, Iranian, Egyptian, Syrian, Moroccan, Algerian, etc.)",NA,NA,NA,NA,NA,"Yemeni",NA,"Yes","Yes","No","Single",NA,"Less than $60,000","$200 or less",NA,"Less than 60,000","Money and power","Meeting with others"
"2024","Spring","23749620",2.459,125,"BA","2024-04-03","2024-04-03","1918","40.839","-73.946","11779","2001","Female",NA,"Female","Heterosexual (as in ""straight"")",NA,"Full-time (12 credits or more)","Declared (Please specify major):","Psychology",NA,"2.4","4th year undergraduate","No","Asian (E.g., Chinese, Filipino, Asian Indian, Bangladeshi, Vietnamese, Korean etc,)",NA,NA,NA,"Pakistani",NA,NA,NA,"Yes","No","No","Single",NA,"Less than $60,000","Other ( Please specify):","0","Less than 60,000","how others see you","Competency"
"2024","Spring","24195835",2.583,120,"BA","2024-03-29","2024-03-29","1088","40.7252","-73.944","11209","2003","Female",NA,"Female","Bisexual",NA,"Full-time (12 credits or more)","Declared (Please specify major):","Psychology",NA,"2.5","3rd year undergraduate","No","Middle Eastern or North African (E.g., Lebanese, Iranian, Egyptian, Syrian, Moroccan, Algerian, etc.)",NA,NA,NA,NA,NA,"Moroccan",NA,"Yes","No","No","Single",NA,"Less than $60,000","Other ( Please specify):","Currently unemployed","Less than 60,000","A standard met in a spectrum including economic, social, and occupational status","The ability to change social status."
"2024","Spring","24254148",3.068,126,"BA","2024-04-08","2024-04-08","1691","40.8494","-73.9016","10466","2003","Female",NA,"Gender queer","Asexual",NA,"Full-time (12 credits or more)","Declared (Please specify major):","Psychology",NA,"2.8","2nd year undergraduate","Yes","Black or African American (E.g., African American, Jamaican, Haitian, Nigerian, Ethiopian, Somalian, etc.:",NA,"Black",NA,NA,NA,NA,NA,"No","No","No","Single",NA,"Less than $60,000","Other ( Please specify):","Idk","$100,000 to $150,000","a person's standing or importance in relation to other people within a society.","and it cannot necessarily be determined if the change is for good or bad."
"2024","Spring","24197548",3.276,120,"BS","2024-04-03","2024-04-04","51976","40.6764","-73.8753","11208","2003","Female",NA,"Female","Heterosexual (as in ""straight"")",NA,"Full-time (12 credits or more)","Declared (Please specify major):","Psychology (BS)",NA,"3.063","4th year undergraduate","Yes","Hispanic, Latino or Spanish Origin (E.g., Mexican or Mexican American. Puerto Rican, Cuban, Salvadorian, Dominican, etc.)",NA,NA,"Puerto Rican, Salvadorian, Ecuadorian",NA,NA,NA,NA,"Yes","No","No","Single",NA,"Less than $60,000","$200 or less",NA,"$100,000 to $150,000","Rank or position in society","Shift of status"
"2024","Spring","24133341",3.696,156,"BA","2024-04-05","2024-04-05","1138","40.7252","-73.944","11223","2004","Female",NA,"Female","Heterosexual (as in ""straight"")",NA,"Full-time (12 credits or more)","Undeclared (Please specify intended major):",NA,"Computer Science","3.5","2nd year undergraduate","No","Asian (E.g., Chinese, Filipino, Asian Indian, Bangladeshi, Vietnamese, Korean etc,)",NA,NA,NA,"Pakistani",NA,NA,NA,"Yes","No","No","Single",NA,"Less than $60,000","Other ( Please specify):","Don't work","$60,000 to $99,999","It describes the social value or social role an individual has in society.","Moving up or down the social ladder in terms of the core social value or social role they have."
"2024","Spring","24167922",3.327,122,"BA","2024-04-01","2024-04-01","1495","40.8343","-73.9235","10456","2003","Male",NA,"Male","Heterosexual (as in ""straight"")",NA,"Full-time (12 credits or more)","Declared (Please specify major):","Psychology",NA,"3.3","3rd year undergraduate","Yes","Hispanic, Latino or Spanish Origin (E.g., Mexican or Mexican American. Puerto Rican, Cuban, Salvadorian, Dominican, etc.)",NA,NA,"Dominican",NA,NA,NA,NA,"No","No","No","Single",NA,"$60,000 to $99,999","$200 or less",NA,"$60,000 to $99,999","social status is something a person is considered to possess. Such as wealth, and knowledge someone has","Having the freedom to move house to house without anemone problems"
"2024","Spring","23542338",2.981,120,"BA","2024-04-01","2024-04-01","1020","40.839","-73.946","10472","1998","Female",NA,"Female","Heterosexual (as in ""straight"")",NA,"Full-time (12 credits or more)","Declared (Please specify major):","Psychology",NA,"2.9","3rd year undergraduate","Yes","Hispanic, Latino or Spanish Origin (E.g., Mexican or Mexican American. Puerto Rican, Cuban, Salvadorian, Dominican, etc.)",NA,NA,"Puerto Rican and Dominican",NA,NA,NA,NA,"Yes","Yes","No","Single",NA,"$60,000 to $99,999","$401-$600",NA,"$100,000 to $150,000","It is your placement and importance to society","It’s the ability to move up the ladder in status, including economically."
"2024","Spring","24064678",3.461,139,"BS","2024-04-05","2024-04-05","9395","40.7537","-73.8892","11370","2004","Female",NA,"Female","Heterosexual (as in ""straight"")",NA,"Full-time (12 credits or more)","Declared (Please specify major):","Biology",NA,"3.5","2nd year undergraduate","Yes","Some other race, ethnicity or origin",NA,NA,NA,NA,NA,NA,NA,"Yes","No","No","Single",NA,"Less than $60,000","$200 or less",NA,"$100,000 to $150,000","Social status refers to the relative position  that an individual or group holds within a society.","Social mobility refers to the ability of individuals or groups to move within different social positions in a society's hierarchy"
"2024","Spring","23944631",3.453,136,"BA/MA","2024-03-29","2024-03-29","846","40.7364","-73.8695","11372","2003","Female",NA,"Female","Heterosexual (as in ""straight"")",NA,"Full-time (12 credits or more)","Declared (Please specify major):","Psychology",NA,"3.5","4th year undergraduate","No","Asian (E.g., Chinese, Filipino, Asian Indian, Bangladeshi, Vietnamese, Korean etc,)",NA,NA,NA,"Bangladeshi",NA,NA,NA,"Yes","No","No","Single",NA,"Less than $60,000","$201-$400",NA,"$60,000 to $99,999","Influential power and wealth","Functioning"
"2024","Spring","24266856",3.794,116,"BA","2024-04-01","2024-04-01","1454","40.839","-73.946","10462","2004","Female",NA,"Female","Heterosexual (as in ""straight"")",NA,"Full-time (12 credits or more)","Declared (Please specify major):","Psychology",NA,"3.86","2nd year undergraduate","Yes","Hispanic, Latino or Spanish Origin (E.g., Mexican or Mexican American. Puerto Rican, Cuban, Salvadorian, Dominican, etc.)",NA,NA,"Yes",NA,NA,NA,NA,"No","Yes","Yes","Single",NA,"$60,000 to $99,999","$200 or less",NA,"$100,000 to $150,000","ones position within society.","]social classes"
"2024","Spring","24172138",2.708,44,"BA","2024-04-01","2024-04-01","1335","40.8231","-73.9513","10031","2004","Male",NA,"Male","Heterosexual (as in ""straight"")",NA,"Full-time (12 credits or more)","Declared (Please specify major):","Management and Administration",NA,"3","2nd year undergraduate","Yes","Hispanic, Latino or Spanish Origin (E.g., Mexican or Mexican American. Puerto Rican, Cuban, Salvadorian, Dominican, etc.)",NA,NA,"Dominican",NA,NA,NA,NA,"Yes","No","No","Single",NA,"$100,000 to $150,000","$201-$400",NA,"$100,000 to $150,000","Social status is your status of popularity","being able to be a fluid people's person"
"2024","Spring","24416173",3.639,141,"BS","2024-03-28","2024-03-28","4048","40.8494","-73.9016","10466","2004","Female",NA,"Female","Heterosexual (as in ""straight"")",NA,"Part-time (Fewer than 12 credits)","Undeclared (Please specify intended major):",NA,"Bio","3.4","1st year undergraduate","No","Black or African American (E.g., African American, Jamaican, Haitian, Nigerian, Ethiopian, Somalian, etc.:",NA,"Black",NA,NA,NA,NA,NA,"Yes","No","No","Single",NA,"$100,000 to $150,000","Other ( Please specify):","Not working","$150,001 to $299,999","Social hierarchy","Moving up social ladder"
"2024","Spring","23936292",3.344,127,"BS","2024-04-03","2024-04-03","1011","40.839","-73.946","11219","2002","Female",NA,"Female","Heterosexual (as in ""straight"")",NA,"Full-time (12 credits or more)","Declared (Please specify major):","Psychology",NA,"3.4","4th year undergraduate","No","Asian (E.g., Chinese, Filipino, Asian Indian, Bangladeshi, Vietnamese, Korean etc,)",NA,NA,NA,"Pakistani",NA,NA,NA,"Yes","No","No","Single",NA,"Less than $60,000","$200 or less",NA,"$100,000 to $150,000","The economic standpoint a person is at","The ability to better yourself financially and intellectually"
"2024","Spring","24271217",3.783,120,"BA","2024-03-29","2024-03-29","1312","40.5697","-74.1184","10312","2003","Female",NA,"Female","Heterosexual (as in ""straight"")",NA,"Full-time (12 credits or more)","Declared (Please specify major):","Psychology",NA,"3.88","2nd year undergraduate","No","Middle Eastern or North African (E.g., Lebanese, Iranian, Egyptian, Syrian, Moroccan, Algerian, etc.)",NA,NA,NA,NA,NA,"Egyptian",NA,"Yes","No","No","Single",NA,"Less than $60,000","$201-$400",NA,"$60,000 to $99,999","how rich/poor you are","having easy freeway in society"
"2024","Spring","24195841",3.33,125,"BA","2024-04-04","2024-04-04","2043","40.8518","-73.8705","10473","2003","Female",NA,"Female","Heterosexual (as in ""straight"")",NA,"Full-time (12 credits or more)","Declared (Please specify major):","Psychology",NA,"3.78","3rd year undergraduate","No","Some other race, ethnicity or origin",NA,NA,NA,NA,NA,NA,NA,"Yes","No","No","Single",NA,"Less than $60,000","$200 or less",NA,"Greater than $300,000","Social status refers to a person's position or rank within a social hierarchy or structure. It is a way to categorize individuals based on factors such as wealth, occupation, education, and social connections. Social status can influence how people are perceived by others and can impact their access to resources, opportunities, and privileges within society.  Understanding social status involves recognizing the different levels or strata that exist within a community or society. It's important to note that social status is not solely determined by one's personal qualities or achievements, but can also be influenced by factors beyond individual control, such as birth or inherited wealth.  In simpler terms, social status is like a ladder that places individuals at different levels based on various factors like money, job, education, and connections. It can affect how people are seen by others and the advantages or disadvantages they may experience in their daily lives.","Social mobility refers to the ability of individuals or groups to move up or down the social ladder within a society. It reflects the extent to which someone can change their social status over time. Social mobility can be influenced by various factors, such as education, occupation, income, and opportunities for advancement.  In simpler terms, social mobility means the ability to climb up or slide down the social ladder. If someone has high social mobility, it means they have a greater chance of improving their social status and achieving upward mobility. On the other hand, low social mobility means that it is more difficult for individuals to change their social position and move to a higher level.  Understanding social mobility is important because it reflects the level of equality and opportunities within a society. A society with high social mobility provides individuals with the chance to better their circumstances regardless of their background, while a society with low social mobility may perpetuate inequality and limit upward mobility for certain groups."
"2024","Spring","23835284",3.835,117,"BA","2024-03-29","2024-03-29","36379","40.7252","-73.944","10032","2001","Female",NA,"Female","Heterosexual (as in ""straight"")",NA,"Full-time (12 credits or more)","Declared (Please specify major):","Studio art",NA,"3.8","4th year undergraduate","Yes","Hispanic, Latino or Spanish Origin (E.g., Mexican or Mexican American. Puerto Rican, Cuban, Salvadorian, Dominican, etc.)",NA,NA,"Dominican",NA,NA,NA,NA,"Yes","No","No","Single",NA,"Less than $60,000","$201-$400",NA,"$60,000 to $99,999","to a rank or position that one holds in a group","Social mobility is the ability of people to move up or down a social ladder."
"2024","Spring","24042459",3.637,121,"BA","2024-04-01","2024-04-01","972","40.8494","-73.9016","10462","2003","Female",NA,"Female","Heterosexual (as in ""straight"")",NA,"Full-time (12 credits or more)","Declared (Please specify major):","Psychology",NA,"3.5","4th year undergraduate","Yes","Hispanic, Latino or Spanish Origin (E.g., Mexican or Mexican American. Puerto Rican, Cuban, Salvadorian, Dominican, etc.)",NA,NA,"Dominican",NA,NA,NA,NA,"Yes","No","No","Single",NA,"Less than $60,000","$401-$600",NA,"$100,000 to $150,000","It is the stage you find yourself with within society","I believe is the professional and economic growth a person achieve when it comes to social status"
"2024","Spring","24211957",3.89,120,"BA","2024-04-06","2024-04-06","700","40.8343","-73.9235","10452","2003","Female",NA,"Female","Bisexual",NA,"Full-time (12 credits or more)","Declared (Please specify major):","Psychology",NA,"3.8","3rd year undergraduate","Yes","Hispanic, Latino or Spanish Origin (E.g., Mexican or Mexican American. Puerto Rican, Cuban, Salvadorian, Dominican, etc.)",NA,NA,"Dominican",NA,NA,NA,NA,"No","No","No","Single",NA,"$100,000 to $150,000","$200 or less",NA,"$60,000 to $99,999","the level someone is in the socioeconomic spectrum","what people do in order to move up in socioeconomic status"
"2024","Spring","23917200",3.264,120,"BS","2024-03-31","2024-03-31","944","40.7252","-73.944","11207","2001","Male",NA,"Male","Homosexual (as in ""lesbian"" or ""gay"")",NA,"Full-time (12 credits or more)","Declared (Please specify major):","Psych",NA,"3.5","5th year undergraduate","No","Black or African American (E.g., African American, Jamaican, Haitian, Nigerian, Ethiopian, Somalian, etc.:",NA,"Trinidadian",NA,NA,NA,NA,NA,"No","No","No","Single",NA,"Less than $60,000","$1001-$1200",NA,"Greater than $300,000","Wealth and promote to it","Na"
"2024","Spring","24062359",3.85,6,"MA","2024-04-10","2024-04-10","1776","40.8231","-73.9513","11372","2002","Male",NA,"Male","Heterosexual (as in ""straight"")",NA,"Full-time (12 credits or more)","Declared (Please specify major):","Psychology BA",NA,"2.9","4th year undergraduate","Yes","Hispanic, Latino or Spanish Origin (E.g., Mexican or Mexican American. Puerto Rican, Cuban, Salvadorian, Dominican, etc.)",NA,NA,"Ecuadorian",NA,NA,NA,NA,"Yes","No","No","Single",NA,"$60,000 to $99,999","$601-$800",NA,"$100,000 to $150,000","A social value people possess","Ability to move up or down the social scale in a society"
"2024","Spring","24219923",3.485,135,"BA/MA","2024-03-28","2024-03-28","886","40.7787","-73.9132","11105","2004","Female",NA,"Female","Heterosexual (as in ""straight"")",NA,"Full-time (12 credits or more)","Declared (Please specify major):","Psychology",NA,"3.2","2nd year undergraduate","No","Asian (E.g., Chinese, Filipino, Asian Indian, Bangladeshi, Vietnamese, Korean etc,)",NA,NA,NA,"Bengali",NA,NA,NA,"Yes","No","No","Single",NA,"Less than $60,000","$200 or less",NA,"$100,000 to $150,000","Where you are in society. How much money you make and the opportunities you have available to you. Doctors, and lawyers for example have a higher status compared to teachers and blue collar workers.","Changing your socioeconomic status. For example, getting a high paying job after grad school or marrying bc into a rich family."
"2024","Spring","23956823",3.821,130,"BA/MA","2024-03-28","2024-03-28","875","40.8142","-73.9081","10459","2003","Female",NA,"Female","Heterosexual (as in ""straight"")",NA,"Full-time (12 credits or more)","Declared (Please specify major):","BA/MA CASAC",NA,"3.8","Graduate","Yes","Hispanic, Latino or Spanish Origin (E.g., Mexican or Mexican American. Puerto Rican, Cuban, Salvadorian, Dominican, etc.)",NA,NA,"Mexican American",NA,NA,NA,NA,"Yes","No","No","Single",NA,"Less than $60,000","$200 or less",NA,"$60,000 to $99,999","Something fluid, we as humans change everyday that goes for our social status as well.","Climbing up the ladder of advantages and opportunities, the higher you are the more you have that others don't."
"2024","Spring","24571979",3.365,39,"BA","2024-04-07","2024-04-07","3509","40.782","-73.9953","10036","2000","Male",NA,"Male","Heterosexual (as in ""straight"")",NA,"Part-time (Fewer than 12 credits)","Undeclared (Please specify intended major):",NA,"Premed","2.9","Non-degree seeking","No","Middle Eastern or North African (E.g., Lebanese, Iranian, Egyptian, Syrian, Moroccan, Algerian, etc.)",NA,NA,NA,NA,NA,"Palestinian",NA,"Yes","Yes","No","Single",NA,"Greater than $300,000","$201-$400",NA,"$150,001 to $299,999","Someone’s perceived standing or importance in relation to other people within their society","The ability to meaningfully increase or decrease your social status throughout your life"
"2024","Spring","24453023",3.49,50,"BA","2024-04-04","2024-04-04","790","40.7484","-73.862","11369","2005","Male",NA,"Male","Asexual",NA,"Full-time (12 credits or more)","Undeclared (Please specify intended major):",NA,"Engineering","3.5","1st year undergraduate","Yes","Hispanic, Latino or Spanish Origin (E.g., Mexican or Mexican American. Puerto Rican, Cuban, Salvadorian, Dominican, etc.)",NA,NA,"Ecuadorian",NA,NA,NA,NA,"Yes","No","No","Single",NA,"Less than $60,000","$200 or less",NA,"$100,000 to $150,000","Social status to me is when someone lives a more prestigious lifestyle","I see it as a way for someone to change their social status"
"2024","Spring","24107204",2.627,86,"BA","2024-04-01","2024-04-01","488","40.839","-73.946","10032","2002","Male",NA,"Male","Heterosexual (as in ""straight"")",NA,"Part-time (Fewer than 12 credits)","Declared (Please specify major):","Business administration",NA,"2.5","3rd year undergraduate","No","Asian (E.g., Chinese, Filipino, Asian Indian, Bangladeshi, Vietnamese, Korean etc,)",NA,NA,NA,"Korean",NA,NA,NA,"No","No","No","Single",NA,"$60,000 to $99,999","$601-$800",NA,"$60,000 to $99,999","Your standing in varying array of social groups","Your ability to transition between groups"
"2024","Spring","24449366",3.764,42,"BS","2024-04-08","2024-04-08","9828","40.7961","-73.9513","11230","2005","Female",NA,"Female","Heterosexual (as in ""straight"")",NA,"Full-time (12 credits or more)","Declared (Please specify major):","Psychology",NA,"3.75","1st year undergraduate","No","Some other race, ethnicity or origin",NA,NA,NA,NA,NA,NA,"Turkish","Yes","No","No","Single",NA,"Less than $60,000","Other ( Please specify):","0","$150,001 to $299,999","I understand “social status” as your financial stability. The higher social status you have, the more financially stable you are in my opinion.","I understand “social mobility” as how many connections you have to get you to a higher social status."
"2024","Spring","24135785",4,116,"BA","2024-04-05","2024-04-05","881","40.839","-73.946","10462","2005","Female",NA,"Non-binary","Bisexual",NA,"Full-time (12 credits or more)","Declared (Please specify major):","Sociology",NA,"4","1st year undergraduate","Yes","Some other race, ethnicity or origin",NA,NA,NA,NA,NA,NA,"Latino (Ecuadorian) and Asian (Indo-Guyanese)","Yes","No","No","Single",NA,"$100,000 to $150,000","$200 or less",NA,"Less than 60,000","The term social status considers people’s identities and how they impact how they navigate life. It is a form of classing them based on their socioeconomic circumstances.","Social mobility means climbing the social ladder so that someone can have access to new and better resources/privileges"
"2024","Spring","24378063",3.593,80,"BA","2024-04-02","2024-04-02","2743","40.839","-73.946","11355","2003","Female",NA,"Female","Heterosexual (as in ""straight"")",NA,"Full-time (12 credits or more)","Declared (Please specify major):","Psychology",NA,"3.456","2nd year undergraduate","Yes","Hispanic, Latino or Spanish Origin (E.g., Mexican or Mexican American. Puerto Rican, Cuban, Salvadorian, Dominican, etc.)",NA,NA,"Colombian",NA,NA,NA,NA,"Yes","No","No","Single",NA,"$60,000 to $99,999","$201-$400",NA,"$60,000 to $99,999","Your position in the community","The status’ movement of the individuals"
"2024","Spring","23659703",2.847,123,"BS","2024-04-02","2024-04-03","47317","40.7809","-73.9502","11417","1999","Male",NA,"Male","Heterosexual (as in ""straight"")",NA,"Not a College student","Declared (Please specify major):","Psychology",NA,"2.86","Graduate","Yes","Hispanic, Latino or Spanish Origin (E.g., Mexican or Mexican American. Puerto Rican, Cuban, Salvadorian, Dominican, etc.)",NA,NA,"Ecuadorian",NA,NA,NA,NA,"Yes","No","No","Single",NA,"$60,000 to $99,999","Other ( Please specify):","1,800","$100,000 to $150,000","Social status could be defined as the amount of prestige or social value an individual holds in society.","Social mobility can be defined as moving up in prestigious and social value."
"2024","Spring","23920333",3.568,120,"BA","2024-03-30","2024-03-30","2015","40.7123","-74.0068","10039","2001","Female",NA,"Female","Heterosexual (as in ""straight"")",NA,"Part-time (Fewer than 12 credits)","Declared (Please specify major):","Anthropology",NA,"3.5","5th year undergraduate","No","Black or African American (E.g., African American, Jamaican, Haitian, Nigerian, Ethiopian, Somalian, etc.:",NA,"African American",NA,NA,NA,NA,NA,"No","No","No","Single",NA,"$60,000 to $99,999","$201-$400",NA,"$60,000 to $99,999","Social status can be described as the position a person has based on their career.","Social mobility is a person’s status changing from one level to another."
"2024","Spring","24419686",1.97,65,"BA","2024-03-31","2024-03-31","1590","40.3172","-74.4304","10009","2005","Female",NA,"Female","Homosexual (as in ""lesbian"" or ""gay"")",NA,"Full-time (12 credits or more)","Declared (Please specify major):","Psychology",NA,"3.48","1st year undergraduate","Yes","Hispanic, Latino or Spanish Origin (E.g., Mexican or Mexican American. Puerto Rican, Cuban, Salvadorian, Dominican, etc.)",NA,NA,"Puerto Rican",NA,NA,NA,NA,"No","No","No","Other:","In a relationship","Less than $60,000","Other ( Please specify):","$0","Less than 60,000","Your social value","Social mobility is the movement of people, families or groups can move through a social system"
"2024","Spring","23918902",3.81,30,"MS","2024-04-03","2024-04-03","1602","40.8171","-73.9392","10128","2001","Male",NA,"Male","Heterosexual (as in ""straight"")",NA,"Full-time (12 credits or more)","Declared (Please specify major):","Translational medicine",NA,"3.7","Graduate","No","Middle Eastern or North African (E.g., Lebanese, Iranian, Egyptian, Syrian, Moroccan, Algerian, etc.)",NA,NA,NA,NA,NA,"Egyptian",NA,"Yes","No","No","Single",NA,"$100,000 to $150,000","Other ( Please specify):","Unemployed","Greater than $300,000","One’s charisma, income and intelligence","Changing one’s social status to a higher or lower one"
"2024","Spring","23164108",2.34,127,"BA","2024-03-28","2024-03-28","1398","40.718","-74.0733","07307","1996","Female",NA,"Female","Heterosexual (as in ""straight"")",NA,"Part-time (Fewer than 12 credits)","Declared (Please specify major):","Psychology",NA,"2.2","5th year undergraduate","No","Black or African American (E.g., African American, Jamaican, Haitian, Nigerian, Ethiopian, Somalian, etc.:",NA,"Haitian",NA,NA,NA,NA,NA,"No","No","No","Single",NA,"Less than $60,000","$401-$600",NA,"$100,000 to $150,000","Your placement in society.","The ability to increase the financial ladder. From maybe lower middle class to upper middle class."
"2024","Spring","24393206",2.972,81,"BA","2024-04-09","2024-04-09","1965","40.7015","-73.8422","11432","2004","Male",NA,"Male","Uncertain/Questioning",NA,"Full-time (12 credits or more)","Undeclared (Please specify intended major):",NA,"Engineering","3.2","1st year undergraduate","No","Asian (E.g., Chinese, Filipino, Asian Indian, Bangladeshi, Vietnamese, Korean etc,)",NA,NA,NA,"Bangladeshi",NA,NA,NA,"Yes","No","No","Single",NA,"$60,000 to $99,999","Other ( Please specify):","Unemployed","$100,000 to $150,000","Social status is where a person in their community it has many factor like the wealth, education, family background and more.","The movement of individuals or group within social hierarchy, often influenced by factors like education, occupation, or income."
"2024","Spring","23961355",3.781,124,"BA","2024-04-07","2024-04-07","765","40.7123","-73.7985","11432","2002","Female",NA,"Female","Heterosexual (as in ""straight"")",NA,"Full-time (12 credits or more)","Declared (Please specify major):","Psychology, sociology",NA,"3.7","4th year undergraduate","No","Asian (E.g., Chinese, Filipino, Asian Indian, Bangladeshi, Vietnamese, Korean etc,)",NA,NA,NA,"Bangladeshi",NA,NA,NA,"Yes","No","No","Single",NA,"Less than $60,000","$200 or less",NA,"Less than 60,000","Having good communication skills.","Being able to network and knowing where to find resources."
"2024","Spring","24159783",3.75,121,"BA","2024-04-03","2024-04-08","417522","40.839","-73.946","10032","2003","Female",NA,"Female","Homosexual (as in ""lesbian"" or ""gay"")",NA,"Full-time (12 credits or more)","Declared (Please specify major):","Psychology",NA,"3.734","2nd year undergraduate","Yes","Hispanic, Latino or Spanish Origin (E.g., Mexican or Mexican American. Puerto Rican, Cuban, Salvadorian, Dominican, etc.)",NA,NA,"Dominican",NA,NA,NA,NA,"No","No","No","Single",NA,"Less than $60,000","$200 or less",NA,"$60,000 to $99,999","Social Status is where you stand in society financially and what opportunities you have available to you because of it.","Social Mobility it’s the ability to move up in class"
"2024","Spring","24286544",3.652,118,"BA","2024-04-08","2024-04-08","1555","40.6877","-73.9267","11221","2004","Female",NA,"Female","Uncertain/Questioning",NA,"Full-time (12 credits or more)","Declared (Please specify major):","Pyschology",NA,"3.4","2nd year undergraduate","No","Black or African American (E.g., African American, Jamaican, Haitian, Nigerian, Ethiopian, Somalian, etc.:",NA,"Black",NA,NA,NA,NA,NA,"No","No","No","Single",NA,"Less than $60,000","$200 or less",NA,"Less than 60,000","Social status to me is a persons position in society","Social mobility is like a movement between social classes or positions."
"2024","Spring","24285294",3.141,60,"BA","2024-04-15","2024-04-15","1353","40.8312","-73.9067","10456","2004","Female",NA,"Female","Heterosexual (as in ""straight"")",NA,"Full-time (12 credits or more)","Undeclared (Please specify intended major):",NA,"Health science/Psychology","3.1","2nd year undergraduate","No","Black or African American (E.g., African American, Jamaican, Haitian, Nigerian, Ethiopian, Somalian, etc.:",NA,"Gambian",NA,NA,NA,NA,NA,"Yes","No","No","Single",NA,"Less than $60,000","$201-$400",NA,"$100,000 to $150,000","Someone’s position in society","Moving up the social status bar"
"2024","Spring","24192963",2.241,121,"BA","2024-04-19","2024-04-19","8401","40.66","-73.839","11434","2003","Male",NA,"Male","Bisexual",NA,"Full-time (12 credits or more)","Declared (Please specify major):","theater",NA,"3","3rd year undergraduate","No","Black or African American (E.g., African American, Jamaican, Haitian, Nigerian, Ethiopian, Somalian, etc.:",NA,"Jamaican",NA,NA,NA,NA,NA,"No","No","No","Single",NA,"Less than $60,000","$201-$400",NA,"Less than 60,000","position or rank in society","ability to move in between social classes"
"2024","Spring","16119360",2.974,123,"BA","2024-05-09","2024-05-09","1658","41.3948","-73.3214","10466","1984","Male",NA,"Male","Heterosexual (as in ""straight"")",NA,"Full-time (12 credits or more)","Declared (Please specify major):","Economics",NA,"2.76","6th year undergraduate","No","Black or African American (E.g., African American, Jamaican, Haitian, Nigerian, Ethiopian, Somalian, etc.:",NA,"Jamaicans",NA,NA,NA,NA,NA,"Yes","No","No","Married",NA,"$150,001 to $299,999","$1001-$1200",NA,"Greater than $300,000","How your peers and society views you.","The ability to move from poverty to middle class and above"
"2024","Spring","24330289",4,137,"BS","2024-05-06","2024-05-06","757","40.6372","-73.9037","11236","2002","Female",NA,"Female","Heterosexual (as in ""straight"")",NA,"Full-time (12 credits or more)","Declared (Please specify major):","biology",NA,"4","2nd year undergraduate","No","Black or African American (E.g., African American, Jamaican, Haitian, Nigerian, Ethiopian, Somalian, etc.:",NA,"Guyanese",NA,NA,NA,NA,NA,"No","No","Yes","Domestic partnership",NA,"Less than $60,000","$200 or less",NA,"$100,000 to $150,000","a person's position in the social hierarchy","moving up the social ladder"
"2024","Spring","24281314",3.028,50,"BE","2024-05-12","2024-05-12","1165","40.7465","-73.909","11373","2003","Male",NA,"Male","Heterosexual (as in ""straight"")",NA,"Part-time (Fewer than 12 credits)","Undeclared (Please specify intended major):",NA,"mechanical engineer","3","2nd year undergraduate","No","Asian (E.g., Chinese, Filipino, Asian Indian, Bangladeshi, Vietnamese, Korean etc,)",NA,NA,NA,"Tibetan",NA,NA,NA,"No","No","No","Single",NA,"Less than $60,000","$1001-$1200",NA,"$100,000 to $150,000","a position in which a person is in the society","being able to move up or down from where they are at"
"2024","Spring","24434919",2.721,51,"BBA","2024-04-26","2024-04-26","10378","40.8646","-73.8981","10458","2005","Male",NA,"Male","Heterosexual (as in ""straight"")",NA,"Full-time (12 credits or more)","Declared (Please specify major):","Biochemistry",NA,"3.2","1st year undergraduate","No","Black or African American (E.g., African American, Jamaican, Haitian, Nigerian, Ethiopian, Somalian, etc.:",NA,"Ghanian",NA,NA,NA,NA,NA,"Yes","No","No","Single",NA,"$60,000 to $99,999","$200 or less",NA,"$60,000 to $99,999","Money","The way your able to maneuver regardless of your social standing"
"2024","Spring","23980693",3.267,120,"BS","2024-04-16","2024-04-16","884","40.8231","-73.9513","10031","2003","Female",NA,"Female","Heterosexual (as in ""straight"")",NA,"Full-time (12 credits or more)","Declared (Please specify major):","B.S. Psychology",NA,"3","3rd year undergraduate","No","Black or African American (E.g., African American, Jamaican, Haitian, Nigerian, Ethiopian, Somalian, etc.:",NA,"Nigerian",NA,NA,NA,NA,NA,"Yes","No","No","Single",NA,"$100,000 to $150,000","$201-$400",NA,"$150,001 to $299,999","ranking in accordance to societal standards","ability to change and navigate social status"
"2024","Spring","24408079",3.484,89,"BA/MA","2024-04-16","2024-04-16","1524","40.8646","-73.8981","10458","2005","Female",NA,"Female","Heterosexual (as in ""straight"")",NA,"Full-time (12 credits or more)","Declared (Please specify major):","Psychology",NA,"3.5","1st year undergraduate","Yes","Hispanic, Latino or Spanish Origin (E.g., Mexican or Mexican American. Puerto Rican, Cuban, Salvadorian, Dominican, etc.)",NA,NA,"Mexican American",NA,NA,NA,NA,"Yes","No","No","Single",NA,"Less than $60,000","Other ( Please specify):","Unemployed","Less than 60,000","Social status is in someway what tells you apart from someone else kind of like a measurement of how much you even make I guess","I don’t understand this term honesty speaking"
"2024","Spring","24163541",3.324,122,"BA","2024-04-15","2024-04-15","1231","40.6627","-73.9138","11233","2003","Female",NA,"Female","Heterosexual (as in ""straight"")",NA,"Full-time (12 credits or more)","Declared (Please specify major):","Theater",NA,"3.5","3rd year undergraduate","No","Black or African American (E.g., African American, Jamaican, Haitian, Nigerian, Ethiopian, Somalian, etc.:",NA,"African American",NA,NA,NA,NA,NA,"No","No","No","Single",NA,"Less than $60,000","Other ( Please specify):","0.00","Less than 60,000","How well you’re known","How well you can get around different social groups"
"2024","Spring","24426363",2.71,83,"BA","2024-04-10","2024-04-10","1647","40.8596","-73.9316","10033","2004","Male",NA,"Male","Heterosexual (as in ""straight"")",NA,"Full-time (12 credits or more)","Declared (Please specify major):","Flim",NA,"2.4","1st year undergraduate","Yes","Hispanic, Latino or Spanish Origin (E.g., Mexican or Mexican American. Puerto Rican, Cuban, Salvadorian, Dominican, etc.)",NA,NA,"Dominican",NA,NA,NA,NA,"Yes","No","No","Single",NA,"$60,000 to $99,999","$200 or less",NA,"$60,000 to $99,999","To me I would be where in are consider by others in a status. Do you make more money than others, stuff like that.","Moving status, I'm not too sure what social mobility truly means."
"2024","Spring","24423705",2.815,82,"BA","2024-04-15","2024-04-15","1225","40.8231","-73.9513","10031","2005","Female",NA,"Female","Heterosexual (as in ""straight"")",NA,"Full-time (12 credits or more)","Declared (Please specify major):","psychology",NA,"1.7","1st year undergraduate","Yes","Hispanic, Latino or Spanish Origin (E.g., Mexican or Mexican American. Puerto Rican, Cuban, Salvadorian, Dominican, etc.)",NA,NA,"Mexican American",NA,NA,NA,NA,"Yes","No","No","Single",NA,"Less than $60,000","Other ( Please specify):","don't work","Less than 60,000","The rank that an individual holds, with attendant rights, duties, and lifestyle is. when people pick the people they want to hang with","How people grow socially"
"2024","Spring","24099058",3.232,154,"BA","2024-04-19","2024-04-19","707","40.6801","-73.9207","10940","2002","Female",NA,"Female","Bisexual",NA,"Full-time (12 credits or more)","Declared (Please specify major):","psychology",NA,"3.4","4th year undergraduate","No","Some other race, ethnicity or origin",NA,NA,NA,NA,NA,NA,"native hawaiian and egyptian","Yes","No","Yes","Single",NA,"$100,000 to $150,000","$200 or less",NA,"$60,000 to $99,999","The position that you are in socio-economically, with intersections based on characteristics that may cause discrimination?","Being able to change socio-economic brackets"
"2024","Spring","24441996",3.517,134,"BS","2024-04-22","2024-04-22","3200","40.6704","-73.6981","11003","2005","Male",NA,"Male","Heterosexual (as in ""straight"")",NA,"Full-time (12 credits or more)","Declared (Please specify major):","Biomedical Science",NA,"3.3","1st year undergraduate","No","Black or African American (E.g., African American, Jamaican, Haitian, Nigerian, Ethiopian, Somalian, etc.:",NA,"Jamaican American",NA,NA,NA,NA,NA,"No","No","No","Single",NA,"$100,000 to $150,000","$401-$600",NA,"$150,001 to $299,999","The value a person has in society","The idea that a person can vary in social status"
"2024","Spring","24431043",3.166,18,"BA","2024-04-28","2024-04-28","2149","40.822","-73.86","10456","2003","Male",NA,"Male","Heterosexual (as in ""straight"")",NA,"Full-time (12 credits or more)","Undeclared (Please specify intended major):",NA,"Psychology","3","1st year undergraduate","Yes","Hispanic, Latino or Spanish Origin (E.g., Mexican or Mexican American. Puerto Rican, Cuban, Salvadorian, Dominican, etc.)",NA,NA,"Dominican",NA,NA,NA,NA,"Yes","No","No","Domestic partnership",NA,"$60,000 to $99,999","$200 or less",NA,"$60,000 to $99,999","A persons importance in society.","advancement in society."
"2024","Spring","24072781",3.293,123,"BS","2024-04-16","2024-04-16","652","40.8231","-73.9513","10573","2002","Female",NA,"Female","Heterosexual (as in ""straight"")",NA,"Full-time (12 credits or more)","Declared (Please specify major):","Psychology",NA,"3.3","4th year undergraduate","Yes","Hispanic, Latino or Spanish Origin (E.g., Mexican or Mexican American. Puerto Rican, Cuban, Salvadorian, Dominican, etc.)",NA,NA,"Half Puerto Rican half black",NA,NA,NA,NA,"Yes","No","No","Single",NA,"$60,000 to $99,999","$201-$400",NA,"Less than 60,000","Social status is the amount of money and power someone can wield in life.","You can move up the social ladder"
"2024","Spring","24307886",3.925,24,"BE","2024-05-08","2024-05-08","708","40.7149","-73.9893","10002","2005","Male",NA,"Male","Heterosexual (as in ""straight"")",NA,"Full-time (12 credits or more)","Undeclared (Please specify intended major):",NA,"computer engineering","0","1st year undergraduate","No","Asian (E.g., Chinese, Filipino, Asian Indian, Bangladeshi, Vietnamese, Korean etc,)",NA,NA,NA,"chinese",NA,NA,NA,"No","Yes","No","Single",NA,"Less than $60,000","$200 or less",NA,"$100,000 to $150,000","where you stand in society; how important you are","i am not sure"
"2024","Spring","24281158",3.696,124,"BA","2024-04-11","2024-04-11","1316","40.7653","-73.9589","10454","2004","Female",NA,"Female","Heterosexual (as in ""straight"")",NA,"Full-time (12 credits or more)","Declared (Please specify major):","PSYCHOLOGY",NA,"3.4","2nd year undergraduate","Yes","Hispanic, Latino or Spanish Origin (E.g., Mexican or Mexican American. Puerto Rican, Cuban, Salvadorian, Dominican, etc.)",NA,NA,"ECUADORIAN AND GUATEMALAN",NA,NA,NA,NA,"Yes","No","No","Other:","IN A RELATIONSHIP","$60,000 to $99,999","$201-$400",NA,"$100,000 to $150,000","Rank in society, mostly in class","How someone changes their socio-economic status"
"2024","Spring","24446696",3.909,63,"BS","2024-04-28","2024-04-28","713","40.6208","-74.0426","11209","2005","Male",NA,"Male","Heterosexual (as in ""straight"")",NA,"Full-time (12 credits or more)","Undeclared (Please specify intended major):",NA,"Biochemsitry","4","1st year undergraduate","No","White or Caucasian (E.g., German, Irish, English, Italian, Polish, French, etc.)","Irish",NA,NA,NA,NA,NA,NA,"No","No","No","Single",NA,"$60,000 to $99,999","$200 or less",NA,"$150,001 to $299,999","How others value you and your work","social mobility is how an individual changes how others perceive them"
"2024","Spring","24452008",2.825,36,"BA","2024-04-24","2024-04-24","9232","40.694","-73.9901","10460","2006","Female",NA,"Female","Heterosexual (as in ""straight"")",NA,"Full-time (12 credits or more)","Undeclared (Please specify intended major):",NA,"Biology","0","1st year undergraduate","Yes","Hispanic, Latino or Spanish Origin (E.g., Mexican or Mexican American. Puerto Rican, Cuban, Salvadorian, Dominican, etc.)",NA,NA,"Dominican",NA,NA,NA,NA,"Yes","No","No","Single",NA,"Less than $60,000","Other ( Please specify):","0","Greater than $300,000","I understand it as someone's position in society.","I understand it as someone going from one position to another in society."
"2024","Spring","24307886",3.925,24,"BE","2024-05-08","2024-05-08","335","40.7149","-73.9893","10002","2005","Male",NA,"Male","Heterosexual (as in ""straight"")",NA,"Full-time (12 credits or more)","Undeclared (Please specify intended major):",NA,"computer engineering","0","1st year undergraduate","No","Asian (E.g., Chinese, Filipino, Asian Indian, Bangladeshi, Vietnamese, Korean etc,)",NA,NA,NA,"chinese",NA,NA,NA,"Yes","Yes","No","Single",NA,"Less than $60,000","$200 or less",NA,"$100,000 to $150,000","where you stand in society","unsure"
"2024","Spring","24298202",3.324,97,"BA","2024-04-23","2024-04-23","1771","40.7961","-73.9513","10029","2004","Male",NA,"Male","Heterosexual (as in ""straight"")",NA,"Full-time (12 credits or more)","Undeclared (Please specify intended major):",NA,"architecture","3.1","2nd year undergraduate","Yes","Hispanic, Latino or Spanish Origin (E.g., Mexican or Mexican American. Puerto Rican, Cuban, Salvadorian, Dominican, etc.)",NA,NA,"Mexican",NA,NA,NA,NA,"Yes","Yes","No","Single",NA,"$60,000 to $99,999","$201-$400",NA,"$60,000 to $99,999","I would define social status as a position one is in. This could be in a big group of pepple, jobs, etc.","Social mobility to me is the change one faces within their own family. One can gain a very high tier job and someone in our family still working for a very low tier company."
"2024","Spring","24277702",3.118,87,"BSED","2024-05-07","2024-05-07","14324","40.8231","-73.9513","10031","2004","Female",NA,"Female","Bisexual",NA,"Full-time (12 credits or more)","Undeclared (Please specify intended major):",NA,"Child Education","2.9","2nd year undergraduate","Yes","Hispanic, Latino or Spanish Origin (E.g., Mexican or Mexican American. Puerto Rican, Cuban, Salvadorian, Dominican, etc.)",NA,NA,"Mexican",NA,NA,NA,NA,"Yes","No","No","Single",NA,"Less than $60,000","$201-$400",NA,"Less than 60,000","The position where someone stands within a group or society.","The ability that someone has when they are able to change their ranking in a group or society"
"2024","Spring","24441996",3.517,134,"BS","2024-04-20","2024-04-20","1716","40.6704","-73.6981","11003","2005","Male",NA,"Male","Heterosexual (as in ""straight"")",NA,"Full-time (12 credits or more)","Declared (Please specify major):","Biomedical Science",NA,"3.3","1st year undergraduate","No","Black or African American (E.g., African American, Jamaican, Haitian, Nigerian, Ethiopian, Somalian, etc.:",NA,"Jamaican American",NA,NA,NA,NA,NA,"No","No","No","Single",NA,"$100,000 to $150,000","$601-$800",NA,"$150,001 to $299,999","I would define social status as the way in which a society views you","The shift in one's social status"
"2024","Spring","24247760",3.2,100,"BS","2024-05-05","2024-05-05","693","40.5978","-74.0001","11224","2005","Male",NA,"Male","Heterosexual (as in ""straight"")",NA,"Full-time (12 credits or more)","Undeclared (Please specify intended major):",NA,"BIology","4","1st year undergraduate","No","Some other race, ethnicity or origin",NA,NA,NA,NA,NA,NA,"Tajik","Yes","No","No","Single",NA,"Greater than $300,000","$401-$600",NA,"Greater than $300,000","Your place in society","A persons ability to move through social classes"
"2024","Spring","24172707",2.562,117,"BA","2024-05-05","2024-05-05","2900","40.6358","-73.7147","11580","2003","Female",NA,"Female","Heterosexual (as in ""straight"")",NA,"Full-time (12 credits or more)","Declared (Please specify major):","Childhood education",NA,"2","3rd year undergraduate","Yes","Hispanic, Latino or Spanish Origin (E.g., Mexican or Mexican American. Puerto Rican, Cuban, Salvadorian, Dominican, etc.)",NA,NA,"Colombian and Ecuadorian",NA,NA,NA,NA,"Yes","No","No","Single",NA,"Less than $60,000","$200 or less",NA,"Less than 60,000","How you portray yourself in front of society","A change in social position"
"2024","Spring","24246043",3.488,51,"BA","2024-04-18","2024-04-18","3978","40.598","-73.9467","11234","2005","Female",NA,"Female","Heterosexual (as in ""straight"")",NA,"Full-time (12 credits or more)","Declared (Please specify major):","English",NA,"4","1st year undergraduate","No","White or Caucasian (E.g., German, Irish, English, Italian, Polish, French, etc.)","Russian",NA,NA,NA,NA,NA,NA,"Yes","No","No","Single",NA,"$100,000 to $150,000","$200 or less",NA,"$60,000 to $99,999","popularity","not sure"
"2024","Spring","24222336",3.535,114,"BS","2024-05-12","2024-05-12","482","40.7162","-73.9229","10031","2005","Female",NA,"Female","Heterosexual (as in ""straight"")",NA,"Full-time (12 credits or more)","Declared (Please specify major):","Psychology",NA,"3.5","2nd year undergraduate","No","Black or African American (E.g., African American, Jamaican, Haitian, Nigerian, Ethiopian, Somalian, etc.:",NA,"African",NA,NA,NA,NA,NA,"No","No","No","Other:","None","$60,000 to $99,999","$200 or less",NA,"$100,000 to $150,000","Where you are in the society","How aware you are of your societu"
"2024","Spring","24181888",3.271,100,"BA","2024-04-15","2024-04-15","2176","40.8622","-73.8902","10460","2002","Female",NA,"Female","Heterosexual (as in ""straight"")",NA,"Full-time (12 credits or more)","Declared (Please specify major):","psychology",NA,"3.6","2nd year undergraduate","Yes","Hispanic, Latino or Spanish Origin (E.g., Mexican or Mexican American. Puerto Rican, Cuban, Salvadorian, Dominican, etc.)",NA,NA,"Dominican, Puerto Rican",NA,NA,NA,NA,"No","No","No","Single",NA,"Less than $60,000","$200 or less",NA,"$60,000 to $99,999","Social status is the position you are in society.","Social mobility to my understanding is when a person moves from one social status to another."
"2024","Spring","24155392",2.39,43,"BA","2024-04-17","2024-04-17","718","40.6713","-73.8943","11207","2004","Male",NA,"Male","Heterosexual (as in ""straight"")",NA,"Full-time (12 credits or more)","Undeclared (Please specify intended major):",NA,"Electrical engineering","2.4","2nd year undergraduate","Yes","Hispanic, Latino or Spanish Origin (E.g., Mexican or Mexican American. Puerto Rican, Cuban, Salvadorian, Dominican, etc.)",NA,NA,"Mexican",NA,NA,NA,NA,"Yes","Yes","No","Single",NA,"$60,000 to $99,999","$200 or less",NA,"$100,000 to $150,000","Social Status means the status of your everyday life.","Social Mobility is how you move in your everyday life"
"2024","Spring","24084829",1.741,124,"BS","2024-05-10","2024-05-11","1383","40.7428","-73.9712","11372","1989","Female",NA,"Female","Heterosexual (as in ""straight"")",NA,"Full-time (12 credits or more)","Declared (Please specify major):","Biotechnology",NA,"2.1","3rd year undergraduate","No","Asian (E.g., Chinese, Filipino, Asian Indian, Bangladeshi, Vietnamese, Korean etc,)",NA,NA,NA,"Thai",NA,NA,NA,"Yes","Yes","Yes","Single",NA,"Less than $60,000","$401-$600",NA,"$60,000 to $99,999","It can identify what level you are, and how your life is","A person’s economic situation"
"2024","Spring","24346643",3.308,81,"BE","2024-05-03","2024-05-03","1393","40.7609","-73.9115","11377","2005","Male",NA,"Male","Heterosexual (as in ""straight"")",NA,"Full-time (12 credits or more)","Undeclared (Please specify intended major):",NA,"civil engineering","3.4","1st year undergraduate","Yes","Hispanic, Latino or Spanish Origin (E.g., Mexican or Mexican American. Puerto Rican, Cuban, Salvadorian, Dominican, etc.)",NA,NA,"Latino",NA,NA,NA,NA,"Yes","No","No","Domestic partnership",NA,"$60,000 to $99,999","$200 or less",NA,"$60,000 to $99,999","A label given to you to try and generalize what type of person you are based on what you contribute to society","being able to socialize well with other people in society"
"2024","Spring","24346245",3.363,122,"BA","2024-04-22","2024-04-22","1177","40.9476","-73.8624","10705","2003","Female",NA,"Female","Heterosexual (as in ""straight"")",NA,"Full-time (12 credits or more)","Declared (Please specify major):","Psychology",NA,"3.3","2nd year undergraduate","Yes","Hispanic, Latino or Spanish Origin (E.g., Mexican or Mexican American. Puerto Rican, Cuban, Salvadorian, Dominican, etc.)",NA,NA,"Mexican-American",NA,NA,NA,NA,"Yes","No","No","Single",NA,"Less than $60,000","$201-$400",NA,"$60,000 to $99,999","category people are perceived as based on income","i don’t know"
"2024","Spring","24331243",3.509,96,"BBA","2024-04-18","2024-04-18","2588","40.6627","-73.9138","11208","2004","Male",NA,"Male","Heterosexual (as in ""straight"")",NA,"Full-time (12 credits or more)","Undeclared (Please specify intended major):",NA,"Computer Science","3.8","1st year undergraduate","No","Asian (E.g., Chinese, Filipino, Asian Indian, Bangladeshi, Vietnamese, Korean etc,)",NA,NA,NA,"Bangladeshi",NA,NA,NA,"No","No","Yes","Single",NA,"Less than $60,000","$201-$400",NA,"$100,000 to $150,000","It refers to the honor or prestige attached to one's position in society.","I dont know"
"2024","Spring","24169031",2.345,108,"BA","2024-04-19","2024-04-19","1232","40.8231","-73.9513","11373","2004","Female",NA,"Female","Uncertain/Questioning",NA,"Full-time (12 credits or more)","Declared (Please specify major):","Psychology",NA,"2.6","2nd year undergraduate","Yes","Hispanic, Latino or Spanish Origin (E.g., Mexican or Mexican American. Puerto Rican, Cuban, Salvadorian, Dominican, etc.)",NA,NA,"Mexican American",NA,NA,NA,NA,"Yes","No","No","Single",NA,"Less than $60,000","$200 or less",NA,"$60,000 to $99,999","Something made up by people to feel better about themselves.","How someone moves throughout society?"
"2024","Spring","24032150",3.828,125,"BA","2024-04-22","2024-04-22","656","40.8518","-73.8705","10462","2002","Female",NA,"Female","Asexual",NA,"Full-time (12 credits or more)","Declared (Please specify major):","Communications",NA,"3.8","4th year undergraduate","Yes","Hispanic, Latino or Spanish Origin (E.g., Mexican or Mexican American. Puerto Rican, Cuban, Salvadorian, Dominican, etc.)",NA,NA,"Dominican",NA,NA,NA,NA,"Yes","No","No","Single",NA,"Less than $60,000","$601-$800",NA,"$100,000 to $150,000","Popularity","Advancment"
"2024","Spring","24134112",3.606,101,"BA","2024-04-18","2024-04-18","1602","40.6304","-74.1641","10303","2004","Female",NA,"Female","Heterosexual (as in ""straight"")",NA,"Full-time (12 credits or more)","Declared (Please specify major):","Biology",NA,"3.5","2nd year undergraduate","No","Black or African American (E.g., African American, Jamaican, Haitian, Nigerian, Ethiopian, Somalian, etc.:",NA,"Haitian",NA,NA,NA,NA,NA,"Yes","No","No","Single",NA,"$60,000 to $99,999","$201-$400",NA,"$100,000 to $150,000","social status refers to a person's rank within a society's hierarchy which is often determined by wealth, education, and family background. It's basically how people interact with one another and how it can affect access to opportunities","Social mobility is the movement of people or groups within a social hierarchy mainly from socioeconomic status to another."
"2024","Spring","24316215",3.176,111,"BA","2024-04-18","2024-04-18","922","40.828","-73.8685","10469","2004","Male",NA,"Male","Heterosexual (as in ""straight"")",NA,"Full-time (12 credits or more)","Declared (Please specify major):","Psychology",NA,"2.9","2nd year undergraduate","Yes","Hispanic, Latino or Spanish Origin (E.g., Mexican or Mexican American. Puerto Rican, Cuban, Salvadorian, Dominican, etc.)",NA,NA,"Dominican",NA,NA,NA,NA,"Yes","No","No","Single",NA,"$60,000 to $99,999","$201-$400",NA,"$100,000 to $150,000","Social status is your position in society how much power or how much publicity or how much money you have  like what group do you fall in","I don’t really understand it much"
"2024","Spring","23058599",3.577,30,"MA","2024-05-09","2024-05-09","3764","40.8231","-73.9513","10031","1994","Male",NA,"Male","Heterosexual (as in ""straight"")",NA,"Not a College student","Declared (Please specify major):","Psychology",NA,"3.5","Graduate","No","White or Caucasian (E.g., German, Irish, English, Italian, Polish, French, etc.)","Turkish",NA,NA,NA,NA,NA,NA,"Yes","No","No","Domestic partnership",NA,"$60,000 to $99,999","$1001-$1200",NA,"$100,000 to $150,000","From birth, based on family","The CUNY system"
"2024","Spring","24193446",2.907,105,"BSED","2024-04-30","2024-04-30","1474","40.8646","-73.8981","10458","2002","Female",NA,"Female","Heterosexual (as in ""straight"")",NA,"Full-time (12 credits or more)","Declared (Please specify major):","childhood education",NA,"3.08","3rd year undergraduate","No","White or Caucasian (E.g., German, Irish, English, Italian, Polish, French, etc.)","albanian",NA,NA,NA,NA,NA,NA,"Yes","No","No","Single",NA,"Less than $60,000","$200 or less",NA,"Less than 60,000","where one stands in society","leveling up"
"2024","Spring","23995113",3.271,124,"BA","2024-05-02","2024-05-02","2060","40.6704","-73.6981","11510","2004","Female",NA,"Female","Heterosexual (as in ""straight"")",NA,"Full-time (12 credits or more)","Declared (Please specify major):","Psychology",NA,"3","2nd year undergraduate","No","Black or African American (E.g., African American, Jamaican, Haitian, Nigerian, Ethiopian, Somalian, etc.:",NA,"Haitian",NA,NA,NA,NA,NA,"Yes","No","No","Single",NA,"$60,000 to $99,999","$200 or less",NA,"$100,000 to $150,000","It’s the umbrella term that holds characteristics of oneself. Are you a daughter or son? Student or teacher? Single or Married? Low or High Income Earner? Popular or extroverted? Or Are you not popular or prefer being alone?These compromise one’s relationship and identity in society. They have ranking meaning; you can interplay between a less or more advanced version of social status.","The form of interplay or movement between one stage or social status to another. Think of an entry level position evolving into an advanced level position. Or Unexpectedly inheriting fifty million when you were previously worth less than fifty thousand. Sometimes you control it, other times it occurs unexpectedly."
"2024","Spring","24292149",2.971,107,"BA","2024-04-24","2024-04-24","1481","40.8271","-73.9359","10039","2004","Female",NA,"Female","Heterosexual (as in ""straight"")",NA,"Full-time (12 credits or more)","Declared (Please specify major):","Psychology",NA,"3.1","2nd year undergraduate","No","Black or African American (E.g., African American, Jamaican, Haitian, Nigerian, Ethiopian, Somalian, etc.:",NA,"Black, Jamaican",NA,NA,NA,NA,NA,"No","No","No","Single",NA,"$60,000 to $99,999","$200 or less",NA,"$60,000 to $99,999","your position in society that determines your treatment and i believe the term in absurb because no status will lengthen your lifestyle when death comes knocking at your door.","probably socialbility in the workplace"
"2024","Spring","24312944",3.47,90,"BA","2024-05-08","2024-05-08","1069","40.8547","-73.9218","10452","2004","Male",NA,"Male","Heterosexual (as in ""straight"")",NA,"Full-time (12 credits or more)","Declared (Please specify major):","Film & Jewish Studies",NA,"3.5","2nd year undergraduate","Yes","Hispanic, Latino or Spanish Origin (E.g., Mexican or Mexican American. Puerto Rican, Cuban, Salvadorian, Dominican, etc.)",NA,NA,"Dominican",NA,NA,NA,NA,"Yes","No","No","Single",NA,"Less than $60,000","Other ( Please specify):","0","$100,000 to $150,000","economic situation.","change in a persons economical situation"
"2024","Spring","24301517",3.702,98,"BA/MA","2024-05-07","2024-05-07","1107","40.6462","-73.9559","11208","2001","Female",NA,"Female","Heterosexual (as in ""straight"")",NA,"Full-time (12 credits or more)","Declared (Please specify major):","Psychology",NA,"3.602","2nd year undergraduate","No","Asian (E.g., Chinese, Filipino, Asian Indian, Bangladeshi, Vietnamese, Korean etc,)",NA,NA,NA,"Bangladeshi",NA,NA,NA,"Yes","No","No","Single",NA,"Less than $60,000","$201-$400",NA,"$60,000 to $99,999","One’s social value","Shift in social status"
"2024","Spring","24181965",2.798,96,"BA","2024-05-04","2024-05-04","1430","40.8622","-73.8902","10460","2002","Female",NA,"Female","Heterosexual (as in ""straight"")",NA,"Full-time (12 credits or more)","Declared (Please specify major):","psychology",NA,"3","2nd year undergraduate","Yes","Hispanic, Latino or Spanish Origin (E.g., Mexican or Mexican American. Puerto Rican, Cuban, Salvadorian, Dominican, etc.)",NA,NA,"Dominican and Puerto Rican",NA,NA,NA,NA,"No","No","No","Single",NA,"Less than $60,000","Other ( Please specify):","0","Greater than $300,000","Not well","I never heard of that"
"2024","Spring","23239329",3.085,120,"BA","2024-05-01","2024-05-01","709","40.8205","-73.9183","10455","1998","Female",NA,"Female","Heterosexual (as in ""straight"")",NA,"Full-time (12 credits or more)","Declared (Please specify major):","Psychology",NA,"3","4th year undergraduate","Yes","Hispanic, Latino or Spanish Origin (E.g., Mexican or Mexican American. Puerto Rican, Cuban, Salvadorian, Dominican, etc.)",NA,NA,"Dominican",NA,NA,NA,NA,"Yes","No","No","Separated",NA,"Less than $60,000","$200 or less",NA,"$150,001 to $299,999","Economy wise, and importance","The ability to move from one status to another"
"2024","Spring","24198814",3.572,131,"BS","2024-04-14","2024-04-15","10260","40.822","-73.86","10473","2003","Female",NA,"Female","Heterosexual (as in ""straight"")",NA,"Full-time (12 credits or more)","Declared (Please specify major):","Biology",NA,"3.6","3rd year undergraduate","Yes","Hispanic, Latino or Spanish Origin (E.g., Mexican or Mexican American. Puerto Rican, Cuban, Salvadorian, Dominican, etc.)",NA,NA,"Hispanic",NA,NA,NA,NA,"Yes","No","No","Single",NA,"$60,000 to $99,999","$200 or less",NA,"Less than 60,000","An individuals position in society","Moving up or down from positions"
"2024","Spring","24064219",3.665,129,"BS","2024-05-11","2024-05-11","857","40.7465","-73.909","11104","2002","Male",NA,"Male","Heterosexual (as in ""straight"")",NA,"Full-time (12 credits or more)","Declared (Please specify major):","Biology, B.S.",NA,"3.61","4th year undergraduate","No","Asian (E.g., Chinese, Filipino, Asian Indian, Bangladeshi, Vietnamese, Korean etc,)",NA,NA,NA,"Bengali/Bangladeshi",NA,NA,NA,"Yes","No","No","Single",NA,"$60,000 to $99,999","$200 or less",NA,"$150,001 to $299,999","Dependent on race, sexuality, and economic income.","The ability to move up the social ladder, perhaps getting a better job in the future."
"2024","Spring","24406217",3.025,68,"BA","2024-04-12","2024-04-12","1569","40.8547","-73.9218","10457","2005","Female",NA,"Female","Heterosexual (as in ""straight"")",NA,"Full-time (12 credits or more)","Declared (Please specify major):","Psychology",NA,"2.8","1st year undergraduate","Yes","Hispanic, Latino or Spanish Origin (E.g., Mexican or Mexican American. Puerto Rican, Cuban, Salvadorian, Dominican, etc.)",NA,NA,"Mexican",NA,NA,NA,NA,"Yes","No","No","Single",NA,"Less than $60,000","$200 or less",NA,"Less than 60,000","I define it as how known you are in your department and or job.","I’m not sure"
"2024","Spring","24420074",1.846,33,"BA","2024-04-12","2024-04-12","1395","40.8205","-73.9183","10455","2004","Male",NA,"Male","Heterosexual (as in ""straight"")",NA,"Full-time (12 credits or more)","Undeclared (Please specify intended major):",NA,"N/A","2","1st year undergraduate","Yes","Hispanic, Latino or Spanish Origin (E.g., Mexican or Mexican American. Puerto Rican, Cuban, Salvadorian, Dominican, etc.)",NA,NA,"Mexican",NA,NA,NA,NA,"Yes","No","No","Single",NA,"Less than $60,000","Other ( Please specify):","0","$60,000 to $99,999","where you are interms of money","how you are able to grow"
"2024","Spring","24282098",3.686,114,"BA","2024-05-10","2024-05-10","1443","40.7162","-73.9229","11237","2004","Female",NA,"Female","Uncertain/Questioning",NA,"Full-time (12 credits or more)","Declared (Please specify major):","Studio Art",NA,"3.8","2nd year undergraduate","Yes","Hispanic, Latino or Spanish Origin (E.g., Mexican or Mexican American. Puerto Rican, Cuban, Salvadorian, Dominican, etc.)",NA,NA,"Honduran",NA,NA,NA,NA,"Yes","No","No","Single",NA,"Less than $60,000","$200 or less",NA,"Less than 60,000","privileges in society","to move up in social hierarchies"
"2024","Summer","24029739",3.298,125,"BA","2024-07-01","2024-07-01","27402","40.674","-73.9701","10455","2002","Female",NA,"Female","Heterosexual (as in ""straight"")",NA,"Full-time (12 credits or more)","Declared (Please specify major):","Psychology",NA,"3","4th year undergraduate","Yes","Hispanic, Latino or Spanish Origin (E.g., Mexican or Mexican American. Puerto Rican, Cuban, Salvadorian, Dominican, etc.)",NA,NA,"Mexican",NA,NA,NA,NA,"Yes","No","No","Single",NA,"$60,000 to $99,999","Other ( Please specify):","I'm not sure","$60,000 to $99,999","social status is the social value individuals have","social mobility is the social status individuals change through"
"2024","Summer","24029739",3.298,125,"BA","2024-07-01","2024-07-01","1430","40.674","-73.9701","10455","2002","Female",NA,"Female","Heterosexual (as in ""straight"")",NA,"Full-time (12 credits or more)","Declared (Please specify major):","Psychology",NA,"3","4th year undergraduate","Yes","Hispanic, Latino or Spanish Origin (E.g., Mexican or Mexican American. Puerto Rican, Cuban, Salvadorian, Dominican, etc.)",NA,NA,"Mexican",NA,NA,NA,NA,"Yes","No","No","Single",NA,"$60,000 to $99,999","Other ( Please specify):","I don't work","Less than 60,000","A social value an individual has","How an individual's status can change"
"2024","Spring","24071327",3.176,121,"BA","2024-05-13","2024-05-13","840","40.7009","-73.9461","11211","2001","Male",NA,"Male","Heterosexual (as in ""straight"")",NA,"Full-time (12 credits or more)","Declared (Please specify major):","Psychology",NA,"2.658","3rd year undergraduate","Yes","Hispanic, Latino or Spanish Origin (E.g., Mexican or Mexican American. Puerto Rican, Cuban, Salvadorian, Dominican, etc.)",NA,NA,"Dominican",NA,NA,NA,NA,"Yes","No","No","Single",NA,"Less than $60,000","$401-$600",NA,"$60,000 to $99,999","how much money you have","the ability to go from poor to middle class"
"2024","Fall","24138816",4,122,"BA","2024-09-02","2024-09-02","705","40.6713","-73.8943","10474","2004","Female",NA,"Female","Heterosexual (as in ""straight"")",NA,"Full-time (12 credits or more)","Declared (Please specify major):","Psychology",NA,"4","4th year undergraduate","Yes","Hispanic, Latino or Spanish Origin (E.g., Mexican or Mexican American. Puerto Rican, Cuban, Salvadorian, Dominican, etc.)",NA,NA,"Dominican",NA,NA,NA,NA,"Yes","No","No","Single",NA,"Less than $60,000","$200 or less",NA,"$60,000 to $99,999","The prestige you have in society","The ladder that you can increase within society"
"2024","Spring","24275502",3.961,120,"BS","2024-05-14","2024-05-15","758","40.6994","-73.8883","11385","2005","Male",NA,"Male","Heterosexual (as in ""straight"")",NA,"Full-time (12 credits or more)","Declared (Please specify major):","PSYCHOLOGY BS",NA,"3.9","1st year undergraduate","No","Middle Eastern or North African (E.g., Lebanese, Iranian, Egyptian, Syrian, Moroccan, Algerian, etc.)",NA,NA,NA,NA,NA,"Egyptian",NA,"Yes","No","Yes","Single",NA,"Less than $60,000","$200 or less",NA,"$100,000 to $150,000","relations with other people","movement in individuals"
"2024","Spring","24137296",3.762,103,"BA","2024-05-21","2024-05-21","1973","40.8231","-73.9513","10033","2005","Female",NA,"Female","Heterosexual (as in ""straight"")",NA,"Full-time (12 credits or more)","Declared (Please specify major):","Psychology",NA,"3.8","1st year undergraduate","Yes","Hispanic, Latino or Spanish Origin (E.g., Mexican or Mexican American. Puerto Rican, Cuban, Salvadorian, Dominican, etc.)",NA,NA,"Dominican",NA,NA,NA,NA,"Yes","No","No","Single",NA,"Less than $60,000","$200 or less",NA,"Less than 60,000","Social Status has to do with hierarchy and kind of like a latter in a sense and everyone is at different scales depending on money, race, etc","Social mobility is a persons socio economic situation"
"2024","Spring","24402780",2.537,21,"BE","2024-05-15","2024-05-15","2736","40.8343","-73.9235","10455","2005","Male",NA,"Male","Heterosexual (as in ""straight"")",NA,"Full-time (12 credits or more)","Undeclared (Please specify intended major):",NA,"I don't know yet","4","1st year undergraduate","No","Native American or Alaska Native (e.g., Navajo nation, Blackfeet tribe, Mayan, Aztec, Nome Eskimo community, etc.)",NA,NA,NA,NA,"Was born in America",NA,NA,"Yes","No","No","Single",NA,"Less than $60,000","$200 or less",NA,"Less than 60,000","Where someone is in life or there role","There economic place"
"2024","Spring","24203891",3.503,52,"BA","2024-05-21","2024-05-21","1368","40.8596","-73.9316","10040","2005","Female",NA,"Female","Bisexual",NA,"Not a College student","Undeclared (Please specify intended major):",NA,"Early College Iniative","3.8","Non-degree seeking","No","White or Caucasian (E.g., German, Irish, English, Italian, Polish, French, etc.)","Albanian",NA,NA,NA,NA,NA,NA,"Yes","No","No","Other:","Dating","Less than $60,000","$200 or less",NA,"$100,000 to $150,000","How you are percieved in society","Your freedom in society"
"2024","Summer","24035127",3.274,121,"BS","2024-06-26","2024-06-26","2149","40.6568","-75.3912","18042","2002","Female",NA,"Female","Heterosexual (as in ""straight"")",NA,"Full-time (12 credits or more)","Declared (Please specify major):","Biology",NA,"3.1","4th year undergraduate","Yes","Hispanic, Latino or Spanish Origin (E.g., Mexican or Mexican American. Puerto Rican, Cuban, Salvadorian, Dominican, etc.)",NA,NA,"Dominican",NA,NA,NA,NA,"Yes","No","No","Single",NA,"$60,000 to $99,999","Other ( Please specify):","currently unemployed","$100,000 to $150,000","How you and others view you in society ( the position you occupied)","working hard and being resilient in the pursuit to be in a better or desired position in life"
"2024","Spring","24015870",3.212,120,"BA","2024-05-22","2024-05-22","852","40.8622","-73.8902","10468","2003","Female",NA,"Female","Heterosexual (as in ""straight"")",NA,"Full-time (12 credits or more)","Declared (Please specify major):","Psychology",NA,"3.1","3rd year undergraduate","Yes","Hispanic, Latino or Spanish Origin (E.g., Mexican or Mexican American. Puerto Rican, Cuban, Salvadorian, Dominican, etc.)",NA,NA,"Dominican",NA,NA,NA,NA,"Yes","No","No","Other:","In relationship","Less than $60,000","$200 or less",NA,"$60,000 to $99,999","healthy relationships","being able to develop social relationships"
"2024","Spring","24451799",3.31,30,"BE","2024-05-14","2024-05-14","1171","40.6764","-73.8753","11417","2005","Male",NA,"Male","Heterosexual (as in ""straight"")",NA,"Full-time (12 credits or more)","Undeclared (Please specify intended major):",NA,"Nothing yet","2.85","1st year undergraduate","Yes","Hispanic, Latino or Spanish Origin (E.g., Mexican or Mexican American. Puerto Rican, Cuban, Salvadorian, Dominican, etc.)",NA,NA,"Colombian and Dominican",NA,NA,NA,NA,"Yes","No","No","Single",NA,"Less than $60,000","Other ( Please specify):","Unemployed","$60,000 to $99,999","How successful you are as a person","being successful enough to comfortable do what you want,"
"2024","Spring","24433008",3.089,77,"BS","2024-05-21","2024-05-21","2009","40.8231","-73.9513","10472","2005","Female",NA,"Female","Heterosexual (as in ""straight"")",NA,"Full-time (12 credits or more)","Declared (Please specify major):","Psychology",NA,"3.7","1st year undergraduate","No","Asian (E.g., Chinese, Filipino, Asian Indian, Bangladeshi, Vietnamese, Korean etc,)",NA,NA,NA,"Bangladeshi",NA,NA,NA,"Yes","No","No","Single",NA,"Less than $60,000","$200 or less",NA,"$60,000 to $99,999","I will define with the things that we wear that things that we have.","Being active"
"2024","Spring","24029323",2.833,122,"BA","2024-05-14","2024-05-14","860","40.7428","-73.9712","11237","2002","Female",NA,"Female","Heterosexual (as in ""straight"")",NA,"Full-time (12 credits or more)","Declared (Please specify major):","Psychology",NA,"2.8","4th year undergraduate","Yes","Hispanic, Latino or Spanish Origin (E.g., Mexican or Mexican American. Puerto Rican, Cuban, Salvadorian, Dominican, etc.)",NA,NA,"Mexican",NA,NA,NA,NA,"Yes","No","No","Single",NA,"Less than $60,000","Other ( Please specify):","Not sure","$60,000 to $99,999","Society hierarchy ( low , middle and high )","How far you can change your status from being low to working hard to be at the top"
"2024","Spring","24439597",3.62,63,"BSED","2024-05-14","2024-05-14","1114","40.8205","-73.9183","10454","2005","Female",NA,"Female","Bisexual",NA,"Full-time (12 credits or more)","Declared (Please specify major):","childhood education",NA,"3.9","1st year undergraduate","Yes","Hispanic, Latino or Spanish Origin (E.g., Mexican or Mexican American. Puerto Rican, Cuban, Salvadorian, Dominican, etc.)",NA,NA,"Mexican American",NA,NA,NA,NA,"Yes","Yes","No","Single",NA,"$60,000 to $99,999","$200 or less",NA,"$60,000 to $99,999","I define ""social status"" as how 'popular' you are in society. How many friends you have, etc. I think it's very different than socioeconomic status.","I define ""social mobility"" as the way you can get along with people from different walks of life. In any room that you are in, you are somehow able to get around and make friends."
"2024","Summer","24174284",3.233,122,"BA","2024-06-24","2024-06-24","1031","40.7503","-74.0014","10459","2003","Female",NA,"Female","Heterosexual (as in ""straight"")",NA,"Full-time (12 credits or more)","Declared (Please specify major):","Psychology BA",NA,"3.4","4th year undergraduate","Yes","Hispanic, Latino or Spanish Origin (E.g., Mexican or Mexican American. Puerto Rican, Cuban, Salvadorian, Dominican, etc.)",NA,NA,"Dominican",NA,NA,NA,NA,"Yes","No","No","Married",NA,"$100,000 to $150,000","$601-$800",NA,"$100,000 to $150,000","Social status is all about someone's income because based on how much money you hav epeopleperceive youa s better tha or less than","Social mobility it's about what do you do with your life to move yourself up the social scale ladder. weather its going to college or building a business"
"2024","Fall","24352349",3.204,93,"BS","2024-08-31","2024-08-31","1677","40.7484","-73.862","11368","2005","Female",NA,"Female","Bisexual",NA,"Full-time (12 credits or more)","Undeclared (Please specify intended major):",NA,"Digital Design","3.2","2nd year undergraduate","No","Middle Eastern or North African (E.g., Lebanese, Iranian, Egyptian, Syrian, Moroccan, Algerian, etc.)",NA,NA,NA,NA,NA,"North African/Moroccan",NA,"Yes","No","No","Single",NA,"Less than $60,000","Other ( Please specify):","0","$60,000 to $99,999","Mostly by economic background, their families background like what occupation they've held","Improving your social status"
"2024","Spring","24108405",3.747,122,"BS","2024-05-20","2024-05-20","898","40.6994","-73.8883","11385","2003","Female",NA,"Female","Heterosexual (as in ""straight"")",NA,"Full-time (12 credits or more)","Declared (Please specify major):","Psychology BS",NA,"3.7","3rd year undergraduate","No","White or Caucasian (E.g., German, Irish, English, Italian, Polish, French, etc.)","White",NA,NA,NA,NA,NA,NA,"Yes","Yes","No","Single",NA,"Less than $60,000","$200 or less",NA,"Less than 60,000","position or rank","movement"
"2024","Summer","24058221",3.981,120,"BS","2024-06-13","2024-06-13","3646","40.8547","-73.9218","10458","2000","Female",NA,"Female","Heterosexual (as in ""straight"")",NA,"Full-time (12 credits or more)","Declared (Please specify major):","PSYCOLOGY",NA,"4","2nd year undergraduate","Yes","Some other race, ethnicity or origin",NA,NA,NA,NA,NA,NA,"Hispanic","Yes","Yes","No","Domestic partnership",NA,"Less than $60,000","$401-$600",NA,"$60,000 to $99,999","more stability and more income to support family","Move from one social status to other"
"2024","Fall","24177726",3.676,132,"BA","2024-08-30","2024-09-02","257607","40.6915","-73.8533","11421","2003","Male",NA,"Male","Heterosexual (as in ""straight"")",NA,"Full-time (12 credits or more)","Declared (Please specify major):","Management and Administration",NA,"3.589","4th year undergraduate","No","Asian (E.g., Chinese, Filipino, Asian Indian, Bangladeshi, Vietnamese, Korean etc,)",NA,NA,NA,"Chinese",NA,NA,NA,"No","No","No","Single",NA,"Less than $60,000","$200 or less",NA,"$60,000 to $99,999","Social status can be defined as how well off you are and how you fit into modern society. It's about whether you are contributing and succeeding in the context of your community and broader social environment. This includes factors like your financial situation, your role in society, and how others perceive your contributions and achievements.","Social mobility can be defined as the ability of an individual or group to move up or down the social ladder. It reflects changes in a person's social status relative to their starting point, often influenced by factors like education, career opportunities, and economic conditions."
"2024","Spring","24299450",2.965,104,"BA","2024-05-15","2024-05-15","752","40.8312","-73.9067","10029","2004","Male",NA,"Male","Heterosexual (as in ""straight"")",NA,"Full-time (12 credits or more)","Undeclared (Please specify intended major):",NA,"Communications","3.2","2nd year undergraduate","Yes","Hispanic, Latino or Spanish Origin (E.g., Mexican or Mexican American. Puerto Rican, Cuban, Salvadorian, Dominican, etc.)",NA,NA,"Puerto Rican, Mexican",NA,NA,NA,NA,"No","No","No","Single",NA,"Less than $60,000","Other ( Please specify):","0","$60,000 to $99,999","Social status is a role a person is born into","Social mobility is how a person goes on with their life in their social status"
"2024","Spring","24108859",2.568,86,"BA","2024-05-25","2024-05-25","5785","40.7364","-73.8695","11372","2001","Female",NA,"Female","Heterosexual (as in ""straight"")",NA,"Full-time (12 credits or more)","Undeclared (Please specify intended major):",NA,"Psychology","3.6","2nd year undergraduate","No","Asian (E.g., Chinese, Filipino, Asian Indian, Bangladeshi, Vietnamese, Korean etc,)",NA,NA,NA,"Bangladeshi",NA,NA,NA,"Yes","No","No","Single",NA,"$60,000 to $99,999","$200 or less",NA,"$150,001 to $299,999","Someone's position in the society based on their social and economic situation.","Upgrading to position that is better than the previous position."
"2024","Summer","23762347",3.155,121,"BA","2024-06-20","2024-06-20","1628","40.8142","-73.9081","10452","2000","Female",NA,"Female","Heterosexual (as in ""straight"")",NA,"Part-time (Fewer than 12 credits)","Declared (Please specify major):","Psychology",NA,"3.1","5th year undergraduate","Yes","Hispanic, Latino or Spanish Origin (E.g., Mexican or Mexican American. Puerto Rican, Cuban, Salvadorian, Dominican, etc.)",NA,NA,"Honduran",NA,NA,NA,NA,"No","No","No","Single",NA,"$60,000 to $99,999","$201-$400",NA,"$100,000 to $150,000","education, income, and occupation, determine someone's social status.","the movement of a person from one social status to another."
"2024","Spring","24306891",2.623,48,"BA","2024-05-13","2024-05-14","2637","40.6739","-73.9358","11216","2004","Female",NA,"Female","Bisexual",NA,"Full-time (12 credits or more)","Declared (Please specify major):","English",NA,"1.9","1st year undergraduate","No","Black or African American (E.g., African American, Jamaican, Haitian, Nigerian, Ethiopian, Somalian, etc.:",NA,"Black",NA,NA,NA,NA,NA,"No","No","No","Single",NA,"Less than $60,000","$201-$400",NA,"$100,000 to $150,000","How you are perceived by the other members of your society and what benefits it grants.","to be able to move from one social status to another."
"2024","Spring","24435809",2.511,27,"BA","2024-05-12","2024-05-12","1013","40.8518","-73.8705","10473","2005","Female",NA,"Female","Heterosexual (as in ""straight"")",NA,"Full-time (12 credits or more)","Undeclared (Please specify intended major):",NA,"not sure","2","1st year undergraduate","Yes","Hispanic, Latino or Spanish Origin (E.g., Mexican or Mexican American. Puerto Rican, Cuban, Salvadorian, Dominican, etc.)",NA,NA,"dominican",NA,NA,NA,NA,"Yes","No","Yes","Single",NA,"Less than $60,000","Other ( Please specify):","unemployed","Less than 60,000","how much money they have","can you move from one social class to another"
"2024","Spring","24071327",3.176,121,"BA","2024-05-13","2024-05-13","9486","40.8231","-73.9513","11211","2001","Male",NA,"Male","Heterosexual (as in ""straight"")",NA,"Full-time (12 credits or more)","Declared (Please specify major):","psychology",NA,"2.658","3rd year undergraduate","Yes","Hispanic, Latino or Spanish Origin (E.g., Mexican or Mexican American. Puerto Rican, Cuban, Salvadorian, Dominican, etc.)",NA,NA,"Dominican",NA,NA,NA,NA,"Yes","Yes","No","Single",NA,"Less than $60,000","$401-$600",NA,"$100,000 to $150,000","The amount of money you have","being able to gain more money"
"2024","Summer","24343964",3.877,122,"BA","2024-06-29","2024-06-29","13956","40.7828","-73.9745","10027","2001","Female",NA,"Female","Heterosexual (as in ""straight"")",NA,"Full-time (12 credits or more)","Declared (Please specify major):","Econ",NA,"3.925","4th year undergraduate","Yes","Hispanic, Latino or Spanish Origin (E.g., Mexican or Mexican American. Puerto Rican, Cuban, Salvadorian, Dominican, etc.)",NA,NA,"Mexican American",NA,NA,NA,NA,"Yes","Yes","No","Single",NA,"Less than $60,000","$401-$600",NA,"$60,000 to $99,999","One's position in society where its economically/socially","one's ability to move up 'rank'"
"2024","Summer","24186614",3.415,121,"BS","2024-06-26","2024-06-27","111419","31.9555","35.9435","10462","2003","Female",NA,"Female","Heterosexual (as in ""straight"")",NA,"Full-time (12 credits or more)","Declared (Please specify major):","Psychology",NA,"3.2","3rd year undergraduate","No","Middle Eastern or North African (E.g., Lebanese, Iranian, Egyptian, Syrian, Moroccan, Algerian, etc.)",NA,NA,NA,NA,NA,"yemen",NA,"Yes","No","No","Single",NA,"Less than $60,000","$200 or less",NA,"$100,000 to $150,000","How other view you","how many opportunities you are privileged to have."
"2024","Spring","23862456",3.408,124,"BA","2024-05-12","2024-05-12","980","40.8547","-73.9218","10453","2002","Female",NA,"Female","Heterosexual (as in ""straight"")",NA,"Full-time (12 credits or more)","Declared (Please specify major):","Art",NA,"3.5","1st year undergraduate","Yes","Hispanic, Latino or Spanish Origin (E.g., Mexican or Mexican American. Puerto Rican, Cuban, Salvadorian, Dominican, etc.)",NA,NA,"Hispanic",NA,NA,NA,NA,"Yes","No","No","Single",NA,"Less than $60,000","$201-$400",NA,"Less than 60,000","It’s a social ladder or rank","Change in social status"
"2024","Fall","24138816",4,122,"BA","2024-09-02","2024-09-02","725","40.6713","-73.8943","10474","2004","Female",NA,"Female","Heterosexual (as in ""straight"")",NA,"Full-time (12 credits or more)","Declared (Please specify major):","Psychology",NA,"4","4th year undergraduate","Yes","Hispanic, Latino or Spanish Origin (E.g., Mexican or Mexican American. Puerto Rican, Cuban, Salvadorian, Dominican, etc.)",NA,NA,"Dominican",NA,NA,NA,NA,"Yes","No","No","Single",NA,"Less than $60,000","$200 or less",NA,"$60,000 to $99,999","Social hierarchy and/or the level of prestige you have in society.","The amount of space you have to move up a ladder on social status"
"2024","Summer","24343964",3.877,122,"BA","2024-06-24","2024-06-29","445752","40.7828","-73.9745","10027","2001","Female",NA,"Female","Heterosexual (as in ""straight"")",NA,"Full-time (12 credits or more)","Declared (Please specify major):","Economics BA",NA,"3.925","3rd year undergraduate","Yes","Hispanic, Latino or Spanish Origin (E.g., Mexican or Mexican American. Puerto Rican, Cuban, Salvadorian, Dominican, etc.)",NA,NA,"Mexican American",NA,NA,NA,NA,"Yes","No","No","Single",NA,"$60,000 to $99,999","$401-$600",NA,"$100,000 to $150,000","one's position in society","one's ability to move up in rank"
"2024","Spring","24400980",3.37,38,"BA","2024-05-15","2024-05-15","2991","40.8231","-73.9513","10472","2005","Female",NA,"Female","Heterosexual (as in ""straight"")",NA,"Full-time (12 credits or more)","Undeclared (Please specify intended major):",NA,"psychology","2.8","1st year undergraduate","Yes","Some other race, ethnicity or origin",NA,NA,NA,NA,NA,NA,"hispanic","Yes","No","No","Single",NA,"$150,001 to $299,999","$200 or less",NA,"$150,001 to $299,999","lower, middle and high class.","your limits to oppurtunities"
"2024","Spring","24328550",3.765,108,"BS","2024-05-20","2024-05-20","1729","40.695","-73.791","11433","2004","Female",NA,"Female","Heterosexual (as in ""straight"")",NA,"Full-time (12 credits or more)","Declared (Please specify major):","Psychology",NA,"3.6","2nd year undergraduate","No","Asian (E.g., Chinese, Filipino, Asian Indian, Bangladeshi, Vietnamese, Korean etc,)",NA,NA,NA,"Bangladeshi",NA,NA,NA,"Yes","No","No","Single",NA,"Less than $60,000","$200 or less",NA,"Less than 60,000","To me Social status is ranks within a society that lead you to different levels of privileges","Social mobility is the ability of people to move up or down the social and economic ladder in a society."
"2024","Spring","24457443",2.87,51,"BA","2024-05-16","2024-05-16","593","40.6208","-74.0426","11209","2005","Female",NA,"Female","Bisexual",NA,"Full-time (12 credits or more)","Declared (Please specify major):","psychology",NA,"3.4","1st year undergraduate","No","Black or African American (E.g., African American, Jamaican, Haitian, Nigerian, Ethiopian, Somalian, etc.:",NA,"Afro Caribbean",NA,NA,NA,NA,NA,"No","No","No","Single",NA,"Less than $60,000","$201-$400",NA,"$60,000 to $99,999","a social status is a rank that an individual holds in a social hierarchy","social mobility is a person’s socioeconomic situation"
"2024","Spring","24503132",3.351,37,"MA","2024-05-20","2024-05-26","512905","41.4535","-74.4774","10940","2002","Female",NA,"Female","Heterosexual (as in ""straight"")",NA,"Full-time (12 credits or more)","Declared (Please specify major):","General Psychology",NA,"3.5","Graduate","Yes","Hispanic, Latino or Spanish Origin (E.g., Mexican or Mexican American. Puerto Rican, Cuban, Salvadorian, Dominican, etc.)",NA,NA,"Dominican",NA,NA,NA,NA,"Yes","Yes","No","Single",NA,"Less than $60,000","$401-$600",NA,"$60,000 to $99,999","Popularity and classism.","How to navigate the social interactions of humans."
"2024","Fall","24567190",3.9,82,"BS","2024-08-31","2024-08-31","835","40.009","-76.3631","07024","2006","Female",NA,"Female","Heterosexual (as in ""straight"")",NA,"Full-time (12 credits or more)","Undeclared (Please specify intended major):",NA,"Biology","0","1st year undergraduate","No","Middle Eastern or North African (E.g., Lebanese, Iranian, Egyptian, Syrian, Moroccan, Algerian, etc.)",NA,NA,NA,NA,NA,"Egyptian",NA,"Yes","No","No","Single",NA,"Greater than $300,000","$201-$400",NA,"$150,001 to $299,999","A person's rank in society which can be based on several factors such as education, wealth, job, or connections. It can reflect how they are seen or treated by other memebrs of their community.","This term refers to the ability of people to move up in social status. This too can be influenced by different factors such as job, connections, education, or yearly salary."
"2024","Spring","24022899",3.278,138,"BS","2024-05-21","2024-05-21","1411","40.7247","-73.8957","11385","2003","Female",NA,"Female","Heterosexual (as in ""straight"")",NA,"Full-time (12 credits or more)","Declared (Please specify major):","Biology",NA,"3.36","3rd year undergraduate","No","Asian (E.g., Chinese, Filipino, Asian Indian, Bangladeshi, Vietnamese, Korean etc,)",NA,NA,NA,"Pakistani",NA,NA,NA,"Yes","No","No","Single",NA,"$60,000 to $99,999","$200 or less",NA,"$100,000 to $150,000","the respect, honor, and money a person has in a society","change in a persons social status"
"2024","Fall","24591274",3.364,89,"BS","2024-08-30","2024-08-30","912","37.751","-97.822","10027","2006","Male",NA,"Male","Homosexual (as in ""lesbian"" or ""gay"")",NA,"Full-time (12 credits or more)","Declared (Please specify major):","Chemistry",NA,"4","1st year undergraduate","No","White or Caucasian (E.g., German, Irish, English, Italian, Polish, French, etc.)","Russian",NA,NA,NA,NA,NA,NA,"No","No","No","Single",NA,"Less than $60,000","$200 or less",NA,"$150,001 to $299,999","One's position in society.","One's ability to climb the social ladder."
"2024","Spring","24134106",3.173,121,"BS","2024-05-19","2024-05-19","4899","40.8231","-73.9513","10031","2003","Female",NA,"Female","Heterosexual (as in ""straight"")",NA,"Full-time (12 credits or more)","Declared (Please specify major):","Biomedical Science",NA,"2.8","2nd year undergraduate","No","White or Caucasian (E.g., German, Irish, English, Italian, Polish, French, etc.)","Albanian",NA,NA,NA,NA,NA,NA,"Yes","No","No","Single",NA,"Less than $60,000","$201-$400",NA,"$150,001 to $299,999","your importance in society","the ability to move up and down in ranking of importance in society"
"2024","Fall","24132676",3.647,121,"BA","2024-09-03","2024-09-03","1807","40.7123","-74.0068","11229","2004","Female",NA,"Female","Heterosexual (as in ""straight"")",NA,"Full-time (12 credits or more)","Declared (Please specify major):","Business administration and management",NA,"3.5","3rd year undergraduate","No","White or Caucasian (E.g., German, Irish, English, Italian, Polish, French, etc.)","Georgian",NA,NA,NA,NA,NA,NA,"Yes","Yes","No","Single",NA,"$100,000 to $150,000","$401-$600",NA,"Greater than $300,000","Social class / achieved status a person chooses or earns with their own efforts","When you move up a social status"
"2024","Spring","24447983",2.67,51,"BA","2024-05-13","2024-05-13","1495","40.7258","-73.862","11373","2005","Female",NA,"Female","Heterosexual (as in ""straight"")",NA,"Full-time (12 credits or more)","Undeclared (Please specify intended major):",NA,"Liberal arts","3","1st year undergraduate","No","Asian (E.g., Chinese, Filipino, Asian Indian, Bangladeshi, Vietnamese, Korean etc,)",NA,NA,NA,"Chinese",NA,NA,NA,"Yes","No","No","Single",NA,"Less than $60,000","$200 or less",NA,"$100,000 to $150,000","People who are confident in there own skin and are able to achive what they want without people putting a label on it","To be able to move around in a social status"
"2024","Spring","24403632",1.754,39,"BS","2024-05-13","2024-05-13","4375","40.8231","-73.9513","10027","2005","Female",NA,"Female","Heterosexual (as in ""straight"")",NA,"Full-time (12 credits or more)","Undeclared (Please specify intended major):",NA,"biology","3","1st year undergraduate","Yes","Hispanic, Latino or Spanish Origin (E.g., Mexican or Mexican American. Puerto Rican, Cuban, Salvadorian, Dominican, etc.)",NA,NA,"Honduran",NA,NA,NA,NA,"Yes","Yes","No","Single",NA,"Less than $60,000","$201-$400",NA,"Less than 60,000","Social status is when you are comfortable to talk or communicate around other people","Social mobility is the movement of individuals, families, households or other categories of people within or between social strata in a society."
"2024","Fall","23262772",3.903,120,"BA","2024-10-28","2024-10-28","1098","40.839","-73.946","10040","1995","Female",NA,"Female","Homosexual (as in ""lesbian"" or ""gay"")",NA,"Full-time (12 credits or more)","Declared (Please specify major):","Psych",NA,"3.8","3rd year undergraduate","Yes","Hispanic, Latino or Spanish Origin (E.g., Mexican or Mexican American. Puerto Rican, Cuban, Salvadorian, Dominican, etc.)",NA,NA,"Peruvian and Puerto Rican, USA born",NA,NA,NA,NA,"Yes","Yes","No","Domestic partnership",NA,"Less than $60,000","$401-$600",NA,"$100,000 to $150,000","The impact that what I do or say has in my society (that is the one I belong to).","The ability to move through different social statuses."
"2024","Fall","23490894",2.971,115,"BS","2024-09-15","2024-09-15","837","40.7364","-73.8695","11378","1998","Female",NA,"Female","Heterosexual (as in ""straight"")",NA,"Full-time (12 credits or more)","Declared (Please specify major):","Psychology",NA,"2.3","2nd year undergraduate","No","White or Caucasian (E.g., German, Irish, English, Italian, Polish, French, etc.)","Eastern European",NA,NA,NA,NA,NA,NA,"Yes","No","No","Married",NA,"Less than $60,000","$601-$800",NA,"$100,000 to $150,000","level of social value","when you move your social status"
"2024","Fall","24545381",3.761,97,"BS","2024-09-09","2024-09-09","1626","40.6208","-74.0426","11209","2006","Female",NA,"Female","Heterosexual (as in ""straight"")",NA,"Full-time (12 credits or more)","Declared (Please specify major):","Biomedical Sciences",NA,"3.7","1st year undergraduate","No","Middle Eastern or North African (E.g., Lebanese, Iranian, Egyptian, Syrian, Moroccan, Algerian, etc.)",NA,NA,NA,NA,NA,"Egyptian",NA,"Yes","No","No","Single",NA,"Greater than $300,000","Other ( Please specify):","0","Greater than $300,000","place in society financially and class/rank","how easily someone can change their social status"
"2024","Fall","24512263",3.111,63,"BS","2024-09-21","2024-09-21","1874","40.8312","-73.9067","10452","2006","Male",NA,"Male","Heterosexual (as in ""straight"")",NA,"Full-time (12 credits or more)","Declared (Please specify major):","Biochemistry",NA,"0","1st year undergraduate","Yes","Hispanic, Latino or Spanish Origin (E.g., Mexican or Mexican American. Puerto Rican, Cuban, Salvadorian, Dominican, etc.)",NA,NA,"Mexican",NA,NA,NA,NA,"Yes","No","No","Single",NA,"Less than $60,000","$200 or less",NA,"$60,000 to $99,999","The social value of a person, their competence and respect that are given to them and others which determines their overall place in society","How people are able to move up or down the social ladder in terms of social, economic, moral and educational standards"
"2024","Fall","24525200",3.633,60,"BS","2024-10-13","2024-10-13","1439","40.726","-73.848","11374","2006","Female",NA,"Female","Heterosexual (as in ""straight"")",NA,"Full-time (12 credits or more)","Declared (Please specify major):","psychology bs",NA,"0","1st year undergraduate","No","Asian (E.g., Chinese, Filipino, Asian Indian, Bangladeshi, Vietnamese, Korean etc,)",NA,NA,NA,"Japanese",NA,NA,NA,"Yes","No","No","Single",NA,"Less than $60,000","$401-$600",NA,"$100,000 to $150,000","I define social status as as place in a societal hierarchy. The societal hierarchy is based on the rank people have.","I define the term social mobility as the ability to be able to move from one rank to another."
"2024","Fall","24592340",3.711,57,"BS","2024-09-27","2024-09-27","1419","40.8231","-73.9513","10472","2006","Female",NA,"Female","Homosexual (as in ""lesbian"" or ""gay"")",NA,"Full-time (12 credits or more)","Declared (Please specify major):","Bio-chem",NA,"0","1st year undergraduate","Yes","Hispanic, Latino or Spanish Origin (E.g., Mexican or Mexican American. Puerto Rican, Cuban, Salvadorian, Dominican, etc.)",NA,NA,"Dominican",NA,NA,NA,NA,"Yes","No","No","Single",NA,"Less than $60,000","$200 or less",NA,"$60,000 to $99,999","How society views you as a person","the ability to move up or down the social ranks"
"2024","Fall","24620851",3.454,57,"BA","2024-10-02","2024-10-02","657","40.7015","-73.8422","11418","2007","Male",NA,"Male","Heterosexual (as in ""straight"")",NA,"Full-time (12 credits or more)","Declared (Please specify major):","Communications",NA,"3","1st year undergraduate","No","Asian (E.g., Chinese, Filipino, Asian Indian, Bangladeshi, Vietnamese, Korean etc,)",NA,NA,NA,"Asian Indian",NA,NA,NA,"Yes","No","Yes","Single",NA,"Less than $60,000","Other ( Please specify):","0$","$100,000 to $150,000","one's  social standing in a stratified society","Moving upthe social ladder"
"2024","Fall","24152934",2.006,25,"BA","2024-09-27","2024-09-27","830","40.873","-73.8233","10462","2000","Male",NA,"Male","Heterosexual (as in ""straight"")",NA,"Part-time (Fewer than 12 credits)","Undeclared (Please specify intended major):",NA,"Computer Science","2.4","2nd year undergraduate","No","Asian (E.g., Chinese, Filipino, Asian Indian, Bangladeshi, Vietnamese, Korean etc,)",NA,NA,NA,"Bangladeshi",NA,NA,NA,"Yes","No","No","Single",NA,"Less than $60,000","$201-$400",NA,"$60,000 to $99,999","Social status is a person's position or rank in a group or society, often based on factors like wealth, job, or family background.","Social mobility is the ability to move up or down in social status or class within a society."
"2024","Fall","24433407",0,3,"BS","2024-09-05","2024-09-05","1200","40.8205","-73.9183","11212","2006","Female",NA,"Female","Heterosexual (as in ""straight"")",NA,"Full-time (12 credits or more)","Undeclared (Please specify intended major):",NA,"Biology","0","1st year undergraduate","No","Black or African American (E.g., African American, Jamaican, Haitian, Nigerian, Ethiopian, Somalian, etc.:",NA,"Grenadian",NA,NA,NA,NA,NA,"No","No","No","Other:","Dating","$60,000 to $99,999","Other ( Please specify):","Not working","$150,001 to $299,999","An individuals standing in a social environment or society as a whole","A persons ability to adjust their social status"
"2024","Fall","24387825",2.877,67,"BA","2024-11-01","2024-11-02","1432","40.8646","-73.8981","10468","2006","Female",NA,"Female","Heterosexual (as in ""straight"")",NA,"Full-time (12 credits or more)","Declared (Please specify major):","Psychology",NA,"0","1st year undergraduate","Yes","Hispanic, Latino or Spanish Origin (E.g., Mexican or Mexican American. Puerto Rican, Cuban, Salvadorian, Dominican, etc.)",NA,NA,"Dominican American",NA,NA,NA,NA,"Yes","No","No","Single",NA,"Less than $60,000","Other ( Please specify):","I don't currently work","$60,000 to $99,999","I define it as the way society views you/ where you stand in it.","Social mobility is the changing your social status, so you can either move up or down in the ""social hierarchy""."
"2024","Fall","24576289",3.55,114,"BS","2024-09-05","2024-09-05","1236","40.9673","-73.8418","10710","2006","Female",NA,"Female","Heterosexual (as in ""straight"")",NA,"Full-time (12 credits or more)","Declared (Please specify major):","Biomedical Sciences",NA,"0","1st year undergraduate","Yes","Some other race, ethnicity or origin",NA,NA,NA,NA,NA,NA,"Mixed Race (Black-Haitian, White/Hispanic-Colombian)","No","No","No","Single",NA,"Greater than $300,000","$200 or less",NA,"$100,000 to $150,000","Economic standing in comparison to others.","The process of changing economic status, usually augmenting it."
"2024","Fall","24578700",4,63,"BS","2024-09-26","2024-09-26","903","40.7809","-73.9502","10128","2001","Female",NA,"Female","Heterosexual (as in ""straight"")",NA,"Full-time (12 credits or more)","Undeclared (Please specify intended major):",NA,"Chemistry","4","1st year undergraduate","No","White or Caucasian (E.g., German, Irish, English, Italian, Polish, French, etc.)","Ashkenazi Jew",NA,NA,NA,NA,NA,NA,"Yes","No","Yes","Other:","engaged","$100,000 to $150,000","Other ( Please specify):","currently unemployed","$60,000 to $99,999","A person's standing in society. Financially, socially, relationship-wise and in competency.","An individual's ability to change his own social standing."
"2024","Fall","24488502",3.223,66,"BE","2024-10-03","2024-10-03","1886","40.7123","-73.7985","11432","2006","Male",NA,"Male","Heterosexual (as in ""straight"")",NA,"Full-time (12 credits or more)","Declared (Please specify major):","Computer Engineering",NA,"0","1st year undergraduate","Yes","Hispanic, Latino or Spanish Origin (E.g., Mexican or Mexican American. Puerto Rican, Cuban, Salvadorian, Dominican, etc.)",NA,NA,"Guatemalan",NA,NA,NA,NA,"Yes","Yes","No","Single",NA,"Less than $60,000","$200 or less",NA,"$60,000 to $99,999","social status for me means where you come from, meaning how much money you grew up with.","How someone can make more money and grow financially"
"2024","Fall","24284425",3.189,69,"BS","2024-09-05","2024-09-05","1645","40.8231","-73.9513","11230","2006","Female",NA,"Female","Heterosexual (as in ""straight"")",NA,"Full-time (12 credits or more)","Declared (Please specify major):","Biology",NA,"3","1st year undergraduate","No","Asian (E.g., Chinese, Filipino, Asian Indian, Bangladeshi, Vietnamese, Korean etc,)",NA,NA,NA,"uzbek",NA,NA,NA,"Yes","No","No","Single",NA,"Less than $60,000","$200 or less",NA,"$150,001 to $299,999","your standing in life and you can always change it later on life","income"
"2024","Fall","24383512",3.838,66,"BE","2024-09-07","2024-09-07","949","40.8622","-73.8902","10458","2006","Male",NA,"Male","Heterosexual (as in ""straight"")",NA,"Full-time (12 credits or more)","Declared (Please specify major):","Medicine",NA,"4","1st year undergraduate","No","Black or African American (E.g., African American, Jamaican, Haitian, Nigerian, Ethiopian, Somalian, etc.:",NA,"Ghanaian",NA,NA,NA,NA,NA,"Yes","No","No","Single",NA,"Less than $60,000","$200 or less",NA,"$150,001 to $299,999","The honor attached to a person","How well a person can climb the ranks of social status"
"2024","Fall","24297026",3.92,134,"BS","2024-09-03","2024-09-03","873","37.751","-97.822","11362","2004","Female",NA,"Female","Heterosexual (as in ""straight"")",NA,"Full-time (12 credits or more)","Declared (Please specify major):","Biochemistry",NA,"3.89","3rd year undergraduate","No","White or Caucasian (E.g., German, Irish, English, Italian, Polish, French, etc.)","Greek-Italian",NA,NA,NA,NA,NA,NA,"Yes","No","No","Other:","In a relationship","$60,000 to $99,999","$200 or less",NA,"$60,000 to $99,999","ones position in the socioeconomic hierarchy","the ability to gain more financil freedom"
"2024","Fall","24529122",2.65,55,"BE","2024-09-21","2024-09-21","1160","40.8518","-73.8705","10462","2006","Male",NA,"Male","Heterosexual (as in ""straight"")",NA,"Full-time (12 credits or more)","Declared (Please specify major):","Mechanical Engineering",NA,"3.8","1st year undergraduate","Yes","Hispanic, Latino or Spanish Origin (E.g., Mexican or Mexican American. Puerto Rican, Cuban, Salvadorian, Dominican, etc.)",NA,NA,"Mexican",NA,NA,NA,NA,"Yes","No","No","Single",NA,"Less than $60,000","Other ( Please specify):","0","$60,000 to $99,999","A title that you have based on what you do and earn","The ability to move up or down within social status ladders"
"2024","Fall","23911725",2.495,130,"BS","2024-09-16","2024-09-16","1455","26.6113","-80.1743","10456","2001","Female",NA,"Female","Heterosexual (as in ""straight"")",NA,"Full-time (12 credits or more)","Declared (Please specify major):","psy",NA,"3.2","4th year undergraduate","Yes","White or Caucasian (E.g., German, Irish, English, Italian, Polish, French, etc.)","W",NA,NA,NA,NA,NA,NA,"Yes","No","No","Single",NA,"Less than $60,000","$201-$400",NA,"$60,000 to $99,999","financial situation","how do you scalate"
"2024","Fall","24542217",2.96,39,"BA","2024-10-11","2024-10-11","1276","40.6877","-73.9267","11212","2007","Female",NA,"Female","Uncertain/Questioning",NA,"Full-time (12 credits or more)","Declared (Please specify major):","Pre-Med Psych",NA,"3","1st year undergraduate","No","Black or African American (E.g., African American, Jamaican, Haitian, Nigerian, Ethiopian, Somalian, etc.:",NA,"Jamaican",NA,NA,NA,NA,NA,"No","No","No","Single",NA,"Less than $60,000","$200 or less",NA,"Greater than $300,000","Social status is a coined concept for how a person is perceived or may perceive themselves amongst society based on overall wealth","Social mobility may be a scale for how well a person is able to change their social status."
"2024","Fall","24448240",3.964,55,"BA","2024-11-01","2024-11-01","1566","40.8231","-73.9513","10029","2006","Female",NA,"Female","Heterosexual (as in ""straight"")",NA,"Full-time (12 credits or more)","Declared (Please specify major):","psychology",NA,"0","1st year undergraduate","Yes","Hispanic, Latino or Spanish Origin (E.g., Mexican or Mexican American. Puerto Rican, Cuban, Salvadorian, Dominican, etc.)",NA,NA,"hispanic and latino",NA,NA,NA,NA,"Yes","No","No","Single",NA,"Less than $60,000","$200 or less",NA,"Less than 60,000","the place where you were born and difine economically","the ability to move from your social status"
"2024","Fall","24420262",3.016,31,"BA","2024-09-08","2024-09-08","3662","40.8527","-73.9383","10032","2004","Female",NA,"Female","Heterosexual (as in ""straight"")",NA,"Part-time (Fewer than 12 credits)","Undeclared (Please specify intended major):",NA,"PSYCHOLOGY","2","1st year undergraduate","Yes","Hispanic, Latino or Spanish Origin (E.g., Mexican or Mexican American. Puerto Rican, Cuban, Salvadorian, Dominican, etc.)",NA,NA,"Peruvian",NA,NA,NA,NA,"Yes","No","Yes","Single",NA,"Less than $60,000","$201-$400",NA,"$60,000 to $99,999","economic status","how much social you can be"
"2024","Fall","24592462",3.625,58,"BE","2024-10-25","2024-10-25","1233","40.7364","-73.8695","11377","2006","Female",NA,"Female","Uncertain/Questioning",NA,"Full-time (12 credits or more)","Undeclared (Please specify intended major):",NA,"Computer Science","3","1st year undergraduate","No","Asian (E.g., Chinese, Filipino, Asian Indian, Bangladeshi, Vietnamese, Korean etc,)",NA,NA,NA,"Chinese",NA,NA,NA,"No","No","No","Single",NA,"Less than $60,000","$200 or less",NA,"Less than 60,000","Lower class, Middle class, High class, economic status","The ability to progress to a higher economic status."
"2024","Fall","24094908",3.585,84,"BA","2024-09-27","2024-09-27","2178","40.8231","-73.9513","10031","2002","Male",NA,"Male","Heterosexual (as in ""straight"")",NA,"Part-time (Fewer than 12 credits)","Declared (Please specify major):","business management",NA,"3.9","3rd year undergraduate","No","Asian (E.g., Chinese, Filipino, Asian Indian, Bangladeshi, Vietnamese, Korean etc,)",NA,NA,NA,"Chinese",NA,NA,NA,"Yes","Yes","No","Single",NA,"Less than $60,000","$201-$400",NA,"Less than 60,000","I understand the social status is based on the live quantity that you have so far. Like low, middle, and high class and the social status will have change during the time maybe with better salary.","I would said from the original social status to the next social status."
"2024","Fall","24232303",3.46,64,"BE","2024-10-12","2024-10-12","1453","40.6764","-73.8753","11421","2005","Female",NA,"Female","Heterosexual (as in ""straight"")",NA,"Full-time (12 credits or more)","Declared (Please specify major):","Mechanical Engineering",NA,"4","1st year undergraduate","No","Asian (E.g., Chinese, Filipino, Asian Indian, Bangladeshi, Vietnamese, Korean etc,)",NA,NA,NA,"Chinese",NA,NA,NA,"Yes","No","No","Single",NA,"Less than $60,000","Other ( Please specify):","0","$60,000 to $99,999","One's position and title in society.","The change in one's social status."
"2024","Fall","24526118",3.175,21,"BA","2024-09-27","2024-09-27","1481","40.8142","-73.9081","10459","2006","Female",NA,"Female","Bisexual",NA,"Full-time (12 credits or more)","Declared (Please specify major):","Psychology",NA,"2","1st year undergraduate","Yes","Black or African American (E.g., African American, Jamaican, Haitian, Nigerian, Ethiopian, Somalian, etc.:",NA,"Garifuna",NA,NA,NA,NA,NA,"Yes","No","No","Single",NA,"Less than $60,000","$200 or less",NA,"$60,000 to $99,999","I don't really care.","N/A"
"2024","Fall","24545381",3.761,97,"BS","2024-09-09","2024-09-09","48310","40.7653","-73.9589","11209","2006","Female",NA,"Female","Heterosexual (as in ""straight"")",NA,"Full-time (12 credits or more)","Declared (Please specify major):","biomedical sciences",NA,"3.7","1st year undergraduate","No","Middle Eastern or North African (E.g., Lebanese, Iranian, Egyptian, Syrian, Moroccan, Algerian, etc.)",NA,NA,NA,NA,NA,"Egyptian",NA,"Yes","No","No","Single",NA,"Greater than $300,000","Other ( Please specify):","0","Greater than $300,000","where someone stands class wise in society","if the person can move up or down the social ladder in class"
"2024","Fall","24550553",2.333,15,"BA","2024-09-27","2024-09-27","1827","40.8477","-73.8418","10460","2004","Female",NA,"Female","Bisexual",NA,"Part-time (Fewer than 12 credits)","Declared (Please specify major):","Psychology",NA,"0","1st year undergraduate","Yes","Hispanic, Latino or Spanish Origin (E.g., Mexican or Mexican American. Puerto Rican, Cuban, Salvadorian, Dominican, etc.)",NA,NA,"Dominican",NA,NA,NA,NA,"Yes","No","Yes","Single",NA,"Less than $60,000","$200 or less",NA,"Less than 60,000","It is a fashion of the world","I think that is a different social class."
"2024","Fall","24318339",2.645,49,"BA","2024-10-05","2024-10-05","4153","40.5978","-74.0001","11223","2006","Female",NA,"Female","Heterosexual (as in ""straight"")",NA,"Full-time (12 credits or more)","Declared (Please specify major):","psychology",NA,"0","1st year undergraduate","No","Middle Eastern or North African (E.g., Lebanese, Iranian, Egyptian, Syrian, Moroccan, Algerian, etc.)",NA,NA,NA,NA,NA,"yemeni",NA,"Yes","Yes","No","Single",NA,"Less than $60,000","$200 or less",NA,"$100,000 to $150,000","how people see you and. how important to them is your opinion","whether you can become more or less important to people."
"2024","Fall","23980174",3.302,120,"BA","2024-09-09","2024-09-09","609","40.7653","-73.9589","10306","2003","Female",NA,"Female","Heterosexual (as in ""straight"")",NA,"Full-time (12 credits or more)","Declared (Please specify major):","psychology",NA,"3.2","4th year undergraduate","No","Black or African American (E.g., African American, Jamaican, Haitian, Nigerian, Ethiopian, Somalian, etc.:",NA,"nigerian",NA,NA,NA,NA,NA,"Yes","No","No","Domestic partnership",NA,"Less than $60,000","$201-$400",NA,"Greater than $300,000","how many followers you have","influence people to takeactions"
"2024","Fall","24375857",3.586,72,"BE","2024-11-01","2024-11-01","755","40.6462","-73.9559","11226","2006","Male",NA,"Male","Heterosexual (as in ""straight"")",NA,"Full-time (12 credits or more)","Declared (Please specify major):","BME",NA,"3.5","1st year undergraduate","Yes","Hispanic, Latino or Spanish Origin (E.g., Mexican or Mexican American. Puerto Rican, Cuban, Salvadorian, Dominican, etc.)",NA,NA,"puerto rican",NA,NA,NA,NA,"Yes","Yes","No","Single",NA,"$60,000 to $99,999","$200 or less",NA,"$100,000 to $150,000","how ur viewed socially","how you move in social settings"
"2024","Fall","24569864",3.45,80,"BS","2024-09-09","2024-09-09","857","40.8","-73.9763","10027","2005","Female",NA,"Female","Heterosexual (as in ""straight"")",NA,"Full-time (12 credits or more)","Declared (Please specify major):","Art",NA,"4","1st year undergraduate","No","Asian (E.g., Chinese, Filipino, Asian Indian, Bangladeshi, Vietnamese, Korean etc,)",NA,NA,NA,"Chinese",NA,NA,NA,"Yes","No","Yes","Single",NA,"$100,000 to $150,000","Other ( Please specify):","I'm not working now","$60,000 to $99,999","Where financial and power level people are at comparing with others","The possibility of moving up and down in social status"
"2024","Fall","24521327",3.732,25,"BA","2024-09-07","2024-09-07","1932","40.6799","-74.0028","11249","2006","Female",NA,"Female","Bisexual",NA,"Full-time (12 credits or more)","Undeclared (Please specify intended major):",NA,"psych","4","1st year undergraduate","Yes","White or Caucasian (E.g., German, Irish, English, Italian, Polish, French, etc.)","polish",NA,NA,NA,NA,NA,NA,"Yes","No","No","Single",NA,"$150,001 to $299,999","$200 or less",NA,"Greater than $300,000","someones representation","someone who gets around"
"2024","Fall","24044589",3.228,121,"BS","2024-09-08","2024-09-08","2870","40.7465","-73.909","11370","2004","Female",NA,"Female","Heterosexual (as in ""straight"")",NA,"Full-time (12 credits or more)","Declared (Please specify major):","Psychology",NA,"2.6","3rd year undergraduate","Yes","Hispanic, Latino or Spanish Origin (E.g., Mexican or Mexican American. Puerto Rican, Cuban, Salvadorian, Dominican, etc.)",NA,NA,"Colombian",NA,NA,NA,NA,"Yes","Yes","No","Single",NA,"Less than $60,000","$801-$1000",NA,"$100,000 to $150,000","A tag gave to individuals according to their education, monetary situation, influences etc","The monetary hierarchy"
"2024","Fall","24315404",4,120,"BS","2024-09-25","2024-09-25","3251","40.66","-73.839","11417","2005","Male",NA,"Male","Heterosexual (as in ""straight"")",NA,"Full-time (12 credits or more)","Declared (Please specify major):","Psychology",NA,"4","2nd year undergraduate","No","Asian (E.g., Chinese, Filipino, Asian Indian, Bangladeshi, Vietnamese, Korean etc,)",NA,NA,NA,"Bangladeshi",NA,NA,NA,"Yes","No","No","Single",NA,"$60,000 to $99,999","$200 or less",NA,"Greater than $300,000","How the greater population of people perceive you.","Moving past how people perceive you initially"
"2024","Fall","24396125",2.432,42,"BA","2024-09-10","2024-09-10","984","40.8","-73.9763","10024","2005","Female",NA,"Female","Bisexual",NA,"Full-time (12 credits or more)","Undeclared (Please specify intended major):",NA,"not sure","3.5","2nd year undergraduate","No","White or Caucasian (E.g., German, Irish, English, Italian, Polish, French, etc.)","German",NA,NA,NA,NA,NA,NA,"No","Yes","No","Single",NA,"Less than $60,000","$601-$800",NA,"Greater than $300,000","social class","how well your able to interact with people from different social classes"
"2024","Fall","24066764",3.533,75,"BA","2024-11-06","2024-11-06","933","40.8527","-73.9383","10033","2004","Female",NA,"Female","Heterosexual (as in ""straight"")",NA,"Part-time (Fewer than 12 credits)","Declared (Please specify major):","psychology",NA,"3.4","3rd year undergraduate","Yes","Hispanic, Latino or Spanish Origin (E.g., Mexican or Mexican American. Puerto Rican, Cuban, Salvadorian, Dominican, etc.)",NA,NA,"Ecuadorian",NA,NA,NA,NA,"Yes","No","No","Single",NA,"Less than $60,000","Other ( Please specify):","0","$100,000 to $150,000","Where a persons stands in society.","Ones personal gain or lose. Going up or down."
"2024","Fall","24445449",3.004,66,"BS","2024-11-01","2024-11-01","1512","40.8231","-73.9513","11224","2006","Female",NA,"Female","Heterosexual (as in ""straight"")",NA,"Full-time (12 credits or more)","Declared (Please specify major):","Biology",NA,"3","1st year undergraduate","No","Asian (E.g., Chinese, Filipino, Asian Indian, Bangladeshi, Vietnamese, Korean etc,)",NA,NA,NA,"central asian",NA,NA,NA,"Yes","No","No","Single",NA,"$60,000 to $99,999","Other ( Please specify):","don't work","Greater than $300,000","Social status refers to the position or rank of an individual within a social hierarchy.","Social mobility refers to the ability of individuals or groups to move within the social hierarchy, which can involve changes in economic status, education level, or occupational position. It reflects the degree to which people can improve"
"2024","Fall","24578700",4,63,"BS","2024-09-26","2024-09-26","3065","40.8231","-73.9513","10128","2001","Female",NA,"Female","Heterosexual (as in ""straight"")",NA,"Full-time (12 credits or more)","Undeclared (Please specify intended major):",NA,"Chemistry","4","1st year undergraduate","No","White or Caucasian (E.g., German, Irish, English, Italian, Polish, French, etc.)","Ashkenazi Jew",NA,NA,NA,NA,NA,NA,"Yes","No","Yes","Other:","Engaged","$100,000 to $150,000","Other ( Please specify):","currently unemployed","$60,000 to $99,999","The social standing of a person, his place in society. Financially, relationship, intelligence, success.","The ability of an individual to ""move up or down the ladder"" of society."
"2024","Fall","24525664",3.916,62,"BA","2024-11-06","2024-11-06","1312","40.8231","-73.9513","10029","2006","Female",NA,"Female","Heterosexual (as in ""straight"")",NA,"Full-time (12 credits or more)","Declared (Please specify major):","Psychology",NA,"0","1st year undergraduate","Yes","Hispanic, Latino or Spanish Origin (E.g., Mexican or Mexican American. Puerto Rican, Cuban, Salvadorian, Dominican, etc.)",NA,NA,"Dominican",NA,NA,NA,NA,"Yes","No","No","Single",NA,"Less than $60,000","$200 or less",NA,"$100,000 to $150,000","Is the type of life that you have","not sure"
"2024","Fall","24521327",3.732,25,"BA","2024-09-07","2024-09-07","456","40.6799","-74.0028","11249","2006","Female",NA,"Female","Bisexual",NA,"Full-time (12 credits or more)","Undeclared (Please specify intended major):",NA,"psychology","4","1st year undergraduate","Yes","Hispanic, Latino or Spanish Origin (E.g., Mexican or Mexican American. Puerto Rican, Cuban, Salvadorian, Dominican, etc.)",NA,NA,"Puerto rican",NA,NA,NA,NA,"Yes","No","No","Single",NA,"$150,001 to $299,999","$200 or less",NA,"$150,001 to $299,999","how known you are in your community or how people perceive you","how much you get around"
"2024","Fall","24523112",2.655,68,"BE","2024-09-18","2024-09-18","1179","40.6877","-73.9267","11233","2006","Male",NA,"Male","Heterosexual (as in ""straight"")",NA,"Full-time (12 credits or more)","Undeclared (Please specify intended major):",NA,"Computer Engineering","0","1st year undergraduate","No","Black or African American (E.g., African American, Jamaican, Haitian, Nigerian, Ethiopian, Somalian, etc.:",NA,"African American",NA,NA,NA,NA,NA,"No","No","No","Single",NA,"Less than $60,000","$200 or less",NA,"$60,000 to $99,999","Social status is a sort of gauge of how comfortable someones life is, whether it be financially, socially or physically.","Social Mobility is the change of ones own lifestyle."
"2024","Fall","24492143",3.628,64,"BA","2024-09-07","2024-09-07","3749","40.8547","-73.9218","10453","2006","Female",NA,"Female","Heterosexual (as in ""straight"")",NA,"Full-time (12 credits or more)","Declared (Please specify major):","Psychology",NA,"4","1st year undergraduate","Yes","Hispanic, Latino or Spanish Origin (E.g., Mexican or Mexican American. Puerto Rican, Cuban, Salvadorian, Dominican, etc.)",NA,NA,"Dominican",NA,NA,NA,NA,"Yes","No","No","Single",NA,"Less than $60,000","$200 or less",NA,"$60,000 to $99,999","Social status is a person's rank or position in society, based on things like wealth, job, and education, which affects how they are treated and what opportunities they have.","Social mobility is the ability to move up or down in social rank, usually through changes in income, education, or job."
"2024","Fall","24594837",3.492,71,"BS","2024-09-30","2024-09-30","734","40.8231","-73.9513","10027","2006","Female",NA,"Female","Heterosexual (as in ""straight"")",NA,"Full-time (12 credits or more)","Undeclared (Please specify intended major):",NA,"Biology","3.7","1st year undergraduate","No","White or Caucasian (E.g., German, Irish, English, Italian, Polish, French, etc.)","Ukrainian",NA,NA,NA,NA,NA,NA,"Yes","Yes","Yes","Single",NA,"Less than $60,000","$200 or less",NA,"$100,000 to $150,000","A place in society that is usually categorized or goes together with class","Being able to move around in terms of social status"
"2024","Fall","24599794",3.042,55,"BS","2024-09-21","2024-09-21","1115","40.7162","-73.9229","10040","2002","Female",NA,"Female","Heterosexual (as in ""straight"")",NA,"Full-time (12 credits or more)","Undeclared (Please specify intended major):",NA,"biochemistry","0","1st year undergraduate","No","Middle Eastern or North African (E.g., Lebanese, Iranian, Egyptian, Syrian, Moroccan, Algerian, etc.)",NA,NA,NA,NA,NA,"palestinian and moroccan",NA,"Yes","Yes","No","Single",NA,"Less than $60,000","Other ( Please specify):","00","Greater than $300,000","a person's importance in society and how well regarded a person is","the ability to change the your ""standing""/importance within society"
"2024","Fall","24174433",3.436,129,"BS","2024-09-16","2024-09-16","1516","40.695","-73.791","11432","2003","Female",NA,"Female","Heterosexual (as in ""straight"")",NA,"Full-time (12 credits or more)","Declared (Please specify major):","Psychology",NA,"3.2","3rd year undergraduate","Yes","Hispanic, Latino or Spanish Origin (E.g., Mexican or Mexican American. Puerto Rican, Cuban, Salvadorian, Dominican, etc.)",NA,NA,"Peru",NA,NA,NA,NA,"Yes","No","No","Single",NA,"Less than $60,000","$200 or less",NA,"$60,000 to $99,999","I would define it as in what level you are in life like poor, mid income, wealthy","It means social classes"
"2024","Fall","24535497",3.455,51,"BA","2024-09-18","2024-09-18","3437","40.7484","-73.862","11356","2006","Male",NA,"Male","Heterosexual (as in ""straight"")",NA,"Full-time (12 credits or more)","Declared (Please specify major):","Psychology",NA,"4","1st year undergraduate","Yes","Hispanic, Latino or Spanish Origin (E.g., Mexican or Mexican American. Puerto Rican, Cuban, Salvadorian, Dominican, etc.)",NA,NA,"Puerto Rican",NA,NA,NA,NA,"Yes","No","No","Single",NA,"Less than $60,000","$200 or less",NA,"$60,000 to $99,999","Popularity","Being able to be in different groups"
"2024","Fall","24427737",3.5,48,"BA","2024-09-15","2024-09-15","1163","40.8312","-73.9067","10451","2006","Male",NA,"Male","Heterosexual (as in ""straight"")",NA,"Full-time (12 credits or more)","Declared (Please specify major):","economics",NA,"4","1st year undergraduate","Yes","Black or African American (E.g., African American, Jamaican, Haitian, Nigerian, Ethiopian, Somalian, etc.:",NA,"dominican",NA,NA,NA,NA,NA,"Yes","No","No","Married",NA,"Less than $60,000","Other ( Please specify):","0","$100,000 to $150,000","social status is how high in regards you hold someone based on personal value.","movement between social classes"
"2024","Fall","24592340",3.711,57,"BS","2024-09-27","2024-09-30","260144","40.8231","-73.9513","10472","2006","Female",NA,"Female","Homosexual (as in ""lesbian"" or ""gay"")",NA,"Full-time (12 credits or more)","Declared (Please specify major):","biochem",NA,"0","1st year undergraduate","Yes","Hispanic, Latino or Spanish Origin (E.g., Mexican or Mexican American. Puerto Rican, Cuban, Salvadorian, Dominican, etc.)",NA,NA,"Dominican",NA,NA,NA,NA,"Yes","No","No","Single",NA,"$60,000 to $99,999","$200 or less",NA,"$60,000 to $99,999","The amount of value society gives you","the ability to gain more or lose more value to society"
"2024","Fall","24504058",3.47,62,"BA","2024-10-01","2024-10-01","977","40.6713","-73.8943","10452","2006","Female",NA,"Female","Heterosexual (as in ""straight"")",NA,"Full-time (12 credits or more)","Declared (Please specify major):","Sociology",NA,"0","1st year undergraduate","Yes","Hispanic, Latino or Spanish Origin (E.g., Mexican or Mexican American. Puerto Rican, Cuban, Salvadorian, Dominican, etc.)",NA,NA,"Mexican-American",NA,NA,NA,NA,"Yes","No","No","Single",NA,"Less than $60,000","Other ( Please specify):","Less, I only do school","$60,000 to $99,999","where you're placed on society hierarchy","Social Mobility is like when you change your status from one class to another"
"2024","Fall","24529122",2.65,55,"BE","2024-09-21","2024-09-21","307","40.8518","-73.8705","10462","2006","Male",NA,"Male","Heterosexual (as in ""straight"")",NA,"Full-time (12 credits or more)","Declared (Please specify major):","Mechanical Engineering",NA,"3.8","1st year undergraduate","Yes","Hispanic, Latino or Spanish Origin (E.g., Mexican or Mexican American. Puerto Rican, Cuban, Salvadorian, Dominican, etc.)",NA,NA,"Mexican",NA,NA,NA,NA,"Yes","No","No","Single",NA,"Less than $60,000","Other ( Please specify):","0","$60,000 to $99,999","The class you are in based on money and job","The ability to move up or down the social classes"
"2024","Fall","24397357",3.494,85,"BA","2024-09-20","2024-09-20","2476","40.8231","-73.9513","10027","2005","Female",NA,"Female","Heterosexual (as in ""straight"")",NA,"Full-time (12 credits or more)","Declared (Please specify major):","psychology",NA,"3.5","2nd year undergraduate","Yes","Hispanic, Latino or Spanish Origin (E.g., Mexican or Mexican American. Puerto Rican, Cuban, Salvadorian, Dominican, etc.)",NA,NA,"Puerto Rican",NA,NA,NA,NA,"Yes","No","No","Single",NA,"Less than $60,000","$200 or less",NA,"$60,000 to $99,999","Social status is basically the position or rank a person holds within a society or a specific social group","Social mobility refers to the ability of someone, people, different groups and families to move up or move down the social or economic ladder in society"
"2024","Fall","24544204",3.593,61,"BS","2024-11-07","2024-11-07","771","40.6462","-73.9559","11226","2006","Female",NA,"Female","Heterosexual (as in ""straight"")",NA,"Full-time (12 credits or more)","Declared (Please specify major):","Biology",NA,"3.4","1st year undergraduate","No","Black or African American (E.g., African American, Jamaican, Haitian, Nigerian, Ethiopian, Somalian, etc.:",NA,"Haitian",NA,NA,NA,NA,NA,"Yes","No","No","Single",NA,"$60,000 to $99,999","$200 or less",NA,"$100,000 to $150,000","Social status is your place in society like middle class or lower class.","Being able to move to and from different social classes"
"2024","Fall","23790458",3.085,114,"BS","2024-11-10","2024-11-10","1774","40.8703","-73.8525","10469","2000","Male",NA,"Male","Heterosexual (as in ""straight"")",NA,"Full-time (12 credits or more)","Declared (Please specify major):","Applied Mathematics",NA,"2.8","3rd year undergraduate","No","Some other race, ethnicity or origin",NA,NA,NA,NA,NA,NA,"West Indian","No","No","No","Single",NA,"Less than $60,000","$200 or less",NA,"$100,000 to $150,000","not sure","not sure"
"2024","Fall","24432912",3.552,52,"BS","2024-11-03","2024-11-07","350837","40.8703","-73.8525","10462","2007","Female",NA,"Female","Heterosexual (as in ""straight"")",NA,"Full-time (12 credits or more)","Declared (Please specify major):","Biology",NA,"4","1st year undergraduate","No","Black or African American (E.g., African American, Jamaican, Haitian, Nigerian, Ethiopian, Somalian, etc.:",NA,"Ghanaian",NA,NA,NA,NA,NA,"Yes","No","No","Single",NA,"Less than $60,000","$200 or less",NA,"$60,000 to $99,999","Social status is how significant a rank that a person holds in society.","This is when a person moves up the social status ladder."
"2024","Fall","24233464",2.84,90,"BA","2024-11-15","2024-11-15","1606","40.7597","-73.981","10011","2003","Male",NA,"Male","Heterosexual (as in ""straight"")",NA,"Full-time (12 credits or more)","Declared (Please specify major):","Psychology",NA,"3","2nd year undergraduate","Yes","Hispanic, Latino or Spanish Origin (E.g., Mexican or Mexican American. Puerto Rican, Cuban, Salvadorian, Dominican, etc.)",NA,NA,"Dominican",NA,NA,NA,NA,"Yes","No","No","Single",NA,"$60,000 to $99,999","$201-$400",NA,"$100,000 to $150,000","social status is where you are economically and socially","improving your social class"
"2024","Fall","24409962",3.763,65,"BA","2024-11-16","2024-11-16","835","40.7484","-73.862","11373","2006","Female",NA,"Female","Heterosexual (as in ""straight"")",NA,"Full-time (12 credits or more)","Undeclared (Please specify intended major):",NA,"Business","0","1st year undergraduate","No","Asian (E.g., Chinese, Filipino, Asian Indian, Bangladeshi, Vietnamese, Korean etc,)",NA,NA,NA,"Bangladeshi",NA,NA,NA,"No","No","No","Single",NA,"Less than $60,000","$200 or less",NA,"$60,000 to $99,999","Social status refers to an individual's position or rank within a society or social group.","Social mobility refers to the movement of individuals or groups between different social positions within a society's social stratification system"
"2024","Fall","24198084",3.316,123,"BS","2024-11-16","2024-11-16","1104","40.9186","-73.8619","10704","2003","Female",NA,"Female","Bisexual",NA,"Full-time (12 credits or more)","Declared (Please specify major):","Psychology",NA,"3.2","4th year undergraduate","No","Black or African American (E.g., African American, Jamaican, Haitian, Nigerian, Ethiopian, Somalian, etc.:",NA,"Nigerian American",NA,NA,NA,NA,NA,"Yes","No","No","Single",NA,"$60,000 to $99,999","Other ( Please specify):","$0","$100,000 to $150,000","Social status is how people perceive you.","Social mobility is how a person is able to navigate within a society."
"2024","Fall","24252310",3.422,60,"BE","2024-11-18","2024-11-18","1719","40.6739","-73.9358","11213","2006","Male",NA,"Male","Heterosexual (as in ""straight"")",NA,"Full-time (12 credits or more)","Undeclared (Please specify intended major):",NA,"Computer Science","0.000","1st year undergraduate","No","Black or African American (E.g., African American, Jamaican, Haitian, Nigerian, Ethiopian, Somalian, etc.:",NA,"Jamaican",NA,NA,NA,NA,NA,"No","No","No","Single",NA,"$100,000 to $150,000","Other ( Please specify):","0","$100,000 to $150,000","A conglomeration of your academic depth, financial strength/security, and social network","the ability to raise oneselves recognized position within a social boundary"
"2024","Fall","24577040",3.283,18,"BS","2024-11-18","2024-11-18","5372","40.8231","-73.9513","11520","2006","Female",NA,"Female","Heterosexual (as in ""straight"")",NA,"Full-time (12 credits or more)","Declared (Please specify major):","biology",NA,"3.7","1st year undergraduate","Yes","Hispanic, Latino or Spanish Origin (E.g., Mexican or Mexican American. Puerto Rican, Cuban, Salvadorian, Dominican, etc.)",NA,NA,"ecuadorian",NA,NA,NA,NA,"Yes","No","No","Single",NA,"$100,000 to $150,000","Other ( Please specify):","N/A","$100,000 to $150,000","where you stand economically ","change in social status"
"2024","Fall","24426331",2.337,51,"BS","2024-11-18","2024-11-18","1544","40.8231","-73.9513","10462","2006","Female",NA,"Female","Heterosexual (as in ""straight"")",NA,"Full-time (12 credits or more)","Undeclared (Please specify intended major):",NA,"computer science ","0","1st year undergraduate","No","Black or African American (E.g., African American, Jamaican, Haitian, Nigerian, Ethiopian, Somalian, etc.:",NA,"Ghanaian",NA,NA,NA,NA,NA,"Yes","No","No","Single",NA,"Less than $60,000","$200 or less",NA,"$100,000 to $150,000","I define social status as you wealth and class in the world. For example lowerclass middle-class and upperclass. ","Being able to move social class."
"2024","Fall","24570974",3.966,52,"BS","2024-11-19","2024-11-19","4467","40.7196","-73.7463","11428","2004","Female",NA,"Female","Heterosexual (as in ""straight"")",NA,"Full-time (12 credits or more)","Undeclared (Please specify intended major):",NA,"Architecture ","3.75","1st year undergraduate","No","Asian (E.g., Chinese, Filipino, Asian Indian, Bangladeshi, Vietnamese, Korean etc,)",NA,NA,NA,"Bangladeshi ",NA,NA,NA,"Yes","No","No","Single",NA,"Less than $60,000","$200 or less",NA,"$100,000 to $150,000","A persons rank within a society ","Move up or down in social status."
"2024","Fall","24361692",3.44,69,"BE","2024-11-19","2024-11-19","1250","40.66","-73.839","11420","2006","Male",NA,"Male","Heterosexual (as in ""straight"")",NA,"Full-time (12 credits or more)","Undeclared (Please specify intended major):",NA,"Civil Engineering","4.0","1st year undergraduate","Yes","Hispanic, Latino or Spanish Origin (E.g., Mexican or Mexican American. Puerto Rican, Cuban, Salvadorian, Dominican, etc.)",NA,NA,"Dominican",NA,NA,NA,NA,"Yes","No","No","Single",NA,"$100,000 to $150,000","$200 or less",NA,"$100,000 to $150,000","where you stand in society","how you move up or down the worlds social ladder"
"2024","Fall","24359092",3.396,58,"BS","2024-11-20","2024-11-20","1068","40.6627","-73.9138","11221","2006","Male",NA,"Male","Heterosexual (as in ""straight"")",NA,"Full-time (12 credits or more)","Undeclared (Please specify intended major):",NA,"Biology ","0","1st year undergraduate","Yes","Hispanic, Latino or Spanish Origin (E.g., Mexican or Mexican American. Puerto Rican, Cuban, Salvadorian, Dominican, etc.)",NA,NA,"Mexican ",NA,NA,NA,NA,"No","No","No","Single",NA,"$60,000 to $99,999","$200 or less",NA,"$150,001 to $299,999","I define social status as the pedestal for those who can communicate and display their respectability and image.","I define social mobility as the change of the pedestal from social statuses "
"2024","Fall","24561549",3.45,56,"BA","2024-11-20","2024-11-20","1141","40.6994","-73.8883","11385","2006","Female",NA,"Female","Uncertain/Questioning",NA,"Full-time (12 credits or more)","Undeclared (Please specify intended major):",NA,"Psychology or Business ","3.2","1st year undergraduate","Yes","Hispanic, Latino or Spanish Origin (E.g., Mexican or Mexican American. Puerto Rican, Cuban, Salvadorian, Dominican, etc.)",NA,NA,"Mexican ",NA,NA,NA,NA,"Yes","No","No","Single",NA,"Less than $60,000","$201-$400",NA,"$60,000 to $99,999","How society ranks you from your background and education ","Not sure"
"2024","Fall","24314225",3.825,24,"BA","2024-11-20","2024-11-20","1486","40.8518","-73.8705","10472","2006","Female",NA,"Female","Heterosexual (as in ""straight"")",NA,"Full-time (12 credits or more)","Undeclared (Please specify intended major):",NA,"sociology or bio","2.8","1st year undergraduate","Yes","Hispanic, Latino or Spanish Origin (E.g., Mexican or Mexican American. Puerto Rican, Cuban, Salvadorian, Dominican, etc.)",NA,NA,"mexican",NA,NA,NA,NA,"Yes","No","No","Other:","dating","Less than $60,000","$200 or less",NA,"Less than 60,000","social status is a place you stand with others, as in the way they view you asan individual.","the ability to have the free will to either to better or stay where your at."
"2024","Fall","24318406",2.789,66,"BA","2024-11-21","2024-11-21","6826","40.5828","-73.9532","11204","2006","Female",NA,"Female","Heterosexual (as in ""straight"")",NA,"Full-time (12 credits or more)","Undeclared (Please specify intended major):",NA,"Electrical engineering ","3.7","1st year undergraduate","No","Some other race, ethnicity or origin",NA,NA,NA,NA,NA,NA,"Mixed Asian and white","Yes","No","No","Single",NA,"Less than $60,000","$200 or less",NA,"Greater than $300,000","Reto me social status refers to a persons “rank”. That includes wealth, education, occupation, popularity and personal achievements. Social status can influence how people are viewed by others as well as opportunities and privileges they can get.","Social mobility is when a person can move up or down the social ladder within the society. They can move up by getting a better job and better wealth. They can move down by being jobless etc."
"2024","Fall","24318397",3.107,74,"BS","2024-11-22","2024-11-22","1568","40.8231","-73.9513","11228","2006","Female",NA,"Female","Heterosexual (as in ""straight"")",NA,"Full-time (12 credits or more)","Declared (Please specify major):","Psychology (BS)",NA,"3.4","1st year undergraduate","No","Middle Eastern or North African (E.g., Lebanese, Iranian, Egyptian, Syrian, Moroccan, Algerian, etc.)",NA,NA,NA,NA,NA,"Lebanese",NA,"Yes","Yes","No","Single",NA,"Less than $60,000","$200 or less",NA,"Greater than $300,000","How other perceive you our how wealthy you are","How accessible things are to you."
"2024","Fall","24523409",2.777,51,"BE","2024-11-22","2024-11-22","2294","40.6763","-73.9492","11205","2006","Male",NA,"Male","Heterosexual (as in ""straight"")",NA,"Full-time (12 credits or more)","Undeclared (Please specify intended major):",NA,"Computer engineering","3.9","1st year undergraduate","No","Asian (E.g., Chinese, Filipino, Asian Indian, Bangladeshi, Vietnamese, Korean etc,)",NA,NA,NA,"Bangladeshi",NA,NA,NA,"Yes","No","No","Single",NA,"Less than $60,000","Other ( Please specify):","0","Greater than $300,000","How much one is socially recognized and respected.","One ability to access different social networks "
"2024","Fall","24333258",2.727,95,"BA","2024-11-23","2024-11-23","8270","40.7123","-74.0068","10453","2003","Female",NA,"Female","Heterosexual (as in ""straight"")",NA,"Full-time (12 credits or more)","Declared (Please specify major):","Psychology BA",NA,"2.49","3rd year undergraduate","Yes","Hispanic, Latino or Spanish Origin (E.g., Mexican or Mexican American. Puerto Rican, Cuban, Salvadorian, Dominican, etc.)",NA,NA,"Dominican",NA,NA,NA,NA,"Yes","No","No","Single",NA,"Less than $60,000","$200 or less",NA,"$100,000 to $150,000","your ranking compared to others","the movement between the social ladder"
"2024","Fall","24417041",3.008,67,"BS","2024-11-24","2024-11-24","507","40.6627","-73.9138","11203","2005","Male",NA,"Male","Heterosexual (as in ""straight"")",NA,"Full-time (12 credits or more)","Undeclared (Please specify intended major):",NA,"computer science","3.0","2nd year undergraduate","No","Asian (E.g., Chinese, Filipino, Asian Indian, Bangladeshi, Vietnamese, Korean etc,)",NA,NA,NA,"bangladeshi",NA,NA,NA,"No","No","No","Single",NA,"$60,000 to $99,999","$200 or less",NA,"$100,000 to $150,000","wealth","moving up the ladder"
"2024","Fall","24409348",1.808,46,"BA","2024-11-25","2024-11-25","750","40.8231","-73.9513","10467","2005","Male",NA,"Male","Heterosexual (as in ""straight"")",NA,"Full-time (12 credits or more)","Declared (Please specify major):","Economics",NA,"2.0","2nd year undergraduate","No","Asian (E.g., Chinese, Filipino, Asian Indian, Bangladeshi, Vietnamese, Korean etc,)",NA,NA,NA,"Indian",NA,NA,NA,"Yes","No","No","Single",NA,"$100,000 to $150,000","$200 or less",NA,"$150,001 to $299,999","The level of honor someone has in society.","The ability of someone to change their status in society."
"2024","Fall","24020747",2.3,72,"BA","2024-11-25","2024-11-25","647","40.8231","-73.9513","11224","2003","Female",NA,"Female","Heterosexual (as in ""straight"")",NA,"Full-time (12 credits or more)","Declared (Please specify major):","english",NA,"2.1","4th year undergraduate","No","Asian (E.g., Chinese, Filipino, Asian Indian, Bangladeshi, Vietnamese, Korean etc,)",NA,NA,NA,"Chinese",NA,NA,NA,"Yes","No","No","Single",NA,"Less than $60,000","$1001-$1200",NA,"Less than 60,000","social status is what defines a person's role in society.","Social mobility to me is income and living."
"2024","Fall","24361967",3.92,72,"BE","2024-11-25","2024-11-25","851","40.8231","-73.9513","11421","2006","Male",NA,"Male","Heterosexual (as in ""straight"")",NA,"Full-time (12 credits or more)","Declared (Please specify major):","civil engineering",NA,"3.8","1st year undergraduate","Yes","Hispanic, Latino or Spanish Origin (E.g., Mexican or Mexican American. Puerto Rican, Cuban, Salvadorian, Dominican, etc.)",NA,NA,"ecuadorian",NA,NA,NA,NA,"No","No","No","Single",NA,"Less than $60,000","$200 or less",NA,"$100,000 to $150,000","its a way we measure our standings in everyday life ","the freedom and or flexibility to be abel ti act upon a public setting "
"2024","Fall","24556270",3.037,42,"BA","2024-11-25","2024-11-25","3084","40.8231","-73.9513","10027","2006","Female",NA,"Female","Bisexual",NA,"Full-time (12 credits or more)","Declared (Please specify major):","psyhchlogy",NA,"3.5","1st year undergraduate","No","Black or African American (E.g., African American, Jamaican, Haitian, Nigerian, Ethiopian, Somalian, etc.:",NA,"African american",NA,NA,NA,NA,NA,"No","No","No","Single",NA,"Less than $60,000","$200 or less",NA,"$60,000 to $99,999","The way someone is viewed in the world by society.","the idea that people are able to move up or down in status."
"2024","Fall","24564409",3.075,60,"BE","2024-11-25","2024-11-25","1598","40.7503","-74.0014","10029","2006","Male",NA,"Male","Heterosexual (as in ""straight"")",NA,"Full-time (12 credits or more)","Declared (Please specify major):","Electrical Engineering ",NA,"0","1st year undergraduate","Yes","Hispanic, Latino or Spanish Origin (E.g., Mexican or Mexican American. Puerto Rican, Cuban, Salvadorian, Dominican, etc.)",NA,NA,"Mexican American ",NA,NA,NA,NA,"Yes","Yes","No","Single",NA,"Less than $60,000","$200 or less",NA,"$100,000 to $150,000","How society sees you, mostly in either successful or a failure.","I don’t know"
"2024","Fall","24527412",3.75,58,"BSED","2024-11-26","2024-11-26","613","40.8231","-73.9513","10451","2006","Female",NA,"Female","Heterosexual (as in ""straight"")",NA,"Full-time (12 credits or more)","Declared (Please specify major):","childhood education ",NA,"3","1st year undergraduate","Yes","Hispanic, Latino or Spanish Origin (E.g., Mexican or Mexican American. Puerto Rican, Cuban, Salvadorian, Dominican, etc.)",NA,NA,"Dominican",NA,NA,NA,NA,"No","No","No","Single",NA,"Less than $60,000","$200 or less",NA,"$60,000 to $99,999","how popular you are. ","being able to be cool with everyone"
"2024","Fall","24304758",3.4,126,"BA","2024-11-26","2024-11-26","5402","40.6462","-73.9559","11050","2004","Male",NA,"Male","Heterosexual (as in ""straight"")",NA,"Full-time (12 credits or more)","Declared (Please specify major):","Psychology",NA,"3.193","3rd year undergraduate","No","Asian (E.g., Chinese, Filipino, Asian Indian, Bangladeshi, Vietnamese, Korean etc,)",NA,NA,NA,"Korean",NA,NA,NA,"Yes","No","No","Single",NA,"Less than $60,000","$200 or less",NA,"Greater than $300,000","How often you socialize and what it is like","How often you socialize"
"2024","Fall","24020747",2.3,72,"BA","2024-11-27","2024-11-27","482","40.8231","-73.9513","11224","2003","Female",NA,"Female","Heterosexual (as in ""straight"")",NA,"Full-time (12 credits or more)","Declared (Please specify major):","english ",NA,"2.1","4th year undergraduate","No","Asian (E.g., Chinese, Filipino, Asian Indian, Bangladeshi, Vietnamese, Korean etc,)",NA,NA,NA,"Chinese",NA,NA,NA,"Yes","No","No","Single",NA,"Less than $60,000","$1001-$1200",NA,"Less than 60,000","About society","Moving on"
"2024","Fall","24101371",3.11,47,"BS","2024-11-27","2024-11-27","3137","40.7162","-73.9229","10461","2004","Male",NA,"Male","Heterosexual (as in ""straight"")",NA,"Full-time (12 credits or more)","Undeclared (Please specify intended major):",NA,"Biology or Psychology","3.3","2nd year undergraduate","No","Asian (E.g., Chinese, Filipino, Asian Indian, Bangladeshi, Vietnamese, Korean etc,)",NA,NA,NA,"Bangladeshi",NA,NA,NA,"Yes","No","No","Single",NA,"Less than $60,000","$200 or less",NA,"$60,000 to $99,999","Social status is a person's position in society. This position is impacted by their race, wealth, color, education, social connections, honor, dignity, positive characteristics, etc. I think it is also affected by social values that a society holds. If an individual doesn't adhere to that norm then their status is decreased.","social mobility refers to the idea of being able to move up or down the social status hierarchy "
"2024","Fall","24512572",1.333,3,"BS","2024-11-27","2024-11-27","3825","40.6499","-73.8814","11234","2006","Female",NA,"Female","Heterosexual (as in ""straight"")",NA,"Full-time (12 credits or more)","Declared (Please specify major):","BS in Psychology ",NA,"0","1st year undergraduate","No","Black or African American (E.g., African American, Jamaican, Haitian, Nigerian, Ethiopian, Somalian, etc.:",NA,"Haitian",NA,NA,NA,NA,NA,"Yes","No","No","Other:","I have a boyfriend ","$60,000 to $99,999","Other ( Please specify):","im unemployed ","$100,000 to $150,000","social status is the positioning of one in the social hierarchy of our world. I understand it as just the way the world is; you're born with a social status based on a lot of factors, but you do have the ability to change it. ","social mobility is how someone or a group of people move up or down on the social ladder. so obtaining generational wealth is considered social mobility because its advancing on the social hierarchy."
"2024","Fall","24521723",3.577,68,"BA","2024-11-27","2024-11-27","2152","40.6469","-73.9344","10468","2007","Female",NA,"Female","Heterosexual (as in ""straight"")",NA,"Full-time (12 credits or more)","Declared (Please specify major):","Psychology ",NA,"3","1st year undergraduate","Yes","Hispanic, Latino or Spanish Origin (E.g., Mexican or Mexican American. Puerto Rican, Cuban, Salvadorian, Dominican, etc.)",NA,NA,"Dominican ",NA,NA,NA,NA,"Yes","No","No","Single",NA,"Less than $60,000","$200 or less",NA,"$100,000 to $150,000","Good ","Good"
"2024","Fall","24564409",3.075,60,"BE","2024-11-27","2024-11-28","102205","40.7123","-74.0068","10029","2006","Male",NA,"Male","Heterosexual (as in ""straight"")",NA,"Full-time (12 credits or more)","Declared (Please specify major):","Electrical Engineering ",NA,"3.4","1st year undergraduate","Yes","Hispanic, Latino or Spanish Origin (E.g., Mexican or Mexican American. Puerto Rican, Cuban, Salvadorian, Dominican, etc.)",NA,NA,"Mexican",NA,NA,NA,NA,"Yes","Yes","No","Single",NA,"Less than $60,000","$200 or less",NA,"Less than 60,000","How you contribute to society. You are either successful or failure.","How people can move up in the world. How one can improve their quality of life."
"2024","Fall","24334822",3.433,100,"BA","2024-11-29","2024-11-29","1597","40.6713","-73.8943","11237","2004","Male",NA,"Male","Heterosexual (as in ""straight"")",NA,"Full-time (12 credits or more)","Declared (Please specify major):","music pop studies",NA,"3.7","3rd year undergraduate","Yes","Some other race, ethnicity or origin",NA,NA,NA,NA,NA,NA,"filipino/mexican","No","Yes","No","Single",NA,"Less than $60,000","$200 or less",NA,"Greater than $300,000","what you contriubute to society","how you can talk to others "
"2024","Fall","24528066",3.677,68,"BS","2024-11-29","2024-11-29","1474","40.6462","-73.9559","11203","2006","Male",NA,"Male","Heterosexual (as in ""straight"")",NA,"Full-time (12 credits or more)","Declared (Please specify major):","Chemistry",NA,"4.0","1st year undergraduate","No","Black or African American (E.g., African American, Jamaican, Haitian, Nigerian, Ethiopian, Somalian, etc.:",NA,"Jamaican",NA,NA,NA,NA,NA,"No","No","No","Single",NA,"$100,000 to $150,000","$200 or less",NA,"$60,000 to $99,999","Social status in my perspective the effect of the amount of money you make on your life.","The rate at which the amount of money you make changes."
"2024","Fall","24518972",3.608,59,"BE","2024-11-29","2024-11-29","1054","40.8","-73.9763","10027","2006","Male",NA,"Male","Heterosexual (as in ""straight"")",NA,"Full-time (12 credits or more)","Undeclared (Please specify intended major):",NA,"Electrical engineering","3.0","1st year undergraduate","Yes","Hispanic, Latino or Spanish Origin (E.g., Mexican or Mexican American. Puerto Rican, Cuban, Salvadorian, Dominican, etc.)",NA,NA,"Mexican",NA,NA,NA,NA,"Yes","No","No","Single",NA,"Less than $60,000","$200 or less",NA,"$100,000 to $150,000","Having money and power ","im not sure "
"2024","Fall","24586170",1.716,24,"BA","2024-11-30","2024-11-30","923","40.7961","-73.9513","10029","2006","Male",NA,"Male","Uncertain/Questioning",NA,"Full-time (12 credits or more)","Undeclared (Please specify intended major):",NA,"Earth science ","3.9","1st year undergraduate","No","Black or African American (E.g., African American, Jamaican, Haitian, Nigerian, Ethiopian, Somalian, etc.:",NA,"Black",NA,NA,NA,NA,NA,"No","No","No","Single",NA,"Less than $60,000","$200 or less",NA,"Less than 60,000","Social status is the privilege, prestige and recognition someone seems to have from a variety of factors like wealth and influence ","The movement up or down a social class or level "
"2024","Fall","23760247",3.426,120,"BA","2024-12-01","2024-12-01","878","40.8905","-74.0504","10034","2001","Male",NA,"Male","Heterosexual (as in ""straight"")",NA,"Full-time (12 credits or more)","Declared (Please specify major):","political science",NA,"3.4","5th year undergraduate","Yes","Hispanic, Latino or Spanish Origin (E.g., Mexican or Mexican American. Puerto Rican, Cuban, Salvadorian, Dominican, etc.)",NA,NA,"Dominican",NA,NA,NA,NA,"Yes","No","No","Single",NA,"Less than $60,000","$200 or less",NA,"$100,000 to $150,000","Economical wealth, ","Knowledge of influence"
"2024","Fall","24327283",3.553,106,"BA","2024-12-02","2024-12-02","1150","40.8231","-73.9513","11374","2004","Female",NA,"Female","Heterosexual (as in ""straight"")",NA,"Full-time (12 credits or more)","Declared (Please specify major):","Public relations/ advertising ",NA,"3.4","3rd year undergraduate","Yes","Hispanic, Latino or Spanish Origin (E.g., Mexican or Mexican American. Puerto Rican, Cuban, Salvadorian, Dominican, etc.)",NA,NA,"multi",NA,NA,NA,NA,"Yes","No","No","Domestic partnership",NA,"Less than $60,000","$200 or less",NA,"$100,000 to $150,000","I undertsand the term 'social staus"" as the position that society gives you based off of their parameters. For ex, if you have a lot of money you are rich and therefore, socially you are ranked higher.","I define the term Social mobility as the ability to move up in the social ladder."
"2024","Fall","24525234",3.912,54,"BA","2024-12-02","2024-12-02","2775","40.8343","-73.9235","10452","2006","Female",NA,"Female","Bisexual",NA,"Full-time (12 credits or more)","Declared (Please specify major):","Psychology",NA,"2.7","1st year undergraduate","No","Black or African American (E.g., African American, Jamaican, Haitian, Nigerian, Ethiopian, Somalian, etc.:",NA,"African American",NA,NA,NA,NA,NA,"No","No","No","Domestic partnership",NA,"Less than $60,000","$200 or less",NA,"$60,000 to $99,999","its a combination of wealth and connections. ","Being able to thrive in different social settings."
"2024","Fall","24306434",3.685,124,"BS","2024-12-02","2024-12-02","12385","40.7809","-73.9502","11368","2005","Male",NA,"Male","Heterosexual (as in ""straight"")",NA,"Full-time (12 credits or more)","Declared (Please specify major):","Biology",NA,"4.0","2nd year undergraduate","No","Asian (E.g., Chinese, Filipino, Asian Indian, Bangladeshi, Vietnamese, Korean etc,)",NA,NA,NA,"Filipino",NA,NA,NA,"No","No","No","Other:","Relationship","$150,001 to $299,999","$200 or less",NA,"$100,000 to $150,000","Social status refers to one's socioeconomic standing relative to others. However, to me, it can also refer to how others perceive you and how you act.","Social mobility refers to the ability to move up and down social classes or in reputation."
"2024","Fall","23956988",2.664,120,"BA","2024-12-02","2024-12-02","1670","40.828","-73.8685","10472","2001","Female",NA,"Female","Heterosexual (as in ""straight"")",NA,"Full-time (12 credits or more)","Declared (Please specify major):","international studies",NA,"2.5","6th year undergraduate","Yes","Hispanic, Latino or Spanish Origin (E.g., Mexican or Mexican American. Puerto Rican, Cuban, Salvadorian, Dominican, etc.)",NA,NA,"mexican",NA,NA,NA,NA,"Yes","No","No","Single",NA,"Less than $60,000","$401-$600",NA,"$100,000 to $150,000","the social/monetary value/influence  a person has in society","the ability to move up or down the ""social ladder"""
"2024","Fall","24590664",2.888,45,"BA","2024-12-03","2024-12-03","1373","40.8731","-73.8726","10467","2006","Male",NA,"Male","Heterosexual (as in ""straight"")",NA,"Full-time (12 credits or more)","Undeclared (Please specify intended major):",NA,"Architecture ","3.0","1st year undergraduate","No","Black or African American (E.g., African American, Jamaican, Haitian, Nigerian, Ethiopian, Somalian, etc.:",NA,"African American, Native American ",NA,NA,NA,NA,NA,"No","No","No","Single",NA,"$60,000 to $99,999","$200 or less",NA,"$150,001 to $299,999","Important","Fluent"
"2024","Fall","24332562",2.884,70,"BA","2024-12-03","2024-12-03","1185","40.8231","-73.9513","10459","2004","Female",NA,"Female","Heterosexual (as in ""straight"")",NA,"Full-time (12 credits or more)","Declared (Please specify major):","political science",NA,"3","3rd year undergraduate","Yes","Hispanic, Latino or Spanish Origin (E.g., Mexican or Mexican American. Puerto Rican, Cuban, Salvadorian, Dominican, etc.)",NA,NA,"mexican",NA,NA,NA,NA,"Yes","No","No","Single",NA,"Less than $60,000","$200 or less",NA,"$60,000 to $99,999","i define it as your value in society, how much of an impact can your voice have.","the ability of being able to move up in the social hierarchy. increase the value of your voice and the impact you leave for your following generation."
"2024","Fall","24539514",3.757,63,"BS","2024-12-03","2024-12-03","1514","40.7494","-73.9664","10031","2005","Female",NA,"Female","Heterosexual (as in ""straight"")",NA,"Full-time (12 credits or more)","Undeclared (Please specify intended major):",NA,"Biology","0","1st year undergraduate","No","Middle Eastern or North African (E.g., Lebanese, Iranian, Egyptian, Syrian, Moroccan, Algerian, etc.)",NA,NA,NA,NA,NA,"Middle eastern",NA,"Yes","No","No","Single",NA,"Less than $60,000","$201-$400",NA,"$100,000 to $150,000","Social status is a person’s place or rank in society. It can depend on things like money, education, job, or family background. Some status is earned through hard work, while some is given at birth, like race or gender. It affects how people are treated and what opportunities they have. Social status can change over time and is different in every culture.","Social mobility means a person’s ability to move up or down in their social status or position in society. It can happen through education, a new job, marriage, or other life changes."
"2024","Fall","24427677",3.315,89,"BA","2024-12-03","2024-12-03","997","40.6713","-73.8943","11208","2005","Female",NA,"Female","Heterosexual (as in ""straight"")",NA,"Full-time (12 credits or more)","Undeclared (Please specify intended major):",NA,"economics and comp sci","3.1","2nd year undergraduate","No","Asian (E.g., Chinese, Filipino, Asian Indian, Bangladeshi, Vietnamese, Korean etc,)",NA,NA,NA,"Bangladeshi",NA,NA,NA,"Yes","No","No","Single",NA,"Less than $60,000","Other ( Please specify):","0","$60,000 to $99,999","Social status is a rank of a person or like popularity. How well people know them and their job, education and money. Social status can help one see how another person is and know what resources theyre linked to.","Social mobility is being able to move your status around in societuy because theres always room for improvements and you can get a better job or education level and make more money"
"2024","Fall","24508229",3.75,15,"BA","2024-12-04","2024-12-04","1436","40.726","-73.848","11367","2007","Female",NA,"Gender fluid","Other (Please identity):","pansexual","Full-time (12 credits or more)","Declared (Please specify major):","popular music",NA,"3","1st year undergraduate","Yes","Hispanic, Latino or Spanish Origin (E.g., Mexican or Mexican American. Puerto Rican, Cuban, Salvadorian, Dominican, etc.)",NA,NA,"Venezuelan",NA,NA,NA,NA,"Yes","No","No","Single",NA,"Less than $60,000","$200 or less",NA,"$100,000 to $150,000","how society views you based on your economic situation and overall social class. how and where you stand in both your business and personal life in comparison to the rest of people i guess","moving up/down social class wise"
"2024","Fall","24182097",2.679,115,"BA","2024-12-04","2024-12-04","885","40.8231","-73.9513","10454","2003","Female",NA,"Female","Heterosexual (as in ""straight"")",NA,"Full-time (12 credits or more)","Declared (Please specify major):","Psychology",NA,"2.5","3rd year undergraduate","No","Black or African American (E.g., African American, Jamaican, Haitian, Nigerian, Ethiopian, Somalian, etc.:",NA,"Senegalese",NA,NA,NA,NA,NA,"Yes","No","No","Single",NA,"Less than $60,000","$200 or less",NA,"$100,000 to $150,000","N/A","N/A"
"2024","Fall","24360417",4,68,"BA","2024-12-04","2024-12-04","2104","40.8231","-73.9513","10461","2006","Female",NA,"Female","Heterosexual (as in ""straight"")",NA,"Full-time (12 credits or more)","Undeclared (Please specify intended major):",NA,"Psychology","4.0","1st year undergraduate","No","Asian (E.g., Chinese, Filipino, Asian Indian, Bangladeshi, Vietnamese, Korean etc,)",NA,NA,NA,"Bangladeshi",NA,NA,NA,"Yes","No","No","Single",NA,"Less than $60,000","Other ( Please specify):","I am not looking for work. I live with my parents.","$100,000 to $150,000","Social status refers to a person’s position or rank in society, based on factors like wealth, occupation, education, and influence. It affects how others view and treat them, and can be based on both personal achievements and background.","Social mobility refers to the ability of individuals or groups to move up or down the social and economic ladder. It is the movement between different social classes or levels of income, education, and occupation, often influenced by factors like opportunity, effort, and societal barriers."
"2024","Fall","24595566",2.758,35,"BE","2024-12-04","2024-12-04","932","40.8231","-73.9513","11230","2006","Male",NA,"Male","Heterosexual (as in ""straight"")",NA,"Full-time (12 credits or more)","Declared (Please specify major):","Electrical Engineering",NA,"3.8","1st year undergraduate","No","White or Caucasian (E.g., German, Irish, English, Italian, Polish, French, etc.)","Armenian",NA,NA,NA,NA,NA,NA,"Yes","No","No","Single",NA,"$100,000 to $150,000","$200 or less",NA,"$150,001 to $299,999","One's place in society in terms of their financial and social circumstances.","The idea that one can change their social class."
"2024","Fall","24432917",3.475,66,"BSED","2024-12-04","2024-12-04","1768","40.8231","-73.9513","10453","2006","Female",NA,"Female","Bisexual",NA,"Full-time (12 credits or more)","Declared (Please specify major):","Childhood Education",NA,"3.5","1st year undergraduate","Yes","Hispanic, Latino or Spanish Origin (E.g., Mexican or Mexican American. Puerto Rican, Cuban, Salvadorian, Dominican, etc.)",NA,NA,"Mexican-Ecuadorian American",NA,NA,NA,NA,"Yes","No","No","Single",NA,"Less than $60,000","$201-$400",NA,"$60,000 to $99,999","Your place in society based on the hierarchy created by society","Your ability to move up and down in the hierarchy"
"2024","Fall","24263511",1.25,45,"BA","2024-12-04","2024-12-04","2214","40.6758","-73.8163","11420","2003","Female",NA,"Female","Heterosexual (as in ""straight"")",NA,"Full-time (12 credits or more)","Undeclared (Please specify intended major):",NA,"biology","1.5","3rd year undergraduate","Yes","Hispanic, Latino or Spanish Origin (E.g., Mexican or Mexican American. Puerto Rican, Cuban, Salvadorian, Dominican, etc.)",NA,NA,"hispanic American ",NA,NA,NA,NA,"Yes","No","No","Single",NA,"Less than $60,000","Other ( Please specify):","0","$60,000 to $99,999","A way to show how much you have and your wealth ","e movement of a person or family up or down the social and economic ladder, either within their lifetime or between generation"
"2024","Fall","24536105",3.107,52,"BA","2024-12-05","2024-12-05","2145","40.9186","-73.8619","10701","2006","Female",NA,"Female","Heterosexual (as in ""straight"")",NA,"Full-time (12 credits or more)","Undeclared (Please specify intended major):",NA,"psychology ","4","1st year undergraduate","Yes","Hispanic, Latino or Spanish Origin (E.g., Mexican or Mexican American. Puerto Rican, Cuban, Salvadorian, Dominican, etc.)",NA,NA,"Mexican",NA,NA,NA,NA,"Yes","No","No","Single",NA,"Less than $60,000","Other ( Please specify):","0","$100,000 to $150,000","where you stand in society, like pertaining to income wise ","being able to move up and down the social ladder "
"2024","Fall","24480567",3.453,120,"BA","2024-12-05","2024-12-05","1499","40.839","-73.946","10031","2002","Female",NA,"Female","Heterosexual (as in ""straight"")",NA,"Full-time (12 credits or more)","Declared (Please specify major):","Communications",NA,"3.2","3rd year undergraduate","Yes","Hispanic, Latino or Spanish Origin (E.g., Mexican or Mexican American. Puerto Rican, Cuban, Salvadorian, Dominican, etc.)",NA,NA,"Parents are from Mexico, but I am a American born citizen. Selecting White doesnt seem like the appropriate answer to select.",NA,NA,NA,NA,"Yes","Yes","No","Single",NA,"Less than $60,000","$201-$400",NA,"$150,001 to $299,999","In society its what tax bracket you fall under, although I don't think people essentially feel what they are classified on the social ladder. My family is categorized as low income but not a single thing in my life feels low income to me. ","social mobility is the ability to move up and down the social latter, again the numbers might not reflect what/how a person might feel about their personal social mobility. "
"2024","Fall","24550481",3.342,43,"BE","2024-12-05","2024-12-05","1478","40.8231","-73.9513","10451","2005","Male",NA,"Male","Heterosexual (as in ""straight"")",NA,"Part-time (Fewer than 12 credits)","Undeclared (Please specify intended major):",NA,"Architecture","2.9","1st year undergraduate","Yes","Hispanic, Latino or Spanish Origin (E.g., Mexican or Mexican American. Puerto Rican, Cuban, Salvadorian, Dominican, etc.)",NA,NA,"Ecuadorian",NA,NA,NA,NA,"Yes","No","No","Other:","In a relationship ;)","Less than $60,000","Other ( Please specify):","100 or less","Greater than $300,000","Where you are in life","Have the ability to move up in social status"
"2024","Fall","24448912",1.614,29,"BA","2024-12-05","2024-12-05","5927","40.8231","-73.9513","11434","2006","Female",NA,"Female","Heterosexual (as in ""straight"")",NA,"Full-time (12 credits or more)","Undeclared (Please specify intended major):",NA,"Psychology ","3.00","1st year undergraduate","No","Black or African American (E.g., African American, Jamaican, Haitian, Nigerian, Ethiopian, Somalian, etc.:",NA,"African American Trinidad ",NA,NA,NA,NA,NA,"No","No","No","Single",NA,"Less than $60,000","Other ( Please specify):","0","Less than 60,000","A college student's ""social status"" refers to their relative position within the social hierarchy of their university,","Social mobility"" for college students refers to the ability of an individual to improve their socioeconomic status through education,"
"2024","Fall","24527401",3.581,58,"BA","2024-12-05","2024-12-05","4081","40.8231","-73.9513","10463","2006","Female",NA,"Female","Heterosexual (as in ""straight"")",NA,"Full-time (12 credits or more)","Declared (Please specify major):","Psychology",NA,"3.0","1st year undergraduate","Yes","Hispanic, Latino or Spanish Origin (E.g., Mexican or Mexican American. Puerto Rican, Cuban, Salvadorian, Dominican, etc.)",NA,NA,"Puerto Rican",NA,NA,NA,NA,"No","No","No","Single",NA,"$100,000 to $150,000","$201-$400",NA,"$100,000 to $150,000","a person's position or significance within a society in terms of others.","Change in a person's social standing from one position to another"
"2024","Fall","24368264",2.925,61,"BFA","2024-12-05","2024-12-05","4219","40.781","-73.9501","10486","2003","Male",NA,"Male","Heterosexual (as in ""straight"")",NA,"Full-time (12 credits or more)","Declared (Please specify major):","Video Film Production ",NA,"2.850","1st year undergraduate","No","Black or African American (E.g., African American, Jamaican, Haitian, Nigerian, Ethiopian, Somalian, etc.:",NA,"Black or African American ",NA,NA,NA,NA,NA,"No","No","No","Single",NA,"Less than $60,000","$601-$800",NA,"$60,000 to $99,999","The way I define asocial status is a person who has money and have connections with great people that can lead them to the pass of success and having net working with different people ","Being able to do the things you need and want to do"
"2024","Fall","24293510",4,136,"BA","2024-12-05","2024-12-05","688","40.8231","-73.9513","11580","2004","Female",NA,"Female","Heterosexual (as in ""straight"")",NA,"Full-time (12 credits or more)","Declared (Please specify major):","Psychology",NA,"4.0","3rd year undergraduate","No","Some other race, ethnicity or origin",NA,NA,NA,NA,NA,NA,"Guyanese","No","No","No","Single",NA,"Less than $60,000","$201-$400",NA,"$60,000 to $99,999","I define social status as something that encompasses one's career and economic status","social mobility is the ability for one to change their social standing"
"2024","Fall","24400981",3.553,61,"BE","2024-12-05","2024-12-05","1029","40.8231","-73.9513","11379","2006","Male",NA,"Male","Heterosexual (as in ""straight"")",NA,"Full-time (12 credits or more)","Undeclared (Please specify intended major):",NA,"mechanical engineering","0","1st year undergraduate","No","Middle Eastern or North African (E.g., Lebanese, Iranian, Egyptian, Syrian, Moroccan, Algerian, etc.)",NA,NA,NA,NA,NA,"egyptian",NA,"Yes","Yes","No","Single",NA,"Less than $60,000","$601-$800",NA,"$100,000 to $150,000","your prestige and how people view you","moving up and down the social hierarchy."
"2024","Fall","24554083",3.61,30,"BA","2024-12-05","2024-12-05","1191","40.8518","-73.8705","10462","2006","Female",NA,"Female","Heterosexual (as in ""straight"")",NA,"Full-time (12 credits or more)","Declared (Please specify major):","psychology",NA,"0.0","1st year undergraduate","No","Asian (E.g., Chinese, Filipino, Asian Indian, Bangladeshi, Vietnamese, Korean etc,)",NA,NA,NA,"Bangladeshi",NA,NA,NA,"Yes","No","No","Single",NA,"$60,000 to $99,999","$201-$400",NA,"$60,000 to $99,999","who you are race wise and money wise","idk"
"2024","Fall","24553700",3.833,18,"BA","2024-12-06","2024-12-06","1304","40.6758","-73.8163","11420","2006","Male",NA,"Male","Heterosexual (as in ""straight"")",NA,"Full-time (12 credits or more)","Declared (Please specify major):","psychology",NA,"3.5","1st year undergraduate","No","Some other race, ethnicity or origin",NA,NA,NA,NA,NA,NA,"indo caribbean","No","No","No","Other:","relationship","$60,000 to $99,999","$401-$600",NA,"$100,000 to $150,000","ocial status refers to the position or rank of a person or group within a society. ","the ability of individuals or groups to move within a social hierarchy"
"2024","Fall","23805195",3.596,120,"BA","2024-12-06","2024-12-06","1285","40.947","-73.7294","10543","2000","Male",NA,"Male","Heterosexual (as in ""straight"")",NA,"Full-time (12 credits or more)","Declared (Please specify major):","Economics",NA,"3.5","4th year undergraduate","Yes","Hispanic, Latino or Spanish Origin (E.g., Mexican or Mexican American. Puerto Rican, Cuban, Salvadorian, Dominican, etc.)",NA,NA,"peruvian",NA,NA,NA,NA,"Yes","No","No","Single",NA,"Less than $60,000","$201-$400",NA,"$60,000 to $99,999","It's based on a person's income. More income = higer social status; Less income = lower social status","Ability to move from a lower income to a higer income thus increasing a social status"
"2024","Fall","24488733",3.251,58,"BA","2024-12-06","2024-12-06","2502","40.8231","-73.9513","12701","2006","Female",NA,"Female","Heterosexual (as in ""straight"")",NA,"Full-time (12 credits or more)","Declared (Please specify major):","Psychology",NA,"0.00","1st year undergraduate","Yes","Hispanic, Latino or Spanish Origin (E.g., Mexican or Mexican American. Puerto Rican, Cuban, Salvadorian, Dominican, etc.)",NA,NA,"Dominican",NA,NA,NA,NA,"Yes","No","No","Single",NA,"Less than $60,000","$200 or less",NA,"$60,000 to $99,999","My definition of social status is where you stand socially due to wealth, influence, and career. An example of this can be the class status like high, middle, and low class.","It's how you change your status depending on what you have or do like getting/having a college degree, etc."
"2024","Fall","24326473",3.716,81,"BA","2024-12-06","2024-12-06","2054","40.8731","-73.8726","10462","2006","Female",NA,"Female","Bisexual",NA,"Full-time (12 credits or more)","Declared (Please specify major):","Psychology",NA,"3.84","2nd year undergraduate","Yes","Hispanic, Latino or Spanish Origin (E.g., Mexican or Mexican American. Puerto Rican, Cuban, Salvadorian, Dominican, etc.)",NA,NA,"Dominican",NA,NA,NA,NA,"Yes","No","No","Single",NA,"Less than $60,000","$200 or less",NA,"$100,000 to $150,000","how important you are and how highly you are viewed compared to everyone else ","your ability to further expand your social skills"
"2024","Fall","24585479",3.451,46,"BE","2024-12-06","2024-12-06","982","40.8518","-73.8705","10465","2005","Male",NA,"Male","Heterosexual (as in ""straight"")",NA,"Full-time (12 credits or more)","Undeclared (Please specify intended major):",NA,"Mechanical engineering","3.8","1st year undergraduate","Yes","Hispanic, Latino or Spanish Origin (E.g., Mexican or Mexican American. Puerto Rican, Cuban, Salvadorian, Dominican, etc.)",NA,NA,"Dominican ",NA,NA,NA,NA,"Yes","No","No","Single",NA,"$60,000 to $99,999","$200 or less",NA,"$150,001 to $299,999","How you and society view your importance to the world.","When someone can move from one status to another "
"2024","Fall","24550867",3.422,61,"BA","2024-12-06","2024-12-06","936","40.6799","-74.0028","11231","2006","Female",NA,"Female","Heterosexual (as in ""straight"")",NA,"Full-time (12 credits or more)","Declared (Please specify major):","psychology",NA,"3.0","1st year undergraduate","Yes","Hispanic, Latino or Spanish Origin (E.g., Mexican or Mexican American. Puerto Rican, Cuban, Salvadorian, Dominican, etc.)",NA,NA,"Puerto rican, ecuadorian",NA,NA,NA,NA,"Yes","No","No","Domestic partnership",NA,"Less than $60,000","$401-$600",NA,"$100,000 to $150,000","fitting in society","movement of different social statues "
"2024","Fall","24604218",2.7,48,"BA","2024-12-07","2024-12-07","1329","40.8","-73.9763","10025","2006","Male",NA,"Male","Heterosexual (as in ""straight"")",NA,"Full-time (12 credits or more)","Undeclared (Please specify intended major):",NA,"ingenuity","3.0","1st year undergraduate","No","Black or African American (E.g., African American, Jamaican, Haitian, Nigerian, Ethiopian, Somalian, etc.:",NA,"Haitian",NA,NA,NA,NA,NA,"No","No","No","Single",NA,"$100,000 to $150,000","$601-$800",NA,"$150,001 to $299,999","wealth and power","Movement"
"2024","Fall","24305488",2.433,79,"BA","2024-12-07","2024-12-07","4456","40.7621","-73.9517","10034","2003","Male",NA,"Male","Homosexual (as in ""lesbian"" or ""gay"")",NA,"Full-time (12 credits or more)","Declared (Please specify major):","Psychology ",NA,"2.4","3rd year undergraduate","Yes","Hispanic, Latino or Spanish Origin (E.g., Mexican or Mexican American. Puerto Rican, Cuban, Salvadorian, Dominican, etc.)",NA,NA,"Hispanic",NA,NA,NA,NA,"Yes","No","No","Married",NA,"Less than $60,000","$200 or less",NA,"$150,001 to $299,999","being more important and having a well Known name","moving up the ladder "
"2024","Fall","24434574",3.112,85,"BFA","2024-12-07","2024-12-07","989","40.6469","-73.9344","11420","2005","Male",NA,"Male","Heterosexual (as in ""straight"")",NA,"Full-time (12 credits or more)","Declared (Please specify major):","Electronic Design and Multimedia",NA,"3.2","2nd year undergraduate","No","Asian (E.g., Chinese, Filipino, Asian Indian, Bangladeshi, Vietnamese, Korean etc,)",NA,NA,NA,"Nepali",NA,NA,NA,"Yes","No","No","Single",NA,"Less than $60,000","$200 or less",NA,"$60,000 to $99,999","Social status for me is how comfortable you can live life","How easily you can move up to your desired comfort"
"2024","Fall","24292524",3.348,70,"BA","2024-12-07","2024-12-07","1199","40.8246","-73.815","10462","2004","Male",NA,"Male","Heterosexual (as in ""straight"")",NA,"Full-time (12 credits or more)","Declared (Please specify major):","Psychology",NA,"2.6","2nd year undergraduate","No","Asian (E.g., Chinese, Filipino, Asian Indian, Bangladeshi, Vietnamese, Korean etc,)",NA,NA,NA,"Bangladeshi",NA,NA,NA,"Yes","No","No","Single",NA,"Less than $60,000","Other ( Please specify):","0","$100,000 to $150,000","A person's position in the society.","Ability to move higher than past."
"2024","Fall","24619857",3.533,70,"BA","2024-12-07","2024-12-07","1693","41.0282","-73.7787","10027","2005","Male",NA,"Male","Bisexual",NA,"Full-time (12 credits or more)","Declared (Please specify major):","Archaeology",NA,"2.0","1st year undergraduate","No","Some other race, ethnicity or origin",NA,NA,NA,NA,NA,NA,"White/Indian","No","Yes","No","Other:","in a relationship","Less than $60,000","Other ( Please specify):","not currently employed","$60,000 to $99,999","how much you appeal to others","able to get along well with different people"
"2024","Fall","24365498",3.233,68,"BA","2024-12-07","2024-12-07","1767","40.68","-73.775","11412","2006","Female",NA,"Female","Heterosexual (as in ""straight"")",NA,"Full-time (12 credits or more)","Declared (Please specify major):","Psychology",NA,"3.0","1st year undergraduate","No","Black or African American (E.g., African American, Jamaican, Haitian, Nigerian, Ethiopian, Somalian, etc.:",NA,"jamaican",NA,NA,NA,NA,NA,"No","No","No","Single",NA,"$60,000 to $99,999","Other ( Please specify):","50","$60,000 to $99,999","I think social status is the way people see's you and how you portray yourself","social mobility is the way you do stuff in society. "
"2024","Fall","24245577",4,12,"BA","2024-12-07","2024-12-08","33264","40.7162","-73.9229","11210","2003","Female",NA,"Female","Heterosexual (as in ""straight"")",NA,"Full-time (12 credits or more)","Declared (Please specify major):","Psychology ",NA,"3.00","1st year undergraduate","No","White or Caucasian (E.g., German, Irish, English, Italian, Polish, French, etc.)","White",NA,NA,NA,NA,NA,NA,"Yes","Yes","Yes","Other:","Single","Less than $60,000","$200 or less",NA,"$100,000 to $150,000","Social status is how people see and value someone in a group or society based on their role, behavior, or position.","Social mobility is a person’s ability to move up or down in their social or economic status within a society."
"2024","Fall","24525823",3.925,43,"BA","2024-12-08","2024-12-08","1416","40.7123","-74.0068","11212","2006","Female",NA,"Female","Heterosexual (as in ""straight"")",NA,"Full-time (12 credits or more)","Declared (Please specify major):","Psychology",NA,"0","1st year undergraduate","No","Black or African American (E.g., African American, Jamaican, Haitian, Nigerian, Ethiopian, Somalian, etc.:",NA,"Guyanese & Grenadian",NA,NA,NA,NA,NA,"No","No","No","Single",NA,"$60,000 to $99,999","Other ( Please specify):","0","$150,001 to $299,999","I define the term “social status” as a person who has a higher ranking in life over someone else, based on their wealth, occupation, family background, education, and social connections. You either achieve a social status or you’re born into a social status.","I define the term “social mobility” as a way for an individual to move up or down the social hierarchy within society. It can be changes in income, education, occupation, or social status. The opportunities available for people either improves their position or you fall down in the ranking."
"2024","Fall","24393532",2.837,64,"BA","2024-12-08","2024-12-08","1026","40.68","-73.775","11434","2006","Female",NA,"Female","Heterosexual (as in ""straight"")",NA,"Full-time (12 credits or more)","Undeclared (Please specify intended major):",NA,"Biology","3.2","1st year undergraduate","No","Black or African American (E.g., African American, Jamaican, Haitian, Nigerian, Ethiopian, Somalian, etc.:",NA,"Black",NA,NA,NA,NA,NA,"No","Yes","No","Single",NA,"Less than $60,000","$200 or less",NA,"Greater than $300,000","Where you stand in society in terms of social class, income, career, relationship, and homeownership.","Changing social status "
"2024","Fall","24154756",3.082,83,"BA","2024-12-08","2024-12-08","847","40.7484","-73.862","11372","2004","Female",NA,"Female","Heterosexual (as in ""straight"")",NA,"Full-time (12 credits or more)","Declared (Please specify major):","Bio",NA,"2.7","3rd year undergraduate","Yes","Hispanic, Latino or Spanish Origin (E.g., Mexican or Mexican American. Puerto Rican, Cuban, Salvadorian, Dominican, etc.)",NA,NA,"Colombian ",NA,NA,NA,NA,"Yes","No","No","Single",NA,"Less than $60,000","$200 or less",NA,"$60,000 to $99,999","I believe social status has to do with a persons economic standing ","It allows for someone to easily move up in their social status"
"2024","Fall","12057307",2.928,121,"BA","2024-12-08","2024-12-08","1413","40.8777","-73.908","10457","1980","Female",NA,"Female","Heterosexual (as in ""straight"")",NA,"Full-time (12 credits or more)","Declared (Please specify major):","psychology",NA,"3.1","4th year undergraduate","Yes","Hispanic, Latino or Spanish Origin (E.g., Mexican or Mexican American. Puerto Rican, Cuban, Salvadorian, Dominican, etc.)",NA,NA,"Dominican",NA,NA,NA,NA,"Yes","No","No","Married",NA,"Less than $60,000","$601-$800",NA,"$60,000 to $99,999","where you stand in terms of wealth and if you are known in your society","at what ease are you able move in social circles"
"2024","Fall","24373663",3.666,63,"BA","2024-12-08","2024-12-08","912","40.8646","-73.8981","10468","2006","Female",NA,"Female","Heterosexual (as in ""straight"")",NA,"Full-time (12 credits or more)","Undeclared (Please specify intended major):",NA,"Education/Film","0.00","1st year undergraduate","No","Some other race, ethnicity or origin",NA,NA,NA,NA,NA,NA,"African","Yes","No","No","Single",NA,"$60,000 to $99,999","$200 or less",NA,"$100,000 to $150,000","Your economic class, your education level, skill set, occupation. ","The ability to be able to go up in the economic class or down. "
"2024","Fall","24570918",2.716,18,"BA","2024-12-08","2024-12-08","1174","40.7537","-73.8892","11368","2006","Female",NA,"Female","Heterosexual (as in ""straight"")",NA,"Full-time (12 credits or more)","Declared (Please specify major):","pysch",NA,"3.0","1st year undergraduate","Yes","Hispanic, Latino or Spanish Origin (E.g., Mexican or Mexican American. Puerto Rican, Cuban, Salvadorian, Dominican, etc.)",NA,NA,"Ecuadorian ",NA,NA,NA,NA,"Yes","No","No","Single",NA,"Less than $60,000","$200 or less",NA,"Less than 60,000","how others view you how popular you are","if you are able to be social with everyone "
"2024","Fall","24529998",3.416,72,"BM","2024-12-08","2024-12-08","819","40.6877","-73.9267","11233","2006","Male",NA,"Male","Heterosexual (as in ""straight"")",NA,"Full-time (12 credits or more)","Declared (Please specify major):","Jazz Studies",NA,"3.0","1st year undergraduate","No","Some other race, ethnicity or origin",NA,NA,NA,NA,NA,NA,"Japanese and Trinidadian","No","No","No","Single",NA,"$150,001 to $299,999","Other ( Please specify):","3000","$100,000 to $150,000","I believe that social status has to do with what the majority of other people's perceptions of you as an individual is","I define it as the ability to change your social status"
"2024","Fall","24342656",3.711,69,"BA","2024-12-08","2024-12-09","898","40.7263","-73.9818","10009","2006","Male",NA,"Male","Uncertain/Questioning",NA,"Full-time (12 credits or more)","Undeclared (Please specify intended major):",NA,"Education","3.7","1st year undergraduate","Yes","Hispanic, Latino or Spanish Origin (E.g., Mexican or Mexican American. Puerto Rican, Cuban, Salvadorian, Dominican, etc.)",NA,NA,"Puerto Rican",NA,NA,NA,NA,"Yes","No","No","Single",NA,"Less than $60,000","$200 or less",NA,"$150,001 to $299,999","How you are viewed to the public and those around you. Also how you get treated by who you are.","the way one moves in a social way."
"2024","Fall","24471701",3.976,67,"BA","2024-12-09","2024-12-09","757","40.8231","-73.9513","10031","2004","Female",NA,"Female","Heterosexual (as in ""straight"")",NA,"Full-time (12 credits or more)","Declared (Please specify major):","English education ",NA,"4.0","1st year undergraduate","No","White or Caucasian (E.g., German, Irish, English, Italian, Polish, French, etc.)","Polish ",NA,NA,NA,NA,NA,NA,"Yes","Yes","No","Single",NA,"$60,000 to $99,999","$201-$400",NA,"$100,000 to $150,000","How satisfied you are with your life ","How you are able to deal with the outside world "
"2024","Fall","24001409",3.038,126,"BS","2024-12-09","2024-12-09","1411","40.7123","-74.0068","10034","2003","Female",NA,"Female","Heterosexual (as in ""straight"")",NA,"Full-time (12 credits or more)","Declared (Please specify major):","Bachelors of Science in Psychology ",NA,"3.4","3rd year undergraduate","Yes","Hispanic, Latino or Spanish Origin (E.g., Mexican or Mexican American. Puerto Rican, Cuban, Salvadorian, Dominican, etc.)",NA,NA,"Dominican",NA,NA,NA,NA,"Yes","No","No","Other:","In a relationship ","$60,000 to $99,999","$200 or less",NA,"$100,000 to $150,000","A ladder you either fixed in or move up","Able to meet and talk with others that will help "
"2024","Fall","24271455",2.327,65,"BE","2024-12-09","2024-12-09","570","40.8231","-73.9513","11369","2005","Male",NA,"Male","Heterosexual (as in ""straight"")",NA,"Full-time (12 credits or more)","Undeclared (Please specify intended major):",NA,"Mech","3.0","1st year undergraduate","Yes","Some other race, ethnicity or origin",NA,NA,NA,NA,NA,NA,"ecuadorian","Yes","No","No","Single",NA,"Less than $60,000","$200 or less",NA,"Less than 60,000","Money","Power"
"2024","Fall","24342565",2.523,63,"AAS","2024-12-09","2024-12-09","700","40.8231","-73.9513","10009","2006","Male",NA,"Male","Uncertain/Questioning",NA,"Full-time (12 credits or more)","Undeclared (Please specify intended major):",NA,"Education ","3.7","1st year undergraduate","Yes","Hispanic, Latino or Spanish Origin (E.g., Mexican or Mexican American. Puerto Rican, Cuban, Salvadorian, Dominican, etc.)",NA,NA,"Puerto Rican",NA,NA,NA,NA,"Yes","No","No","Single",NA,"Less than $60,000","$200 or less",NA,"$150,001 to $299,999","How society views you and how they built an opinion about you based on what you have done.","The way you are bale to move through society with no issues or with issues"
"2024","Fall","23944631",3.453,136,"BA/MA","2024-12-09","2024-12-09","1349","40.7123","-74.0068","11372","2003","Female",NA,"Female","Heterosexual (as in ""straight"")",NA,"Part-time (Fewer than 12 credits)","Declared (Please specify major):","Psychology ",NA,"3.4","4th year undergraduate","No","Asian (E.g., Chinese, Filipino, Asian Indian, Bangladeshi, Vietnamese, Korean etc,)",NA,NA,NA,"Bangladeshi",NA,NA,NA,"Yes","No","No","Single",NA,"$60,000 to $99,999","$201-$400",NA,"$60,000 to $99,999","I define it as popularity or ranking based off factors such as wealth, power, income, resources etc. I understand it to be of importance to daily living as it hold influence to impact various factors in our lives.","I define it as flexibility and understand it to be capable of being adaptive "
"2024","Fall","24398459",3.35,33,"BA","2024-12-09","2024-12-09","1353","40.7961","-73.9513","10029","2005","Female",NA,"Female","Heterosexual (as in ""straight"")",NA,"Full-time (12 credits or more)","Declared (Please specify major):","Psychology ",NA,"0.00","1st year undergraduate","Yes","Hispanic, Latino or Spanish Origin (E.g., Mexican or Mexican American. Puerto Rican, Cuban, Salvadorian, Dominican, etc.)",NA,NA,"Dominican ",NA,NA,NA,NA,"Yes","Yes","No","Domestic partnership",NA,"Less than $60,000","Other ( Please specify):","0","$100,000 to $150,000","Through Sociology ","In a socialogical way."
"2024","Fall","24582166",3.572,66,"BE","2024-12-09","2024-12-09","1355","40.6994","-73.8883","11379","2006","Male",NA,"Male","Heterosexual (as in ""straight"")",NA,"Full-time (12 credits or more)","Undeclared (Please specify intended major):",NA,"Mechanical engineering ","3.7","1st year undergraduate","No","Middle Eastern or North African (E.g., Lebanese, Iranian, Egyptian, Syrian, Moroccan, Algerian, etc.)",NA,NA,NA,NA,NA,"Egyptian",NA,"Yes","No","No","Single",NA,"$100,000 to $150,000","$200 or less",NA,"$150,001 to $299,999","Social status is where someone is placed on the social pyramid ","How you can change your status"
"2024","Fall","24543300",3.362,63,"BA","2024-12-09","2024-12-09","889","40.6994","-73.8883","11385","2006","Male",NA,"Male","Heterosexual (as in ""straight"")",NA,"Full-time (12 credits or more)","Undeclared (Please specify intended major):",NA,"Computer Engineering","3.7","1st year undergraduate","Yes","Hispanic, Latino or Spanish Origin (E.g., Mexican or Mexican American. Puerto Rican, Cuban, Salvadorian, Dominican, etc.)",NA,NA,"Ecuadorian",NA,NA,NA,NA,"Yes","No","No","Single",NA,"$60,000 to $99,999","$200 or less",NA,"$60,000 to $99,999","Where you are placed amongst others in the real world","How well you can achieve and do things you like"
"2024","Fall","24085978",3.385,30,"BA","2024-12-09","2024-12-09","1135","40.6877","-73.9267","11221","2002","Male",NA,"Male","Heterosexual (as in ""straight"")",NA,"Full-time (12 credits or more)","Declared (Please specify major):","History",NA,"0","1st year undergraduate","Yes","Hispanic, Latino or Spanish Origin (E.g., Mexican or Mexican American. Puerto Rican, Cuban, Salvadorian, Dominican, etc.)",NA,NA,"Puerto Rican",NA,NA,NA,NA,"No","No","No","Domestic partnership",NA,"Less than $60,000","$1001-$1200",NA,"Less than 60,000","your caste ","a funny thing"
"2024","Fall","24318954",3.645,64,"BE","2024-12-09","2024-12-10","1885","40.6381","-74.1188","10301","2005","Male",NA,"Male","Heterosexual (as in ""straight"")",NA,"Full-time (12 credits or more)","Undeclared (Please specify intended major):",NA,"Computer Science","0.00","1st year undergraduate","No","Asian (E.g., Chinese, Filipino, Asian Indian, Bangladeshi, Vietnamese, Korean etc,)",NA,NA,NA,"Bangladeshi",NA,NA,NA,"Yes","No","No","Single",NA,"$60,000 to $99,999","$200 or less",NA,"$100,000 to $150,000","Social status is the how well-know an individual is within a society/environment.","How flexible you are in society."
"2024","Fall","24318954",3.645,64,"BE","2024-12-10","2024-12-10","440","40.6381","-74.1188","10301","2005","Male",NA,"Male","Heterosexual (as in ""straight"")",NA,"Full-time (12 credits or more)","Undeclared (Please specify intended major):",NA,"CS","0.00","1st year undergraduate","No","Asian (E.g., Chinese, Filipino, Asian Indian, Bangladeshi, Vietnamese, Korean etc,)",NA,NA,NA,"Bangladeshi",NA,NA,NA,"Yes","No","No","Single",NA,"$60,000 to $99,999","$200 or less",NA,"$100,000 to $150,000","Social status is how you are looked in or well-klnow in society.","Social mobility is hoHow well you are able to adjust or adapt to a difference in society or an environment you aren't normally used to."
"2024","Fall","24523009",3.087,54,"BA","2024-12-10","2024-12-10","1592","40.7123","-73.7985","11435","2006","Male",NA,"Male","Heterosexual (as in ""straight"")",NA,"Full-time (12 credits or more)","Declared (Please specify major):","Biology",NA,"0.0","1st year undergraduate","No","Asian (E.g., Chinese, Filipino, Asian Indian, Bangladeshi, Vietnamese, Korean etc,)",NA,NA,NA,"Bangladeshi",NA,NA,NA,"Yes","No","No","Single",NA,"Less than $60,000","$601-$800",NA,"$100,000 to $150,000","Social status is a person’s rank or position in society.","Social mobility is the ability to move up or down in social status"
"2024","Fall","24392944",3.364,70,"BA","2024-12-10","2024-12-10","1646","40.8231","-73.9513","11377","2005","Female",NA,"Female","Heterosexual (as in ""straight"")",NA,"Full-time (12 credits or more)","Declared (Please specify major):","Business Administration and Management ",NA,"3.2","2nd year undergraduate","Yes","Hispanic, Latino or Spanish Origin (E.g., Mexican or Mexican American. Puerto Rican, Cuban, Salvadorian, Dominican, etc.)",NA,NA,"Mexican ",NA,NA,NA,NA,"Yes","No","No","Single",NA,"Less than $60,000","Other ( Please specify):","currently not employed","Greater than $300,000","Gender, social Class, ethnicity ","The movement of a person of family between different social and economic class over time. "
"2024","Fall","24276873",3.104,87,"BA","2024-12-10","2024-12-10","736","40.7123","-74.0068","10451","2004","Male",NA,"Male","Heterosexual (as in ""straight"")",NA,"Full-time (12 credits or more)","Declared (Please specify major):","Communications",NA,"3.5","3rd year undergraduate","Yes","Hispanic, Latino or Spanish Origin (E.g., Mexican or Mexican American. Puerto Rican, Cuban, Salvadorian, Dominican, etc.)",NA,NA,"Black and Hispanic ",NA,NA,NA,NA,"Yes","Yes","No","Single",NA,"Less than $60,000","$401-$600",NA,"$100,000 to $150,000","Irrelevant ","You can function with all different types of people "
"2024","Fall","24536411",3.928,58,"BA","2024-12-10","2024-12-10","988","40.8312","-73.9067","10456","2006","Female",NA,"Gender fluid","Bisexual",NA,"Full-time (12 credits or more)","Declared (Please specify major):","psychology",NA,"3.8","1st year undergraduate","Yes","Hispanic, Latino or Spanish Origin (E.g., Mexican or Mexican American. Puerto Rican, Cuban, Salvadorian, Dominican, etc.)",NA,NA,"Venezuelan and Puertorican",NA,NA,NA,NA,"Yes","No","No","Single",NA,"Less than $60,000","$200 or less",NA,"$100,000 to $150,000","I see it as where you are in society, low social status is not making enough money.","Your ability to move up or own social statuses "
"2024","Fall","24136789",3.128,92,"BS","2024-12-10","2024-12-10","971","40.6214","-73.9705","11234","2004","Female",NA,"Female","Heterosexual (as in ""straight"")",NA,"Full-time (12 credits or more)","Declared (Please specify major):","Phsy ",NA,"3.1","2nd year undergraduate","Yes","Black or African American (E.g., African American, Jamaican, Haitian, Nigerian, Ethiopian, Somalian, etc.:",NA,"Jamaican",NA,NA,NA,NA,NA,"No","No","No","Single",NA,"$100,000 to $150,000","$200 or less",NA,"$60,000 to $99,999","How much people you know and talk to","n/a"
"2024","Fall","24427446",3.285,66,"BS","2024-12-10","2024-12-10","1013","40.7652","-73.9588","11208","2006","Female",NA,"Female","Bisexual",NA,"Full-time (12 credits or more)","Declared (Please specify major):","biology ",NA,"3.9","1st year undergraduate","Yes","Hispanic, Latino or Spanish Origin (E.g., Mexican or Mexican American. Puerto Rican, Cuban, Salvadorian, Dominican, etc.)",NA,NA,"Ecuadorian",NA,NA,NA,NA,"Yes","No","No","Other:","complicated ","Less than $60,000","Other ( Please specify):","no income","Less than 60,000","social status to me is what ""class' economically you are","being able to move and grow finacially"
"2024","Fall","14243726",3.354,164,"BS","2024-12-10","2024-12-10","1539","40.8527","-73.9383","10301","1988","Female",NA,"Female","Homosexual (as in ""lesbian"" or ""gay"")",NA,"Full-time (12 credits or more)","Declared (Please specify major):","biology",NA,"3.2","4th year undergraduate","No","Black or African American (E.g., African American, Jamaican, Haitian, Nigerian, Ethiopian, Somalian, etc.:",NA,"black",NA,NA,NA,NA,NA,"No","No","No","Single",NA,"$60,000 to $99,999","$801-$1000",NA,"$150,001 to $299,999","Ones level in society dealing with their finances","the status of someone in society"
"2024","Fall","24537381",2.51,40,"BE","2024-12-10","2024-12-10","1078","40.6627","-73.9138","10469","2006","Male",NA,"Male","Heterosexual (as in ""straight"")",NA,"Full-time (12 credits or more)","Undeclared (Please specify intended major):",NA,"Comp Sci","2.8","1st year undergraduate","No","Asian (E.g., Chinese, Filipino, Asian Indian, Bangladeshi, Vietnamese, Korean etc,)",NA,NA,NA,"Cambodian",NA,NA,NA,"No","No","No","Single",NA,"Less than $60,000","$200 or less",NA,"Greater than $300,000","A common perception of a person that expresses their superiority in relationships with people.","the movement of people between social classes within a society"
"2024","Fall","24423697",3.225,56,"BA","2024-12-10","2024-12-10","2145","40.7099","-73.9591","11418","2006","Female",NA,"Female","Heterosexual (as in ""straight"")",NA,"Full-time (12 credits or more)","Declared (Please specify major):","psychology ",NA,"3.3","1st year undergraduate","No","Asian (E.g., Chinese, Filipino, Asian Indian, Bangladeshi, Vietnamese, Korean etc,)",NA,NA,NA,"bangladeshi ",NA,NA,NA,"Yes","No","No","Single",NA,"Less than $60,000","$200 or less",NA,"$60,000 to $99,999","Social status refers to a person's position or rank within a social hierarchy, often determined by a combination of factors like wealth, education, occupation, family background, and cultural or societal norms. It reflects how individuals are perceived by society and influences how they interact with others.","Social mobility refers to the ability of individuals or groups to move up or down within a social hierarchy or class system over time. This movement can be based on factors such as education, occupation, income, or social connections. It is often used as an indicator of fairness and opportunity within a society."
"2024","Fall","24547139",3.8,48,"BA","2024-12-10","2024-12-10","5337","40.7809","-73.9502","10035","2006","Female",NA,"Female","Bisexual",NA,"Full-time (12 credits or more)","Declared (Please specify major):","psychology",NA,"0.00","1st year undergraduate","Yes","Hispanic, Latino or Spanish Origin (E.g., Mexican or Mexican American. Puerto Rican, Cuban, Salvadorian, Dominican, etc.)",NA,NA,"Mexican",NA,NA,NA,NA,"No","No","No","Single",NA,"Less than $60,000","$601-$800",NA,"$60,000 to $99,999","a persons standing in society","moving up or down in society"
"2024","Fall","24616159",3.376,65,"BS","2024-12-10","2024-12-10","1485","40.8527","-73.9383","11216","2005","Male",NA,"Male","Heterosexual (as in ""straight"")",NA,"Part-time (Fewer than 12 credits)","Undeclared (Please specify intended major):",NA,"Computer Science","4.0","1st year undergraduate","No","Black or African American (E.g., African American, Jamaican, Haitian, Nigerian, Ethiopian, Somalian, etc.:",NA,"Senegalese",NA,NA,NA,NA,NA,"Yes","Yes","No","Single",NA,"$100,000 to $150,000","$200 or less",NA,"Less than 60,000","Respect you receive","respect"
"2024","Fall","24507185",3.077,27,"BS","2024-12-10","2024-12-10","1193","40.7924","-74.0096","10466","2006","Female",NA,"Female","Heterosexual (as in ""straight"")",NA,"Full-time (12 credits or more)","Declared (Please specify major):","biology ",NA,"0","1st year undergraduate","Yes","Hispanic, Latino or Spanish Origin (E.g., Mexican or Mexican American. Puerto Rican, Cuban, Salvadorian, Dominican, etc.)",NA,NA,"Dominican",NA,NA,NA,NA,"Yes","No","No","Single",NA,"Less than $60,000","$200 or less",NA,"$100,000 to $150,000","It can represent your place in this world and how you view yourself and how others view you. ","How you're able to get around in this life and your ability to climb up the social ladder."
"2024","Fall","24274812",3.141,99,"BE","2024-12-10","2024-12-10","493","40.9285","-73.8282","10031","2004","Male",NA,"Male","Heterosexual (as in ""straight"")",NA,"Full-time (12 credits or more)","Declared (Please specify major):","Civil Engineering",NA,"3.3","3rd year undergraduate","Yes","Hispanic, Latino or Spanish Origin (E.g., Mexican or Mexican American. Puerto Rican, Cuban, Salvadorian, Dominican, etc.)",NA,NA,"Ecuadorian ",NA,NA,NA,NA,"Yes","No","No","Single",NA,"Less than $60,000","$200 or less",NA,"$100,000 to $150,000","How i get along with other people","moving forward with other people"
"2024","Fall","24552966",3.185,49,"BS","2024-12-10","2024-12-10","1793","40.6469","-73.9344","11368","2006","Female",NA,"Female","Heterosexual (as in ""straight"")",NA,"Full-time (12 credits or more)","Declared (Please specify major):","Biology",NA,"0.0","1st year undergraduate","Yes","Hispanic, Latino or Spanish Origin (E.g., Mexican or Mexican American. Puerto Rican, Cuban, Salvadorian, Dominican, etc.)",NA,NA,"Mexican American",NA,NA,NA,NA,"Yes","No","No","Single",NA,"$100,000 to $150,000","$601-$800",NA,"Greater than $300,000","I would say it refers to the position or rank a person holds in society. It's about how much respect, influence, or importance someone has compared to others.","Social mobility is about how people can move up or down in social status. "
"2024","Fall","24548862",3.588,52,"BARCH","2024-12-10","2024-12-10","5840","40.7033","-73.8038","11416","2005","Female",NA,"Female","Heterosexual (as in ""straight"")",NA,"Part-time (Fewer than 12 credits)","Undeclared (Please specify intended major):",NA,"Architecture ","0.000","1st year undergraduate","Yes","Hispanic, Latino or Spanish Origin (E.g., Mexican or Mexican American. Puerto Rican, Cuban, Salvadorian, Dominican, etc.)",NA,NA,"Peruvian",NA,NA,NA,NA,"Yes","No","No","Single",NA,"Less than $60,000","$401-$600",NA,"$60,000 to $99,999","Your social status is based on how much you earn and how you manage it","Social mobility is the change of your status, taking better-paying jobs. "
"2024","Fall","24507185",3.077,27,"BS","2024-12-10","2024-12-10","1933","40.7924","-74.0096","10466","2006","Female",NA,"Female","Heterosexual (as in ""straight"")",NA,"Part-time (Fewer than 12 credits)","Declared (Please specify major):","biology ",NA,"0","1st year undergraduate","Yes","Hispanic, Latino or Spanish Origin (E.g., Mexican or Mexican American. Puerto Rican, Cuban, Salvadorian, Dominican, etc.)",NA,NA,"Dominican ",NA,NA,NA,NA,"Yes","No","No","Single",NA,"Less than $60,000","$200 or less",NA,"$100,000 to $150,000","Social Status is how you view yourself and how others view you within society.","This is how well one is able to move up the ladder in society."
"2024","Fall","24347040",3.01,30,"BE","2024-12-11","2024-12-11","1139","40.7579","-73.9332","11106","2005","Male",NA,"Male","Heterosexual (as in ""straight"")",NA,"Full-time (12 credits or more)","Declared (Please specify major):","Computer Engineering",NA,"3.2","1st year undergraduate","Yes","Hispanic, Latino or Spanish Origin (E.g., Mexican or Mexican American. Puerto Rican, Cuban, Salvadorian, Dominican, etc.)",NA,NA,"Ecuadorian",NA,NA,NA,NA,"Yes","No","No","Other:","In a realtionship","Less than $60,000","$200 or less",NA,"$150,001 to $299,999","Social Status is the position that you have either earned or placed into during a period of a persons life. It is a social construct, meaning that it holds no real value. However, it can be changed through hard work and dedication.  ","Social mobility is when a person is able to elevate their social status through various achievements. "
"2024","Fall","24063308",3.497,58,"BA","2024-12-11","2024-12-11","1453","40.839","-73.946","10463","2002","Female",NA,"Female","Heterosexual (as in ""straight"")",NA,"Full-time (12 credits or more)","Undeclared (Please specify intended major):",NA,"psychology","3.2","1st year undergraduate","Yes","Hispanic, Latino or Spanish Origin (E.g., Mexican or Mexican American. Puerto Rican, Cuban, Salvadorian, Dominican, etc.)",NA,NA,"Dominican",NA,NA,NA,NA,"Yes","No","No","Single",NA,"$60,000 to $99,999","$201-$400",NA,"$150,001 to $299,999","financial success","going up or down the social latter"
"2024","Fall","24048156",3.52,93,"BS","2024-12-11","2024-12-11","4555","40.7123","-74.0068","10553","2001","Female",NA,"Female","Heterosexual (as in ""straight"")",NA,"Full-time (12 credits or more)","Declared (Please specify major):","Biochemistry ",NA,"3.55","3rd year undergraduate","No","Black or African American (E.g., African American, Jamaican, Haitian, Nigerian, Ethiopian, Somalian, etc.:",NA,"Ghanaian",NA,NA,NA,NA,NA,"Yes","Yes","No","Single",NA,"Less than $60,000","$200 or less",NA,"Less than 60,000","Social status is an individual’s rank or position within a social hierarchy, influenced by factors like wealth, occupation, education, or family background.","Social mobility is the movement of individuals or groups within a social hierarchy, either upward, downward, or horizontally. It can occur within a lifetime or across generations and is influenced by factors like education, economic opportunities, and social norms. It reflects a society’s level of fairness and access to opportunities."
"2024","Fall","24024695",3.54,31,"BE","2024-12-11","2024-12-11","1031","40.8527","-73.9383","11220","2003","Male",NA,"Male","Heterosexual (as in ""straight"")",NA,"Full-time (12 credits or more)","Undeclared (Please specify intended major):",NA,"CS","3.0","1st year undergraduate","No","Asian (E.g., Chinese, Filipino, Asian Indian, Bangladeshi, Vietnamese, Korean etc,)",NA,NA,NA,"Chinese",NA,NA,NA,"No","No","No","Single",NA,"$60,000 to $99,999","$201-$400",NA,"$60,000 to $99,999","Influential figure","Influence"
"2024","Fall","24541251",3.461,60,"BA","2024-12-11","2024-12-11","1246","40.8527","-73.9383","10468","2006","Female",NA,"Female","Heterosexual (as in ""straight"")",NA,"Full-time (12 credits or more)","Declared (Please specify major):","Psychology ",NA,"0","1st year undergraduate","Yes","Hispanic, Latino or Spanish Origin (E.g., Mexican or Mexican American. Puerto Rican, Cuban, Salvadorian, Dominican, etc.)",NA,NA,"Mexican American",NA,NA,NA,NA,"Yes","No","No","Single",NA,"Less than $60,000","$200 or less",NA,"$60,000 to $99,999","Social status in my opinion just means where you stand in society in regards to how many people/connections you have, your value, your popularity.","Social mobility in my opinion means how you are able to act in society, in regards in being able to build relationships with other people."
"2024","Fall","24446693",2.222,50,"BS","2024-12-11","2024-12-11","3727","40.8527","-73.9383","11206","2006","Female",NA,"Female","Heterosexual (as in ""straight"")",NA,"Full-time (12 credits or more)","Undeclared (Please specify intended major):",NA,"biology","4","1st year undergraduate","Yes","Hispanic, Latino or Spanish Origin (E.g., Mexican or Mexican American. Puerto Rican, Cuban, Salvadorian, Dominican, etc.)",NA,NA,"dominican",NA,NA,NA,NA,"Yes","No","No","Single",NA,"Less than $60,000","$200 or less",NA,"$150,001 to $299,999","understanding your way of announcin connection","why of satuas"
"2024","Fall","24446693",2.222,50,"BS","2024-12-11","2024-12-11","507","40.8231","-73.9513","11206","2006","Female",NA,"Female","Heterosexual (as in ""straight"")",NA,"Full-time (12 credits or more)","Undeclared (Please specify intended major):",NA,"biology","4","1st year undergraduate","Yes","Hispanic, Latino or Spanish Origin (E.g., Mexican or Mexican American. Puerto Rican, Cuban, Salvadorian, Dominican, etc.)",NA,NA,"dominican",NA,NA,NA,NA,"Yes","No","No","Single",NA,"Less than $60,000","$201-$400",NA,"$60,000 to $99,999","ranking of status","groups of system"
"2024","Fall","24369232",3.716,55,"BA","2024-12-11","2024-12-11","1230","40.8527","-73.9383","11432","2006","Female",NA,"Female","Heterosexual (as in ""straight"")",NA,"Full-time (12 credits or more)","Undeclared (Please specify intended major):",NA,"Biochemistry ","1.9","1st year undergraduate","No","Asian (E.g., Chinese, Filipino, Asian Indian, Bangladeshi, Vietnamese, Korean etc,)",NA,NA,NA,"Indian",NA,NA,NA,"Yes","No","No","Single",NA,"Less than $60,000","Other ( Please specify):","0","Less than 60,000","I define and understand the term “social “status” by social status means how important or respected someone is in a group or society. For example, a doctor might have a high social status because of their job and education. ","I define “social mobility” as the ability to move up or down in a social status. I understand the term because for example if someone from a poor family works hard and becomes rich, that’s upward social mobility. If someone loses their job that’s downward social mobility. "
"2024","Fall","24236087",3.488,109,"BA","2024-12-11","2024-12-11","3272","40.6627","-73.9138","11377","2004","Male",NA,"Male","Heterosexual (as in ""straight"")",NA,"Full-time (12 credits or more)","Declared (Please specify major):","Communications Ad/Pr",NA,"3.5","3rd year undergraduate","No","Middle Eastern or North African (E.g., Lebanese, Iranian, Egyptian, Syrian, Moroccan, Algerian, etc.)",NA,NA,NA,NA,NA,"Egyptian ",NA,"Yes","No","No","Single",NA,"$60,000 to $99,999","$201-$400",NA,"$100,000 to $150,000","i guess it would be a mix of your looks and finances ","being able to move between financial classes"
"2024","Fall","24261005",2.3,30,"BS","2024-12-11","2024-12-11","1124","40.8527","-73.9383","11236","2005","Female",NA,"Female","Heterosexual (as in ""straight"")",NA,"Full-time (12 credits or more)","Declared (Please specify major):","Biology",NA,"3.0","1st year undergraduate","No","Black or African American (E.g., African American, Jamaican, Haitian, Nigerian, Ethiopian, Somalian, etc.:",NA,"Haitian",NA,NA,NA,NA,NA,"Yes","No","No","Single",NA,"$60,000 to $99,999","$200 or less",NA,"$150,001 to $299,999","Depends on how much you make, you'll either be low class, middle class, or high class. That's what i think when i think of social status.","Interacting with others"
"2024","Fall","24519800",3.625,54,"BA","2024-12-11","2024-12-11","1619","40.7157","-74","10473","2005","Male",NA,"Male","Heterosexual (as in ""straight"")",NA,"Full-time (12 credits or more)","Declared (Please specify major):","Political Science",NA,"3.6","1st year undergraduate","Yes","Hispanic, Latino or Spanish Origin (E.g., Mexican or Mexican American. Puerto Rican, Cuban, Salvadorian, Dominican, etc.)",NA,NA,"Puerto Rican and Ecuadorian",NA,NA,NA,NA,"Yes","No","No","Single",NA,"Less than $60,000","$200 or less",NA,"$100,000 to $150,000","I feel as if the term social status differs depending on every individual! But to me it means that I am happy in life, and that I can have people around me that I can call home and go to in times of need. Not just based on money or wealth which is also a minor factor to something much broader!","I feel as if social mobility is how we carry ourselves in society and what we can do with this so called status of wealth or happiness!"
"2024","Fall","24427446",3.285,66,"BS","2024-12-11","2024-12-11","2932","40.7652","-73.9588","11208","2006","Female",NA,"Female","Bisexual",NA,"Full-time (12 credits or more)","Declared (Please specify major):","biology",NA,"3","1st year undergraduate","Yes","Hispanic, Latino or Spanish Origin (E.g., Mexican or Mexican American. Puerto Rican, Cuban, Salvadorian, Dominican, etc.)",NA,NA,"ecuadorian",NA,NA,NA,NA,"Yes","No","No","Single",NA,"Less than $60,000","$200 or less",NA,"Less than 60,000","someones finical stablitiy","being able to grow from ur financial status"
"2024","Fall","24533361",1.822,30,"BS","2024-12-11","2024-12-11","846","40.8527","-73.9383","11104","2006","Female",NA,"Female","Heterosexual (as in ""straight"")",NA,"Full-time (12 credits or more)","Undeclared (Please specify intended major):",NA,"Biology","3.7","1st year undergraduate","Yes","Hispanic, Latino or Spanish Origin (E.g., Mexican or Mexican American. Puerto Rican, Cuban, Salvadorian, Dominican, etc.)",NA,NA,"Mexican-American",NA,NA,NA,NA,"Yes","No","No","Single",NA,"Less than $60,000","$200 or less",NA,"Less than 60,000","i define it as something that can change overtime, its something everyone has","how well someone can change from one status or another "
"2024","Fall","24526947",2.177,40,"BA","2024-12-11","2024-12-11","2213","40.8527","-73.9383","11222","2006","Female",NA,"Non-binary","Homosexual (as in ""lesbian"" or ""gay"")",NA,"Full-time (12 credits or more)","Declared (Please specify major):","Psychology",NA,"3.4","1st year undergraduate","No","Black or African American (E.g., African American, Jamaican, Haitian, Nigerian, Ethiopian, Somalian, etc.:",NA,"African American",NA,NA,NA,NA,NA,"No","Yes","No","Single",NA,"Less than $60,000","$201-$400",NA,"$60,000 to $99,999","Your place in society; the way you’re perceived and understood by the people around you.","The capability to move through social circles and alter the way you are perceived by society and your peers."
"2024","Fall","24307826",3.651,99,"BA","2024-12-11","2024-12-11","1409","40.6643","-73.9763","11215","2005","Male",NA,"Male","Heterosexual (as in ""straight"")",NA,"Full-time (12 credits or more)","Declared (Please specify major):","Sonic Arts, Jewish Studies",NA,"4.0","2nd year undergraduate","No","Some other race, ethnicity or origin",NA,NA,NA,NA,NA,NA,"Jewish","No","Yes","No","Single",NA,"$150,001 to $299,999","$200 or less",NA,"$60,000 to $99,999","feeling accepted in an environment that you enjoy and respect","the ability to move in a self-defined direction through a self-defined measure of social success"
"2024","Fall","24493726",3.3,48,"BA","2024-12-11","2024-12-11","765","40.6221","-73.981","11214","2005","Male",NA,"Male","Heterosexual (as in ""straight"")",NA,"Full-time (12 credits or more)","Declared (Please specify major):","Economics",NA,"3.0","1st year undergraduate","Yes","Hispanic, Latino or Spanish Origin (E.g., Mexican or Mexican American. Puerto Rican, Cuban, Salvadorian, Dominican, etc.)",NA,NA,"Guatemalan",NA,NA,NA,NA,"Yes","Yes","No","Single",NA,"Less than $60,000","Other ( Please specify):","0","$60,000 to $99,999","Recognization ","Active"
"2024","Fall","24446668",3.13,74,"BE","2024-12-11","2024-12-11","2538","40.6739","-73.9358","11203","2005","Male",NA,"Male","Heterosexual (as in ""straight"")",NA,"Full-time (12 credits or more)","Undeclared (Please specify intended major):",NA,"Mechanical engineering","3.0","2nd year undergraduate","No","Asian (E.g., Chinese, Filipino, Asian Indian, Bangladeshi, Vietnamese, Korean etc,)",NA,NA,NA,"Bengali",NA,NA,NA,"Yes","Yes","No","Single",NA,"Less than $60,000","Other ( Please specify):","0","$100,000 to $150,000","What people think of uou","Being able to move financial classes"
"2024","Fall","24534752",2.488,34,"BE","2024-12-11","2024-12-11","1496","40.8622","-73.8902","10458","2006","Female",NA,"Female","Heterosexual (as in ""straight"")",NA,"Full-time (12 credits or more)","Declared (Please specify major):","Computer Science",NA,"3.0","1st year undergraduate","Yes","Hispanic, Latino or Spanish Origin (E.g., Mexican or Mexican American. Puerto Rican, Cuban, Salvadorian, Dominican, etc.)",NA,NA,"Mexican",NA,NA,NA,NA,"Yes","No","No","Single",NA,"Less than $60,000","Other ( Please specify):","0","$60,000 to $99,999","Where one ranks in society by how wealthy they are.","The change of a person's social status."
"2024","Fall","24272672",3.122,59,"BA","2024-12-12","2024-12-12","654","40.8527","-73.9383","11373","2006","Female",NA,"Female","Uncertain/Questioning",NA,"Full-time (12 credits or more)","Declared (Please specify major):","Digital Design",NA,"2.8","2nd year undergraduate","No","Asian (E.g., Chinese, Filipino, Asian Indian, Bangladeshi, Vietnamese, Korean etc,)",NA,NA,NA,"Nepali Tibetan",NA,NA,NA,"Yes","No","No","Single",NA,"Less than $60,000","$201-$400",NA,"Less than 60,000","Your role in society ","The ability to changed your social status "
"2024","Fall","24166837",3.075,63,"BA","2024-12-12","2024-12-12","1039","40.8527","-73.9383","11385","2003","Female",NA,"Female","Homosexual (as in ""lesbian"" or ""gay"")",NA,"Full-time (12 credits or more)","Declared (Please specify major):","Psychology",NA,"2.8","2nd year undergraduate","Yes","Hispanic, Latino or Spanish Origin (E.g., Mexican or Mexican American. Puerto Rican, Cuban, Salvadorian, Dominican, etc.)",NA,NA,"Salvadorian",NA,NA,NA,NA,"Yes","No","No","Single",NA,"$60,000 to $99,999","$201-$400",NA,"$60,000 to $99,999","Social class","Moving up the social ladder, improving to another social class. "
"2024","Fall","24382503",2.075,35,"BE","2024-12-12","2024-12-12","6631","40.8527","-73.9383","10037","2006","Male",NA,"Male","Heterosexual (as in ""straight"")",NA,"Full-time (12 credits or more)","Undeclared (Please specify intended major):",NA,"Civil Engineering","0.00","1st year undergraduate","Yes","Hispanic, Latino or Spanish Origin (E.g., Mexican or Mexican American. Puerto Rican, Cuban, Salvadorian, Dominican, etc.)",NA,NA,"dominican",NA,NA,NA,NA,"Yes","No","No","Single",NA,"Less than $60,000","$200 or less",NA,"$100,000 to $150,000","how people see you in society. lower class-higher class","being social everywhere you go "
"2024","Fall","24384637",2.9,42,"BE","2024-12-12","2024-12-12","3833","40.8527","-73.9383","11590","2005","Male",NA,"Male","Heterosexual (as in ""straight"")",NA,"Full-time (12 credits or more)","Undeclared (Please specify intended major):",NA,"Civil Engineering","0.01","1st year undergraduate","Yes","Hispanic, Latino or Spanish Origin (E.g., Mexican or Mexican American. Puerto Rican, Cuban, Salvadorian, Dominican, etc.)",NA,NA,"Mexican",NA,NA,NA,NA,"Yes","No","No","Single",NA,"Less than $60,000","$200 or less",NA,"$60,000 to $99,999","The way people perceive you ","The movement of someones social status to another"
"2024","Fall","24392792",3.528,39,"BA","2024-12-12","2024-12-12","904","40.7364","-73.8695","11373","2006","Male",NA,"Male","Heterosexual (as in ""straight"")",NA,"Full-time (12 credits or more)","Undeclared (Please specify intended major):",NA,"Economics","2.00","1st year undergraduate","No","Asian (E.g., Chinese, Filipino, Asian Indian, Bangladeshi, Vietnamese, Korean etc,)",NA,NA,NA,"Tibetan",NA,NA,NA,"Yes","No","No","Other:","dating","$60,000 to $99,999","$200 or less",NA,"$100,000 to $150,000","Where a person stands on the pyramid","im not sure"
"2024","Fall","24430656",2.975,56,"BE","2024-12-13","2024-12-13","1535","40.8518","-73.8705","10465","2006","Male",NA,"Male","Heterosexual (as in ""straight"")",NA,"Full-time (12 credits or more)","Declared (Please specify major):","Mechanical Engineering",NA,"3.7","1st year undergraduate","No","Asian (E.g., Chinese, Filipino, Asian Indian, Bangladeshi, Vietnamese, Korean etc,)",NA,NA,NA,"Bangladeshi",NA,NA,NA,"No","No","No","Single",NA,"Less than $60,000","$200 or less",NA,"$60,000 to $99,999","Social status is a way people see you based on how much money you make","I define social mobility as a way of how people can change as society changes"
"2024","Fall","24270973",2.667,58,"BA","2024-12-13","2024-12-13","871","40.7364","-73.8695","11377","2004","Male",NA,"Male","Heterosexual (as in ""straight"")",NA,"Full-time (12 credits or more)","Declared (Please specify major):","ECONOMICS",NA,"3.2","3rd year undergraduate","Yes","Hispanic, Latino or Spanish Origin (E.g., Mexican or Mexican American. Puerto Rican, Cuban, Salvadorian, Dominican, etc.)",NA,NA,"Mexican",NA,NA,NA,NA,"Yes","No","No","Single",NA,"Less than $60,000","$200 or less",NA,"Greater than $300,000","status given by where you were raised ","changing social class"
"2024","Fall","24602017",2.444,41,"BE","2024-12-13","2024-12-13","2112","40.6372","-73.9037","11236","2006","Male",NA,"Male","Heterosexual (as in ""straight"")",NA,"Full-time (12 credits or more)","Undeclared (Please specify intended major):",NA,"Biomedical Engineering","3.4","1st year undergraduate","No","Black or African American (E.g., African American, Jamaican, Haitian, Nigerian, Ethiopian, Somalian, etc.:",NA,"Dominican",NA,NA,NA,NA,NA,"No","No","No","Domestic partnership",NA,"Less than $60,000","$200 or less",NA,"Greater than $300,000","Where you as in individual lie among the vast standards, expectations, and power structures implemented in your society. ","The ability to adapt to numerous social environments"
"2024","Fall","24069284",2.932,129,"BA","2024-12-13","2024-12-13","1259","40.6627","-73.9138","10128","2002","Male",NA,"Male","Heterosexual (as in ""straight"")",NA,"Full-time (12 credits or more)","Declared (Please specify major):","Business",NA,"3.0","4th year undergraduate","Yes","Hispanic, Latino or Spanish Origin (E.g., Mexican or Mexican American. Puerto Rican, Cuban, Salvadorian, Dominican, etc.)",NA,NA,"Puerto Rican and Dominican",NA,NA,NA,NA,"Yes","No","No","Single",NA,"Less than $60,000","$401-$600",NA,"Greater than $300,000","how people view you in the social world","moving in between social rankings"
"2024","Fall","24546524",2.477,37,"BA","2024-12-13","2024-12-13","977","40.8205","-73.9183","10451","2006","Male",NA,"Male","Heterosexual (as in ""straight"")",NA,"Full-time (12 credits or more)","Undeclared (Please specify intended major):",NA,"Computer engineering ","3.0","1st year undergraduate","Yes","Hispanic, Latino or Spanish Origin (E.g., Mexican or Mexican American. Puerto Rican, Cuban, Salvadorian, Dominican, etc.)",NA,NA,"Ecuadorian ",NA,NA,NA,NA,"Yes","No","No","Single",NA,"Less than $60,000","$601-$800",NA,"$100,000 to $150,000","A pyramid of income classes ","How you interact with others"
"2024","Fall","24549699",3.537,51,"BS","2024-12-13","2024-12-13","865","40.8622","-73.8902","10456","2006","Female",NA,"Female","Bisexual",NA,"Full-time (12 credits or more)","Declared (Please specify major):","Biology",NA,"3","1st year undergraduate","Yes","Hispanic, Latino or Spanish Origin (E.g., Mexican or Mexican American. Puerto Rican, Cuban, Salvadorian, Dominican, etc.)",NA,NA,"Dominican",NA,NA,NA,NA,"Yes","No","No","Single",NA,"Less than $60,000","$200 or less",NA,"$60,000 to $99,999","where you are on the ladder of wealth and income","moving up the ladder"
"2024","Fall","24275387",2.996,120,"BA","2024-12-13","2024-12-13","4083","40.8343","-73.9235","10452","2004","Female",NA,"Female","Heterosexual (as in ""straight"")",NA,"Full-time (12 credits or more)","Declared (Please specify major):","sociology",NA,"2.7","3rd year undergraduate","Yes","Hispanic, Latino or Spanish Origin (E.g., Mexican or Mexican American. Puerto Rican, Cuban, Salvadorian, Dominican, etc.)",NA,NA,"Puerto Rican, Dominican ",NA,NA,NA,NA,"No","No","No","Single",NA,"Less than $60,000","$200 or less",NA,"$60,000 to $99,999","a hierarchy on how famous someone is.","the move between social classes"
"2024","Fall","24069284",2.932,129,"BA","2024-12-13","2024-12-13","29502","40.7809","-73.9502","10128","2002","Male",NA,"Male","Heterosexual (as in ""straight"")",NA,"Full-time (12 credits or more)","Undeclared (Please specify intended major):",NA,"Business ","3.0","4th year undergraduate","Yes","Hispanic, Latino or Spanish Origin (E.g., Mexican or Mexican American. Puerto Rican, Cuban, Salvadorian, Dominican, etc.)",NA,NA,"puero rican and dominican",NA,NA,NA,NA,"Yes","No","No","Single",NA,"Less than $60,000","$401-$600",NA,"Greater than $300,000","a way most people view you as or known for.","switching between social status's"
"2024","Fall","24292545",3.423,157,"BS","2024-12-14","2024-12-14","1495","40.6327","-73.6333","11580","2004","Female",NA,"Female","Heterosexual (as in ""straight"")",NA,"Full-time (12 credits or more)","Declared (Please specify major):","Double: Biomedical Science & Psychology",NA,"3.544","3rd year undergraduate","No","Black or African American (E.g., African American, Jamaican, Haitian, Nigerian, Ethiopian, Somalian, etc.:",NA,"Guyanese-American",NA,NA,NA,NA,NA,"No","No","No","Single",NA,"$150,001 to $299,999","$200 or less",NA,"$60,000 to $99,999","where one stands in society in comparison to others ","the ability to change one's social status "
"2024","Fall","24551041",3.477,65,"BA","2024-12-14","2024-12-14","1093","40.6375","-74.0216","11220","2006","Male",NA,"Male","Heterosexual (as in ""straight"")",NA,"Full-time (12 credits or more)","Declared (Please specify major):","Psychology",NA,"3.7","1st year undergraduate","No","Middle Eastern or North African (E.g., Lebanese, Iranian, Egyptian, Syrian, Moroccan, Algerian, etc.)",NA,NA,NA,NA,NA,"Moroccan",NA,"Yes","No","No","Single",NA,"$60,000 to $99,999","$201-$400",NA,"$100,000 to $150,000","The socioeconomic classes within a society","The ability to climb the rankings of a socioeconomic class"
"2024","Fall","24595349",2.12,33,"BA","2024-12-15","2024-12-15","961","40.7364","-73.8695","11368","2006","Male",NA,"Male","Heterosexual (as in ""straight"")",NA,"Full-time (12 credits or more)","Undeclared (Please specify intended major):",NA,"Computer Engineering","0.00","1st year undergraduate","Yes","Hispanic, Latino or Spanish Origin (E.g., Mexican or Mexican American. Puerto Rican, Cuban, Salvadorian, Dominican, etc.)",NA,NA,"Dominican",NA,NA,NA,NA,"No","Yes","No","Single",NA,"Less than $60,000","Other ( Please specify):","$0","$60,000 to $99,999","How important an individual is in modern society,","How someone changes their social status over time."
"2024","Fall","24603173",3.675,12,"BA","2024-12-15","2024-12-15","2030","40.6627","-73.9138","10128","2006","Female",NA,"Female","Heterosexual (as in ""straight"")",NA,"Full-time (12 credits or more)","Declared (Please specify major):","Internacional studies ",NA,"4","1st year undergraduate","Yes","Hispanic, Latino or Spanish Origin (E.g., Mexican or Mexican American. Puerto Rican, Cuban, Salvadorian, Dominican, etc.)",NA,NA,"Dominican ",NA,NA,NA,NA,"Yes","No","No","Single",NA,"Less than $60,000","$200 or less",NA,"$150,001 to $299,999","It’s just a way of manipulating people to think they are less than the people who have more money.","Is the movement of people in the social status "
"2024","Fall","23629886",3.433,9,"BA","2024-12-16","2024-12-16","1013","40.665","-73.9523","11225","1999","Female",NA,"Non-binary","Bisexual",NA,"Part-time (Fewer than 12 credits)","Undeclared (Please specify intended major):",NA,"Psychology","3.7","Non-degree seeking","No","White or Caucasian (E.g., German, Irish, English, Italian, Polish, French, etc.)","white",NA,NA,NA,NA,NA,NA,"No","Yes","No","Single",NA,"Less than $60,000","$801-$1000",NA,"$60,000 to $99,999","how highly people think of you","ability to move between economic classes, change social status"
"2024","Fall","24150303",3.639,133,"BA/MA","2024-12-16","2024-12-16","799","40.8231","-73.9513","10027","2003","Male",NA,"Male","Asexual",NA,"Full-time (12 credits or more)","Declared (Please specify major):","Psychology",NA,"3.7","4th year undergraduate","No","White or Caucasian (E.g., German, Irish, English, Italian, Polish, French, etc.)","Russian",NA,NA,NA,NA,NA,NA,"No","No","No","Other:","In a relationship","Greater than $300,000","Other ( Please specify):","0","$100,000 to $150,000","how someone social life is and the people they surround themself with","the ability to move to different classes of wealth"
"2024","Fall","23719032",2.758,113,"BA","2024-12-16","2024-12-16","3116","40.7801","-73.2458","11369","2001","Female",NA,"Female","Heterosexual (as in ""straight"")",NA,"Full-time (12 credits or more)","Declared (Please specify major):","English",NA,"2.68","5th year undergraduate","Yes","Hispanic, Latino or Spanish Origin (E.g., Mexican or Mexican American. Puerto Rican, Cuban, Salvadorian, Dominican, etc.)",NA,NA,"Mexican",NA,NA,NA,NA,"Yes","No","No","Single",NA,"Less than $60,000","$200 or less",NA,"Less than 60,000","where you fall in a range of finances, popularity, power, and knowledge","being able to change your social status "
"2024","Fall","24589933",2.975,45,"BA","2024-12-17","2024-12-17","490","41.0282","-73.7787","11706","2006","Male",NA,"Male","Heterosexual (as in ""straight"")",NA,"Part-time (Fewer than 12 credits)","Declared (Please specify major):","Political Science",NA,"3.0","1st year undergraduate","No","White or Caucasian (E.g., German, Irish, English, Italian, Polish, French, etc.)","Italian",NA,NA,NA,NA,NA,NA,"Yes","No","No","Domestic partnership",NA,"$100,000 to $150,000","$200 or less",NA,"$60,000 to $99,999","The way society views you negatively or positively ","Ability to work hard enough to travel through social classes if desired"
"2024","Fall","24326920",3.472,116,"BA","2024-12-19","2024-12-19","772","40.7537","-73.8892","11377","2004","Male",NA,"Male","Bisexual",NA,"Full-time (12 credits or more)","Declared (Please specify major):","Psychology",NA,"3.285","3rd year undergraduate","Yes","Hispanic, Latino or Spanish Origin (E.g., Mexican or Mexican American. Puerto Rican, Cuban, Salvadorian, Dominican, etc.)",NA,NA,"Mexican",NA,NA,NA,NA,"Yes","Yes","No","Single",NA,"Less than $60,000","$201-$400",NA,"$100,000 to $150,000","""Social Status'' for me is where you put yourself socially whether your a book nerd or popular kid.","Being able to maintain friendships and an academic career"
"2024","Fall","24217733",3.217,111,"BA","2024-12-19","2024-12-19","1450","40.6774","-73.8553","11417","2003","Female",NA,"Female","Asexual",NA,"Full-time (12 credits or more)","Declared (Please specify major):","BA psychology ",NA,"3.30","3rd year undergraduate","No","Asian (E.g., Chinese, Filipino, Asian Indian, Bangladeshi, Vietnamese, Korean etc,)",NA,NA,NA,"Bengali",NA,NA,NA,"Yes","No","No","Single",NA,"$60,000 to $99,999","$200 or less",NA,"Less than 60,000","Income in the simplest terms but on a broader spectrum, the quality of life one can life and be surrounded by","The possibility and ability for people to change and adapt to other social status above or below them"
"2024","Fall","24293614",2.307,106,"BA","2024-12-19","2024-12-19","3375","40.8241","-73.8977","10460","2003","Male",NA,"Non-binary","Asexual",NA,"Full-time (12 credits or more)","Declared (Please specify major):","Theater",NA,"2.0","3rd year undergraduate","Yes","Hispanic, Latino or Spanish Origin (E.g., Mexican or Mexican American. Puerto Rican, Cuban, Salvadorian, Dominican, etc.)",NA,NA,"Ecuadorian ",NA,NA,NA,NA,"Yes","No","No","Single",NA,"Less than $60,000","$201-$400",NA,"$100,000 to $150,000","Popularity ","Status"
"2024","Fall","24536705",3.282,57,"BS","2024-12-20","2024-12-20","1405","40.6994","-73.8883","11385","2006","Male",NA,"Male","Heterosexual (as in ""straight"")",NA,"Full-time (12 credits or more)","Declared (Please specify major):","Mechanical Engineering",NA,"4.0","1st year undergraduate","No","White or Caucasian (E.g., German, Irish, English, Italian, Polish, French, etc.)","White",NA,NA,NA,NA,NA,NA,"Yes","No","No","Single",NA,"$60,000 to $99,999","$201-$400",NA,"$100,000 to $150,000","Social status is a person's position in society based on things like their wealth, job, education, and family background. It shows how people are ranked or valued by others. Some status is given at birth, like being born into a rich or powerful family, while other status is earned, like through career success or education. Social status affects how people are treated and what opportunities they have.","Social mobility is the ability to move up or down in society, like getting a better job or earning more money, or facing a decline in status. It shows how easy it is for people to change their social position. High mobility means it's easier to improve your life, while low mobility means it’s harder to change your status."
"2024","Fall","24017889",3.34,122,"BS","2024-12-20","2024-12-20","712","40.8518","-73.8705","10461","2003","Female",NA,"Female","Heterosexual (as in ""straight"")",NA,"Full-time (12 credits or more)","Declared (Please specify major):","Psychology",NA,"3.2","4th year undergraduate","No","Asian (E.g., Chinese, Filipino, Asian Indian, Bangladeshi, Vietnamese, Korean etc,)",NA,NA,NA,"Bangladeshi",NA,NA,NA,"Yes","No","No","Single",NA,"Less than $60,000","$200 or less",NA,"$60,000 to $99,999","A status someone holds in a society ","not sure"
"2024","Fall","24105167",3.398,175,"BA","2024-12-21","2024-12-21","1038","40.7637","-73.7695","11358","2004","Female",NA,"Female","Asexual",NA,"Full-time (12 credits or more)","Declared (Please specify major):","psychology, economics",NA,"3.701","3rd year undergraduate","No","Asian (E.g., Chinese, Filipino, Asian Indian, Bangladeshi, Vietnamese, Korean etc,)",NA,NA,NA,"chinese",NA,NA,NA,"Yes","No","No","Single",NA,"Less than $60,000","$401-$600",NA,"$100,000 to $150,000","where you stand in society","being able to move up in society"
"2025","Spring","24398579",3.337,46,"BA","2025-01-04","2025-01-04","1191","40.8123","-73.9682","10027","2006","Female",NA,"Female","Heterosexual (as in ""straight"")",NA,"Full-time (12 credits or more)","Undeclared (Please specify intended major):",NA,"Bio","2.9","1st year undergraduate","No","Black or African American (E.g., African American, Jamaican, Haitian, Nigerian, Ethiopian, Somalian, etc.:",NA,"Senegalese",NA,NA,NA,NA,NA,"Yes","Yes","No","Single",NA,"Less than $60,000","Other ( Please specify):","No income","Greater than $300,000","a persons position in society, and how highly they are thought of.","From one status to another."
"2025","Spring","23099789",2.468,161,"BS","2025-01-12","2025-01-12","526","40.8477","-73.8418","10472","1994","Male",NA,"Male","Heterosexual (as in ""straight"")",NA,"Full-time (12 credits or more)","Declared (Please specify major):","Psychology ",NA,"3.0","6th year undergraduate","No","Asian (E.g., Chinese, Filipino, Asian Indian, Bangladeshi, Vietnamese, Korean etc,)",NA,NA,NA,"Bangladeshi ",NA,NA,NA,"Yes","Yes","No","Single",NA,"Greater than $300,000","Other ( Please specify):","7777","Greater than $300,000","I don’t ","I don’t "
"2025","Spring","23099789",2.468,161,"BS","2025-01-12","2025-01-12","421","40.8477","-73.8418","10472","1994","Male",NA,"Male","Heterosexual (as in ""straight"")",NA,"Full-time (12 credits or more)","Declared (Please specify major):","Psychology ",NA,"3.0","6th year undergraduate","No","Asian (E.g., Chinese, Filipino, Asian Indian, Bangladeshi, Vietnamese, Korean etc,)",NA,NA,NA,"Bangladeshi",NA,NA,NA,"Yes","Yes","No","Single",NA,"Greater than $300,000","Other ( Please specify):","7777","Greater than $300,000","A status to be social "," Going up in society"
"2025","Spring","24246720",2.42,92,"BA","2025-01-27","2025-01-27","941","40.6208","-74.0426","11228","2005","Female",NA,"Female","Heterosexual (as in ""straight"")",NA,"Full-time (12 credits or more)","Declared (Please specify major):","Psychology",NA,"2.355","2nd year undergraduate","No","Asian (E.g., Chinese, Filipino, Asian Indian, Bangladeshi, Vietnamese, Korean etc,)",NA,NA,NA,"Chinese",NA,NA,NA,"Yes","No","No","Single",NA,"$60,000 to $99,999","$200 or less",NA,"Less than 60,000","A Ladder, you got to work hard to climb to the top","Social status, you can to move up, down, or just stay"
"2025","Spring","24056568",3.651,116,"BSED","2025-01-28","2025-01-28","971","40.6631","-73.7601","11413","2004","Female",NA,"Non-binary","Bisexual",NA,"Full-time (12 credits or more)","Declared (Please specify major):","Childhood Education and Psychology",NA,"3.6","3rd year undergraduate","Yes","Black or African American (E.g., African American, Jamaican, Haitian, Nigerian, Ethiopian, Somalian, etc.:",NA,"Panamanian",NA,NA,NA,NA,NA,"No","No","No","Single",NA,"$60,000 to $99,999","$200 or less",NA,"$60,000 to $99,999","Reputation, Economical standing, General popularity","Moving around in social situations whether verbally or physically"
"2025","Spring","24282246",3.388,122,"BA","2025-01-30","2025-01-30","1206","40.8231","-73.9513","10009","2004","Male",NA,"Male","Heterosexual (as in ""straight"")",NA,"Full-time (12 credits or more)","Declared (Please specify major):","Psychology",NA,"3.2","3rd year undergraduate","No","Asian (E.g., Chinese, Filipino, Asian Indian, Bangladeshi, Vietnamese, Korean etc,)",NA,NA,NA,"Chinese",NA,NA,NA,"Yes","No","Yes","Single",NA,"Less than $60,000","$200 or less",NA,"$60,000 to $99,999","Being able to live comfortably ","Being able to change one's status"
"2025","Spring","24219594",3.874,91,"BA","2025-02-01","2025-02-01","812","38.894","-77.0365","11356","2005","Female",NA,"Female","Heterosexual (as in ""straight"")",NA,"Full-time (12 credits or more)","Declared (Please specify major):","Psychology ",NA,"3.8","2nd year undergraduate","Yes","Hispanic, Latino or Spanish Origin (E.g., Mexican or Mexican American. Puerto Rican, Cuban, Salvadorian, Dominican, etc.)",NA,NA,"Mexican and Ecuadorian ",NA,NA,NA,NA,"Yes","No","No","Single",NA,"Less than $60,000","$200 or less",NA,"$60,000 to $99,999","A person’s standing or importance in society ","The movement of a person from one status to another."
"2025","Spring","24564612",4,82,"BA","2025-02-03","2025-02-03","720","40.7465","-73.909","11104","2006","Female",NA,"Female","Heterosexual (as in ""straight"")",NA,"Full-time (12 credits or more)","Undeclared (Please specify intended major):",NA,"Environmental Engineering","4.0","1st year undergraduate","No","Asian (E.g., Chinese, Filipino, Asian Indian, Bangladeshi, Vietnamese, Korean etc,)",NA,NA,NA,"bangladeshi indian",NA,NA,NA,"Yes","No","No","Single",NA,"Less than $60,000","$200 or less",NA,"$60,000 to $99,999","Your standing in society","How you're able to interact with others in society"
"2025","Spring","24228990",3.97,121,"BA","2025-02-15","2025-02-15","1379","40.9476","-73.8624","11214","2004","Female",NA,"Female","Heterosexual (as in ""straight"")",NA,"Full-time (12 credits or more)","Declared (Please specify major):","Psychology",NA,"3.9","3rd year undergraduate","No","Middle Eastern or North African (E.g., Lebanese, Iranian, Egyptian, Syrian, Moroccan, Algerian, etc.)",NA,NA,NA,NA,NA,"Egyptian ",NA,"Yes","Yes","No","Single",NA,"Less than $60,000","$201-$400",NA,"$60,000 to $99,999"," the position of a person in society, and it determined by income, job, education, power, privilege and wealth","Moving up and down the social ladder"
"2025","Spring","24448039",0.74,36,"BS","2025-02-15","2025-02-15","7869","40.781","-73.9501","10035","2006","Female",NA,"Gender fluid","Other (Please identity):","Pansexual","Full-time (12 credits or more)","Undeclared (Please specify intended major):",NA,"Comp Sci","2.7","1st year undergraduate","Yes","Some other race, ethnicity or origin",NA,NA,NA,NA,NA,NA,"Mixed (Unable to select more than one)","No","No","No","Single",NA,"Less than $60,000","$200 or less",NA,"Less than 60,000","The way you are perceived by others based on a collection of variables","The ability to change your external social perception (How others perceive you.)"
"2025","Spring","24530349",3.6,43,"BA","2025-02-25","2025-02-25","1232","40.6713","-73.8943","10032","2006","Female",NA,"Female","Heterosexual (as in ""straight"")",NA,"Full-time (12 credits or more)","Declared (Please specify major):","Psychology ",NA,"3.8","1st year undergraduate","Yes","Hispanic, Latino or Spanish Origin (E.g., Mexican or Mexican American. Puerto Rican, Cuban, Salvadorian, Dominican, etc.)",NA,NA,"Mexican and Dominican American ",NA,NA,NA,NA,"Yes","No","No","Single",NA,"Less than $60,000","$200 or less",NA,"Less than 60,000","Social status to me is the honor or prestige someone has in society ","Social mobility to me could mean the ability of a person to move up or down in social class "
"2025","Spring","24530349",3.6,43,"BA","2025-02-27","2025-02-27","2647","40.7247","-73.8957","10032","2006","Female",NA,"Female","Heterosexual (as in ""straight"")",NA,"Full-time (12 credits or more)","Declared (Please specify major):","Psychology",NA,"3.8","1st year undergraduate","Yes","Some other race, ethnicity or origin",NA,NA,NA,NA,NA,NA,NA,"Yes","No","No","Single",NA,"$60,000 to $99,999","$200 or less",NA,"$60,000 to $99,999","Social Status to me is the social value someone holds ","Being able to go down or up in the social ladder "
"2025","Spring","24535754",3.837,59,"BA","2025-02-27","2025-02-27","972","40.8123","-73.9682","10027","2006","Female",NA,"Female","Heterosexual (as in ""straight"")",NA,"Full-time (12 credits or more)","Declared (Please specify major):","Psychology ",NA,"3.6","1st year undergraduate","Yes","Hispanic, Latino or Spanish Origin (E.g., Mexican or Mexican American. Puerto Rican, Cuban, Salvadorian, Dominican, etc.)",NA,NA,"Dominican",NA,NA,NA,NA,"Yes","No","No","Single",NA,"Less than $60,000","Other ( Please specify):","No Income","Less than 60,000","Who you are is society whether it be poor, middle class, or rich","A shift in your social status "
"2025","Spring","24393009",3.922,63,"BA","2025-03-04","2025-03-04","830","40.7247","-73.8957","11385","2006","Female",NA,"Female","Bisexual",NA,"Full-time (12 credits or more)","Declared (Please specify major):","English",NA,"4.0","1st year undergraduate","No","Asian (E.g., Chinese, Filipino, Asian Indian, Bangladeshi, Vietnamese, Korean etc,)",NA,NA,NA,"Guyanese",NA,NA,NA,"No","No","No","Single",NA,"$60,000 to $99,999","$200 or less",NA,"$60,000 to $99,999","Someone’s placement in society. For example, a leader’s role in a group.","Moving down a social or economic ladder."
"2025","Spring","24369408",3.385,37,"BS","2025-03-04","2025-03-04","1367","40.7035","-73.9235","11207","2006","Female",NA,"Female","Heterosexual (as in ""straight"")",NA,"Full-time (12 credits or more)","Declared (Please specify major):","Psychology B.S",NA,"3.8","1st year undergraduate","Yes","Hispanic, Latino or Spanish Origin (E.g., Mexican or Mexican American. Puerto Rican, Cuban, Salvadorian, Dominican, etc.)",NA,NA,"Dominican",NA,NA,NA,NA,"Yes","No","No","Single",NA,"Less than $60,000","$200 or less",NA,"$100,000 to $150,000","wealth, social networks","like a change in socialeconomic position "
"2025","Spring","24396446",3.7,91,"BA","2025-03-05","2025-03-05","878","40.7247","-73.8957","10468","2005","Female",NA,"Female","Heterosexual (as in ""straight"")",NA,"Full-time (12 credits or more)","Undeclared (Please specify intended major):",NA,"medicine ","3.7","2nd year undergraduate","Yes","Hispanic, Latino or Spanish Origin (E.g., Mexican or Mexican American. Puerto Rican, Cuban, Salvadorian, Dominican, etc.)",NA,NA,"Mexican ",NA,NA,NA,NA,"Yes","No","No","Single",NA,"Less than $60,000","$200 or less",NA,"Greater than $300,000","Money","money"
"2025","Spring","24365291",3.636,98,"BA","2025-03-05","2025-03-05","891","40.7247","-73.8957","10466","2005","Female",NA,"Female","Heterosexual (as in ""straight"")",NA,"Full-time (12 credits or more)","Declared (Please specify major):","Business",NA,"3.6","2nd year undergraduate","Yes","Hispanic, Latino or Spanish Origin (E.g., Mexican or Mexican American. Puerto Rican, Cuban, Salvadorian, Dominican, etc.)",NA,NA,"Dominican",NA,NA,NA,NA,"No","No","No","Single",NA,"Less than $60,000","Other ( Please specify):","0","$100,000 to $150,000","Income","Money"
