"AY","semester","emplid_ID","GPA","CREDITS","DEGREE","zip_code","birth_year","birth_sex","gender_id","sexual_oriental","enrollment_status","Major","gpa_by_student","college_year","ethnicity","other_home_language","transfer","international_student","relationship_status","annual_household_income","personal_weekly_income","future_personal_annual_income","college_salary_greater","age"
2024,"Fall",12057307,2.928,121,"BA",10457,1980,"Female","Female","Heterosexual (as in ""straight"")","Full-time (12 credits or more)","Declared: Psychology",3.1,"4th year undergraduate","Hispanic, Latino or Spanish Origin","Yes","No","No","Married",NA,"$601-$800","$60,000 to $99,999","0%-20%",46
2024,"Fall",14243726,3.354,164,"BS",10301,1988,"Female","Female","Homosexual (as in ""lesbian"" or ""gay"")","Full-time (12 credits or more)","Declared: Biology",3.2,"4th year undergraduate","Black or African American","No","No","No","Single","$60,000 to $99,999","$801-$1000","$150,001 to $299,999","0%-20%",38
2024,"Fall",23262772,3.903,120,"BA",10040,1995,"Female","Female","Homosexual (as in ""lesbian"" or ""gay"")","Full-time (12 credits or more)","Declared: Psychology",3.8,"3rd year undergraduate","Hispanic, Latino or Spanish Origin","Yes","Yes","No","Domestic partnership",NA,"$401-$600","$100,000 to $150,000","20%-40%",31
2024,"Fall",23490894,2.971,115,"BS",11378,1998,"Female","Female","Heterosexual (as in ""straight"")","Full-time (12 credits or more)","Declared: Psychology",2.3,"2nd year undergraduate","White or Caucasian","Yes","No","No","Married",NA,"$601-$800","$100,000 to $150,000","20%-40%",28
2024,"Fall",23629886,3.433,9,"BA",11225,1999,"Female","Non-binary","Bisexual","Part-time (Fewer than 12 credits)","Undeclared: Psychology",3.7,"Non-degree seeking","White or Caucasian","No","Yes","No","Single",NA,"$801-$1000","$60,000 to $99,999","40%-60%",27
2024,"Fall",23719032,2.758,113,"BA",11369,2001,"Female","Female","Heterosexual (as in ""straight"")","Full-time (12 credits or more)","Declared: English",2.68,"5th year undergraduate","Hispanic, Latino or Spanish Origin","Yes","No","No","Single",NA,"$200 or less","Less than 60,000","20%-40%",25
2024,"Fall",23760247,3.426,120,"BA",10034,2001,"Male","Male","Heterosexual (as in ""straight"")","Full-time (12 credits or more)","Declared: Political Science",3.4,"5th year undergraduate","Hispanic, Latino or Spanish Origin","Yes","No","No","Single",NA,"$200 or less","$100,000 to $150,000","40%-60%",25
2024,"Fall",23790458,3.085,114,"BS",10469,2000,"Male","Male","Heterosexual (as in ""straight"")","Full-time (12 credits or more)","Declared: Applied Mathematics",2.8,"3rd year undergraduate","Some other race, ethnicity or origin","No","No","No","Single",NA,"$200 or less","$100,000 to $150,000","40%-60%",26
2024,"Fall",23805195,3.596,120,"BA",10543,2000,"Male","Male","Heterosexual (as in ""straight"")","Full-time (12 credits or more)","Declared: Economics",3.5,"4th year undergraduate","Hispanic, Latino or Spanish Origin","Yes","No","No","Single",NA,"$201-$400","$60,000 to $99,999","20%-40%",26
2024,"Fall",23911725,2.495,130,"BS",10456,2001,"Female","Female","Heterosexual (as in ""straight"")","Full-time (12 credits or more)","Declared: Psychology",3.2,"4th year undergraduate","Multiracial","Yes","No","No","Single",NA,"$201-$400","$60,000 to $99,999","20%-40%",25
2024,"Fall",23944631,3.453,136,"BA/MA",11372,2003,"Female","Female","Heterosexual (as in ""straight"")","Part-time (Fewer than 12 credits)","Declared: Psychology",3.4,"4th year undergraduate","Asian","Yes","No","No","Single","$60,000 to $99,999","$201-$400","$60,000 to $99,999","20%-40%",23
2024,"Fall",23956988,2.664,120,"BA",10472,2001,"Female","Female","Heterosexual (as in ""straight"")","Full-time (12 credits or more)","Declared: International Studies",2.5,"6th year undergraduate","Hispanic, Latino or Spanish Origin","Yes","No","No","Single",NA,"$401-$600","$100,000 to $150,000","20%-40%",25
2024,"Fall",23964685,2.663,122,"BA",11219,2000,"Female","Female","Heterosexual (as in ""straight"")","Full-time (12 credits or more)","Declared: Psychology",2.246,"5th year undergraduate","Multiracial","No","No","No","Single",NA,"$200 or less","$100,000 to $150,000","80%-100%",26
2024,"Fall",23965625,3.533,120,"BS",11354,2003,"Male","Male","Heterosexual (as in ""straight"")","Full-time (12 credits or more)","Declared: Psychology",3.429,"4th year undergraduate","Asian","Yes","No","No","Single","$60,000 to $99,999","$200 or less","$150,001 to $299,999","40%-60%",23
2024,"Fall",23980174,3.302,120,"BA",10306,2003,"Female","Female","Heterosexual (as in ""straight"")","Full-time (12 credits or more)","Declared: Psychology",3.2,"4th year undergraduate","Black or African American","Yes","No","No","Domestic partnership",NA,"$201-$400","Greater than $300,000","60%-80%",23
2024,"Fall",24001409,3.038,126,"BS",10034,2003,"Female","Female","Heterosexual (as in ""straight"")","Full-time (12 credits or more)","Declared: Bachelors Of Science In Psychology",3.4,"3rd year undergraduate","Hispanic, Latino or Spanish Origin","Yes","No","No","Dating/In A Relationship","$60,000 to $99,999","$200 or less","$100,000 to $150,000","20%-40%",23
2024,"Fall",24017889,3.34,122,"BS",10461,2003,"Female","Female","Heterosexual (as in ""straight"")","Full-time (12 credits or more)","Declared: Psychology",3.2,"4th year undergraduate","Asian","Yes","No","No","Single",NA,"$200 or less","$60,000 to $99,999","20%-40%",23
2024,"Fall",24020747,2.3,72,"BA",11224,2003,"Female","Female","Heterosexual (as in ""straight"")","Full-time (12 credits or more)","Declared: English",2.1,"4th year undergraduate","Asian","Yes","No","No","Single",NA,"$1001-$1200","Less than 60,000","20%-40%",23
2024,"Fall",24024695,3.54,31,"BE",11220,2003,"Male","Male","Heterosexual (as in ""straight"")","Full-time (12 credits or more)","Undeclared: Computer Science",3,"1st year undergraduate","Asian","No","No","No","Single","$60,000 to $99,999","$201-$400","$60,000 to $99,999","40%-60%",23
2024,"Fall",24044589,3.228,121,"BS",11370,2004,"Female","Female","Heterosexual (as in ""straight"")","Full-time (12 credits or more)","Declared: Psychology",2.6,"3rd year undergraduate","Hispanic, Latino or Spanish Origin","Yes","Yes","No","Single",NA,"$801-$1000","$100,000 to $150,000","40%-60%",22
2024,"Fall",24048156,3.52,93,"BS",10553,2001,"Female","Female","Heterosexual (as in ""straight"")","Full-time (12 credits or more)","Declared: Biochemistry",3.55,"3rd year undergraduate","Black or African American","Yes","Yes","No","Single",NA,"$200 or less","Less than 60,000","0%-20%",25
2024,"Fall",24063308,3.497,58,"BA",10463,2002,"Female","Female","Heterosexual (as in ""straight"")","Full-time (12 credits or more)","Undeclared: Psychology",3.2,"1st year undergraduate","Hispanic, Latino or Spanish Origin","Yes","No","No","Single","$60,000 to $99,999","$201-$400","$150,001 to $299,999","40%-60%",24
2024,"Fall",24066764,3.533,75,"BA",10033,2004,"Female","Female","Heterosexual (as in ""straight"")","Part-time (Fewer than 12 credits)","Declared: Psychology",3.4,"3rd year undergraduate","Hispanic, Latino or Spanish Origin","Yes","No","No","Single",NA,"Currently Unemployed","$100,000 to $150,000","40%-60%",22
2024,"Fall",24067690,3.731,105,"BA",10462,2004,"Female","Non-binary","Asexual","Full-time (12 credits or more)","Declared: Art",3.6,"3rd year undergraduate","Hispanic, Latino or Spanish Origin","No","No","No","Single",NA,"$200 or less","$60,000 to $99,999","40%-60%",22
2024,"Fall",24069284,2.932,129,"BA",10128,2002,"Male","Male","Heterosexual (as in ""straight"")","Full-time (12 credits or more)","Undeclared: Business",3,"4th year undergraduate","Hispanic, Latino or Spanish Origin","Yes","No","No","Single",NA,"$401-$600","Greater than $300,000","20%-40%",24
2024,"Fall",24085978,3.385,30,"BA",11221,2002,"Male","Male","Heterosexual (as in ""straight"")","Full-time (12 credits or more)","Declared: History",0,"1st year undergraduate","Hispanic, Latino or Spanish Origin","No","No","No","Domestic partnership",NA,"$1001-$1200","Less than 60,000","20%-40%",24
2024,"Fall",24094908,3.585,84,"BA",10031,2002,"Male","Male","Heterosexual (as in ""straight"")","Part-time (Fewer than 12 credits)","Declared: Business Management",3.9,"3rd year undergraduate","Asian","Yes","Yes","No","Single",NA,"$201-$400","Less than 60,000","20%-40%",24
2024,"Fall",24101371,3.11,47,"BS",10461,2004,"Male","Male","Heterosexual (as in ""straight"")","Full-time (12 credits or more)","Undeclared: Biology Or Psychology",3.3,"2nd year undergraduate","Asian","Yes","No","No","Single",NA,"$200 or less","$60,000 to $99,999","60%-80%",22
2024,"Fall",24105167,3.398,175,"BA",11358,2004,"Female","Female","Asexual","Full-time (12 credits or more)","Declared: Psychology, Economics",3.701,"3rd year undergraduate","Asian","Yes","No","No","Single",NA,"$401-$600","$100,000 to $150,000","40%-60%",22
2024,"Fall",24132676,3.647,121,"BA",11229,2004,"Female","Female","Heterosexual (as in ""straight"")","Full-time (12 credits or more)","Declared: Business Administration And Management",3.5,"3rd year undergraduate","White or Caucasian","Yes","Yes","No","Single","$100,000 to $150,000","$401-$600","Greater than $300,000","40%-60%",22
2024,"Fall",24136789,3.128,92,"BS",11234,2004,"Female","Female","Heterosexual (as in ""straight"")","Full-time (12 credits or more)","Declared: Psychology",3.1,"2nd year undergraduate","Multiracial","No","No","No","Single","$100,000 to $150,000","$200 or less","$60,000 to $99,999","20%-40%",22
2024,"Fall",24138816,4,122,"BA",10474,2004,"Female","Female","Heterosexual (as in ""straight"")","Full-time (12 credits or more)","Declared: Psychology",4,"4th year undergraduate","Hispanic, Latino or Spanish Origin","Yes","No","No","Single",NA,"$200 or less","$60,000 to $99,999","40%-60%",22
2024,"Fall",24150303,3.639,133,"BA/MA",10027,2003,"Male","Male","Asexual","Full-time (12 credits or more)","Declared: Psychology",3.7,"4th year undergraduate","White or Caucasian","No","No","No","Dating/In A Relationship","Greater than $300,000","Currently Unemployed","$100,000 to $150,000","20%-40%",23
2024,"Fall",24152934,2.006,25,"BA",10462,2000,"Male","Male","Heterosexual (as in ""straight"")","Part-time (Fewer than 12 credits)","Undeclared: Computer Science",2.4,"2nd year undergraduate","Asian","Yes","No","No","Single",NA,"$201-$400","$60,000 to $99,999","60%-80%",26
2024,"Fall",24154756,3.082,83,"BA",11372,2004,"Female","Female","Heterosexual (as in ""straight"")","Full-time (12 credits or more)","Declared: Bio",2.7,"3rd year undergraduate","Hispanic, Latino or Spanish Origin","Yes","No","No","Single",NA,"$200 or less","$60,000 to $99,999","80%-100%",22
2024,"Fall",24166837,3.075,63,"BA",11385,2003,"Female","Female","Homosexual (as in ""lesbian"" or ""gay"")","Full-time (12 credits or more)","Declared: Psychology",2.8,"2nd year undergraduate","Hispanic, Latino or Spanish Origin","Yes","No","No","Single","$60,000 to $99,999","$201-$400","$60,000 to $99,999","20%-40%",23
2024,"Fall",24174433,3.436,129,"BS",11432,2003,"Female","Female","Heterosexual (as in ""straight"")","Full-time (12 credits or more)","Declared: Psychology",3.2,"3rd year undergraduate","Hispanic, Latino or Spanish Origin","Yes","No","No","Single",NA,"$200 or less","$60,000 to $99,999","20%-40%",23
2024,"Fall",24177726,3.676,132,"BA",11421,2003,"Male","Male","Heterosexual (as in ""straight"")","Full-time (12 credits or more)","Declared: Management And Administration",3.589,"4th year undergraduate","Asian","No","No","No","Single",NA,"$200 or less","$60,000 to $99,999","20%-40%",23
2024,"Fall",24182097,2.679,115,"BA",10454,2003,"Female","Female","Heterosexual (as in ""straight"")","Full-time (12 credits or more)","Declared: Psychology",2.5,"3rd year undergraduate","Black or African American","Yes","No","No","Single",NA,"$200 or less","$100,000 to $150,000","40%-60%",23
2024,"Fall",24198084,3.316,123,"BS",10704,2003,"Female","Female","Bisexual","Full-time (12 credits or more)","Declared: Psychology",3.2,"4th year undergraduate","Black or African American","Yes","No","No","Single","$60,000 to $99,999","Currently Unemployed","$100,000 to $150,000","20%-40%",23
2024,"Fall",24209825,3.876,131,"BS",11370,2003,"Female","Female","Bisexual","Full-time (12 credits or more)","Declared: Psychology",3.878,"4th year undergraduate","Asian","Yes","No","No","Single",NA,"$200 or less","$150,001 to $299,999","80%-100%",23
2024,"Fall",24217733,3.217,111,"BA",11417,2003,"Female","Female","Asexual","Full-time (12 credits or more)","Declared: Psychology",3.3,"3rd year undergraduate","Asian","Yes","No","No","Single","$60,000 to $99,999","$200 or less","Less than 60,000","20%-40%",23
2024,"Fall",24232303,3.46,64,"BE",11421,2005,"Female","Female","Heterosexual (as in ""straight"")","Full-time (12 credits or more)","Declared: Mechanical Engineering",4,"1st year undergraduate","Asian","Yes","No","No","Single",NA,"Currently Unemployed","$60,000 to $99,999","60%-80%",21
2024,"Fall",24233464,2.84,90,"BA",10011,2003,"Male","Male","Heterosexual (as in ""straight"")","Full-time (12 credits or more)","Declared: Psychology",3,"2nd year undergraduate","Hispanic, Latino or Spanish Origin","Yes","No","No","Single","$60,000 to $99,999","$201-$400","$100,000 to $150,000","60%-80%",23
2024,"Fall",24236087,3.488,109,"BA",11377,2004,"Male","Male","Heterosexual (as in ""straight"")","Full-time (12 credits or more)","Declared: Communications Ad/Pr",3.5,"3rd year undergraduate","Middle Eastern or North African","Yes","No","No","Single","$60,000 to $99,999","$201-$400","$100,000 to $150,000","20%-40%",22
2024,"Fall",24241184,3.099,128,"BS",10027,2005,"Female","Female","Heterosexual (as in ""straight"")","Full-time (12 credits or more)","Declared: Biomedical Sciences",3,"3rd year undergraduate","Middle Eastern or North African","No","No","No","Single",NA,"$200 or less","$100,000 to $150,000","60%-80%",21
2024,"Fall",24245577,4,12,"BA",11210,2003,"Female","Female","Heterosexual (as in ""straight"")","Full-time (12 credits or more)","Declared: Psychology",3,"1st year undergraduate","White or Caucasian","Yes","Yes","Yes","Single",NA,"$200 or less","$100,000 to $150,000","60%-80%",23
2024,"Fall",24252310,3.422,60,"BE",11213,2006,"Male","Male","Heterosexual (as in ""straight"")","Full-time (12 credits or more)","Undeclared: Computer Science",0,"1st year undergraduate","Black or African American","No","No","No","Single","$100,000 to $150,000","Currently Unemployed","$100,000 to $150,000","20%-40%",20
2024,"Fall",24261005,2.3,30,"BS",11236,2005,"Female","Female","Heterosexual (as in ""straight"")","Full-time (12 credits or more)","Declared: Biology",3,"1st year undergraduate","Black or African American","Yes","No","No","Single","$60,000 to $99,999","$200 or less","$150,001 to $299,999","60%-80%",21
2024,"Fall",24263511,1.25,45,"BA",11420,2003,"Female","Female","Heterosexual (as in ""straight"")","Full-time (12 credits or more)","Undeclared: Biology",1.5,"3rd year undergraduate","Hispanic, Latino or Spanish Origin","Yes","No","No","Single",NA,"Currently Unemployed","$60,000 to $99,999","0%-20%",23
2024,"Fall",24265992,3.5,121,"BS",11211,2000,"Female","Female","Heterosexual (as in ""straight"")","Full-time (12 credits or more)","Declared: Biotechnology",0,"2nd year undergraduate","Asian","Yes","Yes","No","Married","$150,001 to $299,999","Currently Unemployed","$100,000 to $150,000","40%-60%",26
2024,"Fall",24270973,2.667,58,"BA",11377,2004,"Male","Male","Heterosexual (as in ""straight"")","Full-time (12 credits or more)","Declared: Economics",3.2,"3rd year undergraduate","Hispanic, Latino or Spanish Origin","Yes","No","No","Single",NA,"$200 or less","Greater than $300,000","20%-40%",22
2024,"Fall",24271455,2.327,65,"BE",11369,2005,"Male","Male","Heterosexual (as in ""straight"")","Full-time (12 credits or more)","Undeclared: Mech",3,"1st year undergraduate","Multiracial","Yes","No","No","Single",NA,"$200 or less","Less than 60,000","0%-20%",21
2024,"Fall",24272672,3.122,59,"BA",11373,2006,"Female","Female","Uncertain/Questioning","Full-time (12 credits or more)","Declared: Digital Design",2.8,"2nd year undergraduate","Asian","Yes","No","No","Single",NA,"$201-$400","Less than 60,000","40%-60%",20
2024,"Fall",24274812,3.141,99,"BE",10031,2004,"Male","Male","Heterosexual (as in ""straight"")","Full-time (12 credits or more)","Declared: Civil Engineering",3.3,"3rd year undergraduate","Hispanic, Latino or Spanish Origin","Yes","No","No","Single",NA,"$200 or less","$100,000 to $150,000","40%-60%",22
2024,"Fall",24275387,2.996,120,"BA",10452,2004,"Female","Female","Heterosexual (as in ""straight"")","Full-time (12 credits or more)","Declared: Sociology",2.7,"3rd year undergraduate","Hispanic, Latino or Spanish Origin","No","No","No","Single",NA,"$200 or less","$60,000 to $99,999","60%-80%",22
2024,"Fall",24276873,3.104,87,"BA",10451,2004,"Male","Male","Heterosexual (as in ""straight"")","Full-time (12 credits or more)","Declared: Communications",3.5,"3rd year undergraduate","Hispanic, Latino or Spanish Origin","Yes","Yes","No","Single",NA,"$401-$600","$100,000 to $150,000","60%-80%",22
2024,"Fall",24283815,3.048,104,"BA",11368,2004,"Male","Male","Heterosexual (as in ""straight"")","Full-time (12 credits or more)","Declared: Media And Communications",2.75,"3rd year undergraduate","Hispanic, Latino or Spanish Origin","Yes","No","No","Single",NA,"$401-$600","Less than 60,000","20%-40%",22
2024,"Fall",24284425,3.189,69,"BS",11230,2006,"Female","Female","Heterosexual (as in ""straight"")","Full-time (12 credits or more)","Declared: Biology",3,"1st year undergraduate","Asian","Yes","No","No","Single",NA,"$200 or less","$150,001 to $299,999","40%-60%",20
2024,"Fall",24292524,3.348,70,"BA",10462,2004,"Male","Male","Heterosexual (as in ""straight"")","Full-time (12 credits or more)","Declared: Psychology",2.6,"2nd year undergraduate","Asian","Yes","No","No","Single",NA,"Currently Unemployed","$100,000 to $150,000","20%-40%",22
2024,"Fall",24292545,3.423,157,"BS",11580,2004,"Female","Female","Heterosexual (as in ""straight"")","Full-time (12 credits or more)","Declared: Double: Biomedical Science & Psychology",3.544,"3rd year undergraduate","Black or African American","No","No","No","Single","$150,001 to $299,999","$200 or less","$60,000 to $99,999","40%-60%",22
2024,"Fall",24293510,4,136,"BA",11580,2004,"Female","Female","Heterosexual (as in ""straight"")","Full-time (12 credits or more)","Declared: Psychology",4,"3rd year undergraduate","Some other race, ethnicity or origin","No","No","No","Single",NA,"$201-$400","$60,000 to $99,999","40%-60%",22
2024,"Fall",24293614,2.307,106,"BA",10460,2003,"Male","Non-binary","Asexual","Full-time (12 credits or more)","Declared: Theater",2,"3rd year undergraduate","Hispanic, Latino or Spanish Origin","Yes","No","No","Single",NA,"$201-$400","$100,000 to $150,000","60%-80%",23
2024,"Fall",24297026,3.92,134,"BS",11362,2004,"Female","Female","Heterosexual (as in ""straight"")","Full-time (12 credits or more)","Declared: Biochemistry",3.892,"3rd year undergraduate","White or Caucasian","Yes","No","No","Single","$60,000 to $99,999","$200 or less","$100,000 to $150,000","40%-60%",22
2024,"Fall",24304758,3.4,126,"BA",11050,2004,"Male","Male","Heterosexual (as in ""straight"")","Full-time (12 credits or more)","Declared: Psychology",3.193,"3rd year undergraduate","Asian","Yes","No","No","Single",NA,"$200 or less","Greater than $300,000","60%-80%",22
2024,"Fall",24305488,2.433,79,"BA",10034,2003,"Male","Male","Homosexual (as in ""lesbian"" or ""gay"")","Full-time (12 credits or more)","Declared: Psychology",2.4,"3rd year undergraduate","Hispanic, Latino or Spanish Origin","Yes","No","No","Married",NA,"$200 or less","$150,001 to $299,999","40%-60%",23
2024,"Fall",24306434,3.685,124,"BS",11368,2005,"Male","Male","Heterosexual (as in ""straight"")","Full-time (12 credits or more)","Declared: Biology",4,"2nd year undergraduate","Asian","No","No","No","Dating/In A Relationship","$150,001 to $299,999","$200 or less","$100,000 to $150,000","20%-40%",21
2024,"Fall",24307591,3.874,126,"BE",10452,2004,"Male","Male","Heterosexual (as in ""straight"")","Full-time (12 credits or more)","Declared: B.e. Computer Engineering",3.8,"3rd year undergraduate","Asian","Yes","No","No","Single",NA,"$200 or less","$100,000 to $150,000","20%-40%",22
2024,"Fall",24307826,3.651,99,"BA",11215,2005,"Male","Male","Heterosexual (as in ""straight"")","Full-time (12 credits or more)","Declared: Sonic Arts, Jewish Studies",4,"2nd year undergraduate","Some other race, ethnicity or origin","No","Yes","No","Single","$150,001 to $299,999","$200 or less","$60,000 to $99,999","40%-60%",21
2024,"Fall",24314225,3.825,24,"BA",10472,2006,"Female","Female","Heterosexual (as in ""straight"")","Full-time (12 credits or more)","Undeclared: Sociology Or Bio",2.8,"1st year undergraduate","Hispanic, Latino or Spanish Origin","Yes","No","No","Dating/In A Relationship",NA,"$200 or less","Less than 60,000","40%-60%",20
2024,"Fall",24314307,2.96,30,"BA",10456,2006,"Female","Female","Heterosexual (as in ""straight"")","Full-time (12 credits or more)","Declared: Economics",3,"1st year undergraduate","Black or African American","Yes","Yes","No","Single",NA,"Currently Unemployed","$150,001 to $299,999","40%-60%",20
2024,"Fall",24315404,4,120,"BS",11417,2005,"Male","Male","Heterosexual (as in ""straight"")","Full-time (12 credits or more)","Declared: Psychology",4,"2nd year undergraduate","Asian","Yes","No","No","Single","$60,000 to $99,999","$200 or less","Greater than $300,000","80%-100%",21
2024,"Fall",24318339,2.645,49,"BA",11223,2006,"Female","Female","Heterosexual (as in ""straight"")","Full-time (12 credits or more)","Declared: Psychology",0,"1st year undergraduate","Middle Eastern or North African","Yes","Yes","No","Single",NA,"$200 or less","$100,000 to $150,000","40%-60%",20
2024,"Fall",24318397,3.107,74,"BS",11228,2006,"Female","Female","Heterosexual (as in ""straight"")","Full-time (12 credits or more)","Declared: Psychology",3.4,"1st year undergraduate","Middle Eastern or North African","Yes","Yes","No","Single",NA,"$200 or less","Greater than $300,000","20%-40%",20
2024,"Fall",24318406,2.789,66,"BA",11204,2006,"Female","Female","Heterosexual (as in ""straight"")","Full-time (12 credits or more)","Undeclared: Electrical Engineering",3.7,"1st year undergraduate","Some other race, ethnicity or origin","Yes","No","No","Single",NA,"$200 or less","Greater than $300,000","20%-40%",20
2024,"Fall",24318443,4,12,"BS",11204,2006,"Male","Male","Heterosexual (as in ""straight"")","Full-time (12 credits or more)","Declared: Biology",0,"1st year undergraduate","Asian","Yes","No","No","Single",NA,"$200 or less","$60,000 to $99,999","20%-40%",20
2024,"Fall",24318954,3.645,64,"BE",10301,2005,"Male","Male","Heterosexual (as in ""straight"")","Full-time (12 credits or more)","Undeclared: Computer Science",0,"1st year undergraduate","Asian","Yes","No","No","Single","$60,000 to $99,999","$200 or less","$100,000 to $150,000","20%-40%",21
2024,"Fall",24326473,3.716,81,"BA",10462,2006,"Female","Female","Bisexual","Full-time (12 credits or more)","Declared: Psychology",3.84,"2nd year undergraduate","Hispanic, Latino or Spanish Origin","Yes","No","No","Single",NA,"$200 or less","$100,000 to $150,000","0%-20%",20
2024,"Fall",24326920,3.472,116,"BA",11377,2004,"Male","Male","Bisexual","Full-time (12 credits or more)","Declared: Psychology",3.285,"3rd year undergraduate","Hispanic, Latino or Spanish Origin","Yes","Yes","No","Single",NA,"$201-$400","$100,000 to $150,000","40%-60%",22
2024,"Fall",24327283,3.553,106,"BA",11374,2004,"Female","Female","Heterosexual (as in ""straight"")","Full-time (12 credits or more)","Declared: Public Relations/ Advertising",3.4,"3rd year undergraduate","Hispanic, Latino or Spanish Origin","Yes","No","No","Domestic partnership",NA,"$200 or less","$100,000 to $150,000","20%-40%",22
2024,"Fall",24332562,2.884,70,"BA",10459,2004,"Female","Female","Heterosexual (as in ""straight"")","Full-time (12 credits or more)","Declared: Political Science",3,"3rd year undergraduate","Hispanic, Latino or Spanish Origin","Yes","No","No","Single",NA,"$200 or less","$60,000 to $99,999","60%-80%",22
2024,"Fall",24333258,2.727,95,"BA",10453,2003,"Female","Female","Heterosexual (as in ""straight"")","Full-time (12 credits or more)","Declared: Psychology",2.49,"3rd year undergraduate","Hispanic, Latino or Spanish Origin","Yes","No","No","Single",NA,"$200 or less","$100,000 to $150,000","40%-60%",23
2024,"Fall",24334822,3.433,100,"BA",11237,2004,"Male","Male","Heterosexual (as in ""straight"")","Full-time (12 credits or more)","Declared: Music Pop Studies",3.7,"3rd year undergraduate","Multiracial","No","Yes","No","Single",NA,"$200 or less","Greater than $300,000","40%-60%",22
2024,"Fall",24339573,3.249,123,"BS",10038,2024,"Male","Male","Heterosexual (as in ""straight"")","Full-time (12 credits or more)","Declared: Computer Science",3.2,"3rd year undergraduate","Asian","Yes","No","No","Domestic partnership",NA,"$201-$400","Greater than $300,000","80%-100%",2
2024,"Fall",24342565,2.523,63,"AAS",10009,2006,"Male","Male","Uncertain/Questioning","Full-time (12 credits or more)","Undeclared: Education",3.7,"1st year undergraduate","Hispanic, Latino or Spanish Origin","Yes","No","No","Single",NA,"$200 or less","$150,001 to $299,999","20%-40%",20
2024,"Fall",24342656,3.711,69,"BA",10009,2006,"Male","Male","Uncertain/Questioning","Full-time (12 credits or more)","Undeclared: Education",3.7,"1st year undergraduate","Hispanic, Latino or Spanish Origin","Yes","No","No","Single",NA,"$200 or less","$150,001 to $299,999","20%-40%",20
2024,"Fall",24347040,3.01,30,"BE",11106,2005,"Male","Male","Heterosexual (as in ""straight"")","Full-time (12 credits or more)","Declared: Computer Engineering",3.2,"1st year undergraduate","Hispanic, Latino or Spanish Origin","Yes","No","No","Dating/In A Relationship",NA,"$200 or less","$150,001 to $299,999","20%-40%",21
2024,"Fall",24352349,3.204,93,"BS",11368,2005,"Female","Female","Bisexual","Full-time (12 credits or more)","Undeclared: Digital Design",3.2,"2nd year undergraduate","Middle Eastern or North African","Yes","No","No","Single",NA,"Currently Unemployed","$60,000 to $99,999","40%-60%",21
2024,"Fall",24359092,3.396,58,"BS",11221,2006,"Male","Male","Heterosexual (as in ""straight"")","Full-time (12 credits or more)","Undeclared: Biology",0,"1st year undergraduate","Hispanic, Latino or Spanish Origin","No","No","No","Single","$60,000 to $99,999","$200 or less","$150,001 to $299,999","20%-40%",20
2024,"Fall",24360417,4,68,"BA",10461,2006,"Female","Female","Heterosexual (as in ""straight"")","Full-time (12 credits or more)","Undeclared: Psychology",4,"1st year undergraduate","Asian","Yes","No","No","Single",NA,"Currently Unemployed","$100,000 to $150,000","60%-80%",20
2024,"Fall",24361692,3.44,69,"BE",11420,2006,"Male","Male","Heterosexual (as in ""straight"")","Full-time (12 credits or more)","Undeclared: Civil Engineering",4,"1st year undergraduate","Hispanic, Latino or Spanish Origin","Yes","No","No","Single","$100,000 to $150,000","$200 or less","$100,000 to $150,000","40%-60%",20
2024,"Fall",24361967,3.92,72,"BE",11421,2006,"Male","Male","Heterosexual (as in ""straight"")","Full-time (12 credits or more)","Declared: Civil Engineering",3.8,"1st year undergraduate","Hispanic, Latino or Spanish Origin","No","No","No","Single",NA,"$200 or less","$100,000 to $150,000","20%-40%",20
2024,"Fall",24365015,3.593,66,"BE",11373,2005,"Male","Male","Heterosexual (as in ""straight"")","Full-time (12 credits or more)","Declared: Computer Engineering",3.7,"1st year undergraduate","Asian","Yes","No","No","Single",NA,"$201-$400","$100,000 to $150,000","40%-60%",21
2024,"Fall",24365498,3.233,68,"BA",11412,2006,"Female","Female","Heterosexual (as in ""straight"")","Full-time (12 credits or more)","Declared: Psychology",3,"1st year undergraduate","Black or African American","No","No","No","Single","$60,000 to $99,999","$200 or less","$60,000 to $99,999","40%-60%",20
2024,"Fall",24368264,2.925,61,"BFA",10486,2003,"Male","Male","Heterosexual (as in ""straight"")","Full-time (12 credits or more)","Declared: Video Film Production",2.85,"1st year undergraduate","Black or African American","No","No","No","Single",NA,"$601-$800","$60,000 to $99,999","80%-100%",23
2024,"Fall",24369232,3.716,55,"BA",11432,2006,"Female","Female","Heterosexual (as in ""straight"")","Full-time (12 credits or more)","Undeclared: Biochemistry",1.9,"1st year undergraduate","Asian","Yes","No","No","Single",NA,"Currently Unemployed","Less than 60,000","80%-100%",20
2024,"Fall",24373663,3.666,63,"BA",10468,2006,"Female","Female","Heterosexual (as in ""straight"")","Full-time (12 credits or more)","Undeclared: Education/Film",0,"1st year undergraduate","Some other race, ethnicity or origin","Yes","No","No","Single","$60,000 to $99,999","$200 or less","$100,000 to $150,000","40%-60%",20
2024,"Fall",24375857,3.586,72,"BE",11226,2006,"Male","Male","Heterosexual (as in ""straight"")","Full-time (12 credits or more)","Declared: Bme",3.5,"1st year undergraduate","Hispanic, Latino or Spanish Origin","Yes","Yes","No","Single","$60,000 to $99,999","$200 or less","$100,000 to $150,000","20%-40%",20
2024,"Fall",24382503,2.075,35,"BE",10037,2006,"Male","Male","Heterosexual (as in ""straight"")","Full-time (12 credits or more)","Undeclared: Civil Engineering",0,"1st year undergraduate","Hispanic, Latino or Spanish Origin","Yes","No","No","Single",NA,"$200 or less","$100,000 to $150,000","60%-80%",20
2024,"Fall",24383512,3.838,66,"BE",10458,2006,"Male","Male","Heterosexual (as in ""straight"")","Full-time (12 credits or more)","Declared: Medicine",4,"1st year undergraduate","Black or African American","Yes","No","No","Single",NA,"$200 or less","$150,001 to $299,999","60%-80%",20
2024,"Fall",24384637,2.9,42,"BE",11590,2005,"Male","Male","Heterosexual (as in ""straight"")","Full-time (12 credits or more)","Undeclared: Civil Engineering",0.01,"1st year undergraduate","Hispanic, Latino or Spanish Origin","Yes","No","No","Single",NA,"$200 or less","$60,000 to $99,999","0%-20%",21
2024,"Fall",24387825,2.877,67,"BA",10468,2006,"Female","Female","Heterosexual (as in ""straight"")","Full-time (12 credits or more)","Declared: Psychology",0,"1st year undergraduate","Hispanic, Latino or Spanish Origin","Yes","No","No","Single",NA,"Currently Unemployed","$60,000 to $99,999","20%-40%",20
2024,"Fall",24392792,3.528,39,"BA",11373,2006,"Male","Male","Heterosexual (as in ""straight"")","Full-time (12 credits or more)","Undeclared: Economics",2,"1st year undergraduate","Asian","Yes","No","No","Dating/In A Relationship","$60,000 to $99,999","$200 or less","$100,000 to $150,000","0%-20%",20
2024,"Fall",24392944,3.364,70,"BA",11377,2005,"Female","Female","Heterosexual (as in ""straight"")","Full-time (12 credits or more)","Declared: Business Administration And Management",3.2,"2nd year undergraduate","Hispanic, Latino or Spanish Origin","Yes","No","No","Single",NA,"Currently Unemployed","Greater than $300,000","60%-80%",21
2024,"Fall",24393532,2.837,64,"BA",11434,2006,"Female","Female","Heterosexual (as in ""straight"")","Full-time (12 credits or more)","Undeclared: Biology",3.2,"1st year undergraduate","Black or African American","No","Yes","No","Single",NA,"$200 or less","Greater than $300,000","60%-80%",20
2024,"Fall",24396125,2.432,42,"BA",10024,2005,"Female","Female","Bisexual","Full-time (12 credits or more)","Undeclared: Not Sure",3.5,"2nd year undergraduate","White or Caucasian","No","Yes","No","Single",NA,"$601-$800","Greater than $300,000","60%-80%",21
2024,"Fall",24397357,3.494,85,"BA",10027,2005,"Female","Female","Heterosexual (as in ""straight"")","Full-time (12 credits or more)","Declared: Psychology",3.5,"2nd year undergraduate","Hispanic, Latino or Spanish Origin","Yes","No","No","Single",NA,"$200 or less","$60,000 to $99,999","60%-80%",21
2024,"Fall",24398459,3.35,33,"BA",10029,2005,"Female","Female","Heterosexual (as in ""straight"")","Full-time (12 credits or more)","Declared: Psychology",0,"1st year undergraduate","Hispanic, Latino or Spanish Origin","Yes","Yes","No","Domestic partnership",NA,"Currently Unemployed","$100,000 to $150,000","60%-80%",21
2024,"Fall",24400981,3.553,61,"BE",11379,2006,"Male","Male","Heterosexual (as in ""straight"")","Full-time (12 credits or more)","Undeclared: Mechanical Engineering",0,"1st year undergraduate","Middle Eastern or North African","Yes","Yes","No","Single",NA,"$601-$800","$100,000 to $150,000","60%-80%",20
2024,"Fall",24409348,1.808,46,"BA",10467,2005,"Male","Male","Heterosexual (as in ""straight"")","Full-time (12 credits or more)","Declared: Economics",2,"2nd year undergraduate","Asian","Yes","No","No","Single","$100,000 to $150,000","$200 or less","$150,001 to $299,999","40%-60%",21
2024,"Fall",24409962,3.763,65,"BA",11373,2006,"Female","Female","Heterosexual (as in ""straight"")","Full-time (12 credits or more)","Undeclared: Business",0,"1st year undergraduate","Asian","No","No","No","Single",NA,"$200 or less","$60,000 to $99,999","40%-60%",20
2024,"Fall",24413374,3.862,95,"BS",10466,2005,"Female","Female","Heterosexual (as in ""straight"")","Full-time (12 credits or more)","Declared: Pre-Med",3.9,"2nd year undergraduate","Black or African American","Yes","Yes","No","Single","$60,000 to $99,999","$201-$400","$60,000 to $99,999","40%-60%",21
2024,"Fall",24417041,3.008,67,"BS",11203,2005,"Male","Male","Heterosexual (as in ""straight"")","Full-time (12 credits or more)","Undeclared: Computer Science",3,"2nd year undergraduate","Asian","No","No","No","Single","$60,000 to $99,999","$200 or less","$100,000 to $150,000","40%-60%",21
2024,"Fall",24417277,2.857,72,"BSED",10025,2005,"Female","Female","Heterosexual (as in ""straight"")","Full-time (12 credits or more)","Declared: Education",2.6,"2nd year undergraduate","Hispanic, Latino or Spanish Origin","Yes","No","No","Single",NA,"Currently Unemployed","$60,000 to $99,999","40%-60%",21
2024,"Fall",24420262,3.016,31,"BA",10032,2004,"Female","Female","Heterosexual (as in ""straight"")","Part-time (Fewer than 12 credits)","Undeclared: Psychology",2,"1st year undergraduate","Hispanic, Latino or Spanish Origin","Yes","No","Yes","Single",NA,"$201-$400","$60,000 to $99,999","40%-60%",22
2024,"Fall",24423697,3.225,56,"BA",11418,2006,"Female","Female","Heterosexual (as in ""straight"")","Full-time (12 credits or more)","Declared: Psychology",3.3,"1st year undergraduate","Asian","Yes","No","No","Single",NA,"$200 or less","$60,000 to $99,999","20%-40%",20
2024,"Fall",24426331,2.337,51,"BS",10462,2006,"Female","Female","Heterosexual (as in ""straight"")","Full-time (12 credits or more)","Undeclared: Computer Science",0,"1st year undergraduate","Black or African American","Yes","No","No","Single",NA,"$200 or less","$100,000 to $150,000","60%-80%",20
2024,"Fall",24427446,3.285,66,"BS",11208,2006,"Female","Female","Bisexual","Full-time (12 credits or more)","Declared: Biology",3.45,"1st year undergraduate","Hispanic, Latino or Spanish Origin","Yes","No","No","Single",NA,"$200 or less","Less than 60,000","40%-60%",20
2024,"Fall",24427677,3.315,89,"BA",11208,2005,"Female","Female","Heterosexual (as in ""straight"")","Full-time (12 credits or more)","Undeclared: Economics And Comp Sci",3.1,"2nd year undergraduate","Asian","Yes","No","No","Single",NA,"Currently Unemployed","$60,000 to $99,999","60%-80%",21
2024,"Fall",24427737,3.5,48,"BA",10451,2006,"Male","Male","Heterosexual (as in ""straight"")","Full-time (12 credits or more)","Declared: Economics",4,"1st year undergraduate","Multiracial","Yes","No","No","Married",NA,"Currently Unemployed","$100,000 to $150,000","0%-20%",20
2024,"Fall",24430656,2.975,56,"BE",10465,2006,"Male","Male","Heterosexual (as in ""straight"")","Full-time (12 credits or more)","Declared: Mechanical Engineering",3.7,"1st year undergraduate","Asian","No","No","No","Single",NA,"$200 or less","$60,000 to $99,999","20%-40%",20
2024,"Fall",24432912,3.552,52,"BS",10462,2007,"Female","Female","Heterosexual (as in ""straight"")","Full-time (12 credits or more)","Declared: Biology",4,"1st year undergraduate","Black or African American","Yes","No","No","Single",NA,"$200 or less","$60,000 to $99,999","40%-60%",19
2024,"Fall",24432917,3.475,66,"BSED",10453,2006,"Female","Female","Bisexual","Full-time (12 credits or more)","Declared: Childhood Education",3.5,"1st year undergraduate","Hispanic, Latino or Spanish Origin","Yes","No","No","Single",NA,"$201-$400","$60,000 to $99,999","20%-40%",20
2024,"Fall",24433407,0,3,"BS",11212,2006,"Female","Female","Heterosexual (as in ""straight"")","Full-time (12 credits or more)","Undeclared: Biology",0,"1st year undergraduate","Black or African American","No","No","No","Dating/In A Relationship","$60,000 to $99,999","Currently Unemployed","$150,001 to $299,999","60%-80%",20
2024,"Fall",24434574,3.112,85,"BFA",11420,2005,"Male","Male","Heterosexual (as in ""straight"")","Full-time (12 credits or more)","Declared: Electronic Design And Multimedia",3.2,"2nd year undergraduate","Asian","Yes","No","No","Single",NA,"$200 or less","$60,000 to $99,999","20%-40%",21
2024,"Fall",24445449,3.004,66,"BS",11224,2006,"Female","Female","Heterosexual (as in ""straight"")","Full-time (12 credits or more)","Declared: Biology",3,"1st year undergraduate","Asian","Yes","No","No","Single","$60,000 to $99,999","Currently Unemployed","Greater than $300,000","80%-100%",20
2024,"Fall",24446668,3.13,74,"BE",11203,2005,"Male","Male","Heterosexual (as in ""straight"")","Full-time (12 credits or more)","Undeclared: Mechanical Engineering",3,"2nd year undergraduate","Asian","Yes","Yes","No","Single",NA,"Currently Unemployed","$100,000 to $150,000","40%-60%",21
2024,"Fall",24446693,2.222,50,"BS",11206,2006,"Female","Female","Heterosexual (as in ""straight"")","Full-time (12 credits or more)","Undeclared: Biology",4,"1st year undergraduate","Hispanic, Latino or Spanish Origin","Yes","No","No","Single",NA,"$200 or less","$150,001 to $299,999","40%-60%",20
2024,"Fall",24448169,2.91,53,"BS",11213,2006,"Female","Female","Heterosexual (as in ""straight"")","Full-time (12 credits or more)","Undeclared: B.s",0,"1st year undergraduate","Black or African American","No","No","No","Single",NA,"$200 or less","$100,000 to $150,000","20%-40%",20
2024,"Fall",24448240,3.964,55,"BA",10029,2006,"Female","Female","Heterosexual (as in ""straight"")","Full-time (12 credits or more)","Declared: Psychology",0,"1st year undergraduate","Hispanic, Latino or Spanish Origin","Yes","No","No","Single",NA,"$200 or less","Less than 60,000","20%-40%",20
2024,"Fall",24448912,1.614,29,"BA",11434,2006,"Female","Female","Heterosexual (as in ""straight"")","Full-time (12 credits or more)","Undeclared: Psychology",3,"1st year undergraduate","Black or African American","No","No","No","Single",NA,"Currently Unemployed","Less than 60,000","40%-60%",20
2024,"Fall",24450059,2.619,60,"AA",12453,2005,"Male","Male","Heterosexual (as in ""straight"")","Full-time (12 credits or more)","Declared: Computer Science",3.5,"1st year undergraduate","Multiracial","No","No","No","Single",NA,"$200 or less","$100,000 to $150,000","40%-60%",21
2024,"Fall",24471701,3.976,67,"BA",10031,2004,"Female","Female","Heterosexual (as in ""straight"")","Full-time (12 credits or more)","Declared: English Education",4,"1st year undergraduate","White or Caucasian","Yes","Yes","No","Single","$60,000 to $99,999","$201-$400","$100,000 to $150,000","40%-60%",22
2024,"Fall",24477003,3.337,61,"BS",11420,2006,"Male","Male","Heterosexual (as in ""straight"")","Full-time (12 credits or more)","Declared: Biology",3.6,"1st year undergraduate","Asian","Yes","No","No","Single",NA,"$200 or less","$100,000 to $150,000","20%-40%",20
2024,"Fall",24480567,3.453,120,"BA",10031,2002,"Female","Female","Heterosexual (as in ""straight"")","Full-time (12 credits or more)","Declared: Communications",3.2,"3rd year undergraduate","Hispanic, Latino or Spanish Origin","Yes","Yes","No","Single",NA,"$201-$400","$150,001 to $299,999","60%-80%",24
2024,"Fall",24488502,3.223,66,"BE",11432,2006,"Male","Male","Heterosexual (as in ""straight"")","Full-time (12 credits or more)","Declared: Computer Engineering",0,"1st year undergraduate","Hispanic, Latino or Spanish Origin","Yes","Yes","No","Single",NA,"$200 or less","$60,000 to $99,999","40%-60%",20
2024,"Fall",24488733,3.251,58,"BA",12701,2006,"Female","Female","Heterosexual (as in ""straight"")","Full-time (12 credits or more)","Declared: Psychology",0,"1st year undergraduate","Hispanic, Latino or Spanish Origin","Yes","No","No","Single",NA,"$200 or less","$60,000 to $99,999","60%-80%",20
2024,"Fall",24492143,3.628,64,"BA",10453,2006,"Female","Female","Heterosexual (as in ""straight"")","Full-time (12 credits or more)","Declared: Psychology",4,"1st year undergraduate","Hispanic, Latino or Spanish Origin","Yes","No","No","Single",NA,"$200 or less","$60,000 to $99,999","40%-60%",20
2024,"Fall",24493726,3.3,48,"BA",11214,2005,"Male","Male","Heterosexual (as in ""straight"")","Full-time (12 credits or more)","Declared: Economics",3,"1st year undergraduate","Hispanic, Latino or Spanish Origin","Yes","Yes","No","Single",NA,"Currently Unemployed","$60,000 to $99,999","40%-60%",21
2024,"Fall",24504058,3.47,62,"BA",10452,2006,"Female","Female","Heterosexual (as in ""straight"")","Full-time (12 credits or more)","Declared: Sociology",0,"1st year undergraduate","Hispanic, Latino or Spanish Origin","Yes","No","No","Single",NA,"Currently Unemployed","$60,000 to $99,999","40%-60%",20
2024,"Fall",24507185,3.077,27,"BS",10466,2006,"Female","Female","Heterosexual (as in ""straight"")","Full-time (12 credits or more)","Declared: Biology",0,"1st year undergraduate","Hispanic, Latino or Spanish Origin","Yes","No","No","Single",NA,"$200 or less","$100,000 to $150,000","20%-40%",20
2024,"Fall",24508229,3.75,15,"BA",11367,2007,"Female","Non-binary","Pansexual","Full-time (12 credits or more)","Declared: Popular Music",3,"1st year undergraduate","Hispanic, Latino or Spanish Origin","Yes","No","No","Single",NA,"$200 or less","$100,000 to $150,000","40%-60%",19
2024,"Fall",24512263,3.111,63,"BS",10452,2006,"Male","Male","Heterosexual (as in ""straight"")","Full-time (12 credits or more)","Declared: Biochemistry",0,"1st year undergraduate","Hispanic, Latino or Spanish Origin","Yes","No","No","Single",NA,"$200 or less","$60,000 to $99,999","60%-80%",20
2024,"Fall",24512572,1.333,3,"BS",11234,2006,"Female","Female","Heterosexual (as in ""straight"")","Full-time (12 credits or more)","Declared: Psychology",0,"1st year undergraduate","Black or African American","Yes","No","No","Dating/In A Relationship","$60,000 to $99,999","Currently Unemployed","$100,000 to $150,000","40%-60%",20
2024,"Fall",24518972,3.608,59,"BE",10027,2006,"Male","Male","Heterosexual (as in ""straight"")","Full-time (12 credits or more)","Undeclared: Electrical Engineering",3,"1st year undergraduate","Hispanic, Latino or Spanish Origin","Yes","No","No","Single",NA,"$200 or less","$100,000 to $150,000","40%-60%",20
2024,"Fall",24519800,3.625,54,"BA",10473,2005,"Male","Male","Heterosexual (as in ""straight"")","Full-time (12 credits or more)","Declared: Political Science",3.6,"1st year undergraduate","Hispanic, Latino or Spanish Origin","Yes","No","No","Single",NA,"$200 or less","$100,000 to $150,000","40%-60%",21
2024,"Fall",24521327,3.732,25,"BA",11249,2006,"Female","Female","Bisexual","Full-time (12 credits or more)","Undeclared: Psychology",4,"1st year undergraduate","Multiracial","Yes","No","No","Single","$150,001 to $299,999","$200 or less","Greater than $300,000","60%-80%",20
2024,"Fall",24521723,3.577,68,"BA",10468,2007,"Female","Female","Heterosexual (as in ""straight"")","Full-time (12 credits or more)","Declared: Psychology",3,"1st year undergraduate","Hispanic, Latino or Spanish Origin","Yes","No","No","Single",NA,"$200 or less","$100,000 to $150,000","40%-60%",19
2024,"Fall",24522682,3.416,75,"BA",10027,2006,"Female","Female","Heterosexual (as in ""straight"")","Full-time (12 credits or more)","Declared: Biology",0,"1st year undergraduate","Black or African American","No","No","No","Single",NA,"Currently Unemployed","$100,000 to $150,000","60%-80%",20
2024,"Fall",24523009,3.087,54,"BA",11435,2006,"Male","Male","Heterosexual (as in ""straight"")","Full-time (12 credits or more)","Declared: Biology",0,"1st year undergraduate","Asian","Yes","No","No","Single",NA,"$601-$800","$100,000 to $150,000","80%-100%",20
2024,"Fall",24523112,2.655,68,"BE",11233,2006,"Male","Male","Heterosexual (as in ""straight"")","Full-time (12 credits or more)","Undeclared: Computer Engineering",0,"1st year undergraduate","Black or African American","No","No","No","Single",NA,"$200 or less","$60,000 to $99,999","40%-60%",20
2024,"Fall",24523409,2.777,51,"BE",11205,2006,"Male","Male","Heterosexual (as in ""straight"")","Full-time (12 credits or more)","Undeclared: Computer Engineering",3.9,"1st year undergraduate","Asian","Yes","No","No","Single",NA,"Currently Unemployed","Greater than $300,000","40%-60%",20
2024,"Fall",24525200,3.633,60,"BS",11374,2006,"Female","Female","Heterosexual (as in ""straight"")","Full-time (12 credits or more)","Declared: Psychology",0,"1st year undergraduate","Asian","Yes","No","No","Single",NA,"$401-$600","$100,000 to $150,000","60%-80%",20
2024,"Fall",24525234,3.912,54,"BA",10452,2006,"Female","Female","Bisexual","Full-time (12 credits or more)","Declared: Psychology",2.7,"1st year undergraduate","Black or African American","No","No","No","Domestic partnership",NA,"$200 or less","$60,000 to $99,999","20%-40%",20
2024,"Fall",24525664,3.916,62,"BA",10029,2006,"Female","Female","Heterosexual (as in ""straight"")","Full-time (12 credits or more)","Declared: Psychology",0,"1st year undergraduate","Hispanic, Latino or Spanish Origin","Yes","No","No","Single",NA,"$200 or less","$100,000 to $150,000","40%-60%",20
2024,"Fall",24525823,3.925,43,"BA",11212,2006,"Female","Female","Heterosexual (as in ""straight"")","Full-time (12 credits or more)","Declared: Psychology",0,"1st year undergraduate","Black or African American","No","No","No","Single","$60,000 to $99,999","Currently Unemployed","$150,001 to $299,999","40%-60%",20
2024,"Fall",24526118,3.175,21,"BA",10459,2006,"Female","Female","Bisexual","Full-time (12 credits or more)","Declared: Psychology",2,"1st year undergraduate","Multiracial","Yes","No","No","Single",NA,"$200 or less","$60,000 to $99,999","40%-60%",20
2024,"Fall",24526947,2.177,40,"BA",11222,2006,"Female","Non-binary","Homosexual (as in ""lesbian"" or ""gay"")","Full-time (12 credits or more)","Declared: Psychology",3.4,"1st year undergraduate","Black or African American","No","Yes","No","Single",NA,"$201-$400","$60,000 to $99,999","40%-60%",20
2024,"Fall",24527401,3.581,58,"BA",10463,2006,"Female","Female","Heterosexual (as in ""straight"")","Full-time (12 credits or more)","Declared: Psychology",3,"1st year undergraduate","Hispanic, Latino or Spanish Origin","No","No","No","Single","$100,000 to $150,000","$201-$400","$100,000 to $150,000","40%-60%",20
2024,"Fall",24527412,3.75,58,"BSED",10451,2006,"Female","Female","Heterosexual (as in ""straight"")","Full-time (12 credits or more)","Declared: Childhood Education",3,"1st year undergraduate","Hispanic, Latino or Spanish Origin","No","No","No","Single",NA,"$200 or less","$60,000 to $99,999","20%-40%",20
2024,"Fall",24528066,3.677,68,"BS",11203,2006,"Male","Male","Heterosexual (as in ""straight"")","Full-time (12 credits or more)","Declared: Chemistry",4,"1st year undergraduate","Black or African American","No","No","No","Single","$100,000 to $150,000","$200 or less","$60,000 to $99,999","40%-60%",20
2024,"Fall",24529122,2.65,55,"BE",10462,2006,"Male","Male","Heterosexual (as in ""straight"")","Full-time (12 credits or more)","Declared: Mechanical Engineering",3.8,"1st year undergraduate","Hispanic, Latino or Spanish Origin","Yes","No","No","Single",NA,"Currently Unemployed","$60,000 to $99,999","40%-60%",20
2024,"Fall",24529998,3.416,72,"BM",11233,2006,"Male","Male","Heterosexual (as in ""straight"")","Full-time (12 credits or more)","Declared: Jazz Studies",3,"1st year undergraduate","Some other race, ethnicity or origin","No","No","No","Single","$150,001 to $299,999","$2000 or more","$100,000 to $150,000","20%-40%",20
2024,"Fall",24532176,3.461,91,"BS",11946,2006,"Female","Female","Bisexual","Full-time (12 credits or more)","Declared: Biochemistry",3.7,"1st year undergraduate","White or Caucasian","No","No","No","Single","$100,000 to $150,000","$200 or less","$60,000 to $99,999","40%-60%",20
2024,"Fall",24533361,1.822,30,"BS",11104,2006,"Female","Female","Heterosexual (as in ""straight"")","Full-time (12 credits or more)","Undeclared: Biology",3.7,"1st year undergraduate","Hispanic, Latino or Spanish Origin","Yes","No","No","Single",NA,"$200 or less","Less than 60,000","40%-60%",20
2024,"Fall",24534752,2.488,34,"BE",10458,2006,"Female","Female","Heterosexual (as in ""straight"")","Full-time (12 credits or more)","Declared: Computer Science",3,"1st year undergraduate","Hispanic, Latino or Spanish Origin","Yes","No","No","Single",NA,"Currently Unemployed","$60,000 to $99,999","20%-40%",20
2024,"Fall",24535497,3.455,51,"BA",11356,2006,"Male","Male","Heterosexual (as in ""straight"")","Full-time (12 credits or more)","Declared: Psychology",4,"1st year undergraduate","Hispanic, Latino or Spanish Origin","Yes","No","No","Single",NA,"$200 or less","$60,000 to $99,999","20%-40%",20
2024,"Fall",24536105,3.107,52,"BA",10701,2006,"Female","Female","Heterosexual (as in ""straight"")","Full-time (12 credits or more)","Undeclared: Psychology",4,"1st year undergraduate","Hispanic, Latino or Spanish Origin","Yes","No","No","Single",NA,"Currently Unemployed","$100,000 to $150,000","40%-60%",20
2024,"Fall",24536411,3.928,58,"BA",10456,2006,"Female","Non-binary","Bisexual","Full-time (12 credits or more)","Declared: Psychology",3.8,"1st year undergraduate","Hispanic, Latino or Spanish Origin","Yes","No","No","Single",NA,"$200 or less","$100,000 to $150,000","20%-40%",20
2024,"Fall",24536705,3.282,57,"BS",11385,2006,"Male","Male","Heterosexual (as in ""straight"")","Full-time (12 credits or more)","Declared: Mechanical Engineering",4,"1st year undergraduate","White or Caucasian","Yes","No","No","Single","$60,000 to $99,999","$201-$400","$100,000 to $150,000","40%-60%",20
2024,"Fall",24537381,2.51,40,"BE",10469,2006,"Male","Male","Heterosexual (as in ""straight"")","Full-time (12 credits or more)","Undeclared: Comp Sci",2.8,"1st year undergraduate","Asian","No","No","No","Single",NA,"$200 or less","Greater than $300,000","80%-100%",20
2024,"Fall",24539514,3.757,63,"BS",10031,2005,"Female","Female","Heterosexual (as in ""straight"")","Full-time (12 credits or more)","Undeclared: Biology",0,"1st year undergraduate","Middle Eastern or North African","Yes","No","No","Single",NA,"$201-$400","$100,000 to $150,000","40%-60%",21
2024,"Fall",24541251,3.461,60,"BA",10468,2006,"Female","Female","Heterosexual (as in ""straight"")","Full-time (12 credits or more)","Declared: Psychology",0,"1st year undergraduate","Hispanic, Latino or Spanish Origin","Yes","No","No","Single",NA,"$200 or less","$60,000 to $99,999","60%-80%",20
2024,"Fall",24542217,2.96,39,"BA",11212,2007,"Female","Female","Uncertain/Questioning","Full-time (12 credits or more)","Declared: Pre-Med Psych",3,"1st year undergraduate","Black or African American","No","No","No","Single",NA,"$200 or less","Greater than $300,000","20%-40%",19
2024,"Fall",24543300,3.362,63,"BA",11385,2006,"Male","Male","Heterosexual (as in ""straight"")","Full-time (12 credits or more)","Undeclared: Computer Engineering",3.7,"1st year undergraduate","Hispanic, Latino or Spanish Origin","Yes","No","No","Single","$60,000 to $99,999","$200 or less","$60,000 to $99,999","40%-60%",20
2024,"Fall",24544204,3.593,61,"BS",11226,2006,"Female","Female","Heterosexual (as in ""straight"")","Full-time (12 credits or more)","Declared: Biology",3.4,"1st year undergraduate","Black or African American","Yes","No","No","Single","$60,000 to $99,999","$200 or less","$100,000 to $150,000","40%-60%",20
2024,"Fall",24544666,3.79,62,"BA",11214,2006,"Male","Male","Heterosexual (as in ""straight"")","Full-time (12 credits or more)","Declared: Finance",0,"1st year undergraduate","Multiracial","No","Yes","No","Single","$60,000 to $99,999","Currently Unemployed","$100,000 to $150,000","20%-40%",20
2024,"Fall",24545381,3.761,97,"BS",11209,2006,"Female","Female","Heterosexual (as in ""straight"")","Full-time (12 credits or more)","Declared: Biomedical Sciences",3.7,"1st year undergraduate","Middle Eastern or North African","Yes","No","No","Single","Greater than $300,000","Currently Unemployed","Greater than $300,000","60%-80%",20
2024,"Fall",24546524,2.477,37,"BA",10451,2006,"Male","Male","Heterosexual (as in ""straight"")","Full-time (12 credits or more)","Undeclared: Computer Engineering",3,"1st year undergraduate","Hispanic, Latino or Spanish Origin","Yes","No","No","Single",NA,"$601-$800","$100,000 to $150,000","60%-80%",20
2024,"Fall",24547139,3.8,48,"BA",10035,2006,"Female","Female","Bisexual","Full-time (12 credits or more)","Declared: Psychology",0,"1st year undergraduate","Hispanic, Latino or Spanish Origin","No","No","No","Single",NA,"$601-$800","$60,000 to $99,999","40%-60%",20
2024,"Fall",24547201,2.566,33,"BS",11212,2005,"Female","Female","Heterosexual (as in ""straight"")","Full-time (12 credits or more)","Declared: Biology",0,"1st year undergraduate","Black or African American","No","No","No","Single","$60,000 to $99,999","$201-$400","$100,000 to $150,000","80%-100%",21
2024,"Fall",24547711,3.614,21,"BE",11435,2005,"Male","Male","Heterosexual (as in ""straight"")","Full-time (12 credits or more)","Undeclared: Mechanical Engineering",0,"1st year undergraduate","Asian","Yes","Yes","No","Single",NA,"$200 or less","$100,000 to $150,000","40%-60%",21
2024,"Fall",24548862,3.588,52,"BARCH",11416,2005,"Female","Female","Heterosexual (as in ""straight"")","Part-time (Fewer than 12 credits)","Undeclared: Architecture",0,"1st year undergraduate","Hispanic, Latino or Spanish Origin","Yes","No","No","Single",NA,"$401-$600","$60,000 to $99,999","40%-60%",21
2024,"Fall",24549338,4,55,"BBA",10462,2006,"Female","Female","Heterosexual (as in ""straight"")","Full-time (12 credits or more)","Undeclared: Computer Science",3.7,"1st year undergraduate","White or Caucasian","Yes","No","No","Single",NA,"$200 or less","$60,000 to $99,999","40%-60%",20
2024,"Fall",24549699,3.537,51,"BS",10456,2006,"Female","Female","Bisexual","Full-time (12 credits or more)","Declared: Biology",3,"1st year undergraduate","Hispanic, Latino or Spanish Origin","Yes","No","No","Single",NA,"$200 or less","$60,000 to $99,999","40%-60%",20
2024,"Fall",24550481,3.342,43,"BE",10451,2005,"Male","Male","Heterosexual (as in ""straight"")","Part-time (Fewer than 12 credits)","Undeclared: Architecture",2.9,"1st year undergraduate","Hispanic, Latino or Spanish Origin","Yes","No","No","Dating/In A Relationship",NA,"$200 or less","Greater than $300,000","20%-40%",21
2024,"Fall",24550553,2.333,15,"BA",10460,2004,"Female","Female","Bisexual","Part-time (Fewer than 12 credits)","Declared: Psychology",0,"1st year undergraduate","Hispanic, Latino or Spanish Origin","Yes","No","Yes","Single",NA,"$200 or less","Less than 60,000","80%-100%",22
2024,"Fall",24550867,3.422,61,"BA",11231,2006,"Female","Female","Heterosexual (as in ""straight"")","Full-time (12 credits or more)","Declared: Psychology",3,"1st year undergraduate","Hispanic, Latino or Spanish Origin","Yes","No","No","Domestic partnership",NA,"$401-$600","$100,000 to $150,000","60%-80%",20
2024,"Fall",24551041,3.477,65,"BA",11220,2006,"Male","Male","Heterosexual (as in ""straight"")","Full-time (12 credits or more)","Declared: Psychology",3.7,"1st year undergraduate","Middle Eastern or North African","Yes","No","No","Single","$60,000 to $99,999","$201-$400","$100,000 to $150,000","40%-60%",20
2024,"Fall",24552966,3.185,49,"BS",11368,2006,"Female","Female","Heterosexual (as in ""straight"")","Full-time (12 credits or more)","Declared: Biology",0,"1st year undergraduate","Hispanic, Latino or Spanish Origin","Yes","No","No","Single","$100,000 to $150,000","$601-$800","Greater than $300,000","60%-80%",20
2024,"Fall",24553273,2.366,59,"BE",10466,2006,"Male","Male","Heterosexual (as in ""straight"")","Full-time (12 credits or more)","Declared: Civil Engineering",3.2,"1st year undergraduate","Black or African American","No","No","No","Single",NA,"$200 or less","$60,000 to $99,999","20%-40%",20
2024,"Fall",24553700,3.833,18,"BA",11420,2006,"Male","Male","Heterosexual (as in ""straight"")","Full-time (12 credits or more)","Declared: Psychology",3.5,"1st year undergraduate","Some other race, ethnicity or origin","No","No","No","Dating/In A Relationship","$60,000 to $99,999","$401-$600","$100,000 to $150,000","60%-80%",20
2024,"Fall",24554083,3.61,30,"BA",10462,2006,"Female","Female","Heterosexual (as in ""straight"")","Full-time (12 credits or more)","Declared: Psychology",0,"1st year undergraduate","Asian","Yes","No","No","Single","$60,000 to $99,999","$201-$400","$60,000 to $99,999","40%-60%",20
2024,"Fall",24556270,3.037,42,"BA",10027,2006,"Female","Female","Bisexual","Full-time (12 credits or more)","Declared: Psyhchlogy",3.5,"1st year undergraduate","Black or African American","No","No","No","Single",NA,"$200 or less","$60,000 to $99,999","40%-60%",20
2024,"Fall",24558267,3.822,40,"BE",10453,2006,"Male","Male","Heterosexual (as in ""straight"")","Full-time (12 credits or more)","Undeclared: Computer Science",3,"1st year undergraduate","Hispanic, Latino or Spanish Origin","Yes","No","No","Single","$60,000 to $99,999","Currently Unemployed","$60,000 to $99,999","20%-40%",20
2024,"Fall",24561549,3.45,56,"BA",11385,2006,"Female","Female","Uncertain/Questioning","Full-time (12 credits or more)","Undeclared: Psychology Or Business",3.2,"1st year undergraduate","Hispanic, Latino or Spanish Origin","Yes","No","No","Single",NA,"$201-$400","$60,000 to $99,999","60%-80%",20
2024,"Fall",24564409,3.075,60,"BE",10029,2006,"Male","Male","Heterosexual (as in ""straight"")","Full-time (12 credits or more)","Declared: Electrical Engineering",1.7,"1st year undergraduate","Hispanic, Latino or Spanish Origin","Yes","Yes","No","Single",NA,"$200 or less","$100,000 to $150,000","40%-60%",20
2024,"Fall",24567190,3.9,82,"BS",7024,2006,"Female","Female","Heterosexual (as in ""straight"")","Full-time (12 credits or more)","Undeclared: Biology",0,"1st year undergraduate","Middle Eastern or North African","Yes","No","No","Single","Greater than $300,000","$201-$400","$150,001 to $299,999","40%-60%",20
2024,"Fall",24569864,3.45,80,"BS",10027,2005,"Female","Female","Heterosexual (as in ""straight"")","Full-time (12 credits or more)","Declared: Art",4,"1st year undergraduate","Asian","Yes","No","Yes","Single","$100,000 to $150,000","Currently Unemployed","$60,000 to $99,999","60%-80%",21
2024,"Fall",24570918,2.716,18,"BA",11368,2006,"Female","Female","Heterosexual (as in ""straight"")","Full-time (12 credits or more)","Declared: Psychology",3,"1st year undergraduate","Hispanic, Latino or Spanish Origin","Yes","No","No","Single",NA,"$200 or less","Less than 60,000","20%-40%",20
2024,"Fall",24570974,3.966,52,"BS",11428,2004,"Female","Female","Heterosexual (as in ""straight"")","Full-time (12 credits or more)","Undeclared: Architecture",3.75,"1st year undergraduate","Asian","Yes","No","No","Single",NA,"$200 or less","$100,000 to $150,000","20%-40%",22
2024,"Fall",24572491,1.925,16,"BA",11102,2006,"Female","Female","Uncertain/Questioning","Full-time (12 credits or more)","Declared: Psychology",3.2,"1st year undergraduate","Multiracial","No","No","No","Single","$100,000 to $150,000","$401-$600","Greater than $300,000","60%-80%",20
2024,"Fall",24576289,3.55,114,"BS",10710,2006,"Female","Female","Heterosexual (as in ""straight"")","Full-time (12 credits or more)","Declared: Biomedical Sciences",0,"1st year undergraduate","Multiracial","No","No","No","Single","Greater than $300,000","$200 or less","$100,000 to $150,000","60%-80%",20
2024,"Fall",24577040,3.283,18,"BS",11520,2006,"Female","Female","Heterosexual (as in ""straight"")","Full-time (12 credits or more)","Declared: Biology",3.7,"1st year undergraduate","Hispanic, Latino or Spanish Origin","Yes","No","No","Single","$100,000 to $150,000","Currently Unemployed","$100,000 to $150,000","20%-40%",20
2024,"Fall",24578700,4,63,"BS",10128,2001,"Female","Female","Heterosexual (as in ""straight"")","Full-time (12 credits or more)","Undeclared: Chemistry",4,"1st year undergraduate","White or Caucasian","Yes","No","Yes","Dating/In A Relationship","$100,000 to $150,000","Currently Unemployed","$60,000 to $99,999","60%-80%",25
2024,"Fall",24582166,3.572,66,"BE",11379,2006,"Male","Male","Heterosexual (as in ""straight"")","Full-time (12 credits or more)","Undeclared: Mechanical Engineering",3.7,"1st year undergraduate","Middle Eastern or North African","Yes","No","No","Single","$100,000 to $150,000","$200 or less","$150,001 to $299,999","60%-80%",20
2024,"Fall",24585479,3.451,46,"BE",10465,2005,"Male","Male","Heterosexual (as in ""straight"")","Full-time (12 credits or more)","Undeclared: Mechanical Engineering",3.8,"1st year undergraduate","Hispanic, Latino or Spanish Origin","Yes","No","No","Single","$60,000 to $99,999","$200 or less","$150,001 to $299,999","40%-60%",21
2024,"Fall",24586060,4,96,"BA",10031,1998,"Female","Female","Heterosexual (as in ""straight"")","Part-time (Fewer than 12 credits)","Undeclared: Post Baccalaureate Pre-Health (Non Degree)",3.8,"Non-degree seeking","White or Caucasian","No","Yes","No","Dating/In A Relationship",NA,"$401-$600","$100,000 to $150,000","60%-80%",28
2024,"Fall",24586170,1.716,24,"BA",10029,2006,"Male","Male","Uncertain/Questioning","Full-time (12 credits or more)","Undeclared: Earth Science",3.9,"1st year undergraduate","Black or African American","No","No","No","Single",NA,"$200 or less","Less than 60,000","40%-60%",20
2024,"Fall",24589933,2.975,45,"BA",11706,2006,"Male","Male","Heterosexual (as in ""straight"")","Part-time (Fewer than 12 credits)","Declared: Political Science",3,"1st year undergraduate","White or Caucasian","Yes","No","No","Domestic partnership","$100,000 to $150,000","$200 or less","$60,000 to $99,999","20%-40%",20
2024,"Fall",24590664,2.888,45,"BA",10467,2006,"Male","Male","Heterosexual (as in ""straight"")","Full-time (12 credits or more)","Undeclared: Architecture",3,"1st year undergraduate","Black or African American","No","No","No","Single","$60,000 to $99,999","$200 or less","$150,001 to $299,999","60%-80%",20
2024,"Fall",24591274,3.364,89,"BS",10027,2006,"Male","Male","Homosexual (as in ""lesbian"" or ""gay"")","Full-time (12 credits or more)","Declared: Chemistry",4,"1st year undergraduate","White or Caucasian","No","No","No","Single",NA,"$200 or less","$150,001 to $299,999","80%-100%",20
2024,"Fall",24592340,3.711,57,"BS",10472,2006,"Female","Female","Homosexual (as in ""lesbian"" or ""gay"")","Full-time (12 credits or more)","Declared: Biochemistry",0,"1st year undergraduate","Hispanic, Latino or Spanish Origin","Yes","No","No","Single",NA,"$200 or less","$60,000 to $99,999","40%-60%",20
2024,"Fall",24592462,3.625,58,"BE",11377,2006,"Female","Female","Uncertain/Questioning","Full-time (12 credits or more)","Undeclared: Computer Science",3,"1st year undergraduate","Asian","No","No","No","Single",NA,"$200 or less","Less than 60,000","60%-80%",20
2024,"Fall",24594837,3.492,71,"BS",10027,2006,"Female","Female","Heterosexual (as in ""straight"")","Full-time (12 credits or more)","Undeclared: Biology",3.7,"1st year undergraduate","White or Caucasian","Yes","Yes","Yes","Single",NA,"$200 or less","$100,000 to $150,000","60%-80%",20
2024,"Fall",24595349,2.12,33,"BA",11368,2006,"Male","Male","Heterosexual (as in ""straight"")","Full-time (12 credits or more)","Undeclared: Computer Engineering",0,"1st year undergraduate","Hispanic, Latino or Spanish Origin","No","Yes","No","Single",NA,"Currently Unemployed","$60,000 to $99,999","20%-40%",20
2024,"Fall",24595566,2.758,35,"BE",11230,2006,"Male","Male","Heterosexual (as in ""straight"")","Full-time (12 credits or more)","Declared: Electrical Engineering",3.8,"1st year undergraduate","White or Caucasian","Yes","No","No","Single","$100,000 to $150,000","$200 or less","$150,001 to $299,999","20%-40%",20
2024,"Fall",24599794,3.042,55,"BS",10040,2002,"Female","Female","Heterosexual (as in ""straight"")","Full-time (12 credits or more)","Undeclared: Biochemistry",0,"1st year undergraduate","Middle Eastern or North African","Yes","Yes","No","Single",NA,"Currently Unemployed","Greater than $300,000","60%-80%",24
2024,"Fall",24602017,2.444,41,"BE",11236,2006,"Male","Male","Heterosexual (as in ""straight"")","Full-time (12 credits or more)","Undeclared: Biomedical Engineering",3.4,"1st year undergraduate","Black or African American","No","No","No","Domestic partnership",NA,"$200 or less","Greater than $300,000","0%-20%",20
2024,"Fall",24603173,3.675,12,"BA",10128,2006,"Female","Female","Heterosexual (as in ""straight"")","Full-time (12 credits or more)","Declared: Internacional Studies",4,"1st year undergraduate","Hispanic, Latino or Spanish Origin","Yes","No","No","Single",NA,"$200 or less","$150,001 to $299,999","20%-40%",20
2024,"Fall",24604218,2.7,48,"BA",10025,2006,"Male","Male","Heterosexual (as in ""straight"")","Full-time (12 credits or more)","Undeclared: Ingenuity",3,"1st year undergraduate","Black or African American","No","No","No","Single","$100,000 to $150,000","$601-$800","$150,001 to $299,999","60%-80%",20
2024,"Fall",24605226,3.958,76,"BS",11967,2006,"Male","Male","Heterosexual (as in ""straight"")","Full-time (12 credits or more)","Declared: Biology",3.7,"1st year undergraduate","White or Caucasian","Yes","No","No","Single",NA,"$601-$800","Greater than $300,000","40%-60%",20
2024,"Fall",24616159,3.376,65,"BS",11216,2005,"Male","Male","Heterosexual (as in ""straight"")","Part-time (Fewer than 12 credits)","Undeclared: Computer Science",4,"1st year undergraduate","Black or African American","Yes","Yes","No","Single","$100,000 to $150,000","$200 or less","Less than 60,000","40%-60%",21
2024,"Fall",24619857,3.533,70,"BA",10027,2005,"Male","Male","Bisexual","Full-time (12 credits or more)","Declared: Archaeology",2,"1st year undergraduate","Some other race, ethnicity or origin","No","Yes","No","Dating/In A Relationship",NA,"Currently Unemployed","$60,000 to $99,999","40%-60%",21
2024,"Fall",24620851,3.454,57,"BA",11418,2007,"Male","Male","Heterosexual (as in ""straight"")","Full-time (12 credits or more)","Declared: Communications",3,"1st year undergraduate","Asian","Yes","No","Yes","Single",NA,"Currently Unemployed","$100,000 to $150,000","60%-80%",19
2024,"Fall",24625313,3.381,101,"BA",10021,1980,"Male","Male","Homosexual (as in ""lesbian"" or ""gay"")","Part-time (Fewer than 12 credits)","Undeclared: Pre Health Program",3.8,"Non-degree seeking","Multiracial","No","No","No","Married",NA,"$200 or less","$150,001 to $299,999","40%-60%",46
2024,"Spring",13010232,3.5,24,"MPA",10463,1989,"Female","Female","Heterosexual (as in ""straight"")","Part-time (Fewer than 12 credits)","Declared: Masters In Public Administration",3.1,"Graduate","Hispanic, Latino or Spanish Origin","Yes","No","No","Single","$60,000 to $99,999","$1201-$2000","Greater than $300,000","40%-60%",37
2024,"Spring",14095746,2.879,98,"BS",10467,1988,"Female","Female","Heterosexual (as in ""straight"")","Part-time (Fewer than 12 credits)","Undeclared: Education",3.6,"3rd year undergraduate","Hispanic, Latino or Spanish Origin","Yes","No","No","Single",NA,"$601-$800","$150,001 to $299,999","60%-80%",38
2024,"Spring",14096885,3.842,30,"MPA",11224,1994,"Female","Female","Bisexual","Part-time (Fewer than 12 credits)","Declared: Masters In Public Service",3.8,"Graduate","Hispanic, Latino or Spanish Origin","Yes","No","No","Single",NA,"$1001-$1200","$100,000 to $150,000","40%-60%",32
2024,"Spring",15209800,3.95,156,"BA",10030,1996,"Female","Female","Heterosexual (as in ""straight"")","Part-time (Fewer than 12 credits)","Declared: Psychology",3.8,"Non-degree seeking","Black or African American","No","Yes","No","Domestic partnership","$60,000 to $99,999","$601-$800","$100,000 to $150,000","0%-20%",30
2024,"Spring",15267133,3.575,30,"MPA",10451,1993,"Male","Male","Heterosexual (as in ""straight"")","Full-time (12 credits or more)","Declared: Public Administration",3.8,"Graduate","Hispanic, Latino or Spanish Origin","Yes","No","No","Single","$100,000 to $150,000","$801-$1000","$150,001 to $299,999","60%-80%",33
2024,"Spring",15304902,3.868,124,"BA",10454,1979,"Female","Female","Heterosexual (as in ""straight"")","Full-time (12 credits or more)","Declared: Psychology",3.2,"4th year undergraduate","Multiracial","Yes","Yes","Yes","Widow","$60,000 to $99,999","$1001-$1200","$100,000 to $150,000","40%-60%",47
2024,"Spring",16046772,2.523,120,"BS",11379,1993,"Male","Male","Heterosexual (as in ""straight"")","Not a College student","Declared: Psychology",2.6,"Graduate","Hispanic, Latino or Spanish Origin","Yes","No","No","Married","$60,000 to $99,999","Currently Unemployed","$100,000 to $150,000","60%-80%",33
2024,"Spring",16048143,3.792,125,"BA/MA",10002,1985,"Female","Female","Heterosexual (as in ""straight"")","Full-time (12 credits or more)","Declared: Psychology",3.97,"2nd year undergraduate","Hispanic, Latino or Spanish Origin","Yes","Yes","No","Single",NA,"$601-$800","$100,000 to $150,000","60%-80%",41
2024,"Spring",16119360,2.974,123,"BA",10466,1984,"Male","Male","Heterosexual (as in ""straight"")","Full-time (12 credits or more)","Declared: Economics",2.76,"6th year undergraduate","Black or African American","Yes","No","No","Married","$150,001 to $299,999","$1001-$1200","Greater than $300,000","40%-60%",42
2024,"Spring",23051044,3.292,139,"BA",11435,1991,"Female","Female","Heterosexual (as in ""straight"")","Full-time (12 credits or more)","Declared: Interdisciplinary Studies",3.1,"Non-degree seeking","Hispanic, Latino or Spanish Origin","Yes","No","No","Single",NA,"$601-$800","$150,001 to $299,999","60%-80%",35
2024,"Spring",23058599,3.577,30,"MA",10031,1994,"Male","Male","Heterosexual (as in ""straight"")","Not a College student","Declared: Psychology",3.5,"Graduate","White or Caucasian","Yes","No","No","Domestic partnership","$60,000 to $99,999","$1001-$1200","$100,000 to $150,000","80%-100%",32
2024,"Spring",23141159,2.191,129,"BS",10462,1994,"Female","Female","Heterosexual (as in ""straight"")","Part-time (Fewer than 12 credits)","Declared: Psychology",2,"4th year undergraduate","Asian","Yes","Yes","No","Single",NA,"$801-$1000","$60,000 to $99,999","40%-60%",32
2024,"Spring",23164108,2.34,127,"BA",7307,1996,"Female","Female","Heterosexual (as in ""straight"")","Part-time (Fewer than 12 credits)","Declared: Psychology",2.2,"5th year undergraduate","Black or African American","No","No","No","Single",NA,"$401-$600","$100,000 to $150,000","0%-20%",30
2024,"Spring",23199507,3.457,30,"MPA",10034,1995,"Male","Male","Heterosexual (as in ""straight"")","Full-time (12 credits or more)","Declared: Public Administration",2.9,"Graduate","Hispanic, Latino or Spanish Origin","Yes","No","No","Single","$60,000 to $99,999","$1001-$1200","$150,001 to $299,999","0%-20%",31
2024,"Spring",23239329,3.085,120,"BA",10455,1998,"Female","Female","Heterosexual (as in ""straight"")","Full-time (12 credits or more)","Declared: Psychology",3,"4th year undergraduate","Hispanic, Latino or Spanish Origin","Yes","No","No","Separated",NA,"$200 or less","$150,001 to $299,999","40%-60%",28
2024,"Spring",23259244,3.188,159,"BA/MA",10457,1991,"Female","Female","Queer","Full-time (12 credits or more)","Declared: Casac In Psychology Combined Ba/Ma",3,"Graduate","Some other race, ethnicity or origin","Yes","No","No","Single",NA,"$201-$400","$60,000 to $99,999","40%-60%",35
2024,"Spring",23407957,2.639,122,"BA",11102,1997,"Male","Male","Heterosexual (as in ""straight"")","Full-time (12 credits or more)","Declared: Business Management",2.5,"4th year undergraduate","Hispanic, Latino or Spanish Origin","Yes","No","No","Single",NA,"$200 or less","$60,000 to $99,999","40%-60%",29
2024,"Spring",23501452,2.59,148,"BS",10033,2001,"Male","Male","Heterosexual (as in ""straight"")","Full-time (12 credits or more)","Declared: Psychology",2.34,"3rd year undergraduate","Hispanic, Latino or Spanish Origin","Yes","No","No","Married",NA,"$200 or less","Less than 60,000","40%-60%",25
2024,"Spring",23519810,3.61,130,"BA/MA",10463,1997,"Male","Male","Homosexual (as in ""lesbian"" or ""gay"")","Full-time (12 credits or more)","Declared: Psychology",3.5,"4th year undergraduate","Multiracial","Yes","No","Yes","Single",NA,"$801-$1000","$60,000 to $99,999","40%-60%",29
2024,"Spring",23542338,2.981,120,"BA",10472,1998,"Female","Female","Heterosexual (as in ""straight"")","Full-time (12 credits or more)","Declared: Psychology",2.9,"3rd year undergraduate","Hispanic, Latino or Spanish Origin","Yes","Yes","No","Single","$60,000 to $99,999","$401-$600","$100,000 to $150,000","40%-60%",28
2024,"Spring",23589849,3.031,120,"BA",10039,1992,"Female","Female","Heterosexual (as in ""straight"")","Full-time (12 credits or more)","Declared: Psychology",0,"4th year undergraduate","Black or African American","No","Yes","No","Single",NA,"$1001-$1200","$60,000 to $99,999","60%-80%",34
2024,"Spring",23601928,2.344,121,"BA",10466,1999,"Female","Female","Heterosexual (as in ""straight"")","Full-time (12 credits or more)","Declared: Psychology",2.5,"6th year undergraduate","Black or African American","Yes","No","Yes","Single",NA,"$201-$400","$150,001 to $299,999","0%-20%",27
2024,"Spring",23638291,3.152,111,"BA",10474,2000,"Female","Female","Heterosexual (as in ""straight"")","Part-time (Fewer than 12 credits)","Declared: Political Science",2,"2nd year undergraduate","Black or African American","No","No","No","Single","$60,000 to $99,999","$201-$400","Greater than $300,000","0%-20%",26
2024,"Spring",23644150,3.203,186,"BS",11385,1999,"Female","Female","Asexual","Part-time (Fewer than 12 credits)","Declared: Post Bacc Biology Major",3.44,"6th year undergraduate","Hispanic, Latino or Spanish Origin","Yes","No","No","Separated",NA,"$200 or less","$60,000 to $99,999","40%-60%",27
2024,"Spring",23659691,3.24,120,"BA",10454,1999,"Male","Male","Heterosexual (as in ""straight"")","Part-time (Fewer than 12 credits)","Declared: Psychology",2.571,"3rd year undergraduate","Black or African American","No","No","No","Single","$60,000 to $99,999","$200 or less","Greater than $300,000","20%-40%",27
2024,"Spring",23659703,2.847,123,"BS",11417,1999,"Male","Male","Heterosexual (as in ""straight"")","Not a College student","Declared: Psychology",2.86,"Graduate","Hispanic, Latino or Spanish Origin","Yes","No","No","Single","$60,000 to $99,999","$1201-$2000","$100,000 to $150,000","40%-60%",27
2024,"Spring",23720336,3.229,136,"BS",11207,2001,"Female","Female","Heterosexual (as in ""straight"")","Full-time (12 credits or more)","Declared: Biology",3,"5th year undergraduate","Asian","No","No","No","Single",NA,"$200 or less","$60,000 to $99,999","20%-40%",25
2024,"Spring",23727433,3.572,24,"MPA",11101,2000,"Female","Female","Heterosexual (as in ""straight"")","Part-time (Fewer than 12 credits)","Declared: Masters In Public Administration",3.2,"Graduate","Asian","Yes","No","No","Single",NA,"$601-$800","Less than 60,000","20%-40%",26
2024,"Spring",23740788,2.96,159.5,"BS",11355,2001,"Female","Female","Heterosexual (as in ""straight"")","Full-time (12 credits or more)","Declared: Behavioral Science & Health And Medicine (Cunyba)",3.1,"4th year undergraduate","Asian","Yes","No","No","Single","$100,000 to $150,000","$200 or less","$150,001 to $299,999","40%-60%",25
2024,"Spring",23742524,3.533,12,"CUNY Permit",11369,2000,"Female","Female","Heterosexual (as in ""straight"")","Part-time (Fewer than 12 credits)","Declared: Biology",3.3,"5th year undergraduate","Asian","Yes","Yes","No","Single",NA,"$200 or less","$60,000 to $99,999","20%-40%",26
2024,"Spring",23749620,2.459,125,"BA",11779,2001,"Female","Female","Heterosexual (as in ""straight"")","Full-time (12 credits or more)","Declared: Psychology",2.4,"4th year undergraduate","Asian","Yes","No","No","Single",NA,"Currently Unemployed","Less than 60,000","0%-20%",25
2024,"Spring",23789014,3.112,119,"BA",10461,2000,"Male","Male","Heterosexual (as in ""straight"")","Part-time (Fewer than 12 credits)","Declared: Psychology",2.5,"5th year undergraduate","Hispanic, Latino or Spanish Origin","No","No","No","Single","$60,000 to $99,999","$201-$400","Greater than $300,000","40%-60%",26
2024,"Spring",23812213,3.918,120,"BA",10031,2000,"Female","Female","Heterosexual (as in ""straight"")","Full-time (12 credits or more)","Declared: Psychology",4,"3rd year undergraduate","Hispanic, Latino or Spanish Origin","Yes","No","No","Single","$60,000 to $99,999","$201-$400","$100,000 to $150,000","20%-40%",26
2024,"Spring",23835284,3.835,117,"BA",10032,2001,"Female","Female","Heterosexual (as in ""straight"")","Full-time (12 credits or more)","Declared: Studio Art",3.8,"4th year undergraduate","Hispanic, Latino or Spanish Origin","Yes","No","No","Single",NA,"$201-$400","$60,000 to $99,999","40%-60%",25
2024,"Spring",23838765,3.834,122,"BS",10314,2002,"Female","Female","Heterosexual (as in ""straight"")","Full-time (12 credits or more)","Declared: Psychology",3.25,"3rd year undergraduate","Asian","Yes","Yes","Yes","Single",NA,"Currently Unemployed","$60,000 to $99,999","20%-40%",24
2024,"Spring",23844633,3.828,130,"BA",10033,2001,"Female","Female","Heterosexual (as in ""straight"")","Part-time (Fewer than 12 credits)","Declared: Psychology",3.8,"4th year undergraduate","Hispanic, Latino or Spanish Origin","Yes","No","No","Single",NA,"Currently Unemployed","$60,000 to $99,999","20%-40%",25
2024,"Spring",23845445,3.789,131,"BA/MA",10031,2002,"Female","Female","Heterosexual (as in ""straight"")","Full-time (12 credits or more)","Declared: Ba/Ma Psychology",3.81,"4th year undergraduate","Multiracial","Yes","No","No","Single",NA,"$401-$600","$60,000 to $99,999","40%-60%",24
2024,"Spring",23860181,3.188,120,"BA",10027,2002,"Female","Female","Heterosexual (as in ""straight"")","Full-time (12 credits or more)","Declared: Psychology",3,"4th year undergraduate","Hispanic, Latino or Spanish Origin","Yes","No","No","Domestic partnership",NA,"$200 or less","$60,000 to $99,999","20%-40%",24
2024,"Spring",23862456,3.408,124,"BA",10453,2002,"Female","Female","Heterosexual (as in ""straight"")","Full-time (12 credits or more)","Declared: Art",3.5,"1st year undergraduate","Hispanic, Latino or Spanish Origin","Yes","No","No","Single",NA,"$201-$400","Less than 60,000","20%-40%",24
2024,"Spring",23872268,3.576,123,"BA/MA",11207,2001,"Male","Male","Heterosexual (as in ""straight"")","Full-time (12 credits or more)","Declared: Psychology",4,"2nd year undergraduate","Black or African American","No","Yes","No","Single",NA,"$200 or less","$100,000 to $150,000","40%-60%",25
2024,"Spring",23875531,3.657,130,"BA/MA",11377,2001,"Female","Female","Heterosexual (as in ""straight"")","Full-time (12 credits or more)","Declared: Ba/Ma Psychology Casac Track",3.5,"4th year undergraduate","Asian","Yes","No","No","Single",NA,"$200 or less","$100,000 to $150,000","40%-60%",25
2024,"Spring",23901652,3.11,145,"BA/MA",11214,2001,"Male","Male","Uncertain/Questioning","Full-time (12 credits or more)","Declared: Psychology",3.2,"5th year undergraduate","Hispanic, Latino or Spanish Origin","Yes","No","No","Single",NA,"$200 or less","Less than 60,000","40%-60%",25
2024,"Spring",23906511,3.401,120,"BS",10032,1999,"Female","Female","Heterosexual (as in ""straight"")","Not a College student","Declared: Psychology",3.2,"1st year undergraduate","Multiracial","No","Yes","Yes","Single",NA,"$201-$400","$150,001 to $299,999","40%-60%",27
2024,"Spring",23911077,3.434,128,"BA",10034,2001,"Female","Female","Heterosexual (as in ""straight"")","Full-time (12 credits or more)","Declared: Advertisment And Public Relations",3,"3rd year undergraduate","Hispanic, Latino or Spanish Origin","Yes","Yes","No","Single",NA,"$200 or less","Less than 60,000","20%-40%",25
2024,"Spring",23917200,3.264,120,"BS",11207,2001,"Male","Male","Homosexual (as in ""lesbian"" or ""gay"")","Full-time (12 credits or more)","Declared: Psychology",3.5,"5th year undergraduate","Black or African American","No","No","No","Single",NA,"$1001-$1200","Greater than $300,000","40%-60%",25
2024,"Spring",23918172,3.563,138,"BA/MA",10002,2001,"Female","Female","Heterosexual (as in ""straight"")","Part-time (Fewer than 12 credits)","Declared: Psychology",3.4,"5th year undergraduate","Asian","Yes","No","No","Single",NA,"$200 or less","$60,000 to $99,999","20%-40%",25
2024,"Spring",23918902,3.81,30,"MS",10128,2001,"Male","Male","Heterosexual (as in ""straight"")","Full-time (12 credits or more)","Declared: Translational Medicine",3.7,"Graduate","Middle Eastern or North African","Yes","No","No","Single","$100,000 to $150,000","Currently Unemployed","Greater than $300,000","60%-80%",25
2024,"Spring",23920333,3.568,120,"BA",10039,2001,"Female","Female","Heterosexual (as in ""straight"")","Part-time (Fewer than 12 credits)","Declared: Anthropology",3.5,"5th year undergraduate","Black or African American","No","No","No","Single","$60,000 to $99,999","$201-$400","$60,000 to $99,999","20%-40%",25
2024,"Spring",23923644,2.539,33,"BA",10461,2001,"Male","Male","Heterosexual (as in ""straight"")","Full-time (12 credits or more)","Undeclared: Business Management",0.5,"1st year undergraduate","Asian","Yes","No","No","Single","$60,000 to $99,999","$200 or less","$100,000 to $150,000","40%-60%",25
2024,"Spring",23923788,3.679,120,"BA",10468,2003,"Female","Female","Heterosexual (as in ""straight"")","Full-time (12 credits or more)","Declared: Psychology",3.6,"3rd year undergraduate","Hispanic, Latino or Spanish Origin","Yes","No","No","Single",NA,"$200 or less","$60,000 to $99,999","20%-40%",23
2024,"Spring",23930826,2.107,115,"BA",10468,2000,"Male","Male","Heterosexual (as in ""straight"")","Full-time (12 credits or more)","Declared: Psychology",2.5,"3rd year undergraduate","Black or African American","No","Yes","No","Single",NA,"Currently Unemployed","Less than 60,000","20%-40%",26
2024,"Spring",23936292,3.344,127,"BS",11219,2002,"Female","Female","Heterosexual (as in ""straight"")","Full-time (12 credits or more)","Declared: Psychology",3.4,"4th year undergraduate","Asian","Yes","No","No","Single",NA,"$200 or less","$100,000 to $150,000","60%-80%",24
2024,"Spring",23943536,3.113,120,"BA",10025,2001,"Female","Female","Homosexual (as in ""lesbian"" or ""gay"")","Full-time (12 credits or more)","Declared: Psychology",2.8,"4th year undergraduate","Hispanic, Latino or Spanish Origin","Yes","No","No","Single",NA,"$201-$400","Less than 60,000","20%-40%",25
2024,"Spring",23944631,3.453,136,"BA/MA",11372,2003,"Female","Female","Heterosexual (as in ""straight"")","Full-time (12 credits or more)","Declared: Psychology",3.5,"4th year undergraduate","Asian","Yes","No","No","Single",NA,"$201-$400","$60,000 to $99,999","20%-40%",23
2024,"Spring",23954109,2.425,94,"BA",10465,2002,"Male","Male","Heterosexual (as in ""straight"")","Full-time (12 credits or more)","Declared: Psychology",2.3,"3rd year undergraduate","Hispanic, Latino or Spanish Origin","Yes","No","No","Single",NA,"$401-$600","$60,000 to $99,999","0%-20%",24
2024,"Spring",23956707,2.803,123,"BS",11373,2001,"Female","Female","Bisexual","Full-time (12 credits or more)","Declared: Psychology",2.4,"4th year undergraduate","Hispanic, Latino or Spanish Origin","Yes","No","No","Single",NA,"$200 or less","$60,000 to $99,999","40%-60%",25
2024,"Spring",23956823,3.821,130,"BA/MA",10459,2003,"Female","Female","Heterosexual (as in ""straight"")","Full-time (12 credits or more)","Declared: Ba/Ma Casac",3.8,"Graduate","Hispanic, Latino or Spanish Origin","Yes","No","No","Single",NA,"$200 or less","$60,000 to $99,999","60%-80%",23
2024,"Spring",23959728,3.216,124,"BA",10470,2003,"Female","Female","Heterosexual (as in ""straight"")","Full-time (12 credits or more)","Declared: Psychology",3.2,"3rd year undergraduate","Hispanic, Latino or Spanish Origin","Yes","No","No","Single","$150,001 to $299,999","$200 or less","$150,001 to $299,999","20%-40%",23
2024,"Spring",23961355,3.781,124,"BA",11432,2002,"Female","Female","Heterosexual (as in ""straight"")","Full-time (12 credits or more)","Declared: Psychology, Sociology",3.7,"4th year undergraduate","Asian","Yes","No","No","Single",NA,"$200 or less","Less than 60,000","40%-60%",24
2024,"Spring",23966914,3.818,146,"BS",11385,2002,"Male","Male","Heterosexual (as in ""straight"")","Full-time (12 credits or more)","Declared: Psychology",3.794,"4th year undergraduate","Hispanic, Latino or Spanish Origin","Yes","No","Yes","Single",NA,"$201-$400","$150,001 to $299,999","40%-60%",24
2024,"Spring",23967011,3.987,123,"BS",11207,2001,"Female","Female","Heterosexual (as in ""straight"")","Not a College student","Declared: Psychology",3.9,"Graduate","Middle Eastern or North African","Yes","No","No","Single",NA,"$200 or less","Greater than $300,000","20%-40%",25
2024,"Spring",23979182,2.085,60,"BA",11420,2003,"Female","Female","Heterosexual (as in ""straight"")","Part-time (Fewer than 12 credits)","Declared: Business Administration & Managment",1.8,"3rd year undergraduate","Asian","No","No","No","Single",NA,"$200 or less","Less than 60,000","40%-60%",23
2024,"Spring",23980693,3.267,120,"BS",10031,2003,"Female","Female","Heterosexual (as in ""straight"")","Full-time (12 credits or more)","Declared: Psychology",3,"3rd year undergraduate","Black or African American","Yes","No","No","Single","$100,000 to $150,000","$201-$400","$150,001 to $299,999","40%-60%",23
2024,"Spring",23990732,3.274,129,"BA/MA",10306,2003,"Male","Male","Heterosexual (as in ""straight"")","Full-time (12 credits or more)","Declared: Bama Psychology",3.1,"3rd year undergraduate","Hispanic, Latino or Spanish Origin","Yes","No","No","Single",NA,"$201-$400","$60,000 to $99,999","40%-60%",23
2024,"Spring",23992708,3.405,131,"BS",11236,2002,"Female","Female","Heterosexual (as in ""straight"")","Full-time (12 credits or more)","Declared: Psychology",3.2,"4th year undergraduate","Black or African American","Yes","No","No","Single","$60,000 to $99,999","$201-$400","Greater than $300,000","0%-20%",24
2024,"Spring",23995113,3.271,124,"BA",11510,2004,"Female","Female","Heterosexual (as in ""straight"")","Full-time (12 credits or more)","Declared: Psychology",3,"2nd year undergraduate","Black or African American","Yes","No","No","Single","$60,000 to $99,999","$200 or less","$100,000 to $150,000","0%-20%",22
2024,"Spring",23998101,3.402,130,"BA/MA",10025,2002,"Female","Female","Bisexual","Full-time (12 credits or more)","Declared: Psychology Ba/Ma Casac",3.2,"4th year undergraduate","White or Caucasian","No","No","Yes","Single","$60,000 to $99,999","$200 or less","$60,000 to $99,999","40%-60%",24
2024,"Spring",23998986,2.935,121,"BS",10453,2003,"Female","Female","Heterosexual (as in ""straight"")","Full-time (12 credits or more)","Declared: Psychology",3.2,"3rd year undergraduate","Black or African American","Yes","No","No","Single",NA,"$201-$400","$60,000 to $99,999","40%-60%",23
2024,"Spring",24007183,3.931,130,"BA/MA",11436,2004,"Female","Female","Bisexual","Full-time (12 credits or more)","Declared: Psychology Ba/Ma Casac",3.9,"3rd year undergraduate","Some other race, ethnicity or origin","No","No","No","Single",NA,"$201-$400","$60,000 to $99,999","60%-80%",22
2024,"Spring",24010924,3.648,120,"BA",11368,2003,"Female","Female","Uncertain/Questioning","Full-time (12 credits or more)","Declared: Psychology",3.66,"3rd year undergraduate","Hispanic, Latino or Spanish Origin","Yes","No","No","Single",NA,"Currently Unemployed","$60,000 to $99,999","20%-40%",23
2024,"Spring",24012097,3.863,131,"BA",11419,2003,"Female","Female","Heterosexual (as in ""straight"")","Full-time (12 credits or more)","Declared: Psychology",3.7,"3rd year undergraduate","Black or African American","No","No","No","Single","$60,000 to $99,999","$201-$400","$60,000 to $99,999","40%-60%",23
2024,"Spring",24012694,3.576,132,"BA/MA",11214,2003,"Female","Female","Heterosexual (as in ""straight"")","Full-time (12 credits or more)","Declared: Psychology",3.5,"3rd year undergraduate","Middle Eastern or North African","Yes","No","No","Single",NA,"$200 or less","$60,000 to $99,999","20%-40%",23
2024,"Spring",24015870,3.212,120,"BA",10468,2003,"Female","Female","Heterosexual (as in ""straight"")","Full-time (12 credits or more)","Declared: Psychology",3.1,"3rd year undergraduate","Hispanic, Latino or Spanish Origin","Yes","No","No","Dating/In A Relationship",NA,"$200 or less","$60,000 to $99,999","40%-60%",23
2024,"Spring",24019431,3.793,120,"BA",10461,2004,"Female","Female","Heterosexual (as in ""straight"")","Full-time (12 credits or more)","Declared: Psychology",3.756,"2nd year undergraduate","Asian","Yes","No","No","Domestic partnership",NA,"$201-$400","$60,000 to $99,999","40%-60%",22
2024,"Spring",24019656,3.614,132,"BA/MA",11416,2003,"Female","Female","Heterosexual (as in ""straight"")","Full-time (12 credits or more)","Declared: Psychology",3.749,"3rd year undergraduate","Asian","Yes","No","No","Single",NA,"$200 or less","$60,000 to $99,999","40%-60%",23
2024,"Spring",24022899,3.278,138,"BS",11385,2003,"Female","Female","Heterosexual (as in ""straight"")","Full-time (12 credits or more)","Declared: Biology",3.36,"3rd year undergraduate","Asian","Yes","No","No","Single","$60,000 to $99,999","$200 or less","$100,000 to $150,000","60%-80%",23
2024,"Spring",24023890,3.551,130,"BA/MA",10032,2002,"Female","Female","Heterosexual (as in ""straight"")","Full-time (12 credits or more)","Declared: Psychology",3.4,"4th year undergraduate","Hispanic, Latino or Spanish Origin","Yes","No","No","Single",NA,"$200 or less","$60,000 to $99,999","40%-60%",24
2024,"Spring",24029323,2.833,122,"BA",11237,2002,"Female","Female","Heterosexual (as in ""straight"")","Full-time (12 credits or more)","Declared: Psychology",2.8,"4th year undergraduate","Hispanic, Latino or Spanish Origin","Yes","No","No","Single",NA,"Currently Unemployed","$60,000 to $99,999","40%-60%",24
2024,"Spring",24030905,3.478,120,"BA",11104,2002,"Male","Male","Heterosexual (as in ""straight"")","Full-time (12 credits or more)","Declared: Anthropology And Sociology",3.4,"4th year undergraduate","Asian","Yes","No","No","Single",NA,"$200 or less","Less than 60,000","40%-60%",24
2024,"Spring",24032150,3.828,125,"BA",10462,2002,"Female","Female","Asexual","Full-time (12 credits or more)","Declared: Communications",3.8,"4th year undergraduate","Hispanic, Latino or Spanish Origin","Yes","No","No","Single",NA,"$601-$800","$100,000 to $150,000","20%-40%",24
2024,"Spring",24035117,3.079,120,"BA",11225,2002,"Female","Female","Heterosexual (as in ""straight"")","Full-time (12 credits or more)","Declared: Psychology",2.6,"4th year undergraduate","Hispanic, Latino or Spanish Origin","No","No","No","Single",NA,"$200 or less","$60,000 to $99,999","40%-60%",24
2024,"Spring",24035141,3.951,120,"BA",10452,2002,"Female","Female","Heterosexual (as in ""straight"")","Full-time (12 credits or more)","Declared: Psychology",3.9,"4th year undergraduate","Hispanic, Latino or Spanish Origin","Yes","No","No","Single",NA,"$401-$600","$60,000 to $99,999","20%-40%",24
2024,"Spring",24036436,3.891,122,"BS",10033,1989,"Female","Female","Heterosexual (as in ""straight"")","Full-time (12 credits or more)","Declared: Psychology",3.484,"2nd year undergraduate","White or Caucasian","No","Yes","No","Married","$100,000 to $150,000","$1001-$1200","$150,001 to $299,999","40%-60%",37
2024,"Spring",24038137,3.885,123,"BA",10034,2001,"Male","Male","Heterosexual (as in ""straight"")","Full-time (12 credits or more)","Declared: Economics",3.87,"4th year undergraduate","Hispanic, Latino or Spanish Origin","Yes","No","No","Single",NA,"$200 or less","$100,000 to $150,000","40%-60%",25
2024,"Spring",24038946,3.035,123,"BS",11216,2002,"Female","Female","Heterosexual (as in ""straight"")","Full-time (12 credits or more)","Declared: Psychology",2.9,"4th year undergraduate","Black or African American","No","No","No","Single",NA,"$401-$600","$100,000 to $150,000","40%-60%",24
2024,"Spring",24040291,3.226,122,"BA",10025,2002,"Female","Female","Bisexual","Full-time (12 credits or more)","Declared: Psychology",3.185,"4th year undergraduate","Hispanic, Latino or Spanish Origin","Yes","No","No","Single",NA,"$200 or less","Less than 60,000","20%-40%",24
2024,"Spring",24041175,3.56,84,"BA",10027,2002,"Male","Male","Heterosexual (as in ""straight"")","Full-time (12 credits or more)","Declared: Psychology",3.4,"2nd year undergraduate","Hispanic, Latino or Spanish Origin","Yes","No","No","Single",NA,"Currently Unemployed","$60,000 to $99,999","40%-60%",24
2024,"Spring",24042459,3.637,121,"BA",10462,2003,"Female","Female","Heterosexual (as in ""straight"")","Full-time (12 credits or more)","Declared: Psychology",3.5,"4th year undergraduate","Hispanic, Latino or Spanish Origin","Yes","No","No","Single",NA,"$401-$600","$100,000 to $150,000","60%-80%",23
2024,"Spring",24042890,3.605,130,"BA/MA",10027,2002,"Female","Female","Bisexual","Full-time (12 credits or more)","Declared: Psychology",3.6,"3rd year undergraduate","Black or African American","No","No","No","Single",NA,"$200 or less","Greater than $300,000","40%-60%",24
2024,"Spring",24050595,3.57,120,"BA",10475,2001,"Female","Female","Heterosexual (as in ""straight"")","Full-time (12 credits or more)","Declared: Psychology",3.5,"4th year undergraduate","Hispanic, Latino or Spanish Origin","Yes","No","No","Single",NA,"$201-$400","$100,000 to $150,000","60%-80%",25
2024,"Spring",24051319,3.984,167,"BA/MA",10031,2002,"Female","Non-binary","Bisexual","Full-time (12 credits or more)","Declared: Psychology",3.9,"4th year undergraduate","White or Caucasian","No","No","No","Single","$60,000 to $99,999","$201-$400","$60,000 to $99,999","40%-60%",24
2024,"Spring",24055457,3.668,127,"BS",7646,2002,"Male","Male","Heterosexual (as in ""straight"")","Full-time (12 credits or more)","Declared: Psychology, B.s (Mhc)",3.5,"3rd year undergraduate","Middle Eastern or North African","Yes","No","No","Single","Greater than $300,000","$200 or less","Greater than $300,000","20%-40%",24
2024,"Spring",24057006,3.229,104,"BA",10026,2004,"Female","Female","Heterosexual (as in ""straight"")","Full-time (12 credits or more)","Declared: Psychology",3.2,"2nd year undergraduate","Black or African American","Yes","No","No","Single","$60,000 to $99,999","$201-$400","$60,000 to $99,999","40%-60%",22
2024,"Spring",24058480,3.723,168,"BA",11360,2002,"Female","Non-binary","Bisexual","Full-time (12 credits or more)","Declared: Psychology And Creative Writing",3.5,"4th year undergraduate","White or Caucasian","No","No","No","Single","$100,000 to $150,000","$200 or less","$60,000 to $99,999","40%-60%",24
2024,"Spring",24058754,3.977,130,"BA/MA",11232,2002,"Female","Female","Bisexual","Full-time (12 credits or more)","Declared: Psychology",3.973,"4th year undergraduate","White or Caucasian","No","No","No","Single",NA,"$201-$400","$100,000 to $150,000","20%-40%",24
2024,"Spring",24061877,2.238,83,"BA",11222,2002,"Male","Male","Bisexual","Full-time (12 credits or more)","Declared: Psychology",2.1,"3rd year undergraduate","Hispanic, Latino or Spanish Origin","Yes","No","No","Domestic partnership",NA,"$401-$600","$60,000 to $99,999","20%-40%",24
2024,"Spring",24062359,3.85,6,"MA",11372,2002,"Male","Male","Heterosexual (as in ""straight"")","Full-time (12 credits or more)","Declared: Psychology",2.9,"4th year undergraduate","Hispanic, Latino or Spanish Origin","Yes","No","No","Single","$60,000 to $99,999","$601-$800","$100,000 to $150,000","20%-40%",24
2024,"Spring",24063308,3.497,58,"BA",10463,2002,"Female","Female","Heterosexual (as in ""straight"")","Full-time (12 credits or more)","Undeclared: Psychology",0,"1st year undergraduate","Hispanic, Latino or Spanish Origin","Yes","No","No","Single","$60,000 to $99,999","$201-$400","$100,000 to $150,000","40%-60%",24
2024,"Spring",24064219,3.665,129,"BS",11104,2002,"Male","Male","Heterosexual (as in ""straight"")","Full-time (12 credits or more)","Declared: Biology, B.s.",3.61,"4th year undergraduate","Asian","Yes","No","No","Single","$60,000 to $99,999","$200 or less","$150,001 to $299,999","40%-60%",24
2024,"Spring",24064678,3.461,139,"BS",11370,2004,"Female","Female","Heterosexual (as in ""straight"")","Full-time (12 credits or more)","Declared: Biology",3.5,"2nd year undergraduate","Multiracial","Yes","No","No","Single",NA,"$200 or less","$100,000 to $150,000","60%-80%",22
2024,"Spring",24069127,3.502,125,"BS",11415,2003,"Female","Female","Heterosexual (as in ""straight"")","Full-time (12 credits or more)","Declared: Psychology",3.4,"3rd year undergraduate","Asian","Yes","No","No","Single",NA,"$201-$400","$100,000 to $150,000","40%-60%",23
2024,"Spring",24071327,3.176,121,"BA",11211,2001,"Male","Male","Heterosexual (as in ""straight"")","Full-time (12 credits or more)","Declared: Psychology",2.658,"3rd year undergraduate","Hispanic, Latino or Spanish Origin","Yes","Yes","No","Single",NA,"$401-$600","$100,000 to $150,000","20%-40%",25
2024,"Spring",24072781,3.293,123,"BS",10573,2002,"Female","Female","Heterosexual (as in ""straight"")","Full-time (12 credits or more)","Declared: Psychology",3.3,"4th year undergraduate","Hispanic, Latino or Spanish Origin","Yes","No","No","Single","$60,000 to $99,999","$201-$400","Less than 60,000","0%-20%",24
2024,"Spring",24073704,3.897,120,"BA",10710,2002,"Male","Male","Heterosexual (as in ""straight"")","Full-time (12 credits or more)","Declared: Political Science",3.9,"4th year undergraduate","Middle Eastern or North African","Yes","Yes","No","Single","$150,001 to $299,999","$200 or less","$150,001 to $299,999","20%-40%",24
2024,"Spring",24083173,2.759,123,"BA",11237,2003,"Female","Female","Heterosexual (as in ""straight"")","Full-time (12 credits or more)","Declared: Psychology",3,"3rd year undergraduate","Hispanic, Latino or Spanish Origin","Yes","No","No","Single",NA,"$200 or less","$60,000 to $99,999","20%-40%",23
2024,"Spring",24084829,1.741,124,"BS",11372,1989,"Female","Female","Heterosexual (as in ""straight"")","Full-time (12 credits or more)","Declared: Biotechnology",2.1,"3rd year undergraduate","Asian","Yes","Yes","Yes","Single",NA,"$401-$600","$60,000 to $99,999","20%-40%",37
2024,"Spring",24088873,3.014,122,"BA",10460,2004,"Female","Female","Asexual","Full-time (12 credits or more)","Declared: Psychology",2.9,"2nd year undergraduate","White or Caucasian","No","No","No","Single",NA,"$601-$800","Greater than $300,000","60%-80%",22
2024,"Spring",24089732,2.54,41,"BA",10466,2004,"Female","Female","Queer","Full-time (12 credits or more)","Undeclared: Computer Science",3.3,"2nd year undergraduate","Black or African American","No","Yes","No","Dating/In A Relationship",NA,"$201-$400","Less than 60,000","60%-80%",22
2024,"Spring",24094904,1.915,108,"BA",11377,2001,"Male","Male","Heterosexual (as in ""straight"")","Full-time (12 credits or more)","Declared: Psychology",3.2,"3rd year undergraduate","Asian","Yes","No","No","Single",NA,"$201-$400","$60,000 to $99,999","20%-40%",25
2024,"Spring",24099058,3.232,154,"BA",10940,2002,"Female","Female","Bisexual","Full-time (12 credits or more)","Declared: Psychology",3.4,"4th year undergraduate","Some other race, ethnicity or origin","Yes","No","Yes","Single","$100,000 to $150,000","$200 or less","$60,000 to $99,999","20%-40%",24
2024,"Spring",24105167,3.398,175,"BA",11358,2004,"Female","Female","Asexual","Full-time (12 credits or more)","Declared: Psychology",3.536,"2nd year undergraduate","Asian","Yes","No","No","Single",NA,"$201-$400","$60,000 to $99,999","0%-20%",22
2024,"Spring",24105404,3.879,133,"BA/MA",10520,1995,"Female","Female","Uncertain/Questioning","Full-time (12 credits or more)","Declared: Ba/Ma Psychology",3.85,"4th year undergraduate","Asian","Yes","No","No","Married","$150,001 to $299,999","$200 or less","$150,001 to $299,999","60%-80%",31
2024,"Spring",24107204,2.627,86,"BA",10032,2002,"Male","Male","Heterosexual (as in ""straight"")","Part-time (Fewer than 12 credits)","Declared: Business Administration",2.5,"3rd year undergraduate","Asian","No","No","No","Single","$60,000 to $99,999","$601-$800","$60,000 to $99,999","0%-20%",24
2024,"Spring",24108184,3.6,95,"BA",11369,2003,"Female","Female","Heterosexual (as in ""straight"")","Full-time (12 credits or more)","Declared: Psychology",3.4,"2nd year undergraduate","Hispanic, Latino or Spanish Origin","Yes","No","No","Domestic partnership","$100,000 to $150,000","$401-$600","$150,001 to $299,999","60%-80%",23
2024,"Spring",24108405,3.747,122,"BS",11385,2003,"Female","Female","Heterosexual (as in ""straight"")","Full-time (12 credits or more)","Declared: Psychology",3.7,"3rd year undergraduate","White or Caucasian","Yes","Yes","No","Single",NA,"$200 or less","Less than 60,000","20%-40%",23
2024,"Spring",24108457,3.418,122,"BA",11354,2003,"Female","Female","Heterosexual (as in ""straight"")","Full-time (12 credits or more)","Declared: Psychology",3.2,"3rd year undergraduate","Hispanic, Latino or Spanish Origin","Yes","No","No","Married",NA,"$200 or less","$60,000 to $99,999","40%-60%",23
2024,"Spring",24108844,3.4,49,"BA",11103,2002,"Male","Male","Heterosexual (as in ""straight"")","Full-time (12 credits or more)","Undeclared: Computer Science",3.3,"3rd year undergraduate","Asian","Yes","No","No","Single",NA,"$200 or less","$60,000 to $99,999","40%-60%",24
2024,"Spring",24108859,2.568,86,"BA",11372,2001,"Female","Female","Heterosexual (as in ""straight"")","Full-time (12 credits or more)","Undeclared: Psychology",3.6,"2nd year undergraduate","Asian","Yes","No","No","Single","$60,000 to $99,999","$200 or less","$150,001 to $299,999","60%-80%",25
2024,"Spring",24113217,2.237,97,"BA",11204,2003,"Female","Female","Heterosexual (as in ""straight"")","Full-time (12 credits or more)","Declared: Political Science",2,"3rd year undergraduate","Middle Eastern or North African","Yes","No","No","Single",NA,"$200 or less","$100,000 to $150,000","40%-60%",23
2024,"Spring",24114405,3.212,120,"BS",11101,2003,"Female","Female","Heterosexual (as in ""straight"")","Full-time (12 credits or more)","Declared: Psychology",2.8,"3rd year undergraduate","Asian","Yes","No","No","Single",NA,"$201-$400","$60,000 to $99,999","20%-40%",23
2024,"Spring",24114914,3.814,138,"BA/MA",11210,2004,"Female","Female","Bisexual","Full-time (12 credits or more)","Declared: Psychology",3.8,"3rd year undergraduate","Multiracial","Yes","No","No","Single",NA,"$200 or less","$100,000 to $150,000","20%-40%",22
2024,"Spring",24127957,3.101,141,"BS",11373,2004,"Female","Female","Heterosexual (as in ""straight"")","Full-time (12 credits or more)","Declared: Biology",3.1,"2nd year undergraduate","Asian","Yes","No","No","Domestic partnership",NA,"$200 or less","$60,000 to $99,999","80%-100%",22
2024,"Spring",24130332,3.412,122,"BA",11435,2003,"Female","Female","Uncertain/Questioning","Full-time (12 credits or more)","Declared: Psychology",3.3,"3rd year undergraduate","Some other race, ethnicity or origin","No","No","No","Single",NA,"$201-$400","$60,000 to $99,999","60%-80%",23
2024,"Spring",24130631,3.606,134,"BA/MA",10456,2004,"Female","Female","Bisexual","Full-time (12 credits or more)","Declared: Psychology",3.6,"2nd year undergraduate","Hispanic, Latino or Spanish Origin","Yes","No","No","Single",NA,"$200 or less","$60,000 to $99,999","0%-20%",22
2024,"Spring",24130675,3.713,130,"BA/MA",10031,1990,"Male","Male","Homosexual (as in ""lesbian"" or ""gay"")","Full-time (12 credits or more)","Declared: Psychology",3.63,"4th year undergraduate","White or Caucasian","No","No","No","Married","$100,000 to $150,000","$1001-$1200","$150,001 to $299,999","40%-60%",36
2024,"Spring",24133341,3.696,156,"BA",11223,2004,"Female","Female","Heterosexual (as in ""straight"")","Full-time (12 credits or more)","Undeclared: Computer Science",3.5,"2nd year undergraduate","Asian","Yes","No","No","Single",NA,"Currently Unemployed","$60,000 to $99,999","60%-80%",22
2024,"Spring",24133342,2.923,114,"BARCH",11223,2003,"Female","Female","Heterosexual (as in ""straight"")","Full-time (12 credits or more)","Declared: Architecture",2.6,"2nd year undergraduate","Asian","Yes","No","No","Single",NA,"$201-$400","$60,000 to $99,999","20%-40%",23
2024,"Spring",24134066,3.657,168,"BS",10314,2004,"Female","Female","Uncertain/Questioning","Full-time (12 credits or more)","Declared: Mhc Psychology Bs",3.4,"2nd year undergraduate","White or Caucasian","No","Yes","No","Single","$100,000 to $150,000","$200 or less","$100,000 to $150,000","40%-60%",22
2024,"Spring",24134106,3.173,121,"BS",10031,2003,"Female","Female","Heterosexual (as in ""straight"")","Full-time (12 credits or more)","Declared: Biomedical Science",2.8,"2nd year undergraduate","White or Caucasian","Yes","No","No","Single",NA,"$201-$400","$150,001 to $299,999","40%-60%",23
2024,"Spring",24134112,3.606,101,"BA",10303,2004,"Female","Female","Heterosexual (as in ""straight"")","Full-time (12 credits or more)","Declared: Biology",3.5,"2nd year undergraduate","Black or African American","Yes","No","No","Single","$60,000 to $99,999","$201-$400","$100,000 to $150,000","40%-60%",22
2024,"Spring",24134711,3.31,122,"BA",11412,2003,"Female","Female","Heterosexual (as in ""straight"")","Full-time (12 credits or more)","Declared: Psychology",3.8,"3rd year undergraduate","Black or African American","No","No","No","Single","$100,000 to $150,000","Currently Unemployed","Less than 60,000","80%-100%",23
2024,"Spring",24135624,3.803,109,"BA",10703,2005,"Female","Female","Heterosexual (as in ""straight"")","Full-time (12 credits or more)","Declared: Psychology/Sociology",3.4,"1st year undergraduate","Middle Eastern or North African","Yes","Yes","No","Single",NA,"$200 or less","Less than 60,000","40%-60%",21
2024,"Spring",24135785,4,116,"BA",10462,2005,"Female","Non-binary","Bisexual","Full-time (12 credits or more)","Declared: Sociology",4,"1st year undergraduate","Multiracial","Yes","No","No","Single","$100,000 to $150,000","$200 or less","Less than 60,000","20%-40%",21
2024,"Spring",24136888,3.83,135,"BA/MA",10025,2000,"Female","Female","Heterosexual (as in ""straight"")","Part-time (Fewer than 12 credits)","Declared: Psychology",3.82,"Graduate","Some other race, ethnicity or origin","No","No","No","Single",NA,"$401-$600","$100,000 to $150,000","60%-80%",26
2024,"Spring",24137296,3.762,103,"BA",10033,2005,"Female","Female","Heterosexual (as in ""straight"")","Full-time (12 credits or more)","Declared: Psychology",3.8,"1st year undergraduate","Hispanic, Latino or Spanish Origin","Yes","No","No","Single",NA,"$200 or less","Less than 60,000","40%-60%",21
2024,"Spring",24137719,3.154,98,"BA",11105,2004,"Female","Non-binary","Bisexual","Full-time (12 credits or more)","Declared: Psychology",3.144,"2nd year undergraduate","Middle Eastern or North African","No","No","No","Single",NA,"$200 or less","$60,000 to $99,999","40%-60%",22
2024,"Spring",24138816,4,122,"BA",10474,2004,"Female","Female","Heterosexual (as in ""straight"")","Full-time (12 credits or more)","Declared: Psychology",4,"3rd year undergraduate","Hispanic, Latino or Spanish Origin","Yes","No","No","Single",NA,"$200 or less","$60,000 to $99,999","20%-40%",22
2024,"Spring",24145758,2.238,64,"BA",10033,2005,"Female","Female","Heterosexual (as in ""straight"")","Full-time (12 credits or more)","Declared: Psychology",3.6,"1st year undergraduate","Hispanic, Latino or Spanish Origin","Yes","Yes","No","Dating/In A Relationship",NA,"$201-$400","Greater than $300,000","60%-80%",21
2024,"Spring",24149952,2.51,127,"BA",10462,2002,"Female","Female","Heterosexual (as in ""straight"")","Full-time (12 credits or more)","Declared: Biology",2.5,"3rd year undergraduate","Asian","Yes","No","No","Single",NA,"$601-$800","$100,000 to $150,000","40%-60%",24
2024,"Spring",24151021,3.88,174,"BE",11355,1996,"Male","Male","Heterosexual (as in ""straight"")","Full-time (12 credits or more)","Declared: Electrical Engineering",0,"3rd year undergraduate","Asian","Yes","Yes","No","Single",NA,"$200 or less","$60,000 to $99,999","60%-80%",30
2024,"Spring",24154597,3.695,119,"BS",11432,2004,"Male","Male","Uncertain/Questioning","Full-time (12 credits or more)","Declared: Psychology",3.46,"2nd year undergraduate","Asian","Yes","No","No","Single","$60,000 to $99,999","$200 or less","$60,000 to $99,999","20%-40%",22
2024,"Spring",24155283,3.014,121,"BA",11237,2003,"Female","Female","Heterosexual (as in ""straight"")","Full-time (12 credits or more)","Declared: Psychology",2.78,"3rd year undergraduate","Hispanic, Latino or Spanish Origin","Yes","No","No","Single",NA,"$200 or less","$60,000 to $99,999","20%-40%",23
2024,"Spring",24155343,3.984,122,"BS",11379,2004,"Male","Male","Heterosexual (as in ""straight"")","Full-time (12 credits or more)","Declared: Psychology",3.971,"3rd year undergraduate","Middle Eastern or North African","Yes","No","No","Single","$60,000 to $99,999","$201-$400","$60,000 to $99,999","20%-40%",22
2024,"Spring",24155392,2.39,43,"BA",11207,2004,"Male","Male","Heterosexual (as in ""straight"")","Full-time (12 credits or more)","Undeclared: Electrical Engineering",2.4,"2nd year undergraduate","Hispanic, Latino or Spanish Origin","Yes","Yes","No","Single","$60,000 to $99,999","$200 or less","$100,000 to $150,000","60%-80%",22
2024,"Spring",24159173,3.667,122,"BA",10032,2003,"Female","Female","Heterosexual (as in ""straight"")","Full-time (12 credits or more)","Declared: Psychology",3,"3rd year undergraduate","Hispanic, Latino or Spanish Origin","Yes","Yes","No","Single",NA,"$201-$400","$60,000 to $99,999","40%-60%",23
2024,"Spring",24159783,3.75,121,"BA",10032,2003,"Female","Female","Homosexual (as in ""lesbian"" or ""gay"")","Full-time (12 credits or more)","Declared: Psychology",3.734,"2nd year undergraduate","Hispanic, Latino or Spanish Origin","No","No","No","Single",NA,"$200 or less","$60,000 to $99,999","20%-40%",23
2024,"Spring",24159994,3.076,126,"BA/MA",11101,2003,"Female","Female","Heterosexual (as in ""straight"")","Full-time (12 credits or more)","Declared: Psychology",3,"3rd year undergraduate","Asian","Yes","No","No","Single",NA,"$200 or less","$60,000 to $99,999","20%-40%",23
2024,"Spring",24161789,3.741,127,"BA/MA",10463,2003,"Female","Female","Bisexual","Full-time (12 credits or more)","Declared: Psychology",3.8,"2nd year undergraduate","Hispanic, Latino or Spanish Origin","Yes","Yes","No","Single","$60,000 to $99,999","$200 or less","$150,001 to $299,999","60%-80%",23
2024,"Spring",24162846,2.8,121,"BS",10035,2003,"Female","Female","Heterosexual (as in ""straight"")","Full-time (12 credits or more)","Declared: Psychology",2.8,"3rd year undergraduate","Hispanic, Latino or Spanish Origin","No","No","No","Single",NA,"$200 or less","Less than 60,000","40%-60%",23
2024,"Spring",24163541,3.324,122,"BA",11233,2003,"Female","Female","Heterosexual (as in ""straight"")","Full-time (12 credits or more)","Declared: Theater",3.5,"3rd year undergraduate","Black or African American","No","No","No","Single",NA,"Currently Unemployed","Less than 60,000","60%-80%",23
2024,"Spring",24164226,3.684,121,"BA",10455,2003,"Female","Female","Heterosexual (as in ""straight"")","Full-time (12 credits or more)","Declared: Psychology",3.1,"3rd year undergraduate","Hispanic, Latino or Spanish Origin","No","Yes","No","Single","$60,000 to $99,999","$200 or less","Greater than $300,000","40%-60%",23
2024,"Spring",24164421,3.05,109,"BS",10472,2003,"Male","Male","Heterosexual (as in ""straight"")","Full-time (12 credits or more)","Declared: Psychology",2.3,"3rd year undergraduate","Asian","Yes","No","No","Single",NA,"$200 or less","Less than 60,000","60%-80%",23
2024,"Spring",24165838,2.132,61,"BS",10462,2004,"Male","Male","Heterosexual (as in ""straight"")","Full-time (12 credits or more)","Undeclared: Business",1.6,"2nd year undergraduate","Asian","Yes","No","No","Single",NA,"$200 or less","$60,000 to $99,999","0%-20%",22
2024,"Spring",24165920,2.772,99,"BA",11230,2001,"Female","Female","Heterosexual (as in ""straight"")","Full-time (12 credits or more)","Declared: Psychology",2.6,"2nd year undergraduate","Asian","Yes","No","No","Single",NA,"$200 or less","$100,000 to $150,000","20%-40%",25
2024,"Spring",24167922,3.327,122,"BA",10456,2003,"Male","Male","Heterosexual (as in ""straight"")","Full-time (12 credits or more)","Declared: Psychology",3.3,"3rd year undergraduate","Hispanic, Latino or Spanish Origin","No","No","No","Single","$60,000 to $99,999","$200 or less","$60,000 to $99,999","40%-60%",23
2024,"Spring",24169031,2.345,108,"BA",11373,2004,"Female","Female","Uncertain/Questioning","Full-time (12 credits or more)","Declared: Psychology",2.6,"2nd year undergraduate","Hispanic, Latino or Spanish Origin","Yes","No","No","Single",NA,"$200 or less","$60,000 to $99,999","20%-40%",22
2024,"Spring",24171577,3.908,130,"BA/MA",10033,2004,"Female","Female","Heterosexual (as in ""straight"")","Full-time (12 credits or more)","Declared: Psychology",3.88,"2nd year undergraduate","Hispanic, Latino or Spanish Origin","Yes","No","No","Single",NA,"$201-$400","$100,000 to $150,000","20%-40%",22
2024,"Spring",24172138,2.708,44,"BA",10031,2004,"Male","Male","Heterosexual (as in ""straight"")","Full-time (12 credits or more)","Declared: Management And Administration",3,"2nd year undergraduate","Hispanic, Latino or Spanish Origin","Yes","No","No","Single","$100,000 to $150,000","$201-$400","$100,000 to $150,000","60%-80%",22
2024,"Spring",24172651,3.806,130,"BA/MA",10473,2003,"Female","Female","Heterosexual (as in ""straight"")","Full-time (12 credits or more)","Declared: Psychology",3.75,"3rd year undergraduate","Hispanic, Latino or Spanish Origin","Yes","No","No","Single",NA,"$200 or less","$100,000 to $150,000","40%-60%",23
2024,"Spring",24172707,2.562,117,"BA",11580,2003,"Female","Female","Heterosexual (as in ""straight"")","Full-time (12 credits or more)","Declared: Childhood Education",2,"3rd year undergraduate","Hispanic, Latino or Spanish Origin","Yes","No","No","Single",NA,"$200 or less","Less than 60,000","60%-80%",23
2024,"Spring",24177677,3.809,130,"BA/MA",10467,2003,"Female","Female","Heterosexual (as in ""straight"")","Full-time (12 credits or more)","Declared: Psychology/ Casac Route",3.8,"3rd year undergraduate","Hispanic, Latino or Spanish Origin","Yes","No","No","Single",NA,"$200 or less","$60,000 to $99,999","40%-60%",23
2024,"Spring",24177950,2.256,106,"BA",10550,2002,"Female","Female","Heterosexual (as in ""straight"")","Full-time (12 credits or more)","Declared: Art",2.8,"3rd year undergraduate","Hispanic, Latino or Spanish Origin","Yes","No","No","Single",NA,"Currently Unemployed","Less than 60,000","40%-60%",24
2024,"Spring",24180078,3.774,115,"BA/MA",11385,2003,"Female","Female","Heterosexual (as in ""straight"")","Full-time (12 credits or more)","Declared: Psychology",3.7,"3rd year undergraduate","Middle Eastern or North African","Yes","No","No","Single",NA,"Currently Unemployed","$60,000 to $99,999","20%-40%",23
2024,"Spring",24181888,3.271,100,"BA",10460,2002,"Female","Female","Heterosexual (as in ""straight"")","Full-time (12 credits or more)","Declared: Psychology",3.6,"2nd year undergraduate","Hispanic, Latino or Spanish Origin","No","No","No","Single",NA,"$200 or less","$60,000 to $99,999","40%-60%",24
2024,"Spring",24181965,2.798,96,"BA",10460,2002,"Female","Female","Heterosexual (as in ""straight"")","Full-time (12 credits or more)","Declared: Psychology",3,"2nd year undergraduate","Hispanic, Latino or Spanish Origin","No","No","No","Single",NA,"Currently Unemployed","Greater than $300,000","60%-80%",24
2024,"Spring",24184079,3.536,120,"BA",10462,2002,"Male","Male","Heterosexual (as in ""straight"")","Full-time (12 credits or more)","Declared: Psychology",3.5,"3rd year undergraduate","Hispanic, Latino or Spanish Origin","No","No","No","Single","$60,000 to $99,999","Currently Unemployed","$100,000 to $150,000","20%-40%",24
2024,"Spring",24184730,3.846,121,"BA",10040,2004,"Female","Female","Heterosexual (as in ""straight"")","Full-time (12 credits or more)","Declared: History And Jewish Studies",3.8,"3rd year undergraduate","White or Caucasian","No","No","No","Single","$100,000 to $150,000","$200 or less","$150,001 to $299,999","40%-60%",22
2024,"Spring",24185849,2.897,83,"BA",11553,2003,"Male","Male","Bisexual","Full-time (12 credits or more)","Declared: Economics",2.9,"3rd year undergraduate","Hispanic, Latino or Spanish Origin","Yes","No","No","Single","$100,000 to $150,000","$200 or less","$60,000 to $99,999","40%-60%",23
2024,"Spring",24187800,2.773,147,"BA",10039,2003,"Female","Female","Bisexual","Full-time (12 credits or more)","Declared: Earth Science",2.46,"3rd year undergraduate","Asian","Yes","No","No","Single","$100,000 to $150,000","$200 or less","$60,000 to $99,999","20%-40%",23
2024,"Spring",24190506,3.403,120,"BA",11720,2003,"Male","Male","Heterosexual (as in ""straight"")","Full-time (12 credits or more)","Declared: Psychology",3.2,"3rd year undergraduate","Hispanic, Latino or Spanish Origin","Yes","No","No","Single",NA,"$200 or less","$60,000 to $99,999","20%-40%",23
2024,"Spring",24190528,3.224,119,"BSED",11226,2003,"Female","Female","Heterosexual (as in ""straight"")","Full-time (12 credits or more)","Declared: Psychology",3.1,"3rd year undergraduate","Hispanic, Latino or Spanish Origin","Yes","No","No","Single",NA,"$401-$600","$60,000 to $99,999","40%-60%",23
2024,"Spring",24190789,2.715,134,"BS",10031,2003,"Female","Non-binary","Queer","Full-time (12 credits or more)","Declared: Biomedical Sciences",2.6,"3rd year undergraduate","Hispanic, Latino or Spanish Origin","Yes","No","No","Single","Greater than $300,000","Currently Unemployed","Greater than $300,000","60%-80%",23
2024,"Spring",24192963,2.241,121,"BA",11434,2003,"Male","Male","Bisexual","Full-time (12 credits or more)","Declared: Theater",3,"3rd year undergraduate","Black or African American","No","No","No","Single",NA,"$201-$400","Less than 60,000","20%-40%",23
2024,"Spring",24193446,2.907,105,"BSED",10458,2002,"Female","Female","Heterosexual (as in ""straight"")","Full-time (12 credits or more)","Declared: Childhood Education",3.08,"3rd year undergraduate","White or Caucasian","Yes","No","No","Single",NA,"$200 or less","Less than 60,000","40%-60%",24
2024,"Spring",24195835,2.583,120,"BA",11209,2003,"Female","Female","Bisexual","Full-time (12 credits or more)","Declared: Psychology",2.5,"3rd year undergraduate","Middle Eastern or North African","Yes","No","No","Single",NA,"Currently Unemployed","Less than 60,000","0%-20%",23
2024,"Spring",24195841,3.33,125,"BA",10473,2003,"Female","Female","Heterosexual (as in ""straight"")","Full-time (12 credits or more)","Declared: Psychology",3.78,"3rd year undergraduate","Some other race, ethnicity or origin","Yes","No","No","Single",NA,"$200 or less","Greater than $300,000","60%-80%",23
2024,"Spring",24197548,3.276,120,"BS",11208,2003,"Female","Female","Heterosexual (as in ""straight"")","Full-time (12 credits or more)","Declared: Psychology",3.063,"4th year undergraduate","Hispanic, Latino or Spanish Origin","Yes","No","No","Single",NA,"$200 or less","$100,000 to $150,000","40%-60%",23
2024,"Spring",24198814,3.572,131,"BS",10473,2003,"Female","Female","Heterosexual (as in ""straight"")","Full-time (12 credits or more)","Declared: Biology",3.6,"3rd year undergraduate","Hispanic, Latino or Spanish Origin","Yes","No","No","Single","$60,000 to $99,999","$200 or less","Less than 60,000","20%-40%",23
2024,"Spring",24199104,2.582,118,"BA",11385,2003,"Male","Male","Heterosexual (as in ""straight"")","Full-time (12 credits or more)","Declared: Psychology",2.01,"3rd year undergraduate","Hispanic, Latino or Spanish Origin","Yes","No","No","Dating/In A Relationship",NA,"$601-$800","$150,001 to $299,999","60%-80%",23
2024,"Spring",24203891,3.503,52,"BA",10040,2005,"Female","Female","Bisexual","Not a College student","Undeclared: Early College Iniative",3.8,"Non-degree seeking","White or Caucasian","Yes","No","No","Dating/In A Relationship",NA,"$200 or less","$100,000 to $150,000","20%-40%",21
2024,"Spring",24204144,3.838,121,"BA",11372,2003,"Female","Female","Heterosexual (as in ""straight"")","Full-time (12 credits or more)","Declared: Psychology",3.8,"3rd year undergraduate","Hispanic, Latino or Spanish Origin","Yes","No","No","Single",NA,"$200 or less","$60,000 to $99,999","20%-40%",23
2024,"Spring",24206442,2.847,116,"BA",11421,2003,"Female","Female","Heterosexual (as in ""straight"")","Full-time (12 credits or more)","Declared: Psychology",1.9,"3rd year undergraduate","Hispanic, Latino or Spanish Origin","Yes","No","No","Single",NA,"$200 or less","$60,000 to $99,999","80%-100%",23
2024,"Spring",24206447,3.346,126,"BA/MA",11233,2003,"Male","Male","Heterosexual (as in ""straight"")","Full-time (12 credits or more)","Undeclared: Applying For The Psychology Ba/Ma",3.8,"3rd year undergraduate","Multiracial","No","Yes","No","Single",NA,"$401-$600","$100,000 to $150,000","40%-60%",23
2024,"Spring",24206724,3.151,121,"BA",10451,2003,"Female","Female","Heterosexual (as in ""straight"")","Full-time (12 credits or more)","Declared: Psychology",2.713,"3rd year undergraduate","Hispanic, Latino or Spanish Origin","Yes","Yes","No","Single",NA,"$201-$400","$100,000 to $150,000","0%-20%",23
2024,"Spring",24211957,3.89,120,"BA",10452,2003,"Female","Female","Bisexual","Full-time (12 credits or more)","Declared: Psychology",3.8,"3rd year undergraduate","Hispanic, Latino or Spanish Origin","No","No","No","Single","$100,000 to $150,000","$200 or less","$60,000 to $99,999","20%-40%",23
2024,"Spring",24212435,3.75,120,"BA",11214,2001,"Female","Female","Bisexual","Full-time (12 credits or more)","Declared: Biology",3.8,"3rd year undergraduate","White or Caucasian","Yes","Yes","No","Single",NA,"$401-$600","$60,000 to $99,999","40%-60%",25
2024,"Spring",24214990,2.25,78,"BA",10475,2003,"Male","Male","Heterosexual (as in ""straight"")","Full-time (12 credits or more)","Declared: Political Science",2.4,"2nd year undergraduate","Black or African American","Yes","No","No","Single","$60,000 to $99,999","$201-$400","Greater than $300,000","20%-40%",23
2024,"Spring",24219923,3.485,135,"BA/MA",11105,2004,"Female","Female","Heterosexual (as in ""straight"")","Full-time (12 credits or more)","Declared: Psychology",3.2,"2nd year undergraduate","Asian","Yes","No","No","Single",NA,"$200 or less","$100,000 to $150,000","40%-60%",22
2024,"Spring",24220575,3.272,121,"BA",11373,2004,"Male","Male","Heterosexual (as in ""straight"")","Part-time (Fewer than 12 credits)","Declared: Economics",2,"2nd year undergraduate","Asian","Yes","No","No","Single","$60,000 to $99,999","$200 or less","$100,000 to $150,000","40%-60%",22
2024,"Spring",24221670,0.25,3,"BA",11435,2003,"Female","Female","Heterosexual (as in ""straight"")","Part-time (Fewer than 12 credits)","Undeclared: Psychology",0,"1st year undergraduate","Asian","Yes","No","No","Single",NA,"Currently Unemployed","$60,000 to $99,999","40%-60%",23
2024,"Spring",24222336,3.535,114,"BS",10031,2005,"Female","Female","Heterosexual (as in ""straight"")","Full-time (12 credits or more)","Declared: Psychology",3.5,"2nd year undergraduate","Black or African American","No","No","No","Single","$60,000 to $99,999","$200 or less","$100,000 to $150,000","60%-80%",21
2024,"Spring",24229148,3.574,102,"BA",10463,2004,"Female","Female","Heterosexual (as in ""straight"")","Full-time (12 credits or more)","Undeclared: Psychology",0,"2nd year undergraduate","Asian","Yes","Yes","No","Single",NA,"Currently Unemployed","$60,000 to $99,999","40%-60%",22
2024,"Spring",24236462,3.136,97,"BARCH",11001,2005,"Female","Female","Heterosexual (as in ""straight"")","Full-time (12 credits or more)","Declared: Architecture",3.5,"1st year undergraduate","Asian","Yes","No","No","Single","$60,000 to $99,999","$200 or less","$60,000 to $99,999","40%-60%",21
2024,"Spring",24243440,3.635,111,"BS",11355,2004,"Female","Female","Heterosexual (as in ""straight"")","Full-time (12 credits or more)","Declared: Psychology",3.7,"1st year undergraduate","White or Caucasian","Yes","Yes","No","Single",NA,"$200 or less","$100,000 to $150,000","60%-80%",22
2024,"Spring",24246043,3.488,51,"BA",11234,2005,"Female","Female","Heterosexual (as in ""straight"")","Full-time (12 credits or more)","Declared: English",4,"1st year undergraduate","White or Caucasian","Yes","No","No","Single","$100,000 to $150,000","$200 or less","$60,000 to $99,999","20%-40%",21
2024,"Spring",24247760,3.2,100,"BS",11224,2005,"Male","Male","Heterosexual (as in ""straight"")","Full-time (12 credits or more)","Undeclared: Biology",4,"1st year undergraduate","Some other race, ethnicity or origin","Yes","No","No","Single","Greater than $300,000","$401-$600","Greater than $300,000","60%-80%",21
2024,"Spring",24251712,3.369,51,"BS",11105,2005,"Female","Female","Heterosexual (as in ""straight"")","Full-time (12 credits or more)","Undeclared: Psychology",3.2,"1st year undergraduate","Middle Eastern or North African","Yes","No","No","Single",NA,"Currently Unemployed","Less than 60,000","60%-80%",21
2024,"Spring",24254148,3.068,126,"BA",10466,2003,"Female","Non-binary","Asexual","Full-time (12 credits or more)","Declared: Psychology",2.8,"2nd year undergraduate","Multiracial","No","No","No","Single",NA,"Currently Unemployed","$100,000 to $150,000","40%-60%",23
2024,"Spring",24264044,3.6,30,"BE",10472,2005,"Female","Female","Heterosexual (as in ""straight"")","Full-time (12 credits or more)","Undeclared: Computer Science",3.7,"1st year undergraduate","Asian","Yes","No","No","Single",NA,"Currently Unemployed","$100,000 to $150,000","60%-80%",21
2024,"Spring",24265336,4,143,"BA/MA",10035,1967,"Male","Male","Heterosexual (as in ""straight"")","Full-time (12 credits or more)","Declared: Psychology",4,"Graduate","Asian","Yes","No","Yes","Single",NA,"$201-$400","$60,000 to $99,999","40%-60%",59
2024,"Spring",24266217,2.633,68,"BA",10473,2005,"Female","Female","Heterosexual (as in ""straight"")","Full-time (12 credits or more)","Declared: Psychology",3.677,"1st year undergraduate","Black or African American","Yes","Yes","No","Single",NA,"Currently Unemployed","Less than 60,000","20%-40%",21
2024,"Spring",24266743,3.248,100,"BS",10033,1994,"Female","Non-binary","Bisexual","Full-time (12 credits or more)","Declared: Biology",3.5,"2nd year undergraduate","White or Caucasian","No","Yes","No","Single",NA,"$201-$400","$100,000 to $150,000","20%-40%",32
2024,"Spring",24266856,3.794,116,"BA",10462,2004,"Female","Female","Heterosexual (as in ""straight"")","Full-time (12 credits or more)","Declared: Psychology",3.86,"2nd year undergraduate","Hispanic, Latino or Spanish Origin","No","Yes","Yes","Single","$60,000 to $99,999","$200 or less","$100,000 to $150,000","40%-60%",22
2024,"Spring",24271217,3.783,120,"BA",10312,2003,"Female","Female","Heterosexual (as in ""straight"")","Full-time (12 credits or more)","Declared: Psychology",3.88,"2nd year undergraduate","Middle Eastern or North African","Yes","No","No","Single",NA,"$201-$400","$60,000 to $99,999","20%-40%",23
2024,"Spring",24271463,3.651,111,"BA/MA",10456,2004,"Male","Male","Heterosexual (as in ""straight"")","Full-time (12 credits or more)","Declared: Psychology",3.7,"2nd year undergraduate","Hispanic, Latino or Spanish Origin","Yes","No","No","Single",NA,"$201-$400","$100,000 to $150,000","20%-40%",22
2024,"Spring",24273264,3.867,128,"BA/MA",11209,2004,"Female","Female","Heterosexual (as in ""straight"")","Full-time (12 credits or more)","Declared: Casac Ba/Ma",3.92,"2nd year undergraduate","Black or African American","Yes","No","No","Domestic partnership",NA,"$200 or less","$60,000 to $99,999","40%-60%",22
2024,"Spring",24273715,2.847,125,"BS",11373,2004,"Female","Female","Heterosexual (as in ""straight"")","Full-time (12 credits or more)","Undeclared: Biology",3.2,"2nd year undergraduate","Asian","Yes","No","No","Single",NA,"$201-$400","Less than 60,000","40%-60%",22
2024,"Spring",24275502,3.961,120,"BS",11385,2005,"Male","Male","Heterosexual (as in ""straight"")","Full-time (12 credits or more)","Declared: Psychology",3.9,"1st year undergraduate","Middle Eastern or North African","Yes","No","Yes","Single",NA,"$200 or less","$100,000 to $150,000","80%-100%",21
2024,"Spring",24275553,3.526,120,"BA",10002,2004,"Female","Female","Heterosexual (as in ""straight"")","Full-time (12 credits or more)","Declared: Ad/Pr Or Communications",3,"2nd year undergraduate","Asian","Yes","No","No","Single",NA,"Currently Unemployed","Less than 60,000","40%-60%",22
2024,"Spring",24276405,3.562,121,"BA",11416,2004,"Female","Female","Heterosexual (as in ""straight"")","Full-time (12 credits or more)","Declared: Psychology",3.3,"2nd year undergraduate","Hispanic, Latino or Spanish Origin","Yes","No","No","Single",NA,"$201-$400","$100,000 to $150,000","40%-60%",22
2024,"Spring",24277251,2.286,78,"BA",10030,2001,"Male","Male","Heterosexual (as in ""straight"")","Full-time (12 credits or more)","Declared: Political Science",1.8,"3rd year undergraduate","Multiracial","Yes","No","No","Single",NA,"$200 or less","Greater than $300,000","40%-60%",25
2024,"Spring",24277702,3.118,87,"BSED",10031,2004,"Female","Female","Bisexual","Full-time (12 credits or more)","Undeclared: Child Education",2.9,"2nd year undergraduate","Hispanic, Latino or Spanish Origin","Yes","No","No","Single",NA,"$201-$400","Less than 60,000","40%-60%",22
2024,"Spring",24278937,3.811,98,"BA/MA",10453,2003,"Female","Female","Heterosexual (as in ""straight"")","Full-time (12 credits or more)","Declared: Psychology",3.7,"2nd year undergraduate","Hispanic, Latino or Spanish Origin","Yes","No","No","Single",NA,"$200 or less","$100,000 to $150,000","40%-60%",23
2024,"Spring",24279766,2.986,121,"BS",7017,2003,"Female","Female","Heterosexual (as in ""straight"")","Full-time (12 credits or more)","Declared: Psychology And Jewish Studies",2.3,"2nd year undergraduate","Multiracial","No","No","No","Single",NA,"$200 or less","$100,000 to $150,000","40%-60%",23
2024,"Spring",24281007,2.7,27,"BA",10463,2004,"Female","Non-binary","Bisexual","Part-time (Fewer than 12 credits)","Declared: Anthropology",1.43,"1st year undergraduate","Hispanic, Latino or Spanish Origin","Yes","No","No","Single","$60,000 to $99,999","$201-$400","Less than 60,000","40%-60%",22
2024,"Spring",24281158,3.696,124,"BA",10454,2004,"Female","Female","Heterosexual (as in ""straight"")","Full-time (12 credits or more)","Declared: Psychology",3.4,"2nd year undergraduate","Hispanic, Latino or Spanish Origin","Yes","No","No","Dating/In A Relationship","$60,000 to $99,999","$201-$400","$100,000 to $150,000","40%-60%",22
2024,"Spring",24281314,3.028,50,"BE",11373,2003,"Male","Male","Heterosexual (as in ""straight"")","Part-time (Fewer than 12 credits)","Undeclared: Mechanical Engineer",3,"2nd year undergraduate","Asian","No","No","No","Single",NA,"$1001-$1200","$100,000 to $150,000","60%-80%",23
2024,"Spring",24282098,3.686,114,"BA",11237,2004,"Female","Female","Uncertain/Questioning","Full-time (12 credits or more)","Declared: Studio Art",3.8,"2nd year undergraduate","Hispanic, Latino or Spanish Origin","Yes","No","No","Single",NA,"$200 or less","Less than 60,000","20%-40%",22
2024,"Spring",24283581,2.871,119,"BA",10453,2000,"Female","Female","Heterosexual (as in ""straight"")","Full-time (12 credits or more)","Declared: Economic",2.3,"2nd year undergraduate","Asian","Yes","No","No","Single",NA,"$200 or less","Less than 60,000","40%-60%",26
2024,"Spring",24285071,3.116,117,"BA",10454,2004,"Male","Male","Heterosexual (as in ""straight"")","Full-time (12 credits or more)","Declared: Economics",3.3,"2nd year undergraduate","Hispanic, Latino or Spanish Origin","Yes","No","No","Single",NA,"$200 or less","$100,000 to $150,000","20%-40%",22
2024,"Spring",24285294,3.141,60,"BA",10456,2004,"Female","Female","Heterosexual (as in ""straight"")","Full-time (12 credits or more)","Undeclared: Health Science/Psychology",3.1,"2nd year undergraduate","Black or African American","Yes","No","No","Single",NA,"$201-$400","$100,000 to $150,000","40%-60%",22
2024,"Spring",24286544,3.652,118,"BA",11221,2004,"Female","Female","Uncertain/Questioning","Full-time (12 credits or more)","Declared: Pyschology",3.4,"2nd year undergraduate","Black or African American","No","No","No","Single",NA,"$200 or less","Less than 60,000","40%-60%",22
2024,"Spring",24286973,2.908,82,"BA",10027,2004,"Female","Female","Uncertain/Questioning","Full-time (12 credits or more)","Declared: Psychology",2.8,"2nd year undergraduate","White or Caucasian","No","No","No","Single","$150,001 to $299,999","Currently Unemployed","$60,000 to $99,999","40%-60%",22
2024,"Spring",24288804,1.67,24,"BA",10033,2004,"Male","Male","Heterosexual (as in ""straight"")","Full-time (12 credits or more)","Declared: Psychology",4,"2nd year undergraduate","Multiracial","Yes","No","No","Married",NA,"$200 or less","Greater than $300,000","0%-20%",22
2024,"Spring",24291559,3.349,120,"BA",10021,2004,"Male","Male","Heterosexual (as in ""straight"")","Full-time (12 credits or more)","Undeclared: Computer Science",3.2,"2nd year undergraduate","Hispanic, Latino or Spanish Origin","Yes","No","No","Single","$60,000 to $99,999","$200 or less","$100,000 to $150,000","40%-60%",22
2024,"Spring",24292149,2.971,107,"BA",10039,2004,"Female","Female","Heterosexual (as in ""straight"")","Full-time (12 credits or more)","Declared: Psychology",3.1,"2nd year undergraduate","Black or African American","No","No","No","Single","$60,000 to $99,999","$200 or less","$60,000 to $99,999","20%-40%",22
2024,"Spring",24292381,2.039,92,"BA",11218,2005,"Female","Female","Heterosexual (as in ""straight"")","Part-time (Fewer than 12 credits)","Declared: Economics",2.475,"2nd year undergraduate","Asian","Yes","No","No","Single",NA,"$201-$400","$60,000 to $99,999","0%-20%",21
2024,"Spring",24295335,2.519,86,"BA",10460,2003,"Female","Female","Heterosexual (as in ""straight"")","Full-time (12 credits or more)","Declared: Psychology",2.83,"1st year undergraduate","Hispanic, Latino or Spanish Origin","Yes","No","No","Dating/In A Relationship",NA,"$201-$400","Less than 60,000","80%-100%",23
2024,"Spring",24295783,3.068,62,"BE",11434,2004,"Male","Male","Heterosexual (as in ""straight"")","Full-time (12 credits or more)","Undeclared: Computer Science",2.565,"2nd year undergraduate","Black or African American","Yes","No","No","Single","$60,000 to $99,999","$200 or less","$100,000 to $150,000","40%-60%",22
2024,"Spring",24298202,3.324,97,"BA",10029,2004,"Male","Male","Heterosexual (as in ""straight"")","Full-time (12 credits or more)","Undeclared: Architecture",3.1,"2nd year undergraduate","Hispanic, Latino or Spanish Origin","Yes","Yes","No","Single","$60,000 to $99,999","$201-$400","$60,000 to $99,999","20%-40%",22
2024,"Spring",24298822,3.455,148,"BS",11208,2004,"Male","Male","Heterosexual (as in ""straight"")","Full-time (12 credits or more)","Undeclared: Computer Science",3.4,"2nd year undergraduate","Asian","Yes","No","No","Single","$60,000 to $99,999","$200 or less","$60,000 to $99,999","40%-60%",22
2024,"Spring",24298919,3.748,124,"BA",10456,2004,"Others/Unknown","Non-binary","Queer","Full-time (12 credits or more)","Declared: Philosophy & Sociology",3.9,"2nd year undergraduate","Black or African American","Yes","No","No","Single",NA,"$401-$600","Less than 60,000","20%-40%",22
2024,"Spring",24299450,2.965,104,"BA",10029,2004,"Male","Male","Heterosexual (as in ""straight"")","Full-time (12 credits or more)","Undeclared: Communications",3.2,"2nd year undergraduate","Hispanic, Latino or Spanish Origin","No","No","No","Single",NA,"Currently Unemployed","$60,000 to $99,999","20%-40%",22
2024,"Spring",24300077,3.788,124,"BA",11375,2004,"Male","Male","Heterosexual (as in ""straight"")","Full-time (12 credits or more)","Declared: Business Administration",3.76,"2nd year undergraduate","White or Caucasian","Yes","No","No","Single","$100,000 to $150,000","$401-$600","$100,000 to $150,000","0%-20%",22
2024,"Spring",24300915,3.278,73,"BA",11358,2005,"Male","Male","Asexual","Full-time (12 credits or more)","Undeclared: Engineering",3.94,"1st year undergraduate","Hispanic, Latino or Spanish Origin","Yes","Yes","No","Single","$150,001 to $299,999","$201-$400","$100,000 to $150,000","20%-40%",21
2024,"Spring",24301517,3.702,98,"BA/MA",11208,2001,"Female","Female","Heterosexual (as in ""straight"")","Full-time (12 credits or more)","Declared: Psychology",3.602,"2nd year undergraduate","Asian","Yes","No","No","Single",NA,"$201-$400","$60,000 to $99,999","0%-20%",25
2024,"Spring",24302939,3.06,15,"BA",10451,2004,"Female","Female","Heterosexual (as in ""straight"")","Part-time (Fewer than 12 credits)","Undeclared: Math",0,"1st year undergraduate","Black or African American","No","No","No","Single",NA,"$200 or less","Less than 60,000","60%-80%",22
2024,"Spring",24303494,3.487,71,"BFA",10025,2004,"Male","Male","Heterosexual (as in ""straight"")","Full-time (12 credits or more)","Declared: Film",3.4,"2nd year undergraduate","Black or African American","No","No","No","Dating/In A Relationship",NA,"$401-$600","Less than 60,000","20%-40%",22
2024,"Spring",24305488,2.433,79,"BA",10034,2003,"Male","Male","Homosexual (as in ""lesbian"" or ""gay"")","Full-time (12 credits or more)","Declared: Psychology Major",1.88,"2nd year undergraduate","Hispanic, Latino or Spanish Origin","Yes","No","No","Single",NA,"$200 or less","$100,000 to $150,000","60%-80%",23
2024,"Spring",24306891,2.623,48,"BA",11216,2004,"Female","Female","Bisexual","Full-time (12 credits or more)","Declared: English",1.9,"1st year undergraduate","Black or African American","No","No","No","Single",NA,"$201-$400","$100,000 to $150,000","40%-60%",22
2024,"Spring",24307886,3.925,24,"BE",10002,2005,"Male","Male","Heterosexual (as in ""straight"")","Full-time (12 credits or more)","Undeclared: Computer Engineering",0,"1st year undergraduate","Asian","No","Yes","No","Single",NA,"$200 or less","$100,000 to $150,000","40%-60%",21
2024,"Spring",24308217,3.903,143,"BS",10031,2003,"Male","Male","Heterosexual (as in ""straight"")","Full-time (12 credits or more)","Declared: Cuny Ba- Social Epidemiology And Neuroscience",3.86,"2nd year undergraduate","White or Caucasian","Yes","No","No","Domestic partnership","$100,000 to $150,000","$801-$1000","$150,001 to $299,999","0%-20%",23
2024,"Spring",24311671,1,6,"BS",10468,2004,"Female","Female","Heterosexual (as in ""straight"")","Part-time (Fewer than 12 credits)","Declared: Psychology",0,"1st year undergraduate","Hispanic, Latino or Spanish Origin","Yes","No","No","Single",NA,"$201-$400","Less than 60,000","60%-80%",22
2024,"Spring",24312944,3.47,90,"BA",10452,2004,"Male","Male","Heterosexual (as in ""straight"")","Full-time (12 credits or more)","Declared: Film & Jewish Studies",3.5,"2nd year undergraduate","Hispanic, Latino or Spanish Origin","Yes","No","No","Single",NA,"Currently Unemployed","$100,000 to $150,000","20%-40%",22
2024,"Spring",24315296,3.915,116,"BA/MA",11365,2004,"Female","Transgender","Uncertain/Questioning","Part-time (Fewer than 12 credits)","Declared: Psychology",3.8,"2nd year undergraduate","Asian","Yes","No","No","Single","$150,001 to $299,999","Currently Unemployed","$150,001 to $299,999","40%-60%",22
2024,"Spring",24316215,3.176,111,"BA",10469,2004,"Male","Male","Heterosexual (as in ""straight"")","Full-time (12 credits or more)","Declared: Psychology",2.9,"2nd year undergraduate","Hispanic, Latino or Spanish Origin","Yes","No","No","Single","$60,000 to $99,999","$201-$400","$100,000 to $150,000","40%-60%",22
2024,"Spring",24316982,2.25,9,"BA",10002,2004,"Male","Male","Bisexual","Part-time (Fewer than 12 credits)","Declared: Psychology",0,"2nd year undergraduate","Middle Eastern or North African","Yes","No","No","Domestic partnership","$60,000 to $99,999","$200 or less","Greater than $300,000","60%-80%",22
2024,"Spring",24317597,3.566,104,"BA",10456,2005,"Female","Female","Heterosexual (as in ""straight"")","Full-time (12 credits or more)","Declared: Psychology",3.33,"1st year undergraduate","Hispanic, Latino or Spanish Origin","Yes","No","No","Single",NA,"$200 or less","Less than 60,000","20%-40%",21
2024,"Spring",24323049,2.069,42,"BA",11385,2004,"Male","Male","Heterosexual (as in ""straight"")","Full-time (12 credits or more)","Undeclared: Business And Administration",3,"1st year undergraduate","Middle Eastern or North African","Yes","No","No","Single",NA,"$201-$400","$100,000 to $150,000","20%-40%",22
2024,"Spring",24324608,2.235,64,"BE",11423,2004,"Male","Male","Heterosexual (as in ""straight"")","Full-time (12 credits or more)","Undeclared: Psychology",2,"2nd year undergraduate","Some other race, ethnicity or origin","No","Yes","No","Single",NA,"Currently Unemployed","$60,000 to $99,999","40%-60%",22
2024,"Spring",24327300,2.611,63,"BA",11420,2004,"Male","Male","Bisexual","Part-time (Fewer than 12 credits)","Declared: Psychology",1.8,"2nd year undergraduate","Hispanic, Latino or Spanish Origin","No","No","No","Single",NA,"$200 or less","Less than 60,000","40%-60%",22
2024,"Spring",24328550,3.765,108,"BS",11433,2004,"Female","Female","Heterosexual (as in ""straight"")","Full-time (12 credits or more)","Declared: Psychology",3.6,"2nd year undergraduate","Asian","Yes","No","No","Single",NA,"$200 or less","Less than 60,000","40%-60%",22
2024,"Spring",24329530,2.597,94,"BA",11219,2004,"Female","Female","Bisexual","Full-time (12 credits or more)","Declared: Business Administration",2.8,"2nd year undergraduate","Hispanic, Latino or Spanish Origin","Yes","No","No","Single",NA,"$200 or less","$60,000 to $99,999","40%-60%",22
2024,"Spring",24330289,4,137,"BS",11236,2002,"Female","Female","Heterosexual (as in ""straight"")","Full-time (12 credits or more)","Declared: Biology",4,"2nd year undergraduate","Black or African American","No","No","Yes","Domestic partnership",NA,"$200 or less","$100,000 to $150,000","20%-40%",24
2024,"Spring",24331243,3.509,96,"BBA",11208,2004,"Male","Male","Heterosexual (as in ""straight"")","Full-time (12 credits or more)","Undeclared: Computer Science",3.8,"1st year undergraduate","Asian","No","No","Yes","Single",NA,"$201-$400","$100,000 to $150,000","40%-60%",22
2024,"Spring",24339096,1.77,21,"BA",11379,2004,"Female","Female","Heterosexual (as in ""straight"")","Part-time (Fewer than 12 credits)","Declared: Economic",2.2,"2nd year undergraduate","Hispanic, Latino or Spanish Origin","Yes","No","No","Single",NA,"$401-$600","$60,000 to $99,999","20%-40%",22
2024,"Spring",24346245,3.363,122,"BA",10705,2003,"Female","Female","Heterosexual (as in ""straight"")","Full-time (12 credits or more)","Declared: Psychology",3.3,"2nd year undergraduate","Hispanic, Latino or Spanish Origin","Yes","No","No","Single",NA,"$201-$400","$60,000 to $99,999","20%-40%",23
2024,"Spring",24346643,3.308,81,"BE",11377,2005,"Male","Male","Heterosexual (as in ""straight"")","Full-time (12 credits or more)","Undeclared: Civil Engineering",3.4,"1st year undergraduate","Hispanic, Latino or Spanish Origin","Yes","No","No","Domestic partnership","$60,000 to $99,999","$200 or less","$60,000 to $99,999","0%-20%",21
2024,"Spring",24349007,2.33,86,"BA",10462,2003,"Female","Female","Heterosexual (as in ""straight"")","Part-time (Fewer than 12 credits)","Declared: Psychology",1.9,"2nd year undergraduate","Hispanic, Latino or Spanish Origin","No","No","No","Single","$100,000 to $150,000","$201-$400","Less than 60,000","40%-60%",23
2024,"Spring",24354092,3.381,84,"BA",11706,2003,"Female","Female","Heterosexual (as in ""straight"")","Part-time (Fewer than 12 credits)","Undeclared: Psychology",3.2,"2nd year undergraduate","Asian","No","Yes","No","Single","$60,000 to $99,999","$200 or less","$60,000 to $99,999","0%-20%",23
2024,"Spring",24355014,3.764,118,"BA",10128,2005,"Male","Male","Heterosexual (as in ""straight"")","Full-time (12 credits or more)","Declared: Advertising And Pr",3.95,"1st year undergraduate","Multiracial","Yes","No","No","Single","$60,000 to $99,999","$200 or less","$60,000 to $99,999","80%-100%",21
2024,"Spring",24366640,3.319,71,"BA",10453,2005,"Female","Female","Heterosexual (as in ""straight"")","Part-time (Fewer than 12 credits)","Declared: Psychology",3.2,"1st year undergraduate","Hispanic, Latino or Spanish Origin","Yes","No","No","Single",NA,"$200 or less","Less than 60,000","60%-80%",21
2024,"Spring",24368493,2.866,94,"BS",10469,2005,"Male","Male","Heterosexual (as in ""straight"")","Full-time (12 credits or more)","Declared: Biology",2.6,"1st year undergraduate","Black or African American","No","No","Yes","Single","$100,000 to $150,000","$200 or less","$150,001 to $299,999","20%-40%",21
2024,"Spring",24368622,3.825,95,"BA/MA",11209,2001,"Female","Female","Heterosexual (as in ""straight"")","Full-time (12 credits or more)","Declared: Psychology",3.935,"2nd year undergraduate","Middle Eastern or North African","Yes","No","Yes","Single",NA,"$200 or less","$150,001 to $299,999","20%-40%",25
2024,"Spring",24370091,1.892,47,"BA",11355,2004,"Female","Female","Heterosexual (as in ""straight"")","Full-time (12 credits or more)","Undeclared: Not Sure",3.3,"1st year undergraduate","Asian","Yes","No","No","Single",NA,"$200 or less","Less than 60,000","20%-40%",22
2024,"Spring",24378063,3.593,80,"BA",11355,2003,"Female","Female","Heterosexual (as in ""straight"")","Full-time (12 credits or more)","Declared: Psychology",3.456,"2nd year undergraduate","Hispanic, Latino or Spanish Origin","Yes","No","No","Single","$60,000 to $99,999","$201-$400","$60,000 to $99,999","60%-80%",23
2024,"Spring",24385355,3.928,118,"BA",10128,2004,"Female","Female","Homosexual (as in ""lesbian"" or ""gay"")","Full-time (12 credits or more)","Undeclared: Psychology",4,"1st year undergraduate","White or Caucasian","Yes","No","Yes","Single",NA,"$201-$400","$100,000 to $150,000","60%-80%",22
2024,"Spring",24393206,2.972,81,"BA",11432,2004,"Male","Male","Uncertain/Questioning","Full-time (12 credits or more)","Undeclared: Engineering",3.2,"1st year undergraduate","Asian","Yes","No","No","Single","$60,000 to $99,999","Currently Unemployed","$100,000 to $150,000","60%-80%",22
2024,"Spring",24397982,2.54,51,"BA",10465,2005,"Male","Male","Heterosexual (as in ""straight"")","Full-time (12 credits or more)","Undeclared: Computer Science",3.3,"1st year undergraduate","Hispanic, Latino or Spanish Origin","Yes","No","No","Single","$100,000 to $150,000","$201-$400","$100,000 to $150,000","20%-40%",21
2024,"Spring",24399006,1.616,15,"BA",10457,2005,"Female","Female","Heterosexual (as in ""straight"")","Part-time (Fewer than 12 credits)","Undeclared: Nursing",2,"1st year undergraduate","Hispanic, Latino or Spanish Origin","Yes","No","No","Single",NA,"$200 or less","Greater than $300,000","40%-60%",21
2024,"Spring",24400980,3.37,38,"BA",10472,2005,"Female","Female","Heterosexual (as in ""straight"")","Full-time (12 credits or more)","Undeclared: Psychology",2.8,"1st year undergraduate","Multiracial","Yes","No","No","Single","$150,001 to $299,999","$200 or less","$150,001 to $299,999","60%-80%",21
2024,"Spring",24402127,3.047,68,"BS",11234,2005,"Female","Female","Heterosexual (as in ""straight"")","Full-time (12 credits or more)","Undeclared: Biotechnology",3.3,"1st year undergraduate","Asian","Yes","No","No","Single",NA,"Currently Unemployed","Less than 60,000","20%-40%",21
2024,"Spring",24402780,2.537,21,"BE",10455,2005,"Male","Male","Heterosexual (as in ""straight"")","Full-time (12 credits or more)","Undeclared: I Don't Know Yet",4,"1st year undergraduate","Native American or Alaska Native","Yes","No","No","Single",NA,"$200 or less","Less than 60,000","40%-60%",21
2024,"Spring",24403000,3.508,92,"BA",10701,2004,"Male","Male","Heterosexual (as in ""straight"")","Full-time (12 credits or more)","Undeclared: Psychology",3.9,"1st year undergraduate","Hispanic, Latino or Spanish Origin","Yes","Yes","No","Domestic partnership","$60,000 to $99,999","$200 or less","$60,000 to $99,999","40%-60%",22
2024,"Spring",24403632,1.754,39,"BS",10027,2005,"Female","Female","Heterosexual (as in ""straight"")","Full-time (12 credits or more)","Undeclared: Biology",3,"1st year undergraduate","Hispanic, Latino or Spanish Origin","Yes","Yes","No","Single",NA,"$201-$400","Less than 60,000","0%-20%",21
2024,"Spring",24405762,3.366,57,"BA",11235,2004,"Female","Female","Heterosexual (as in ""straight"")","Full-time (12 credits or more)","Undeclared: Biology",2.8,"1st year undergraduate","Middle Eastern or North African","Yes","No","No","Single",NA,"$201-$400","Greater than $300,000","40%-60%",22
2024,"Spring",24406217,3.025,68,"BA",10457,2005,"Female","Female","Heterosexual (as in ""straight"")","Full-time (12 credits or more)","Declared: Psychology",2.8,"1st year undergraduate","Hispanic, Latino or Spanish Origin","Yes","No","No","Single",NA,"$200 or less","Less than 60,000","20%-40%",21
2024,"Spring",24406279,2.71,96,"BA",10029,2005,"Male","Male","Heterosexual (as in ""straight"")","Full-time (12 credits or more)","Declared: Sociology",2.1,"1st year undergraduate","Middle Eastern or North African","Yes","No","No","Single",NA,"$200 or less","$100,000 to $150,000","20%-40%",21
2024,"Spring",24407159,3.628,74,"BA",10033,2005,"Female","Female","Heterosexual (as in ""straight"")","Full-time (12 credits or more)","Declared: Psychology",3.2,"1st year undergraduate","Hispanic, Latino or Spanish Origin","Yes","No","No","Single",NA,"$1001-$1200","$60,000 to $99,999","40%-60%",21
2024,"Spring",24408079,3.484,89,"BA/MA",10458,2005,"Female","Female","Heterosexual (as in ""straight"")","Full-time (12 credits or more)","Declared: Psychology",3.5,"1st year undergraduate","Hispanic, Latino or Spanish Origin","Yes","No","No","Single",NA,"Currently Unemployed","Less than 60,000","40%-60%",21
2024,"Spring",24413806,2.478,75,"BA",10035,2005,"Male","Non-binary","Uncertain/Questioning","Full-time (12 credits or more)","Declared: Psychology",2.8,"1st year undergraduate","Black or African American","No","Yes","No","Dating/In A Relationship",NA,"$200 or less","Greater than $300,000","40%-60%",21
2024,"Spring",24414230,3.675,12,"BA",10031,2005,"Male","Male","Heterosexual (as in ""straight"")","Full-time (12 credits or more)","Undeclared: Political Science",0,"1st year undergraduate","Hispanic, Latino or Spanish Origin","Yes","No","No","Single",NA,"$200 or less","$100,000 to $150,000","0%-20%",21
2024,"Spring",24415107,3.616,105,"BA/MA",10460,2005,"Female","Female","Heterosexual (as in ""straight"")","Full-time (12 credits or more)","Declared: Psychology",3.6,"1st year undergraduate","Hispanic, Latino or Spanish Origin","Yes","No","No","Single",NA,"$200 or less","$100,000 to $150,000","20%-40%",21
2024,"Spring",24416173,3.639,141,"BS",10466,2004,"Female","Female","Heterosexual (as in ""straight"")","Part-time (Fewer than 12 credits)","Undeclared: Bio",3.4,"1st year undergraduate","Black or African American","Yes","No","No","Single","$100,000 to $150,000","Currently Unemployed","$150,001 to $299,999","40%-60%",22
2024,"Spring",24419686,1.97,65,"BA",10009,2005,"Female","Female","Homosexual (as in ""lesbian"" or ""gay"")","Full-time (12 credits or more)","Declared: Psychology",3.48,"1st year undergraduate","Hispanic, Latino or Spanish Origin","No","No","No","Dating/In A Relationship",NA,"Currently Unemployed","Less than 60,000","0%-20%",21
2024,"Spring",24420074,1.846,33,"BA",10455,2004,"Male","Male","Heterosexual (as in ""straight"")","Full-time (12 credits or more)","Undeclared: N/A",2,"1st year undergraduate","Hispanic, Latino or Spanish Origin","Yes","No","No","Single",NA,"Currently Unemployed","$60,000 to $99,999","20%-40%",22
2024,"Spring",24421928,2.729,72,"BSED",10128,2005,"Female","Female","Heterosexual (as in ""straight"")","Full-time (12 credits or more)","Declared: Childhood Education",2.9,"1st year undergraduate","Middle Eastern or North African","Yes","No","No","Single",NA,"Currently Unemployed","Less than 60,000","40%-60%",21
2024,"Spring",24423705,2.815,82,"BA",10031,2005,"Female","Female","Heterosexual (as in ""straight"")","Full-time (12 credits or more)","Declared: Psychology",1.7,"1st year undergraduate","Hispanic, Latino or Spanish Origin","Yes","No","No","Single",NA,"Currently Unemployed","Less than 60,000","0%-20%",21
2024,"Spring",24426307,3.107,87,"BS",10032,2005,"Female","Female","Heterosexual (as in ""straight"")","Full-time (12 credits or more)","Declared: Biology",3.8,"1st year undergraduate","Black or African American","Yes","No","No","Single","$60,000 to $99,999","$401-$600","$100,000 to $150,000","80%-100%",21
2024,"Spring",24426363,2.71,83,"BA",10033,2004,"Male","Male","Heterosexual (as in ""straight"")","Full-time (12 credits or more)","Declared: Flim",2.4,"1st year undergraduate","Hispanic, Latino or Spanish Origin","Yes","No","No","Single","$60,000 to $99,999","$200 or less","$60,000 to $99,999","40%-60%",22
2024,"Spring",24427836,3.902,74,"BA",11204,2003,"Female","Female","Heterosexual (as in ""straight"")","Full-time (12 credits or more)","Declared: Psychology",2.8,"1st year undergraduate","Asian","Yes","Yes","No","Single",NA,"$201-$400","Less than 60,000","40%-60%",23
2024,"Spring",24431043,3.166,18,"BA",10456,2003,"Male","Male","Heterosexual (as in ""straight"")","Full-time (12 credits or more)","Undeclared: Psychology",3,"1st year undergraduate","Hispanic, Latino or Spanish Origin","Yes","No","No","Domestic partnership","$60,000 to $99,999","$200 or less","$60,000 to $99,999","40%-60%",23
2024,"Spring",24431649,3.324,84,"BS",10468,2005,"Male","Male","Heterosexual (as in ""straight"")","Full-time (12 credits or more)","Declared: Mathematics",3.3,"1st year undergraduate","Asian","Yes","No","Yes","Single","$100,000 to $150,000","$200 or less","$60,000 to $99,999","60%-80%",21
2024,"Spring",24433008,3.089,77,"BS",10472,2005,"Female","Female","Heterosexual (as in ""straight"")","Full-time (12 credits or more)","Declared: Psychology",3.7,"1st year undergraduate","Asian","Yes","No","No","Single",NA,"$200 or less","$60,000 to $99,999","20%-40%",21
2024,"Spring",24434830,3.2,54,"BA",10465,2004,"Male","Male","Heterosexual (as in ""straight"")","Full-time (12 credits or more)","Undeclared: Aviation",3.566,"1st year undergraduate","Middle Eastern or North African","Yes","No","No","Single",NA,"Currently Unemployed","Less than 60,000","0%-20%",22
2024,"Spring",24434919,2.721,51,"BBA",10458,2005,"Male","Male","Heterosexual (as in ""straight"")","Full-time (12 credits or more)","Declared: Biochemistry",3.2,"1st year undergraduate","Black or African American","Yes","No","No","Single","$60,000 to $99,999","$200 or less","$60,000 to $99,999","20%-40%",21
2024,"Spring",24435256,3.304,69,"BS",10029,2005,"Female","Female","Heterosexual (as in ""straight"")","Full-time (12 credits or more)","Undeclared: Biology",3.6,"1st year undergraduate","Hispanic, Latino or Spanish Origin","Yes","Yes","No","Single",NA,"$200 or less","$60,000 to $99,999","0%-20%",21
2024,"Spring",24435809,2.511,27,"BA",10473,2005,"Female","Female","Heterosexual (as in ""straight"")","Full-time (12 credits or more)","Undeclared: Not Sure",2,"1st year undergraduate","Hispanic, Latino or Spanish Origin","Yes","No","Yes","Single",NA,"Currently Unemployed","Less than 60,000","20%-40%",21
2024,"Spring",24439553,2.781,86,"BS",11210,2005,"Female","Female","Heterosexual (as in ""straight"")","Full-time (12 credits or more)","Undeclared: Biology",3.35,"1st year undergraduate","Asian","Yes","No","No","Single",NA,"$200 or less","$60,000 to $99,999","40%-60%",21
2024,"Spring",24439597,3.62,63,"BSED",10454,2005,"Female","Female","Bisexual","Full-time (12 credits or more)","Declared: Childhood Education",3.9,"1st year undergraduate","Hispanic, Latino or Spanish Origin","Yes","Yes","No","Single","$60,000 to $99,999","$200 or less","$60,000 to $99,999","20%-40%",21
2024,"Spring",24440214,3.717,98,"BS",11226,2005,"Female","Female","Heterosexual (as in ""straight"")","Full-time (12 credits or more)","Undeclared: Pre-Health",4,"1st year undergraduate","Black or African American","Yes","No","No","Single",NA,"$200 or less","$100,000 to $150,000","20%-40%",21
2024,"Spring",24441996,3.517,134,"BS",11003,2005,"Male","Male","Heterosexual (as in ""straight"")","Full-time (12 credits or more)","Declared: Biomedical Science",3.3,"1st year undergraduate","Black or African American","No","No","No","Single","$100,000 to $150,000","$601-$800","$150,001 to $299,999","60%-80%",21
2024,"Spring",24446696,3.909,63,"BS",11209,2005,"Male","Male","Heterosexual (as in ""straight"")","Full-time (12 credits or more)","Undeclared: Biochemsitry",4,"1st year undergraduate","White or Caucasian","No","No","No","Single","$60,000 to $99,999","$200 or less","$150,001 to $299,999","20%-40%",21
2024,"Spring",24447983,2.67,51,"BA",11373,2005,"Female","Female","Heterosexual (as in ""straight"")","Full-time (12 credits or more)","Undeclared: Liberal Arts",3,"1st year undergraduate","Asian","Yes","No","No","Single",NA,"$200 or less","$100,000 to $150,000","20%-40%",21
2024,"Spring",24448828,2.246,52,"BS",10550,2005,"Male","Male","Heterosexual (as in ""straight"")","Full-time (12 credits or more)","Undeclared: Biochemistry",4,"1st year undergraduate","Black or African American","No","No","No","Single",NA,"$200 or less","$150,001 to $299,999","60%-80%",21
2024,"Spring",24449366,3.764,42,"BS",11230,2005,"Female","Female","Heterosexual (as in ""straight"")","Full-time (12 credits or more)","Declared: Psychology",3.75,"1st year undergraduate","Some other race, ethnicity or origin","Yes","No","No","Single",NA,"Currently Unemployed","$150,001 to $299,999","20%-40%",21
2024,"Spring",24450488,3.185,95,"BA",11432,2005,"Female","Female","Heterosexual (as in ""straight"")","Full-time (12 credits or more)","Undeclared: Biology",2.75,"1st year undergraduate","Hispanic, Latino or Spanish Origin","Yes","No","No","Single",NA,"$200 or less","$100,000 to $150,000","60%-80%",21
2024,"Spring",24451466,3.877,103,"BM",10027,2005,"Male","Male","Heterosexual (as in ""straight"")","Full-time (12 credits or more)","Declared: Sonic Arts",3.8,"1st year undergraduate","White or Caucasian","No","Yes","No","Single","$60,000 to $99,999","$200 or less","Less than 60,000","20%-40%",21
2024,"Spring",24451799,3.31,30,"BE",11417,2005,"Male","Male","Heterosexual (as in ""straight"")","Full-time (12 credits or more)","Undeclared: Nothing Yet",2.85,"1st year undergraduate","Hispanic, Latino or Spanish Origin","Yes","No","No","Single",NA,"Currently Unemployed","$60,000 to $99,999","0%-20%",21
2024,"Spring",24452008,2.825,36,"BA",10460,2006,"Female","Female","Heterosexual (as in ""straight"")","Full-time (12 credits or more)","Undeclared: Biology",0,"1st year undergraduate","Hispanic, Latino or Spanish Origin","Yes","No","No","Single",NA,"Currently Unemployed","Greater than $300,000","40%-60%",20
2024,"Spring",24453023,3.49,50,"BA",11369,2005,"Male","Male","Asexual","Full-time (12 credits or more)","Undeclared: Engineering",3.5,"1st year undergraduate","Hispanic, Latino or Spanish Origin","Yes","No","No","Single",NA,"$200 or less","$100,000 to $150,000","0%-20%",21
2024,"Spring",24453927,2.884,65,"BA",10472,2005,"Male","Male","Heterosexual (as in ""straight"")","Full-time (12 credits or more)","Undeclared: Computer Science Or Engineering",2.466,"1st year undergraduate","Asian","Yes","No","No","Single","$60,000 to $99,999","Currently Unemployed","Less than 60,000","0%-20%",21
2024,"Spring",24457443,2.87,51,"BA",11209,2005,"Female","Female","Bisexual","Full-time (12 credits or more)","Declared: Psychology",3.4,"1st year undergraduate","Black or African American","No","No","No","Single",NA,"$201-$400","$60,000 to $99,999","40%-60%",21
2024,"Spring",24458868,3.126,92,"BA",10033,2005,"Male","Male","Heterosexual (as in ""straight"")","Full-time (12 credits or more)","Declared: Economics",2.5,"1st year undergraduate","Hispanic, Latino or Spanish Origin","Yes","No","No","Single","$100,000 to $150,000","$401-$600","$100,000 to $150,000","20%-40%",21
2024,"Spring",24459989,3.796,62,"BA",10601,2005,"Male","Male","Bisexual","Full-time (12 credits or more)","Declared: Business Management And Administration",3.838,"1st year undergraduate","Hispanic, Latino or Spanish Origin","Yes","Yes","No","Single",NA,"$200 or less","Less than 60,000","0%-20%",21
2024,"Spring",24462447,3.59,78,"BARCH",11229,2006,"Female","Female","Bisexual","Full-time (12 credits or more)","Declared: Architecture",3.75,"1st year undergraduate","Asian","Yes","No","No","Single",NA,"Currently Unemployed","$100,000 to $150,000","60%-80%",20
2024,"Spring",24483752,3.552,87,"BA",10009,2000,"Female","Female","Heterosexual (as in ""straight"")","Full-time (12 credits or more)","Declared: Psychology",3.2,"1st year undergraduate","Hispanic, Latino or Spanish Origin","Yes","No","No","Single",NA,"$200 or less","Greater than $300,000","20%-40%",26
2024,"Spring",24485127,3.803,124,"BA",10033,2002,"Male","Male","Heterosexual (as in ""straight"")","Full-time (12 credits or more)","Declared: Psychology",3.66,"3rd year undergraduate","White or Caucasian","No","Yes","No","Single","Greater than $300,000","$200 or less","$100,000 to $150,000","60%-80%",24
2024,"Spring",24485361,2.09,43,"BA",10044,2004,"Others/Unknown","Non-binary","Pansexual","Full-time (12 credits or more)","Declared: Psychology",4,"1st year undergraduate","Black or African American","Yes","Yes","Yes","Single","Greater than $300,000","$2000 or more","Greater than $300,000","0%-20%",22
2024,"Spring",24492127,3.669,45,"BA",10027,2005,"Male","Male","Homosexual (as in ""lesbian"" or ""gay"")","Full-time (12 credits or more)","Declared: Theatre",3.7,"1st year undergraduate","Multiracial","No","No","No","Single","$100,000 to $150,000","$201-$400","$100,000 to $150,000","40%-60%",21
2024,"Spring",24503132,3.351,37,"MA",10940,2002,"Female","Female","Heterosexual (as in ""straight"")","Full-time (12 credits or more)","Declared: General Psychology",3.5,"Graduate","Hispanic, Latino or Spanish Origin","Yes","Yes","No","Single",NA,"$401-$600","$60,000 to $99,999","20%-40%",24
2024,"Spring",24509397,2.882,43,"BS",7601,2004,"Female","Female","Heterosexual (as in ""straight"")","Full-time (12 credits or more)","Declared: Computer Science",0,"1st year undergraduate","Asian","Yes","No","Yes","Single","$60,000 to $99,999","Currently Unemployed","$100,000 to $150,000","60%-80%",22
2024,"Spring",24509531,3.98,88,"BS",10031,1999,"Female","Female","Heterosexual (as in ""straight"")","Full-time (12 credits or more)","Declared: Physics",0,"1st year undergraduate","Asian","Yes","No","Yes","Single",NA,"Currently Unemployed","$60,000 to $99,999","20%-40%",27
2024,"Spring",24514062,3.05,18,"BA",10459,2005,"Female","Female","Heterosexual (as in ""straight"")","Full-time (12 credits or more)","Declared: Art",3.6,"1st year undergraduate","Hispanic, Latino or Spanish Origin","Yes","No","No","Single","$60,000 to $99,999","$200 or less","$150,001 to $299,999","60%-80%",21
2024,"Spring",24571979,3.365,39,"BA",10036,2000,"Male","Male","Heterosexual (as in ""straight"")","Part-time (Fewer than 12 credits)","Undeclared: Premed",2.9,"Non-degree seeking","Middle Eastern or North African","Yes","Yes","No","Single","Greater than $300,000","$201-$400","$150,001 to $299,999","0%-20%",26
2024,"Spring",24573905,3.95,36,"BA",10011,2001,"Female","Female","Heterosexual (as in ""straight"")","Full-time (12 credits or more)","Declared: English Literature",4,"1st year undergraduate","White or Caucasian","No","No","No","Single","$150,001 to $299,999","$200 or less","$60,000 to $99,999","40%-60%",25
2024,"Summer",23466128,3.333,99,"BS",10464,1997,"Male","Male","Bisexual","Part-time (Fewer than 12 credits)","Undeclared: Psychology",3.675,"2nd year undergraduate","White or Caucasian","Yes","Yes","No","Single","$100,000 to $150,000","$601-$800","$150,001 to $299,999","40%-60%",29
2024,"Summer",23492929,3.7,93,"BS",10460,1999,"Female","Female","Heterosexual (as in ""straight"")","Full-time (12 credits or more)","Declared: Psychology",3.5,"3rd year undergraduate","Hispanic, Latino or Spanish Origin","Yes","Yes","No","Domestic partnership",NA,"$200 or less","$100,000 to $150,000","60%-80%",27
2024,"Summer",23762347,3.155,121,"BA",10452,2000,"Female","Female","Heterosexual (as in ""straight"")","Part-time (Fewer than 12 credits)","Declared: Psychology",3.1,"5th year undergraduate","Hispanic, Latino or Spanish Origin","No","No","No","Single","$60,000 to $99,999","$201-$400","$100,000 to $150,000","60%-80%",26
2024,"Summer",24029739,3.298,125,"BA",10455,2002,"Female","Female","Heterosexual (as in ""straight"")","Full-time (12 credits or more)","Declared: Psychology",3,"4th year undergraduate","Hispanic, Latino or Spanish Origin","Yes","No","No","Single","$60,000 to $99,999","Currently Unemployed","$60,000 to $99,999","60%-80%",24
2024,"Summer",24035127,3.274,121,"BS",18042,2002,"Female","Female","Heterosexual (as in ""straight"")","Full-time (12 credits or more)","Declared: Biology",3.1,"4th year undergraduate","Hispanic, Latino or Spanish Origin","Yes","No","No","Single","$60,000 to $99,999","Currently Unemployed","$100,000 to $150,000","60%-80%",24
2024,"Summer",24058221,3.981,120,"BS",10458,2000,"Female","Female","Heterosexual (as in ""straight"")","Full-time (12 credits or more)","Declared: Psycology",4,"2nd year undergraduate","Multiracial","Yes","Yes","No","Domestic partnership",NA,"$401-$600","$60,000 to $99,999","20%-40%",26
2024,"Summer",24172407,2.617,124,"BS",10453,2004,"Female","Female","Heterosexual (as in ""straight"")","Full-time (12 credits or more)","Declared: Psychology",2.8,"3rd year undergraduate","Hispanic, Latino or Spanish Origin","Yes","No","No","Single",NA,"$200 or less","$150,001 to $299,999","60%-80%",22
2024,"Summer",24174284,3.233,122,"BA",10459,2003,"Female","Female","Heterosexual (as in ""straight"")","Full-time (12 credits or more)","Declared: Psychology",3.4,"4th year undergraduate","Hispanic, Latino or Spanish Origin","Yes","No","No","Married","$100,000 to $150,000","$601-$800","$100,000 to $150,000","40%-60%",23
2024,"Summer",24186614,3.415,121,"BS",10462,2003,"Female","Female","Heterosexual (as in ""straight"")","Full-time (12 credits or more)","Declared: Psychology",3.2,"3rd year undergraduate","Middle Eastern or North African","Yes","No","No","Single",NA,"$200 or less","$100,000 to $150,000","20%-40%",23
2024,"Summer",24343964,3.877,122,"BA",10027,2001,"Female","Female","Heterosexual (as in ""straight"")","Full-time (12 credits or more)","Declared: Economics",3.925,"3rd year undergraduate","Hispanic, Latino or Spanish Origin","Yes","No","No","Single","$60,000 to $99,999","$401-$600","$100,000 to $150,000","20%-40%",25
2025,"Spring",23099789,2.468,161,"BS",10472,1994,"Male","Male","Heterosexual (as in ""straight"")","Full-time (12 credits or more)","Declared: Psychology",3,"6th year undergraduate","Asian","Yes","Yes","No","Single","Greater than $300,000","$2000 or more","Greater than $300,000","80%-100%",32
2025,"Spring",24056568,3.651,116,"BSED",11413,2004,"Female","Non-binary","Bisexual","Full-time (12 credits or more)","Declared: Childhood Education And Psychology",3.6,"3rd year undergraduate","Multiracial","No","No","No","Single","$60,000 to $99,999","$200 or less","$60,000 to $99,999","0%-20%",22
2025,"Spring",24219594,3.874,91,"BA",11356,2005,"Female","Female","Heterosexual (as in ""straight"")","Full-time (12 credits or more)","Declared: Psychology",3.8,"2nd year undergraduate","Hispanic, Latino or Spanish Origin","Yes","No","No","Single",NA,"$200 or less","$60,000 to $99,999","40%-60%",21
2025,"Spring",24228990,3.97,121,"BA",11214,2004,"Female","Female","Heterosexual (as in ""straight"")","Full-time (12 credits or more)","Declared: Psychology",3.9,"3rd year undergraduate","Middle Eastern or North African","Yes","Yes","No","Single",NA,"$201-$400","$60,000 to $99,999","40%-60%",22
2025,"Spring",24246720,2.42,92,"BA",11228,2005,"Female","Female","Heterosexual (as in ""straight"")","Full-time (12 credits or more)","Declared: Psychology",2.355,"2nd year undergraduate","Asian","Yes","No","No","Single","$60,000 to $99,999","$200 or less","Less than 60,000","40%-60%",21
2025,"Spring",24282246,3.388,122,"BA",10009,2004,"Male","Male","Heterosexual (as in ""straight"")","Full-time (12 credits or more)","Declared: Psychology",3.2,"3rd year undergraduate","Asian","Yes","No","Yes","Single",NA,"$200 or less","$60,000 to $99,999","40%-60%",22
2025,"Spring",24365291,3.636,98,"BA",10466,2005,"Female","Female","Heterosexual (as in ""straight"")","Full-time (12 credits or more)","Declared: Business",3.6,"2nd year undergraduate","Hispanic, Latino or Spanish Origin","No","No","No","Single",NA,"Currently Unemployed","$100,000 to $150,000","60%-80%",21
2025,"Spring",24369408,3.385,37,"BS",11207,2006,"Female","Female","Heterosexual (as in ""straight"")","Full-time (12 credits or more)","Declared: Psychology B.s",3.8,"1st year undergraduate","Hispanic, Latino or Spanish Origin","Yes","No","No","Single",NA,"$200 or less","$100,000 to $150,000","60%-80%",20
2025,"Spring",24393009,3.922,63,"BA",11385,2006,"Female","Female","Bisexual","Full-time (12 credits or more)","Declared: English",4,"1st year undergraduate","Asian","No","No","No","Single","$60,000 to $99,999","$200 or less","$60,000 to $99,999","20%-40%",20
2025,"Spring",24396446,3.7,91,"BA",10468,2005,"Female","Female","Heterosexual (as in ""straight"")","Full-time (12 credits or more)","Undeclared: Medicine",3.7,"2nd year undergraduate","Hispanic, Latino or Spanish Origin","Yes","No","No","Single",NA,"$200 or less","Greater than $300,000","60%-80%",21
2025,"Spring",24398579,3.337,46,"BA",10027,2006,"Female","Female","Heterosexual (as in ""straight"")","Full-time (12 credits or more)","Undeclared: Bio",2.9,"1st year undergraduate","Black or African American","Yes","Yes","No","Single",NA,"Currently Unemployed","Greater than $300,000","80%-100%",20
2025,"Spring",24448039,0.74,36,"BS",10035,2006,"Female","Non-binary","Pansexual","Full-time (12 credits or more)","Undeclared: Comp Sci",2.7,"1st year undergraduate","Multiracial","No","No","No","Single",NA,"$200 or less","Less than 60,000","20%-40%",20
2025,"Spring",24530349,3.6,43,"BA",10032,2006,"Female","Female","Heterosexual (as in ""straight"")","Full-time (12 credits or more)","Declared: Psychology",3.8,"1st year undergraduate","Multiracial","Yes","No","No","Single","$60,000 to $99,999","$200 or less","$60,000 to $99,999","40%-60%",20
2025,"Spring",24535754,3.837,59,"BA",10027,2006,"Female","Female","Heterosexual (as in ""straight"")","Full-time (12 credits or more)","Declared: Psychology",3.6,"1st year undergraduate","Hispanic, Latino or Spanish Origin","Yes","No","No","Single",NA,"Currently Unemployed","Less than 60,000","80%-100%",20
2025,"Spring",24564612,4,82,"BA",11104,2006,"Female","Female","Heterosexual (as in ""straight"")","Full-time (12 credits or more)","Undeclared: Environmental Engineering",4,"1st year undergraduate","Asian","Yes","No","No","Single",NA,"$200 or less","$60,000 to $99,999","40%-60%",20
