AY,semester,emplid_ID,social_status_def,social_mobility_def,social_status_score,social_mobility_score
2024,Spring,23906511,dktgfcjyhvlu,lfvliv;ivb,0.11110360932501101,0.07761428391525589
2024,Spring,24151021,social status is the importance or contribution for the society,movement of social status ,0.6996030905889812,0.6667644306245736
2024,Spring,24151021,importance of you in the society ,movement of social status,0.45005653461297057,0.6667644306245736
2024,Spring,24058480,"My power, perception, and standing in society",My ability to improve or lessen my “worth” according to our society ,0.43985103118951974,0.39127702898569294
2024,Spring,24058754,Social status is the position in society. I most relate this to class in my head. ,Social mobility is the ability to change class (upward mobility),0.7091867053768985,0.7330150315212551
2024,Spring,23644150,Position that one holds within the society ,Ability of individuals to move up or down in the hierarchy ,0.5493036721998041,0.4253458352904073
2024,Spring,23740788,The connections you are capable of possessing and how others view you in society based on ‘who you are’,How possible it is to ‘climb up the social ladder’,0.46150635393004436,0.5100757801579776
2024,Spring,14095746,"The level of wealth, success, social group you’re in.",Easily accessible ,0.4872986231806316,0.15534751362406418
2024,Spring,24206442,Popularity,The ability to socialize wherever you go,0.3563083366766765,0.3891999994569605
2024,Spring,24038137,Your wealth and the amount of people that look up to you/respect you for certain attributes,Being able to move around the social hierarchy ,0.4694998169205539,0.5589266847982478
2024,Spring,16048143,I don’t know,Social class,0.10579671151111233,0.5233054353227536
2024,Spring,23872268,The ability to exist and hold valuable assets and positions in a social hierarchy.,The ability to move and how well you move in social class.,0.5312176470889098,0.5361349750239391
2024,Spring,24212435,Defined by the way people perceive you based on the qualities you have,The ability to change your social status ,0.4101776090057685,0.46875340241726093
2024,Spring,23844633,"Social status, for me, refers to your economic status along with the level of recognition you have within your field of work ",Social mobility refers to a person's ability to move up within society/climb the social laterresulting in experiencing an improvement in their social status ,0.7311445465549952,0.7460670364380676
2024,Spring,24010924,social mobidlity- socioeconomic status ,ability to move up and down the socioeconomic ladder,0.5956683918062142,0.5871329386594333
2024,Spring,23407957,amount of income,ability to change the social status of a person ,0.21584208034085442,0.5141725663902798
2024,Spring,24161789,Status based on Level of achievements ,"Being active in social setting, events , with people ",0.4718346368320754,0.36693121389174843
2024,Spring,24105404,unfair,fluid,0.15303603348286887,0.09004392179625176
2024,Spring,24136888,mainly affiliated with income and earnings,being able to move between economic class,0.3131157394297888,0.6200144489460773
2024,Spring,24275553,Income levels and professions,Ability to shift one’s social status to another,0.39491287462147984,0.5691954832687449
2024,Spring,24184079,Where you place in Society.  ,Don’t know,0.5285155435531451,0.07104848216526909
2024,Spring,24405762,knowing there's people whose popular and whose not based on what they do ,moving in a higher position in your career ,0.39748261688073416,0.3400840219273638
2024,Spring,24308217,Socioeconomic ,Upward avility,0.5314219118371799,0.230384781800739
2024,Spring,24130631,"Social status depends on how well your liked within your community. You’re being ranked on your education, job, salary, assets, and etc. ",Social mobility is the way in which you move up the social ladder. Sort of like a child moving from the children’s table to eat lunch to the adult table. Or wen children who have grown up stop holing themselves in their rooms and instead come to join the family function.,0.6855290955171114,0.7846387905536234
2024,Spring,24108457,ones place on the social ladder and society ,The ability to move through the social ladder,0.622480572403915,0.5805559616699291
2024,Spring,24264044,Social status can be define as how standard your job/career is. ,"change in a person's socio-economic situation, either in relation to their parents ",0.7107953237514248,0.4935830626565952
2024,Spring,24040291,Power and influence you have in society,Movement of people and their power in society,0.49073522139127906,0.5443136643781733
2024,Spring,24251712,"Your job determines how you are viewed by society, if you are smart, accomplished a lot in life and determines how people will usually treat you.",Your social-economic situation can change a lot if you put the effort and mindset to change it. It can either go up or down.,0.38740371168173166,0.5000972139484658
2024,Spring,23141159,Social status is your position in the society. How people of the society perceive you and what range of influence you have on people due to their perception. ,change of social status,0.7440134189728931,0.5255982264104775
2024,Spring,24450488,"social status is how you are defined based on income, education, work",Social mobility is being able to move either up or down the social ladder. ,0.6923143301088353,0.7435697679652221
2024,Spring,23789014,Where one stands in the cultural hierarchy of their peers.,The ability to move up in that hierarchy ,0.548750554923946,0.3856680926098895
2024,Spring,24051319,The class someone is born into,The class you can work your way into ,0.40981092860777873,0.2824305925681662
2024,Spring,23943536,A persons importance compared to other people ,Due to your social status you can either move up or down ,0.46460713047321495,0.4633587468344707
2024,Spring,24023890,A rank or position that someone holds in society or in a group ,Someone improving their social status ,0.5649752166660621,0.4460840513437106
2024,Spring,24012694,Social class is how id define it,Ability to change social standing,0.5699490864926166,0.476728135856898
2024,Spring,24130675,The status to which a person holds in a given society. Mainly surrounding job role and income in a capitalist society,The ability to move up in in society,0.6148128508982492,0.5022897508158756
2024,Spring,23259244,Income bracket/social standing within society ,Ability to change social status,0.5676289861529185,0.4968528588741138
2024,Spring,16046772,Wealth and influence in social circles ,The capacity to increase/decrease in wealth and social influence ,0.46969177534659406,0.4492007170679607
2024,Spring,24134066,"To me, social status is someone's standing within society. Their job, their salary, how they live, what bills or things they must worry about. I think that social status is mostly tied to the money you make and how you then can allocate that money into your life.","I define social mobility as one's ability to move from a lower social status to a higher, or vice versa. I understand this to be something that most want, in the sense of moving from a lower status to higher, but I think that often times the old anecdote of picking yourself up by your boot straps and working hard to gain a higher social status is something that cannot apply to today's society because of how much has changed socially, and especially economically.",0.7233489793873967,0.759248774523086
2024,Spring,24007183,"Your social class based on income/where you live etc (upper, middle, lower) ",being able to move between the social class (going from lower to mid or vice versa),0.49970231986828034,0.6276107365153186
2024,Spring,24265336,power,access to success,0.17973470550926468,0.22515351086961435
2024,Spring,24440214,SocioEconomic standpoint,"Being able to make more money, be more educated.",0.4715984968771856,0.39716156170392414
2024,Spring,24204144,Your position in life ,The ability to change your status,0.30495723627242366,0.3098738413103392
2024,Spring,23966914,The level of prestige and respect a person has. Often associated with a good salary and mannerisms.,Changing your social status via actions.,0.5217389435874737,0.4575670625813772
2024,Spring,23990732,mid to lower class,that there is no concrete social status ,0.3648870944205216,0.48354989189441855
2024,Spring,23720336,The prestige or respect one might have in society. ,The ability to move in a social hierarchy.,0.5281300772788562,0.5364833142771792
2024,Spring,23845445,Economic status,Moving up social ladder ,0.531508202694885,0.5014930709424905
2024,Spring,24315296,"I see it as labels society puts on us. I feel that we shouldn’t always be defined in who we are with labels. I also believe that we can achieve more and climb the social latter, when it comes to education and money.",It’s where a person or group moves in the social hierarchy that is set by society.,0.44144122620933246,0.566287721123492
2024,Spring,13010232,"Achieved status, position in society ",Ability of chnage in social/economic situation,0.6038810407250239,0.46620489766676926
2024,Spring,24273264,Social status to me is how other people perceive you based on your success and sociability. ,People who are adaptable to different social settings ,0.7125203529260509,0.4001994382753443
2024,Spring,15267133,Position in the world,How one moves through the social ladder,0.30513153068455967,0.542028703277666
2024,Spring,14096885,"Social status is determined by our socio-economic background, intersectionally  affected by race or gender ",The ability to move up in the social ladder,0.6262959514988906,0.5434762616517581
2024,Spring,23199507,"Standing in society based on factors such as race, class, intellect",The ability to change social status using factors such as education and appealing to status quo,0.5791969435434094,0.5596026221177929
2024,Spring,24180078,Finacial stability level ,social status level,0.1924849344800632,0.5054128354798477
2024,Spring,24114914,How people respect you,Moving to positions of higher respect,0.3809075116339615,0.33274326434214613
2024,Spring,23727433,privilege,money,0.4024065644756153,0.22778858480008388
2024,Spring,23959728,"social status is based on perception. it is where others think we belong based on outward appearance, assumed financial status and job titles. ","how succesfully people can move from one ""tier"" of society into another. ",0.7098419499874907,0.5271561581570644
2024,Spring,23875531,"I define the term social status with one’s income level. I don’t want to define it as anything, we’re all here temporarily. But I have observed that those green papers and bank cards are what people either long for, actively chase, or mount themselves on. As people do their thing, society ranks them as low, average joe, or high. Then depending on the persons character, one chooses whether they will/how they will interact with someone if the same or lower “status”. Apologies, I am probably yapping and all that was important was the first sentence. ",Definitely subjective because of unique circumstances. But I define the term as how much of a change you can make to your societal standing. ,0.6650213311581452,0.36293662365744267
2024,Spring,24421928,Status in society ,Flexibility ,0.656021181346051,0.16439443466218254
2024,Spring,24105167,your position in a social environment ,moving positions in a social environment ,0.4764281343468001,0.4254258896954825
2024,Spring,24171577,.,Not sure,0.06185955342801354,0.04574655725859804
2024,Spring,23967011,The social state where someone stands socially meaning how they are in social life ,"Social mobility is the capacity for individuals or groups to transition within societal hierarchies, typically reflecting movements in socioeconomic status.",0.5793264766468055,0.7909551154513871
2024,Spring,23860181,rank a person holds,moving up the hierarchy,0.3840339197936944,0.312307645303338
2024,Spring,24172651,"I take it as social class, if you experience more economic affects in a certain social class versus in another",Being able to be an active participant in your community or society,0.5404319878359352,0.43253294117040825
2024,Spring,24042890,"Where you are on the social hierarchy. Meaning, if you are poor, middle class or rich",The ability to move up the social hierarchy ,0.5578663894794338,0.515536208094604
2024,Spring,24161789,Social in big groups ,Can switch to multiple groups ,0.40949446551236424,0.20949904820612208
2024,Spring,24439553,A persons background or status in a society ,change in relationships,0.5634901028289866,0.23801363915311505
2024,Spring,24155343,How a person stands relative to others in society.,I don’t w,0.5520928670527973,0.08944122711303044
2024,Spring,23051044,How you're respected by others,How a person can go from one status to another,0.4636980762212588,0.4101225876855198
2024,Spring,24286973,"how you are percieved by society, this impacts what opportunities are availabe to you",the ability to improve your social status with effort,0.45312918622627324,0.4428507317664661
2024,Spring,24266743,"socioeconomic status, how much income and access to resources someone has",when someone moves between different status levels,0.5849151628236524,0.4271361326032465
2024,Spring,24385355,"how people view you, and at what social rank you are at (like socioeconomics) ",ability to move up or just move in general within your social status ,0.5804707681073196,0.570306729951699
2024,Spring,24402127,your value in society.,Your ability to do something in society. ,0.42511526636513985,0.39134357172783074
2024,Spring,23992708,social status equates prestige to me. ,social mobility is the movement from one social status to another,0.541248717511492,0.7669261770467511
2024,Spring,24349007,rank in social hierarchy,the change in your social status,0.5900022118512086,0.4967126589067747
2024,Spring,15209800,Socio-economic standing in society ,"Ability to move up or down the societal ladder socially , financially or opportunity wise ",0.6153056635681085,0.5202596023003137
2024,Spring,24057006,Social Status is the way society sees you,the way you are socially mobile?,0.6838234704151226,0.47703343888600375
2024,Spring,23519810,The status that you are either born into or become apart of.,The ability to change social status ,0.5569050256092091,0.5209948207982351
2024,Spring,24165920,I’m assuming it’s based on money.   Financial class ,Being able to jump from one economic position to another ,0.357602050544269,0.45999399811499747
2024,Spring,24221670,"The rank or position someone holds in society. Feels like a pyramid game, the higher you are in ranking, the more benefits you'll obtain.",a change in your position in society,0.5220911073333994,0.4165271212511843
2024,Spring,23930826,Standing of importance in society ,Equality of opportunity ,0.5436066900818659,0.3866055345545929
2024,Spring,24295783,"Social status is where one ""stands"" in society based on factors such as Gender, Race, Salary etc.",How effortless or vice versa it is for one to move up or down in this social caste system,0.7461100862728871,0.5112827590260984
2024,Spring,24134711,"Social status refers to a person's position or rank within society, often based on factors like wealth, education, occupation, or social connections. It can influence how individuals are perceived by others and their access to resources and opportunities.","Social mobility refers to the ability of individuals or groups to move up or down in social status or class within a society. It reflects the opportunities for people to improve their economic and social position through factors like education, employment, and personal achievements.",0.7923754916917176,0.8130683272953831
2024,Spring,24030905,Social status can be seen as a hierarchy. There are classes and rules each person should follow.,Social mobility is the ability to move up on the social classes.,0.6837000714051045,0.7555025804717084
2024,Spring,24327300,Social status is the status your are “given”. Your status is related to the group you come from.,Social mobility is the relation is someone’s social-economic situation throughout there life,0.7034398205317989,0.7296376813132306
2024,Spring,24220575, persons place in the economic landscape,the ability to move your economic status ,0.3513918753512671,0.515991594379503
2024,Spring,23923644,Social Status- true to your appeals and roots while portraying those traits amongst peers and the wolrd,Being able to adapt to any environment and making yourself resourceful for any circumstances with the tools you are equipped with,0.5421008513676442,0.32010593557928335
2024,Spring,24283581,"A person's position in a social hierarchy, determined by their honor or reputation, comprises their rights, responsibilities, and way of life. This is known as their social rank.",It's a movement of people between social classes within a society. ,0.6449583224658206,0.6272695990423909
2024,Spring,23638291,"This is more of a mental thing ""social staus"" is here you deem yourself to be in the world",having the opportunity to explore and move to different social groups ,0.5192320606265547,0.47838169654414575
2024,Spring,24214990,"how others perceive you in terms of being beneath them or the same or better, typically with finances or where you live/what you do",idk,0.5012371080763116,0.06538818024994872
2024,Spring,24329530,social status to me is more like a hierarchy ,social mobility is more like a motivation to make a change ,0.60457989022756,0.6074830697993986
2024,Spring,24288804,"wouldnt know about that, frankly",anything social i cant explain,0.046195258337171224,0.4300960098831965
2024,Spring,24324608,Where you stand in society on a non-personal level. It's non physical but represents the accomplishments and failures that surround you and who you are.,A way to move up or down the social hierarchy.,0.43668936590968255,0.5091629797267262
2024,Spring,24302939,idc,idk,0.054061950863917095,0.06538818024994872
2024,Spring,24113217,A person's social status is based on how important and influencial they are in society,A person's social mobility is how they have they have changed their social status. It is how they have become more important and influential.,0.6915323182264841,0.7324349093086496
2024,Spring,24311671,Social status is how you are viewed within the social community ,Social mobility would be how you manage your social interactions ,0.7023834021906605,0.6639816322969738
2024,Spring,24292381,social status is term that defines your position in a society when you stand in the social pyramids. Also it defines your class to the society and important of person you are to the people around you.  ,social mobility is the action you take among your family and people around you with the advantage you have with your capabilities.,0.7598970491190713,0.7630748143658167
2024,Spring,24305488,the ability to share your voice an opinion and the accesses to demand for what you want.,moving up in the ladder,0.3542362505006112,0.3254448061316325
2024,Spring,24281007,"who you are to other people, what you present yourself as in society based on social skills and assets",how well you can move through social class/circles. ,0.5052780500207426,0.5808761578216625
2024,Spring,24285071,the level in the society that you are on ,i don't know ,0.5086440150501765,0.0934119877090152
2024,Spring,24573905,Your social and economical standing in society,Being able to move to different social standings ,0.5817736436777895,0.5979656260624003
2024,Spring,24399006,"Traveling, learning new things & meeting New people with a bigger statues than you. ",Learning new things. ,0.2500939277245051,0.1947890727232616
2024,Spring,24492127,How you are viewed in society and where on the “Social Ladder”,How you are able to move up and even down the social ladder ,0.6065774220902462,0.5612705138119055
2024,Spring,24448828,Where you aren in the heierchy of society,Moving around in relations to others,0.4960034277453494,0.40075494160731334
2024,Spring,24413806,"Social status is one’s place in society due to the multiple factors that define them, whether it be race, gender, sexuality, income, and other such factors. All of these things are rated in society from what is most to least acceptable and people are then given a position based off their combined factors.",The ability for one to climb the social later usually by gaining more money and improving the parts of their character that relate to income.,0.7763889499553429,0.5195683772426714
2024,Spring,24427836,it seems like your own level and how many contributions you could made to improve your position in society.,change in a person economic situation,0.48987912447791115,0.39798750093062424
2024,Spring,24514062,basically how you are view as a person and your income ,the ability to change your social status ,0.44512923677966515,0.46875340241726093
2024,Spring,24266217,a person's standing or importance in relation to other people within a society,"Social mobility refers to the movement of individuals, families, or groups within or between social strata or classes in a society. ",0.6035552677305533,0.7949689179119899
2024,Spring,24414230,Your relevance in society and the amount of assets you possess ,Moving up in society,0.4436833458165876,0.47184837005767144
2024,Spring,24485361,idc idk,idc idk,0.07863984544069273,0.07228547198005719
2024,Spring,23979182,It's like a way to determine how much you influence people and the potential cabability to do so,The movement in your level of social influence,0.4179164580740467,0.5837764989748073
2024,Spring,24145758,how much money u have,how much resources you have access to.,0.15697955279341474,0.24774003747637924
2024,Spring,24063308,How other people  and you view yourself. Where in the social ladder are you.,How much you can change your social status,0.527700238419915,0.38201334440851925
2024,Spring,24339096,It’s a pyramid of your salary compared to the rest of those around you.,Obtaining a higher paying job and moving up the social latter ,0.33669762213363713,0.4567350896219961
2024,Spring,24277251,How others view you in society compared to how you view yourself ,Your level of cohesion in society ,0.4168119940835971,0.4603810887583067
2024,Spring,23901652,Place in society ,A person ability to move up or down socially ,0.5072086474310081,0.5155149091842213
2024,Spring,24316982,The amount of social capital someone has,Being able to move between social classes. Often if one starts out from a poor background and become wealthy and successful as an adult that is social mobility. ,0.5069718216710871,0.7326440624598697
2024,Spring,24434830,"The value a person has, and doors to move forwards to get closer to their goals.  ",The ability to by socialy active ,0.3599485123417728,0.34792699923594494
2024,Spring,24509531,The amount of social assets that a person has,Social status is movable,0.3884143491151371,0.5722205980840616
2024,Spring,24177950,Depends on how you are living. If you are living comfortable or worried about expenses. ,How you can go up or down on your social status ,0.13004566973769421,0.4357468890170805
2024,Spring,24323049,Idc,Idc,0.054061950863917095,0.05480852586181901
2024,Spring,24368622,Specific living level in society,I don’t know,0.4793524464099719,0.07856079539390612
2024,Spring,24190528,Rank in the social hierarchy ,movement between the social ladder,0.5916353737442805,0.601365519079478
2024,Spring,24159994,Income ,Movement on individual family ,0.2897251771107509,0.4026716067615441
2024,Spring,24019431,"combination of how traditional society view you (race, gender, sexual orientation) and your income",moving upwards in society in terms of income,0.41879543413057396,0.48700487578058954
2024,Spring,24206724,Rich or poor,Being able to blend in with all social parties,0.29875589296328237,0.4028524999382534
2024,Spring,24164226,How you spear to others or does your name speak volume ,Your drive ,0.19276107197210707,0.1768759405543725
2024,Spring,24185849,A persons “rank” in society,The ability to change that “rank”,0.6011869674055887,0.26728413661797545
2024,Spring,24271463,where you stand in a community or society ,being able to move up in society ,0.45622103774691336,0.4978125517421549
2024,Spring,23918172,Rank based by area you live and how much you get paid,Being able to receive higher pay when doing jobs. Start from less and moving higher ,0.3114657293934364,0.38010487996735925
2024,Spring,24354092,where one falls in terms of society ,how you’re able to move around socially ,0.5172694449477977,0.4391251717859095
2024,Spring,24159173,A group you’re bonded with in society due to certain circumstances and factors ,Moving up in status ,0.4125434037836387,0.31490811548861775
2024,Spring,23812213,Level of financial independence ,Changing your social Status ,0.2844106397751264,0.429350784343808
2024,Spring,24155283,not sure ,not sure ,0.06656313169055385,0.04574655725859804
2024,Spring,24162846,Good,Good,0.06812658340634845,0.05077749093027852
2024,Spring,24243440,Where you land in society,not sure,0.46595195880821483,0.04574655725859804
2024,Spring,24019656,Value respect ,Change in selj,0.32969796492957276,0.1254461331676166
2024,Spring,24276405,"Social status is where you are socially, popular, well liked etc ",Social mobility would be the movement of individuals or family and what advantages they have socially ,0.7194659801344625,0.7456720018647067
2024,Spring,23998101,"In the form of a hoarse y where the most liked people are at the top and least liked are at the bottom, ",The ability to comfortably interact with people in any given social situation ,0.2890552950383025,0.36005478686876485
2024,Spring,24083173,I would define it as how many you talk to and how many people actually know you would be a factor,How well you can either start and maintain a conversation ,0.38786943102453486,0.1871054937737528
2024,Spring,24295335,Important ,Power,0.2596459337786033,0.17451118540914795
2024,Spring,15304902,Social status is how other people see or perceive you,.,0.7170210370468441,0.06884738498332045
2024,Spring,23742524,Ur economic and social standing ,Ability to move between classes and just living better lives than ur parent ,0.5340779369204356,0.3997127231748893
2024,Spring,24036436,The position in the social group ,N/a,0.5332751329787542,0.0703969196692302
2024,Spring,24138816,The economic and financial outlook the rest of the world has on you. A class system used to determine your wealth. ,To move up social status ,0.4467452346739603,0.5091938426225496
2024,Spring,24130332,a person's role/place in society,the ability to move throughout the social ladders constructed within society,0.4805990581839396,0.6042493390063992
2024,Spring,23501452,Money,Making or not making money ,0.23583473351748727,0.18919942653468386
2024,Spring,23589849,Ex. Middle Class ,Moving up in a company ,0.34701729178535157,0.326906835052283
2024,Spring,24108184,Social status is where you see yourself in society and where you stand ,Social mobility is the change is a persons social economic status ,0.7172335323484732,0.7543260263423672
2024,Spring,24061877,Relationships,Unsure ,0.32019928482325816,0.022480303356070735
2024,Spring,24190506,Your status among groups of people ,Ability to talk to various people in various places ,0.5620505373724272,0.27414257646227264
2024,Spring,23164108,Your placement in society. ,The ability to increase the financial ladder. From maybe lower middle class to upper middle class. ,0.5063940181556634,0.45572377535322833
2024,Spring,24406279,How much money you make and how important you are. Money is important,How mobile the social is,0.41726643560250537,0.32666426798990505
2024,Spring,24055457,the degree of access a person has to what society has to offer,the capacity of an individual to increase/decrease their social status and the degree to which a society is open to this.,0.49713430819829246,0.5208866625485254
2024,Spring,23956823,"Something fluid, we as humans change everyday that goes for our social status as well. ","Climbing up the ladder of advantages and opportunities, the higher you are the more you have that others don't. ",0.38276798718371746,0.416938478365946
2024,Spring,24177677,I would say “social status” relates to how many friends you have and your ability to make friends. ,Social mobility is also about your ability to make friends. ,0.6999593414105907,0.627424795334274
2024,Spring,24416173,Social hierarchy ,Moving up social ladder,0.522209103249542,0.5014930709424905
2024,Spring,24219923,"Where you are in society. How much money you make and the opportunities you have available to you. Doctors, and lawyers for example have a higher status compared to teachers and blue collar workers.","Changing your socioeconomic status. For example, getting a high paying job after grad school or marrying bc into a rich family.",0.6522709809732216,0.4512092083153559
2024,Spring,24038946,"1. Social stasis occurs when there is minimal to no evolution, growth, or advancement within a society.","Social mobility is all about how people or groups can go up or down in different social levels or classes within a community. It involves moving up or down in terms of things like money, education, job, or assets.",0.4730412693130292,0.8005412632594368
2024,Spring,23944631,Influential power and wealth ,Functioning ,0.42774838499459544,0.15991185412706874
2024,Spring,23835284, to a rank or position that one holds in a group,Social mobility is the ability of people to move up or down a social ladder.,0.47187619527385155,0.766517664424566
2024,Spring,24271217,how rich/poor you are,having easy freeway in society,0.31552739582690514,0.33952065310171387
2024,Spring,24195835,"A standard met in a spectrum including economic, social, and occupational status ",The ability to change social status.,0.48233570344038196,0.4878947850116064
2024,Spring,24229148,A person's position in society,I think social mobility is a person's capability of moving up the social ladder,0.5757913385956599,0.7097581510676391
2024,Spring,24206447,"rank your have in society, determined by wealth, area you live in, or way you live your life",how well someone is able to move up or down the Status or wealth ladder,0.5073151699938312,0.5144999861041581
2024,Spring,23920333,Social status can be described as the position a person has based on their career.,Social mobility is a person’s status changing from one level to another.,0.7060051127592599,0.7264053393084545
2024,Spring,24419686,Your social value,"Social mobility is the movement of people, families or groups can move through a social system ",0.4985691061626595,0.7562310421727054
2024,Spring,23917200,Wealth and promote to it ,Na,0.34506056210687897,0.041135825337488864
2024,Spring,24172138,Social status is your status of popularity,being able to be a fluid people's person,0.6482020219021624,0.2424495835020613
2024,Spring,24187800,Where you stand in social class,Ability to move up or down the social ladder,0.5783461358197501,0.577807511842493
2024,Spring,24266856,ones position within society. ,]social classes,0.5189442797723702,0.4971450625290792
2024,Spring,24167922,"social status is something a person is considered to possess. Such as wealth, and knowledge someone has",Having the freedom to move house to house without anemone problems ,0.7330481515633382,0.32779551764533443
2024,Spring,24164421,The amount of wealth you have. But to me it's the knowledge you possess ,To have the flexibility to relocate,0.30191870976820057,0.31589977925498985
2024,Spring,24042459,It is the stage you find yourself with within society ,I believe is the professional and economic growth a person achieve when it comes to social status,0.42021600842946205,0.4932170392381467
2024,Spring,23542338,It is your placement and importance to society ,"It’s the ability to move up the ladder in status, including economically. ",0.49576352054024453,0.47437716908045
2024,Spring,24107204,Your standing in varying array of social groups,Your ability to transition between groups ,0.48844748848820446,0.4045336719401648
2024,Spring,24069127,"how much money you make, how many people you know and connections you have",being able to change your financial situation,0.31779298011794155,0.32293490964706595
2024,Spring,24459989,Money your worth comes from how much you earn and are able to live comfortably in a society with such crippling economy for those under the average yearly salary,The ability to move up from different social classes by taking advantage of opportunities that allow you to earn more,0.358566143731015,0.5797951232333695
2024,Spring,24206442,Popularity,Being able to socialize,0.3563083366766765,0.35627375386390014
2024,Spring,24378063,Your position in the community ,The status’ movement of the individuals ,0.38681550523927943,0.5643525432594587
2024,Spring,24298919,the value or social acceptance/treatment of someone according society/others,Changes in one's circumstances that is deemed by society as making them better than they used to be.,0.5190151457550564,0.41386002821107065
2024,Spring,23659703,Social status could be defined as the amount of prestige or social value an individual holds in society.,Social mobility can be defined as moving up in prestigious and social value.,0.7417855776586071,0.6842791911753012
2024,Spring,23749620,how others see you ,Competency ,0.36074222914609233,0.20255220246465944
2024,Spring,24243440,Not sure ,Not sure ,0.06656313169055385,0.04574655725859804
2024,Spring,23936292,The economic standpoint a person is at ,The ability to better yourself financially and intellectually ,0.3189685833805388,0.31955595949435944
2024,Spring,23918902,"One’s charisma, income and intelligence",Changing one’s social status to a higher or lower one ,0.3849030097453906,0.48188408703082236
2024,Spring,24197548,Rank or position in society ,Shift of status,0.6113093679278209,0.30010740816699677
2024,Spring,24453023,Social status to me is when someone lives a more prestigious lifestyle ,I see it as a way for someone to change their social status,0.6754389498312016,0.37877705512364646
2024,Spring,24195841,"Social status refers to a person's position or rank within a social hierarchy or structure. It is a way to categorize individuals based on factors such as wealth, occupation, education, and social connections. Social status can influence how people are perceived by others and can impact their access to resources, opportunities, and privileges within society.  Understanding social status involves recognizing the different levels or strata that exist within a community or society. It's important to note that social status is not solely determined by one's personal qualities or achievements, but can also be influenced by factors beyond individual control, such as birth or inherited wealth.  In simpler terms, social status is like a ladder that places individuals at different levels based on various factors like money, job, education, and connections. It can affect how people are seen by others and the advantages or disadvantages they may experience in their daily lives.","Social mobility refers to the ability of individuals or groups to move up or down the social ladder within a society. It reflects the extent to which someone can change their social status over time. Social mobility can be influenced by various factors, such as education, occupation, income, and opportunities for advancement.  In simpler terms, social mobility means the ability to climb up or slide down the social ladder. If someone has high social mobility, it means they have a greater chance of improving their social status and achieving upward mobility. On the other hand, low social mobility means that it is more difficult for individuals to change their social position and move to a higher level.  Understanding social mobility is important because it reflects the level of equality and opportunities within a society. A society with high social mobility provides individuals with the chance to better their circumstances regardless of their background, while a society with low social mobility may perpetuate inequality and limit upward mobility for certain groups.",0.8019620864278831,0.7853955093720493
2024,Spring,24279766,Ranking in regard to other in your population/ community,moving upwards in the world,0.45268650696301843,0.3237636660664393
2024,Spring,24064678, Social status refers to the relative position  that an individual or group holds within a society. ,Social mobility refers to the ability of individuals or groups to move within different social positions in a society's hierarchy,0.7562309885285251,0.7635404418845688
2024,Spring,24300077,The amount of money one has compared to others.,I have no idea what that is,0.3822990466716328,0.11306539635892567
2024,Spring,24135785,The term social status considers people’s identities and how they impact how they navigate life. It is a form of classing them based on their socioeconomic circumstances. ,Social mobility means climbing the social ladder so that someone can have access to new and better resources/privileges,0.7526182818668795,0.7309783898033634
2024,Spring,24135624,Money and power ,Meeting with others ,0.3113236857961338,0.25234695583688427
2024,Spring,24133341,It describes the social value or social role an individual has in society.,Moving up or down the social ladder in terms of the core social value or social role they have. ,0.5559867378862693,0.5724965444360258
2024,Spring,24114405,Social status is how other's perceive you,Movement of one's status,0.698033701365549,0.4768007888618402
2024,Spring,24211957,the level someone is in the socioeconomic spectrum ,what people do in order to move up in socioeconomic status ,0.5511185031547619,0.5652897523860685
2024,Spring,24108844,"I define it as a role you have in society and how other people perceive you. If you're role in society is to be a doctor than your ""social status"" is good because other people view you as a strong, intelligent, and empathetic person that helps other while earning good pay for your deeds.","I define it as the ability to change your role in society financially and socially, meaning you are able to move upwards from the current situation you have. For example, you may be working as a retail worker, but with good education you may one day end up owning the store when you're older. You are essentially moving ranks which usually improves everything else in your life.",0.711843156237524,0.5316356734010339
2024,Spring,24571979,Someone’s perceived standing or importance in relation to other people within their society,The ability to meaningfully increase or decrease your social status throughout your life ,0.6179496344717338,0.48539656219800253
2024,Spring,23961355,Having good communication skills. ,Being able to network and knowing where to find resources. ,0.3232713557008199,0.2808181488560978
2024,Spring,24286544,Social status to me is a persons position in society,Social mobility is like a movement between social classes or positions.,0.698297011260921,0.7573943542461148
2024,Spring,24159783,Social Status is where you stand in society financially and what opportunities you have available to you because of it. ,Social Mobility it’s the ability to move up in class ,0.7331934135098969,0.6671972730802838
2024,Spring,24088873,Social status to me is the label you are connected to in terms of labels in society in terms of the value that you hold.,To me social mobility is the way you are able to maneuver.,0.7114740173083414,0.6290276188332578
2024,Spring,24449366,"I understand “social status” as your financial stability. The higher social status you have, the more financially stable you are in my opinion.",I understand “social mobility” as how many connections you have to get you to a higher social status.,0.6564349216700394,0.7120814047493472
2024,Spring,24254148,a person's standing or importance in relation to other people within a society.,and it cannot necessarily be determined if the change is for good or bad.,0.5893104088099791,0.2188053054048068
2024,Spring,24035117,"When I hear social status I think of popularity or the food chain. The strongest or smartest would be on top. Or l social status can be seen a hierarchy like middle class, lower class, or upper class.","In my brain mobility mean the ability to movie, and when I hear social I think of people interacting with another. So I think social mobility is the ability to socialize with different people.",0.727980272604117,0.7145514078926819
2024,Spring,24393206,"Social status is where a person in their community it has many factor like the wealth, education, family background and more.","The movement of individuals or group within social hierarchy, often influenced by factors like education, occupation, or income.",0.7421173467693164,0.6359309069551959
2024,Spring,24366640,"Social status for me is the level that you are in society based on economics, for example.",What I understand is moving from a social status to another.,0.7026857735025205,0.5745438160519353
2024,Spring,24062359,A social value people possess,Ability to move up or down the social scale in a society ,0.4890364279477908,0.610640751190855
2024,Spring,24426363,"To me I would be where in are consider by others in a status. Do you make more money than others, stuff like that. ","Moving status, I'm not too sure what social mobility truly means. ",0.5743066313512102,0.6576943891267529
2024,Spring,24281158,"Rank in society, mostly in class ",How someone changes their socio-economic status ,0.603297419453459,0.5263970445640853
2024,Spring,24298822,Where you stand in society financially and how influential you are,The ability to move up and down in regards to social status,0.4328550936798803,0.5955029416758557
2024,Spring,24435256,often,often,0.1300694044023945,0.10754007019998574
2024,Spring,24403000,Basically just how important someone is when compared to other people,Moving upwards or downwards in social status,0.49892958571717655,0.5335417260580844
2024,Spring,24420074,where you are interms of money,how you are able to grow,0.2546786326714327,0.15814732124884626
2024,Spring,24406217,I define it as how known you are in your department and or job.,I’m not sure ,0.4287808050645835,0.06779599510239769
2024,Spring,24198814,An individuals position in society ,Moving up or down from positions ,0.5755527859061076,0.2244646679409315
2024,Spring,23838765,As the economic and financial status one holds in society,Ones ability to move around be social,0.5366955632018391,0.37876007903154546
2024,Spring,24423705,"The rank that an individual holds, with attendant rights, duties, and lifestyle is. when people pick the people they want to hang with",How people grow socially ,0.5449205872894126,0.43536839626464163
2024,Spring,24181888,Social status is the position you are in society. ,Social mobility to my understanding is when a person moves from one social status to another. ,0.7214446504476109,0.7322405690214984
2024,Spring,24285294,Someone’s position in society,Moving up the social status bar,0.5808874144378594,0.3645711760767271
2024,Spring,24163541,How well you’re known ,How well you can get around different social groups ,0.33090580396088876,0.47927065984034917
2024,Spring,24072781,Social status is the amount of money and power someone can wield in life. ,You can move up the social ladder ,0.7176378806365974,0.480691904311735
2024,Spring,23980693,ranking in accordance to societal standards,ability to change and navigate social status,0.47380136808236145,0.46511539418037595
2024,Spring,24408079,Social status is in someway what tells you apart from someone else kind of like a measurement of how much you even make I guess ,I don’t understand this term honesty speaking ,0.6725724334579577,0.1646458030843323
2024,Spring,24155392,Social Status means the status of your everyday life.,Social Mobility is how you move in your everyday life,0.7123129536273517,0.7391422817158046
2024,Spring,24316215,Social status is your position in society how much power or how much publicity or how much money you have  like what group do you fall in,I don’t really understand it much,0.7069056558865023,0.17301028890390893
2024,Spring,24246043,popularity ,not sure ,0.3563083366766765,0.04574655725859804
2024,Spring,24331243,It refers to the honor or prestige attached to one's position in society. ,I dont know,0.5412020262869193,0.09456773846516717
2024,Spring,24134112,"social status refers to a person's rank within a society's hierarchy which is often determined by wealth, education, and family background. It's basically how people interact with one another and how it can affect access to opportunities",Social mobility is the movement of people or groups within a social hierarchy mainly from socioeconomic status to another. ,0.768004736651973,0.7854478007708076
2024,Spring,24149952,"Social status refers to an individual's position or rank within a social hierarchy. It's determined by various factors such as wealth, occupation, education, family background, and societal recognition. Essentially, it's about where someone stands in relation to others in terms of prestige, influence, and respect within a particular community or society.","n societies with high social mobility, individuals have relatively equal opportunities to improve their socioeconomic standing regardless of their background, while in societies with low social mobility, one's social status tends to be more rigidly determined by factors such as family background, race, gender, or education level.",0.7959468705115853,0.6516864149544401
2024,Spring,24169031,Something made up by people to feel better about themselves. ,How someone moves throughout society?,0.2571718329238239,0.5893202339737728
2024,Spring,24099058,"The position that you are in socio-economically, with intersections based on characteristics that may cause discrimination? ",Being able to change socio-economic brackets,0.4431880602500789,0.5172851066835691
2024,Spring,24192963,position or rank in society,ability to move in between social classes,0.6056129341452433,0.6194559146815126
2024,Spring,24441996,I would define social status as the way in which a society views you,The shift in one's social status ,0.7292990287078864,0.5471324633606245
2024,Spring,24407159,your place in the social hierarchy. you can be poor or middle class or even one of the elites of the world.,the change to your social status. so you can be middle class and then become insanely poor or insanely rich,0.5599931335315234,0.4636374737759148
2024,Spring,24509397,one's situation or position in society,change in social situation,0.5617747645624449,0.45975258193644797
2024,Spring,24032150,Popularity ,Advancment,0.3563083366766765,0.08423674025537513
2024,Spring,24346245,category people are perceived as based on income ,i don’t know,0.4298410128965449,0.07856079539390612
2024,Spring,24441996,The value a person has in society ,The idea that a person can vary in social status ,0.4510054011994189,0.5405144864367787
2024,Spring,24298202,"I would define social status as a position one is in. This could be in a big group of pepple, jobs, etc. ",Social mobility to me is the change one faces within their own family. One can gain a very high tier job and someone in our family still working for a very low tier company. ,0.7352517282828814,0.7551210515689629
2024,Spring,23954109,economic status,economic growth,0.531508202694885,0.3176847463776986
2024,Spring,24292149,I define it as your standing in society which determines your treatment and I understand it to be full of crap because we are all human at the end of the day with an expiration date.,Genuinely don't know what that means but probably it how sociable you are with other people and I guess I understand it as navigating sociably.,0.38386896279057564,0.4548925886613
2024,Spring,24452008,I understand it as someone's position in society. ,I understand it as someone going from one position to another in society.,0.46420534664536234,0.490614886263211
2024,Spring,24292149,your position in society that determines your treatment and i believe the term in absurb because no status will lengthen your lifestyle when death comes knocking at your door.,probably socialbility in the workplace ,0.3695084821380546,0.407310131701739
2024,Spring,24434919,Money,The way your able to maneuver regardless of your social standing ,0.23583473351748727,0.4569361629109136
2024,Spring,24236462,how you get perceived .,the ability to move up,0.4140255903332545,0.28344581625154747
2024,Spring,24446696,How others value you and your work,social mobility is how an individual changes how others perceive them,0.3863589589649027,0.699095373056387
2024,Spring,24073704,"how others see your standing, as well as your relation to others in terms of money, career, and sucesss.",the ability to move from one level of success and social standing to another,0.5212715169940474,0.5503506292833334
2024,Spring,24431043,A persons importance in society.,advancement in society.,0.4504197155564143,0.455841558278672
2024,Spring,24291559,"Social Status is a person's position in society in terms of their wealth, fame, and connections. A person with a high social status is considered wealthy, widely loved, and successful while a person with low social status is part of the general public, someone with little to no wealth, and no aspiring success in their career.","Social mobility is the act of moving up in the social hierarchy, so to say, the act of gaining more fame and success in society.",0.7729081193740528,0.7409495393496621
2024,Spring,24069127,Your status in society,Ability to move up in society,0.620150600296586,0.4970251943715384
2024,Spring,24193446,where one stands in society,leveling up ,0.5422022496788813,0.22273447497986956
2024,Spring,24451466,"I have never quite understood the term because when most people say ""social status"" they mean a mix of economic status and how many different relationships they have. Because that is the commonly understood definition, that is what I used to choose my answers. That being said, I would define it as someone's satisfaction with their various relationships.",I would assume the term means one's ability to navigate social situations.,0.7052279600922093,0.3807937275547523
2024,Spring,24415107,"Social status refers to an individual's position or rank within a society's hierarchy, often determined by factors such as wealth, occupation, education, and social connections.","Social mobility refers to the ability of individuals or groups to move within or between social strata or classes over time, typically upward or downward, often influenced by factors like education, economic opportunity, and social networks.",0.7871015513998139,0.8186463418265253
2024,Spring,23239329,"Economy wise, and importance ",The ability to move from one status to another,0.2999455533150128,0.3856272672178783
2024,Spring,24355014,"Your financial, political, ethnical positions in relation to the people surrounding you",The extent to which a person can change their social class,0.44283858723230546,0.5652360396604291
2024,Spring,24317597,its having an important position in society,its someond moving up or down from one social status,0.3333955754690951,0.5878359937714878
2024,Spring,23995113,It’s the umbrella term that holds characteristics of oneself. Are you a daughter or son? Student or teacher? Single or Married? Low or High Income Earner? Popular or extroverted? Or Are you not popular or prefer being alone?These compromise one’s relationship and identity in society. They have ranking meaning; you can interplay between a less or more advanced version of social status. ,"The form of interplay or movement between one stage or social status to another. Think of an entry level position evolving into an advanced level position. Or Unexpectedly inheriting fifty million when you were previously worth less than fifty thousand. Sometimes you control it, other times it occurs unexpectedly.",0.5525650442998787,0.45922448665865523
2024,Spring,24346643,A label given to you to try and generalize what type of person you are based on what you contribute to society,being able to socialize well with other people in society ,0.3944715952739245,0.4316331633972469
2024,Spring,24181965,Not well,I never heard of that ,0.11366523600422544,0.0664389087325944
2024,Spring,24133342,Rank a person hold and they lifestyles.,moving rank in Society.,0.3707932536655253,0.482897949141591
2024,Spring,24247760,Your place in society,A persons ability to move through social classes,0.48840482227238935,0.6539524506940914
2024,Spring,24172707,How you portray yourself in front of society,A change in social position,0.4098473977460932,0.48091468414953487
2024,Spring,24050595,I define social status as a position that someone has in life or categories of class that they fit into.,I define the term social mobility as the ability to move up or down economically or a change in social status.,0.7336326088448082,0.7503703385052516
2024,Spring,24330289,a person's position in the social hierarchy ,moving up the social ladder,0.6157363821917361,0.5117904638378932
2024,Spring,24089732,One's place in society.,Someone's status fluctuating in society.,0.46133939020070347,0.48087572506359355
2024,Spring,24154597,iIt's about how much respect and influence one has compared to others around them.,"It means one's ability to ascend or descend the social hierarchy, indicating their capacity to improve or decline in terms of status, opportunities, and recognition within society.",0.4841565271152503,0.47072109761414055
2024,Spring,24453927,Where u stand in society,How you move around in society,0.45727498284271495,0.5567849021204283
2024,Spring,24277702,The position where someone stands within a group or society. ,The ability that someone has when they are able to change their ranking in a group or society ,0.45287162900441325,0.4352331660427586
2024,Spring,24301517,One’s social value ,Shift in social status ,0.48001421749698336,0.5404567464414528
2024,Spring,23659691,The state in which you are compared to others in society.,The ability to be able to change your social status in your society.,0.501816828749632,0.501958177665074
2024,Spring,24312944,economic situation. ,change in a persons economical situation,0.2720981074800412,0.3534184675463011
2024,Spring,24307886,where you stand in society; how important you are,i am not sure,0.4652212818028965,0.10522191861379064
2024,Spring,24307886,where you stand in society ,unsure,0.47361989221266043,0.022480303356070735
2024,Spring,23058599,"From birth, based on family",The CUNY system,0.2181622972219302,0.1851129895459335
2024,Spring,24184730,Economic position,Upward movement in econnomic status,0.35243114068411985,0.34683098694971337
2024,Spring,16119360,How your peers and society views you. ,The ability to move from poverty to middle class and above,0.446905400341112,0.5092982830624334
2024,Spring,24273715,high class in society,people in or between social strata in a society,0.5377797155800751,0.5355451245667971
2024,Spring,24282098,privileges in society ,to move up in social hierarchies ,0.5069122245918434,0.5131627078898717
2024,Spring,24397982,your status socially,being able to get around in a social aspect,0.637299040557019,0.4706993286373653
2024,Spring,24462447,a position that you hold in society,when you are be able to move up to a higher position,0.5170512442642039,0.2692596804279823
2024,Spring,24462447,a position that you hold in society,when you are able to move up to a higher position in society,0.5170512442642039,0.41752612856944343
2024,Spring,24084829,"It can identify what level you are, and how your life is",A person’s economic situation ,0.32902721948213765,0.3704036264840058
2024,Spring,24370091,"the social value of a person, what others see you, how much you earn with other factors combine",changing of social status or identity,0.47249378782887613,0.5079176481612493
2024,Spring,24064219,"Dependent on race, sexuality, and economic income.","The ability to move up the social ladder, perhaps getting a better job in the future.",0.292088903223831,0.46472671869019194
2024,Spring,24303494,"How people percieve me, even if they don't know me personally",the variety of people you can converse with no matter what,0.29570770805284896,0.31359785517260946
2024,Spring,24222336,Where you are in the society,How aware you are of your societu,0.4745244290478995,0.34706025469835455
2024,Spring,24281314,a position in which a person is in the society,being able to move up or down from where they are at,0.5194334515976253,0.29345234445519636
2024,Spring,24368493,wealth and impression,ability to change social class,0.434207153917424,0.5583881293862178
2024,Spring,23862456,It’s a social ladder or rank,Change in social status ,0.4953768770941069,0.5260359033170633
2024,Spring,24094904,TO BE POPULAR AMONGST PEOPLE,TO BE ABLE TO TRAVEL TO NEW PLACES FREELY,0.43391259959629314,0.27299760103845977
2024,Spring,24435809,how much money they have ,can you move from one social class to another ,0.29611370763471856,0.59986787632728
2024,Spring,24071327,how much money you have ,the ability to go from poor to middle class,0.17874347655764358,0.4953482379081287
2024,Spring,24071327,The amount of money you have,being able to gain more money ,0.23065772985895178,0.3292984481700232
2024,Spring,24403632,Social status is when you are comfortable to talk or communicate around other people ,"Social mobility is the movement of individuals, families, households or other categories of people within or between social strata in a society. ",0.6644136776460655,0.7905119261011606
2024,Spring,24447983,People who are confident in there own skin and are able to achive what they want without people putting a label on it,To be able to move around in a social status ,0.25180569862135227,0.558073594574863
2024,Spring,24165838,how much money you got and what color your skin is,idk,0.2356572242598287,0.06538818024994872
2024,Spring,24300915,Someone well known around campus or any particular area which requires socializing.,The way someone socializes with others.,0.3677869159657497,0.4138337608226111
2024,Spring,24306891,How you are perceived by the other members of your society and what benefits it grants.,to be able to move from one social status to another.,0.4940880516431682,0.5157419936876051
2024,Spring,24431649,"The social value the person contains whether it's friends, respect, etc.",The movement through social environment.,0.4683574887137167,0.5650064384072139
2024,Spring,24029323,"Society hierarchy ( low , middle and high ) ",How far you can change your status from being low to working hard to be at the top ,0.47974096134925265,0.350254360560371
2024,Spring,24426307,The social role an individual plays in society,The ability to socially interact and fit it in the social society,0.48371145540619603,0.47018877453394126
2024,Spring,24439597,"I define ""social status"" as how 'popular' you are in society. How many friends you have, etc. I think it's very different than socioeconomic status. ","I define ""social mobility"" as the way you can get along with people from different walks of life. In any room that you are in, you are somehow able to get around and make friends. ",0.7200222472411264,0.7763067047621464
2024,Spring,24426307,Social status is a social role an individual plays in a society,The ability of an individual to fit into a social status with ease,0.7297131616551419,0.5244928654821708
2024,Spring,24426307,Social status is the social role an individual plays in the society,It is the ability of an individual to fit into a social society with ease,0.7271695244986554,0.5002559303561723
2024,Spring,23923788,what place or rank a person is in compared to others.,the way a person can maneuver within society.,0.5061568768839589,0.47938210034514184
2024,Spring,23956707,The level of imprtance you have in different areas. It can be financial but it can also be based on authority like a boss.,When you are in a position are able to level up.,0.4421070131308809,0.2932791093508951
2024,Spring,24451799,How successful you are as a person,"being successful enough to comfortable do what you want,",0.34504667121704274,0.33696747616553685
2024,Spring,24275502,relations with other people ,movement in individuals,0.36850764147671977,0.371458706856839
2024,Spring,24299450,Social status is a role a person is born into ,Social mobility is how a person goes on with their life in their social status ,0.6344100335287395,0.7651868417183435
2024,Spring,24458868,How popular or known a person is.,A fast or how easy you can move up in the social ladder.,0.4371118729167765,0.49400313166697757
2024,Spring,24400980,"lower, middle and high class. ",your limits to oppurtunities ,0.3677814861266925,0.18746573656532087
2024,Spring,24483752,how society labels you,how far you can get in life,0.4315723910156182,0.23616685095961748
2024,Spring,24402780,Where someone is in life or there role ,There economic place,0.39761575573826546,0.3412524229298752
2024,Spring,24127957,"Social status isn't an important thing in this world. While it comes with a lot of privilege, you can have high social status and still be miserable on the inside, and vice versa.",I'm not sure how to describe that.,0.6215279674733908,0.16146641384597477
2024,Spring,24457443,a social status is a rank that an individual holds in a social hierarchy ,social mobility is a person’s socioeconomic situation ,0.7470142980350502,0.7482288886957948
2024,Spring,23601928,"Social groups, daily lifestyle and conveniences  associated with financial wellbeing",Ability to move across socioeconomic statuses in society,0.36094003409617575,0.6688909392967296
2024,Spring,24012097,level where u stand socially,how freely you are to socialize,0.45966985276630656,0.3811748083480169
2024,Spring,24041175,"Who you are in the society you live in be it economically, religiously, or academically.",How you navigate your social status in society I believe,0.3744607164780175,0.5639492371725383
2024,Spring,24035141,"Based on finances, socioeconomic status, etc","How well you adapt in society, and how much work to move up the social ladder.",0.3053701173313429,0.5170800695083492
2024,Spring,24134106,your importance in society ,the ability to move up and down in ranking of importance in society ,0.44860475055608073,0.4884238061102225
2024,Spring,24485127,Way you're viewed by society,I have never heard this term before,0.46584749123743313,0.20120295893188173
2024,Spring,24137719,A person's standing or importance in relation to others within society,An individual's ability to change their social status,0.6059478419046155,0.5320769768371654
2024,Spring,24108405,position or rank,movement ,0.35810009747850113,0.34071995330007815
2024,Spring,24328550,To me Social status is ranks within a society that lead you to different levels of privileges ,Social mobility is the ability of people to move up or down the social and economic ladder in a society.,0.7048911751615323,0.7816650312085663
2024,Spring,24199104,prestige and honor,Being able to move up or down in status in society,0.4076968780170601,0.5690541373710385
2024,Spring,24203891,How you are percieved in society,Your freedom in society,0.48262808134634994,0.3920534490767411
2024,Spring,24137296,"Social Status has to do with hierarchy and kind of like a latter in a sense and everyone is at different scales depending on money, race, etc ",Social mobility is a persons socio economic situation ,0.6769199374574136,0.7512560289516521
2024,Spring,24433008,I will define with the things that we wear that things that we have.,Being active ,0.30362114061250756,0.2587874321570317
2024,Spring,24022899,"the respect, honor, and money a person has in a society ",change in a persons social status,0.5205983536462537,0.5193317856438925
2024,Spring,23911077,wealth,being bale to change. move around,0.33454634335788036,0.16388548871357939
2024,Spring,23998986,the way you are labeled in society,the way you move in society,0.4953448866658991,0.5624892245777418
2024,Spring,24015870,healthy relationships ,being able to develop social relationships ,0.23554054557584925,0.3755763646014502
2024,Spring,24190789,How you are viewed in context of other groups by other groups.,Moving up and down the proverbial caste system.,0.4505616668540973,0.5144160565152239
2024,Spring,24278937,in the place that you have in society dependong the amount of money that you have,is the ability to move in the socila ladder,0.4858788782618397,0.361550079739336
2024,Spring,24108859,Someone's position in the society based on their social and economic situation. ,Upgrading to position that is better than the previous position. ,0.5881521362740536,0.25722426638477475
2024,Spring,24503132,Popularity and classism. ,How to navigate the social interactions of humans.,0.45170211851703335,0.37198924684668294
2024,Summer,24058221,more stability and more income to support family,Move from one social status to other,0.2965449255123209,0.5653401722365206
2024,Summer,23762347,"education, income, and occupation, determine someone's social status.", the movement of a person from one social status to another. ,0.6391927283420634,0.6344321208219281
2024,Summer,24174284,Social status is all about someone's income because based on how much money you hav epeopleperceive youa s better tha or less than ,Social mobility it's about what do you do with your life to move yourself up the social scale ladder. weather its going to college or building a business,0.619379514205535,0.6564729951028064
2024,Summer,24035127,How you and others view you in society ( the position you occupied),working hard and being resilient in the pursuit to be in a better or desired position in life,0.47967534033377907,0.31103459296007313
2024,Summer,24186614,How other view you,how many opportunities you are privileged to have.  ,0.28526333711776053,0.32016283685112706
2024,Summer,23492929,wealth and social connections,the movement within your social class,0.4496178894463472,0.6164884369619659
2024,Summer,23492929,wealth and social connections,moving up social class,0.4496178894463472,0.5617752178731851
2024,Summer,24343964,one's position in society ,one's ability to move up in rank,0.5502313836637429,0.3496036102228945
2024,Summer,24343964,One's position in society where its economically/socially ,one's ability to move up 'rank',0.59447123307522,0.33941095730145476
2024,Summer,24029739,A social value an individual has,How an individual's status can change,0.4905432697184851,0.3980881314523985
2024,Summer,24172407,,s,0.0,0.13229631532879613
2024,Summer,24029739,social status is the social value individuals have,social mobility is the social status individuals change through,0.7151842933311534,0.7380101789596119
2024,Summer,23466128,I define social status as the personal connections one makes to enable them to advance in their career and become more successful,The ability to move up the social ladder,0.7383720850810533,0.5308818485751223
2024,Fall,24572491,"how society views you, the subconscious expectations they have for you that may influence how they view/treat you. your ""category"" in their eyes",moving from one social status to another,0.43627894346721946,0.5676048030310458
2024,Fall,24591274,One's position in society.,One's ability to climb the social ladder.,0.5330263122144632,0.45313539106186085
2024,Fall,24177726,"I would define ""social status"" as your salary range and financial situation, and how well you are capable of taking care of yourself and those around you properly.","I would define ""social mobility"" as the ability to move up or down the social ladder, improving or declining based on education, networking, or other economic opportunities.",0.6986116103533939,0.775802760149808
2024,Fall,24352349,"Mostly by economic background, their families background like what occupation they've held ",Improving your social status ,0.32052440083809086,0.4519330381575517
2024,Fall,24567190,"A person's rank in society which can be based on several factors such as education, wealth, job, or connections. It can reflect how they are seen or treated by other memebrs of their community. ","This term refers to the ability of people to move up in social status. This too can be influenced by different factors such as job, connections, education, or yearly salary. ",0.5819955014180915,0.638865905005858
2024,Fall,24547711,a rank that an individual holds in the society.,the movement of a particular person from one social status to another,0.5640871231319942,0.6530388940054913
2024,Fall,24209825,One's position (usually economic) compared to others in society.,The ability of someone to increase their economic status.,0.5393144343855418,0.4814540256621876
2024,Fall,24177726,"Social status can be defined as how well off you are and how you fit into modern society. It's about whether you are contributing and succeeding in the context of your community and broader social environment. This includes factors like your financial situation, your role in society, and how others perceive your contributions and achievements.","Social mobility can be defined as the ability of an individual or group to move up or down the social ladder. It reflects changes in a person's social status relative to their starting point, often influenced by factors like education, career opportunities, and economic conditions. ",0.7646570342261448,0.8014113213533356
2024,Fall,24138816,Social hierarchy and/or the level of prestige you have in society. ,The amount of space you have to move up a ladder on social status ,0.5473426299314252,0.5126745363010413
2024,Fall,24138816,The prestige you have in society ,The ladder that you can increase within society ,0.5196959595926574,0.42237491870070215
2024,Fall,24241184,"how ""popular"" you are and if you have friends",adapting to changing statuses,0.30045225889110944,0.29897842697533883
2024,Fall,24132676,Social class / achieved status a person chooses or earns with their own efforts ,When you move up a social status ,0.5899624650610931,0.5107895468526668
2024,Fall,24297026,ones position in the socioeconomic hierarchy,the ability to gain more financil freedom,0.5941936474092773,0.3084012468510454
2024,Fall,24547201,Social status is basically what's in the name to me it means being social. Growing and opening yourself up to many different people and ideas.,Social mobility would be where a person current social status is being placed whether its high or low.,0.6219482536178698,0.7199817381538883
2024,Fall,24284425,your standing in life and you can always change it later on life,income ,0.4278344553502395,0.3014143013671233
2024,Fall,24576289,Economic standing in comparison to others.,"The process of changing economic status, usually augmenting it.",0.4867535795815756,0.471213929808382
2024,Fall,24625313,"Social status relates to what social conventions dictates in a society. It can be related to family, race, or financial aspects.",Social Mobility relates to the ability members of a society have to navigate across certain society layers.,0.741639956778033,0.7260237322556296
2024,Fall,24433407,An individuals standing in a social environment or society as a whole,A persons ability to adjust their social status,0.47339059896059227,0.5438144143834185
2024,Fall,24549338,A term that was given to you by society to describe your role and value.,Moving between social statuses,0.45868573927083367,0.5638161762777261
2024,Fall,24383512,The honor attached to a person,How well a person can climb the ranks of social status,0.46204303314765,0.48235370536849415
2024,Fall,24521327,how known you are in your community or how people perceive you ,how much you get around,0.42915632612295335,0.21478714248827235
2024,Fall,24521327,someones representation,someone who gets around ,0.1879242888023774,0.3132908216837338
2024,Fall,24492143,"Social status is a person's rank or position in society, based on things like wealth, job, and education, which affects how they are treated and what opportunities they have.","Social mobility is the ability to move up or down in social rank, usually through changes in income, education, or job.",0.7757526423729828,0.7829475461897685
2024,Fall,24044589,"A tag gave to individuals according to their education, monetary situation, influences etc ",The monetary hierarchy ,0.3868322011621787,0.2592593422542732
2024,Fall,24420262,economic status,how much social you can be ,0.531508202694885,0.3916403647311499
2024,Fall,24545381,place in society financially and class/rank,how easily someone can change their social status ,0.5813439767607023,0.45156089925909754
2024,Fall,24545381,where someone stands class wise in society ,if the person can move up or down the social ladder in class,0.585185327117998,0.5803885009678198
2024,Fall,23980174,how many followers you have,influence people to takeactions,0.18462839326551692,0.26072699270877164
2024,Fall,24569864,Where financial and power level people are at comparing with others,The possibility of moving up and down in social status,0.4697980376105062,0.5685503253387753
2024,Fall,24396125,social class ,how well your able to interact with people from different social classes,0.5529836802115361,0.44571815318651387
2024,Fall,24532176,Social standing,Ability to change status in a society,0.5710110320081632,0.5110533719116038
2024,Fall,24605226,amount of social connections and economic ability,ability to change social status,0.506676829343397,0.4968528588741138
2024,Fall,24417277,I'll define it as rank.,Being free as a bird,0.42227364680460233,0.17475638366034763
2024,Fall,24417277,ranks,economic status,0.3530812130585506,0.4374681992759626
2024,Fall,24427737,social status is how high in regards you hold someone based on personal value.,movement between social classes,0.6932308187021262,0.690065236312478
2024,Fall,23490894,level of social value,when you move your social status,0.5375561832610063,0.515017179752188
2024,Fall,23911725,financial situation ,how do you scalate,0.26103440880083245,0.12105387367042818
2024,Fall,24339573,How highly others think of you,Ability to move economic brackets,0.4457757513769438,0.3472578947871043
2024,Fall,24174433,"I would define it as in what level you are in life like poor, mid income, wealthy ",It means social classes ,0.4745040924655713,0.48926648042830745
2024,Fall,24413374,Where you quality or are placed when relating with other people,"The ability to ""move up and down the social ladder"". Gain familiarity and likeliness and lose it too.",0.4024357380490057,0.4539513341822163
2024,Fall,24535497,Popularity,Being able to be in different groups,0.3563083366766765,0.40890404183204826
2024,Fall,24523112,"Social status is a sort of gauge of how comfortable someones life is, whether it be financially, socially or physically.",Social Mobility is the change of ones own lifestyle.,0.7366043593426262,0.7157150436999835
2024,Fall,24307591,"How you compare to people in terms of education, wealth, and possessions.",How well you are able to move up in social status,0.4153581608016033,0.5236168684582464
2024,Fall,24417277,someone who's in a higher rank?,"eurm, someone who's socially free?",0.31615443190415404,0.30757771334341305
2024,Fall,24522682,Sometimes is depicted as popularity but I see it as a persons background in society,the ability to make a movement in society,0.42205474369922036,0.46872198695088146
2024,Fall,24397357,Social status is basically the position or rank a person holds within a society or a specific social group,"Social mobility refers to the ability of someone, people, different groups and families to move up or move down the social or economic ladder in society   ",0.7628225526366712,0.7913707628897511
2024,Fall,24413374,your level in relation to other people in the world,your ability to become more or less superior in comparison to other people,0.43796736985915335,0.36153121260722415
2024,Fall,24512263,"The social value of a person, their competence and respect that are given to them and others which determines their overall place in society","How people are able to move up or down the social ladder in terms of social, economic, moral and educational standards",0.5775209906346574,0.5898415505347087
2024,Fall,24529122,A title that you have based on what you do and earn ,The ability to move up or down within social status ladders,0.35014945156164357,0.5597306566457502
2024,Fall,24529122,The class you are in based on money and job,The ability to move up or down the social classes,0.4024590814160648,0.6177007535147014
2024,Fall,24599794,a person's importance in society and how well regarded a person is,"the ability to change the your ""standing""/importance within society ",0.5568744081933041,0.4357528065207043
2024,Fall,23964685,an individuals position within a society that influences their day to day experience in a good or bad way,how well someone maneuvers amongst different kinds of people of different types of backgrounds,0.4700301206264974,0.4010452901257522
2024,Fall,24315404,How the greater population of people perceive you.,Moving past how people perceive you initially,0.4172636684193682,0.2475940083318537
2024,Fall,24448169,Social status to me is the extent of which you're able to access and experience due to salary or recognition.,Social mobility is the ability to adapt to different environments and succeed while doing so.,0.7176541831036125,0.7344578012148416
2024,Fall,24578700,"The social standing of a person, his place in society. Financially, relationship, intelligence, success.","The ability of an individual to ""move up or down the ladder"" of society.",0.5292031039728171,0.5565045480860717
2024,Fall,24578700,"A person's standing in society. Financially, socially, relationship-wise and in competency.",An individual's ability to change his own social standing.,0.5508295642356625,0.4829975415828266
2024,Fall,24592340,How society views you as a person,the ability to move up or down the social ranks,0.45140337247188744,0.5363587224530522
2024,Fall,24526118,I don't really care.,,0.12791359547260323,0.0
2024,Fall,24152934,"Social status is a person's position or rank in a group or society, often based on factors like wealth, job, or family background.",Social mobility is the ability to move up or down in social status or class within a society.,0.7760488611937362,0.7794556788839831
2024,Fall,24094908,"I understand the social status is based on the live quantity that you have so far. Like low, middle, and high class and the social status will have change during the time maybe with better salary.",I would said from the original social status to the next social status.,0.6606635796686082,0.4977687877209976
2024,Fall,24477003,to me it means how you stand in society it self,social mobility is moving up or down,0.48476615270183004,0.6960536350661104
2024,Fall,24550553,It is a fashion of the world,I think that is a different social class.,0.159343965833742,0.4269660946145129
2024,Fall,24297026,ones place in a society in terms of the people they interact with at a certain economic positon,the ability to move to a higher or lower socioeconomic status,0.5229662008323208,0.613338755271887
2024,Fall,24592340,The amount of value society gives you,the ability to gain more or lose more value to society,0.45104832995470223,0.4052747653941862
2024,Fall,24594837,A place in society that is usually categorized or goes together with class,Being able to move around in terms of social status,0.4734149572046592,0.6362519362615887
2024,Fall,24586060,"Salary group, class",ability to move up in class/salary,0.33887049466478036,0.41681708207209606
2024,Fall,24504058,where you're placed on society hierarchy ,Social Mobility is like when you change your status from one class to another,0.5767937686093618,0.7228590642346389
2024,Fall,24283815,A person's importance in society,the movement from one social status to another,0.4847993080942943,0.6445296358480525
2024,Fall,24620851,The position occupied by a person and their social group in the stratified society.,moving up the social ladder,0.5632385124696738,0.5117904638378932
2024,Fall,24620851,one's  social standing in a stratified society,Moving upthe social ladder ,0.6027750929051225,0.5083327411833696
2024,Fall,24488502,"social status for me means where you come from, meaning how much money you grew up with.",How someone can make more money and grow financially ,0.6726563916909016,0.21577061087513347
2024,Fall,24318339,how people see you and. how important to them is your opinion,whether you can become more or less important to people.,0.4210206691104908,0.3810321399616543
2024,Fall,24265992,where one stands in the society,how far along one moves on the social ladder,0.5332019608267118,0.48780715957904247
2024,Fall,24542217,Social status is a coined concept for how a person is perceived or may perceive themselves amongst society based on overall wealth,Social mobility may be a scale for how well a person is able to change their social status.,0.733587161289168,0.6563748143353
2024,Fall,24232303,One's position and title in society. ,The change in one's social status. ,0.5512057166345885,0.48203333576996826
2024,Fall,24525200,I define social status as as place in a societal hierarchy. The societal hierarchy is based on the rank people have.  ,I define the term social mobility as the ability to be able to move from one rank to another. ,0.7323280438241793,0.68479749025445
2024,Fall,24592462,"Lower class, Middle class, High class, economic status",The ability to progress to a higher economic status.,0.516343432308681,0.48297936365628624
2024,Fall,23262772,The impact that what I do or say has in my society (that is the one I belong to). ,The ability to move through different social statuses.,0.47131577940325753,0.5836758088483882
2024,Fall,24558267,your place on the social hierarchy which determines your set salary or income and what type of life you will experience ahead.,How much your able to change and adapt your social status,0.5303269913658625,0.5072957279305211
2024,Fall,24445449,Social status refers to the position or rank of an individual within a social hierarchy. ,"Social mobility refers to the ability of individuals or groups to move within the social hierarchy, which can involve changes in economic status, education level, or occupational position. It reflects the degree to which people can improve",0.7626880034128701,0.8116001818080705
2024,Fall,24448240,the place where you were born and difine economically ,the ability to move from your social status ,0.26930485040569685,0.5859707575454783
2024,Fall,24318443,"income, education and family background",change ones social status to another,0.41268011829546225,0.4625588919766714
2024,Fall,24365015,it's how a person stands against the group higher or lower than them.,being able to change their class status,0.2921862651201083,0.29321953851516896
2024,Fall,24375857,how ur viewed socially,how you move in social settings ,0.3743256329718522,0.5216761272199919
2024,Fall,24387825,I define it as the way society views you/ where you stand in it. ,"Social mobility is the changing your social status, so you can either move up or down in the ""social hierarchy"".",0.47925012607708045,0.7324826311011826
2024,Fall,24314307,a person's level of importance to society,rhe movement between classes,0.548266834502775,0.332074387294381
2024,Fall,24067690,Having friends and connections,Being able to jump around in terms of friend/connection groups,0.3951359360638551,0.38105823934548533
2024,Fall,24525664,Is the type of life that you have ,not sure ,0.23751707041407338,0.04574655725859804
2024,Fall,23965625,How successful you are,The ability to be better,0.21755685500535285,0.21928245550683279
2024,Fall,24066764,Where a persons stands in society.,Ones personal gain or lose. Going up or down.,0.5787342231519987,0.22820073336983102
2024,Fall,24318443,social status is your status in society define by wealth and background,you can adjust your social status and move up like a ladder into different status,0.7358923334557553,0.4788094981829201
2024,Fall,24544204,Social status is your place in society like middle class or lower class.,Being able to move to and from different social classes,0.7124740552695585,0.6468967238115613
2024,Fall,24553273,"The way I understand it, your social class coinsides with the amount of money you make and the community you live in..",I believe that social mobility is the ability to rise or fall in your social status.,0.5426738804444796,0.7350019240639559
2024,Fall,24432912,Social status is how significant a rank that a person holds in society.,This is when a person moves up the social status ladder.,0.7482833710106208,0.5282905103783361
2024,Fall,24558267,the amount of money you make and your position or standing within society,how fast or effectively you can move between social classes or statuses,0.5140859913619353,0.5913728821951886
2024,Fall,24544666,Idk,How well you interact with others,0.08406504358129643,0.285885449851351
2024,Fall,23790458,not sure,not sure,0.06656313169055385,0.04574655725859804
2024,Fall,24450059,Socialy,Being social everywhere,0.38108156335504795,0.39628535270797427
2024,Spring,23943536,A persons importance compared to other people,Due to your social status you can either move up or down,0.46460713047321495,0.4633587468344707
2024,Spring,24058480,"My power, perception, and standing in society",My ability to improve or lessen my “worth” according to our society,0.43985103118951974,0.39127702898569294
2024,Spring,23407957,amount of income,ability to change the social status of a person,0.21584208034085442,0.5141725663902798
2024,Spring,24385355,"how people view you, and at what social rank you are at (like socioeconomics)",ability to move up or just move in general within your social status,0.5804707681073196,0.570306729951699
2024,Spring,24439553,A persons background or status in a society,change in relationships,0.5634901028289866,0.23801363915311505
2024,Spring,23875531,"I define the term social status with one’s income level. I don’t want to define it as anything, we’re all here temporarily. But I have observed that those green papers and bank cards are what people either long for, actively chase, or mount themselves on. As people do their thing, society ranks them as low, average joe, or high. Then depending on the persons character, one chooses whether they will/how they will interact with someone if the same or lower “status”. Apologies, I am probably yapping and all that was important was the first sentence.",Definitely subjective because of unique circumstances. But I define the term as how much of a change you can make to your societal standing.,0.6650213311581452,0.36293662365744267
2024,Spring,24038137,Your wealth and the amount of people that look up to you/respect you for certain attributes,Being able to move around the social hierarchy,0.4694998169205539,0.5589266847982478
2024,Spring,24151021,importance of you in the society,movement of social status,0.45005653461297057,0.6667644306245736
2024,Spring,23967011,The social state where someone stands socially meaning how they are in social life,"Social mobility is the capacity for individuals or groups to transition within societal hierarchies, typically reflecting movements in socioeconomic status.",0.5793264766468055,0.7909551154513871
2024,Spring,24264044,Social status can be define as how standard your job/career is.,"change in a person's socio-economic situation, either in relation to their parents",0.7107953237514248,0.4935830626565952
2024,Spring,23720336,The prestige or respect one might have in society.,The ability to move in a social hierarchy.,0.5281300772788562,0.5364833142771792
2024,Spring,24273264,Social status to me is how other people perceive you based on your success and sociability.,People who are adaptable to different social settings,0.7125203529260509,0.4001994382753443
2024,Spring,24058754,Social status is the position in society. I most relate this to class in my head.,Social mobility is the ability to change class (upward mobility),0.7091867053768985,0.7330150315212551
2024,Spring,24130631,"Social status depends on how well your liked within your community. You’re being ranked on your education, job, salary, assets, and etc.",Social mobility is the way in which you move up the social ladder. Sort of like a child moving from the children’s table to eat lunch to the adult table. Or wen children who have grown up stop holing themselves in their rooms and instead come to join the family function.,0.6855290955171114,0.7846387905536234
2024,Spring,24023890,A rank or position that someone holds in society or in a group,Someone improving their social status,0.5649752166660621,0.4460840513437106
2024,Spring,23844633,"Social status, for me, refers to your economic status along with the level of recognition you have within your field of work",Social mobility refers to a person's ability to move up within society/climb the social laterresulting in experiencing an improvement in their social status,0.7311445465549952,0.7460670364380676
2024,Spring,24184079,Where you place in Society.,Don’t know,0.5285155435531451,0.07104848216526909
2024,Spring,23990732,mid to lower class,that there is no concrete social status,0.3648870944205216,0.48354989189441855
2024,Spring,14096885,"Social status is determined by our socio-economic background, intersectionally  affected by race or gender",The ability to move up in the social ladder,0.6262959514988906,0.5434762616517581
2024,Spring,24421928,Status in society,Flexibility,0.656021181346051,0.16439443466218254
2024,Spring,24450488,"social status is how you are defined based on income, education, work",Social mobility is being able to move either up or down the social ladder.,0.6923143301088353,0.7435697679652221
2024,Spring,24212435,Defined by the way people perceive you based on the qualities you have,The ability to change your social status,0.4101776090057685,0.46875340241726093
2024,Spring,24308217,Socioeconomic,Upward avility,0.5314219118371799,0.230384781800739
2024,Spring,24151021,social status is the importance or contribution for the society,movement of social status,0.6996030905889812,0.6667644306245736
2024,Spring,23259244,Income bracket/social standing within society,Ability to change social status,0.5676289861529185,0.4968528588741138
2024,Spring,24108457,ones place on the social ladder and society,The ability to move through the social ladder,0.622480572403915,0.5805559616699291
2024,Spring,24405762,knowing there's people whose popular and whose not based on what they do,moving in a higher position in your career,0.39748261688073416,0.3400840219273638
2024,Spring,14095746,"The level of wealth, success, social group you’re in.",Easily accessible,0.4872986231806316,0.15534751362406418
2024,Spring,23845445,Economic status,Moving up social ladder,0.531508202694885,0.5014930709424905
2024,Spring,23959728,"social status is based on perception. it is where others think we belong based on outward appearance, assumed financial status and job titles.","how succesfully people can move from one ""tier"" of society into another.",0.7098419499874907,0.5271561581570644
2024,Spring,24204144,Your position in life,The ability to change your status,0.30495723627242366,0.3098738413103392
2024,Spring,24010924,social mobidlity- socioeconomic status,ability to move up and down the socioeconomic ladder,0.5956683918062142,0.5871329386594333
2024,Spring,24161789,Social in big groups,Can switch to multiple groups,0.40949446551236424,0.20949904820612208
2024,Spring,24042890,"Where you are on the social hierarchy. Meaning, if you are poor, middle class or rich",The ability to move up the social hierarchy,0.5578663894794338,0.515536208094604
2024,Spring,23141159,Social status is your position in the society. How people of the society perceive you and what range of influence you have on people due to their perception.,change of social status,0.7440134189728931,0.5255982264104775
2024,Spring,24051319,The class someone is born into,The class you can work your way into,0.40981092860777873,0.2824305925681662
2024,Spring,24161789,Status based on Level of achievements,"Being active in social setting, events , with people",0.4718346368320754,0.36693121389174843
2024,Spring,16046772,Wealth and influence in social circles,The capacity to increase/decrease in wealth and social influence,0.46969177534659406,0.4492007170679607
2024,Spring,24105167,your position in a social environment,moving positions in a social environment,0.4764281343468001,0.4254258896954825
2024,Spring,23789014,Where one stands in the cultural hierarchy of their peers.,The ability to move up in that hierarchy,0.548750554923946,0.3856680926098895
2024,Spring,23644150,Position that one holds within the society,Ability of individuals to move up or down in the hierarchy,0.5493036721998041,0.4253458352904073
2024,Spring,24007183,"Your social class based on income/where you live etc (upper, middle, lower)",being able to move between the social class (going from lower to mid or vice versa),0.49970231986828034,0.6276107365153186
2024,Spring,13010232,"Achieved status, position in society",Ability of chnage in social/economic situation,0.6038810407250239,0.46620489766676926
2024,Spring,24180078,Finacial stability level,social status level,0.1924849344800632,0.5054128354798477
2024,Spring,23812213,Level of financial independence,Changing your social Status,0.2844106397751264,0.429350784343808
2024,Spring,24155283,not sure,not sure,0.06656313169055385,0.04574655725859804
2024,Spring,23742524,Ur economic and social standing,Ability to move between classes and just living better lives than ur parent,0.5340779369204356,0.3997127231748893
2024,Spring,24492127,How you are viewed in society and where on the “Social Ladder”,How you are able to move up and even down the social ladder,0.6065774220902462,0.5612705138119055
2024,Spring,24165920,I’m assuming it’s based on money.   Financial class,Being able to jump from one economic position to another,0.357602050544269,0.45999399811499747
2024,Spring,24019656,Value respect,Change in selj,0.32969796492957276,0.1254461331676166
2024,Spring,24281007,"who you are to other people, what you present yourself as in society based on social skills and assets",how well you can move through social class/circles.,0.5052780500207426,0.5808761578216625
2024,Spring,24266217,a person's standing or importance in relation to other people within a society,"Social mobility refers to the movement of individuals, families, or groups within or between social strata or classes in a society.",0.6035552677305533,0.7949689179119899
2024,Spring,24159994,Income,Movement on individual family,0.2897251771107509,0.4026716067615441
2024,Spring,23918172,Rank based by area you live and how much you get paid,Being able to receive higher pay when doing jobs. Start from less and moving higher,0.3114657293934364,0.38010487996735925
2024,Spring,24434830,"The value a person has, and doors to move forwards to get closer to their goals.",The ability to by socialy active,0.3599485123417728,0.34792699923594494
2024,Spring,23519810,The status that you are either born into or become apart of.,The ability to change social status,0.5569050256092091,0.5209948207982351
2024,Spring,24339096,It’s a pyramid of your salary compared to the rest of those around you.,Obtaining a higher paying job and moving up the social latter,0.33669762213363713,0.4567350896219961
2024,Spring,23638291,"This is more of a mental thing ""social staus"" is here you deem yourself to be in the world",having the opportunity to explore and move to different social groups,0.5192320606265547,0.47838169654414575
2024,Spring,24190528,Rank in the social hierarchy,movement between the social ladder,0.5916353737442805,0.601365519079478
2024,Spring,24414230,Your relevance in society and the amount of assets you possess,Moving up in society,0.4436833458165876,0.47184837005767144
2024,Spring,15209800,Socio-economic standing in society,"Ability to move up or down the societal ladder socially , financially or opportunity wise",0.6153056635681085,0.5202596023003137
2024,Spring,24277251,How others view you in society compared to how you view yourself,Your level of cohesion in society,0.4168119940835971,0.4603810887583067
2024,Spring,23901652,Place in society,A person ability to move up or down socially,0.5072086474310081,0.5155149091842213
2024,Spring,24220575,persons place in the economic landscape,the ability to move your economic status,0.3513918753512671,0.515991594379503
2024,Spring,24159173,A group you’re bonded with in society due to certain circumstances and factors,Moving up in status,0.4125434037836387,0.31490811548861775
2024,Spring,24271463,where you stand in a community or society,being able to move up in society,0.45622103774691336,0.4978125517421549
2024,Spring,24190506,Your status among groups of people,Ability to talk to various people in various places,0.5620505373724272,0.27414257646227264
2024,Spring,24283581,"A person's position in a social hierarchy, determined by their honor or reputation, comprises their rights, responsibilities, and way of life. This is known as their social rank.",It's a movement of people between social classes within a society.,0.6449583224658206,0.6272695990423909
2024,Spring,24514062,basically how you are view as a person and your income,the ability to change your social status,0.44512923677966515,0.46875340241726093
2024,Spring,24399006,"Traveling, learning new things & meeting New people with a bigger statues than you.",Learning new things.,0.2500939277245051,0.1947890727232616
2024,Spring,24329530,social status to me is more like a hierarchy,social mobility is more like a motivation to make a change,0.60457989022756,0.6074830697993986
2024,Spring,24292381,social status is term that defines your position in a society when you stand in the social pyramids. Also it defines your class to the society and important of person you are to the people around you.,social mobility is the action you take among your family and people around you with the advantage you have with your capabilities.,0.7598970491190713,0.7630748143658167
2024,Spring,24108184,Social status is where you see yourself in society and where you stand,Social mobility is the change is a persons social economic status,0.7172335323484732,0.7543260263423672
2024,Spring,23930826,Standing of importance in society,Equality of opportunity,0.5436066900818659,0.3866055345545929
2024,Spring,24402127,your value in society.,Your ability to do something in society.,0.42511526636513985,0.39134357172783074
2024,Spring,23998101,"In the form of a hoarse y where the most liked people are at the top and least liked are at the bottom,",The ability to comfortably interact with people in any given social situation,0.2890552950383025,0.36005478686876485
2024,Spring,23589849,Ex. Middle Class,Moving up in a company,0.34701729178535157,0.326906835052283
2024,Spring,23501452,Money,Making or not making money,0.23583473351748727,0.18919942653468386
2024,Spring,24311671,Social status is how you are viewed within the social community,Social mobility would be how you manage your social interactions,0.7023834021906605,0.6639816322969738
2024,Spring,24354092,where one falls in terms of society,how you’re able to move around socially,0.5172694449477977,0.4391251717859095
2024,Spring,24061877,Relationships,Unsure,0.32019928482325816,0.022480303356070735
2024,Spring,24083173,I would define it as how many you talk to and how many people actually know you would be a factor,How well you can either start and maintain a conversation,0.38786943102453486,0.1871054937737528
2024,Spring,24164226,How you spear to others or does your name speak volume,Your drive,0.19276107197210707,0.1768759405543725
2024,Spring,24177950,Depends on how you are living. If you are living comfortable or worried about expenses.,How you can go up or down on your social status,0.13004566973769421,0.4357468890170805
2024,Spring,23992708,social status equates prestige to me.,social mobility is the movement from one social status to another,0.541248717511492,0.7669261770467511
2024,Spring,24138816,The economic and financial outlook the rest of the world has on you. A class system used to determine your wealth.,To move up social status,0.4467452346739603,0.5091938426225496
2024,Spring,24276405,"Social status is where you are socially, popular, well liked etc",Social mobility would be the movement of individuals or family and what advantages they have socially,0.7194659801344625,0.7456720018647067
2024,Spring,24036436,The position in the social group,N/a,0.5332751329787542,0.0703969196692302
2024,Spring,24295335,Important,Power,0.2596459337786033,0.17451118540914795
2024,Spring,24316982,The amount of social capital someone has,Being able to move between social classes. Often if one starts out from a poor background and become wealthy and successful as an adult that is social mobility.,0.5069718216710871,0.7326440624598697
2024,Spring,24573905,Your social and economical standing in society,Being able to move to different social standings,0.5817736436777895,0.5979656260624003
2024,Spring,24285071,the level in the society that you are on,i don't know,0.5086440150501765,0.0934119877090152
2024,Spring,24177677,I would say “social status” relates to how many friends you have and your ability to make friends.,Social mobility is also about your ability to make friends.,0.6999593414105907,0.627424795334274
2024,Spring,24243440,Not sure,Not sure,0.06656313169055385,0.04574655725859804
2024,Spring,24164421,The amount of wealth you have. But to me it's the knowledge you possess,To have the flexibility to relocate,0.30191870976820057,0.31589977925498985
2024,Spring,24135624,Money and power,Meeting with others,0.3113236857961338,0.25234695583688427
2024,Spring,23749620,how others see you,Competency,0.36074222914609233,0.20255220246465944
2024,Spring,24195835,"A standard met in a spectrum including economic, social, and occupational status",The ability to change social status.,0.48233570344038196,0.4878947850116064
2024,Spring,24197548,Rank or position in society,Shift of status,0.6113093679278209,0.30010740816699677
2024,Spring,24133341,It describes the social value or social role an individual has in society.,Moving up or down the social ladder in terms of the core social value or social role they have.,0.5559867378862693,0.5724965444360258
2024,Spring,24167922,"social status is something a person is considered to possess. Such as wealth, and knowledge someone has",Having the freedom to move house to house without anemone problems,0.7330481515633382,0.32779551764533443
2024,Spring,23542338,It is your placement and importance to society,"It’s the ability to move up the ladder in status, including economically.",0.49576352054024453,0.47437716908045
2024,Spring,24064678,Social status refers to the relative position  that an individual or group holds within a society.,Social mobility refers to the ability of individuals or groups to move within different social positions in a society's hierarchy,0.7562309885285251,0.7635404418845688
2024,Spring,23944631,Influential power and wealth,Functioning,0.42774838499459544,0.15991185412706874
2024,Spring,24266856,ones position within society.,]social classes,0.5189442797723702,0.4971450625290792
2024,Spring,24416173,Social hierarchy,Moving up social ladder,0.522209103249542,0.5014930709424905
2024,Spring,23936292,The economic standpoint a person is at,The ability to better yourself financially and intellectually,0.3189685833805388,0.31955595949435944
2024,Spring,23835284,to a rank or position that one holds in a group,Social mobility is the ability of people to move up or down a social ladder.,0.47187619527385155,0.766517664424566
2024,Spring,24042459,It is the stage you find yourself with within society,I believe is the professional and economic growth a person achieve when it comes to social status,0.42021600842946205,0.4932170392381467
2024,Spring,24211957,the level someone is in the socioeconomic spectrum,what people do in order to move up in socioeconomic status,0.5511185031547619,0.5652897523860685
2024,Spring,23917200,Wealth and promote to it,Na,0.34506056210687897,0.041135825337488864
2024,Spring,24062359,A social value people possess,Ability to move up or down the social scale in a society,0.4890364279477908,0.610640751190855
2024,Spring,23956823,"Something fluid, we as humans change everyday that goes for our social status as well.","Climbing up the ladder of advantages and opportunities, the higher you are the more you have that others don't.",0.38276798718371746,0.416938478365946
2024,Spring,24571979,Someone’s perceived standing or importance in relation to other people within their society,The ability to meaningfully increase or decrease your social status throughout your life,0.6179496344717338,0.48539656219800253
2024,Spring,24453023,Social status to me is when someone lives a more prestigious lifestyle,I see it as a way for someone to change their social status,0.6754389498312016,0.37877705512364646
2024,Spring,24107204,Your standing in varying array of social groups,Your ability to transition between groups,0.48844748848820446,0.4045336719401648
2024,Spring,24135785,The term social status considers people’s identities and how they impact how they navigate life. It is a form of classing them based on their socioeconomic circumstances.,Social mobility means climbing the social ladder so that someone can have access to new and better resources/privileges,0.7526182818668795,0.7309783898033634
2024,Spring,24378063,Your position in the community,The status’ movement of the individuals,0.38681550523927943,0.5643525432594587
2024,Spring,24419686,Your social value,"Social mobility is the movement of people, families or groups can move through a social system",0.4985691061626595,0.7562310421727054
2024,Spring,23918902,"One’s charisma, income and intelligence",Changing one’s social status to a higher or lower one,0.3849030097453906,0.48188408703082236
2024,Spring,23164108,Your placement in society.,The ability to increase the financial ladder. From maybe lower middle class to upper middle class.,0.5063940181556634,0.45572377535322833
2024,Spring,23961355,Having good communication skills.,Being able to network and knowing where to find resources.,0.3232713557008199,0.2808181488560978
2024,Spring,24159783,Social Status is where you stand in society financially and what opportunities you have available to you because of it.,Social Mobility it’s the ability to move up in class,0.7331934135098969,0.6671972730802838
2024,Spring,16119360,How your peers and society views you.,The ability to move from poverty to middle class and above,0.446905400341112,0.5092982830624334
2024,Spring,24330289,a person's position in the social hierarchy,moving up the social ladder,0.6157363821917361,0.5117904638378932
2024,Spring,24434919,Money,The way your able to maneuver regardless of your social standing,0.23583473351748727,0.4569361629109136
2024,Spring,24408079,Social status is in someway what tells you apart from someone else kind of like a measurement of how much you even make I guess,I don’t understand this term honesty speaking,0.6725724334579577,0.1646458030843323
2024,Spring,24163541,How well you’re known,How well you can get around different social groups,0.33090580396088876,0.47927065984034917
2024,Spring,24426363,"To me I would be where in are consider by others in a status. Do you make more money than others, stuff like that.","Moving status, I'm not too sure what social mobility truly means.",0.5743066313512102,0.6576943891267529
2024,Spring,24423705,"The rank that an individual holds, with attendant rights, duties, and lifestyle is. when people pick the people they want to hang with",How people grow socially,0.5449205872894126,0.43536839626464163
2024,Spring,24099058,"The position that you are in socio-economically, with intersections based on characteristics that may cause discrimination?",Being able to change socio-economic brackets,0.4431880602500789,0.5172851066835691
2024,Spring,24441996,The value a person has in society,The idea that a person can vary in social status,0.4510054011994189,0.5405144864367787
2024,Spring,24072781,Social status is the amount of money and power someone can wield in life.,You can move up the social ladder,0.7176378806365974,0.480691904311735
2024,Spring,24281158,"Rank in society, mostly in class",How someone changes their socio-economic status,0.603297419453459,0.5263970445640853
2024,Spring,24452008,I understand it as someone's position in society.,I understand it as someone going from one position to another in society.,0.46420534664536234,0.490614886263211
2024,Spring,24307886,where you stand in society,unsure,0.47361989221266043,0.022480303356070735
2024,Spring,24298202,"I would define social status as a position one is in. This could be in a big group of pepple, jobs, etc.",Social mobility to me is the change one faces within their own family. One can gain a very high tier job and someone in our family still working for a very low tier company.,0.7352517282828814,0.7551210515689629
2024,Spring,24277702,The position where someone stands within a group or society.,The ability that someone has when they are able to change their ranking in a group or society,0.45287162900441325,0.4352331660427586
2024,Spring,24441996,I would define social status as the way in which a society views you,The shift in one's social status,0.7292990287078864,0.5471324633606245
2024,Spring,24246043,popularity,not sure,0.3563083366766765,0.04574655725859804
2024,Spring,24181888,Social status is the position you are in society.,Social mobility to my understanding is when a person moves from one social status to another.,0.7214446504476109,0.7322405690214984
2024,Spring,24084829,"It can identify what level you are, and how your life is",A person’s economic situation,0.32902721948213765,0.3704036264840058
2024,Spring,24346643,A label given to you to try and generalize what type of person you are based on what you contribute to society,being able to socialize well with other people in society,0.3944715952739245,0.4316331633972469
2024,Spring,24346245,category people are perceived as based on income,i don’t know,0.4298410128965449,0.07856079539390612
2024,Spring,24331243,It refers to the honor or prestige attached to one's position in society.,I dont know,0.5412020262869193,0.09456773846516717
2024,Spring,24169031,Something made up by people to feel better about themselves.,How someone moves throughout society?,0.2571718329238239,0.5893202339737728
2024,Spring,24032150,Popularity,Advancment,0.3563083366766765,0.08423674025537513
2024,Spring,24134112,"social status refers to a person's rank within a society's hierarchy which is often determined by wealth, education, and family background. It's basically how people interact with one another and how it can affect access to opportunities",Social mobility is the movement of people or groups within a social hierarchy mainly from socioeconomic status to another.,0.768004736651973,0.7854478007708076
2024,Spring,24193446,where one stands in society,leveling up,0.5422022496788813,0.22273447497986956
2024,Spring,23995113,It’s the umbrella term that holds characteristics of oneself. Are you a daughter or son? Student or teacher? Single or Married? Low or High Income Earner? Popular or extroverted? Or Are you not popular or prefer being alone?These compromise one’s relationship and identity in society. They have ranking meaning; you can interplay between a less or more advanced version of social status.,"The form of interplay or movement between one stage or social status to another. Think of an entry level position evolving into an advanced level position. Or Unexpectedly inheriting fifty million when you were previously worth less than fifty thousand. Sometimes you control it, other times it occurs unexpectedly.",0.5525650442998787,0.45922448665865523
2024,Spring,24292149,your position in society that determines your treatment and i believe the term in absurb because no status will lengthen your lifestyle when death comes knocking at your door.,probably socialbility in the workplace,0.3695084821380546,0.407310131701739
2024,Spring,24312944,economic situation.,change in a persons economical situation,0.2720981074800412,0.3534184675463011
2024,Spring,24301517,One’s social value,Shift in social status,0.48001421749698336,0.5404567464414528
2024,Spring,24181965,Not well,I never heard of that,0.11366523600422544,0.0664389087325944
2024,Spring,23239329,"Economy wise, and importance",The ability to move from one status to another,0.2999455533150128,0.3856272672178783
2024,Spring,24198814,An individuals position in society,Moving up or down from positions,0.5755527859061076,0.2244646679409315
2024,Spring,24406217,I define it as how known you are in your department and or job.,I’m not sure,0.4287808050645835,0.06779599510239769
2024,Spring,24282098,privileges in society,to move up in social hierarchies,0.5069122245918434,0.5131627078898717
2024,Spring,24071327,how much money you have,the ability to go from poor to middle class,0.17874347655764358,0.4953482379081287
2024,Fall,24138816,The prestige you have in society,The ladder that you can increase within society,0.5196959595926574,0.42237491870070215
2024,Spring,24275502,relations with other people,movement in individuals,0.36850764147671977,0.371458706856839
2024,Spring,24137296,"Social Status has to do with hierarchy and kind of like a latter in a sense and everyone is at different scales depending on money, race, etc",Social mobility is a persons socio economic situation,0.6769199374574136,0.7512560289516521
2024,Spring,24402780,Where someone is in life or there role,There economic place,0.39761575573826546,0.3412524229298752
2024,Spring,24015870,healthy relationships,being able to develop social relationships,0.23554054557584925,0.3755763646014502
2024,Spring,24433008,I will define with the things that we wear that things that we have.,Being active,0.30362114061250756,0.2587874321570317
2024,Spring,24029323,"Society hierarchy ( low , middle and high )",How far you can change your status from being low to working hard to be at the top,0.47974096134925265,0.350254360560371
2024,Spring,24439597,"I define ""social status"" as how 'popular' you are in society. How many friends you have, etc. I think it's very different than socioeconomic status.","I define ""social mobility"" as the way you can get along with people from different walks of life. In any room that you are in, you are somehow able to get around and make friends.",0.7200222472411264,0.7763067047621464
2024,Summer,24174284,Social status is all about someone's income because based on how much money you hav epeopleperceive youa s better tha or less than,Social mobility it's about what do you do with your life to move yourself up the social scale ladder. weather its going to college or building a business,0.619379514205535,0.6564729951028064
2024,Fall,24352349,"Mostly by economic background, their families background like what occupation they've held",Improving your social status,0.32052440083809086,0.4519330381575517
2024,Spring,24108405,position or rank,movement,0.35810009747850113,0.34071995330007815
2024,Fall,24177726,"Social status can be defined as how well off you are and how you fit into modern society. It's about whether you are contributing and succeeding in the context of your community and broader social environment. This includes factors like your financial situation, your role in society, and how others perceive your contributions and achievements.","Social mobility can be defined as the ability of an individual or group to move up or down the social ladder. It reflects changes in a person's social status relative to their starting point, often influenced by factors like education, career opportunities, and economic conditions.",0.7646570342261448,0.8014113213533356
2024,Spring,24299450,Social status is a role a person is born into,Social mobility is how a person goes on with their life in their social status,0.6344100335287395,0.7651868417183435
2024,Spring,24108859,Someone's position in the society based on their social and economic situation.,Upgrading to position that is better than the previous position.,0.5881521362740536,0.25722426638477475
2024,Summer,23762347,"education, income, and occupation, determine someone's social status.",the movement of a person from one social status to another.,0.6391927283420634,0.6344321208219281
2024,Spring,24435809,how much money they have,can you move from one social class to another,0.29611370763471856,0.59986787632728
2024,Spring,24071327,The amount of money you have,being able to gain more money,0.23065772985895178,0.3292984481700232
2024,Summer,24343964,One's position in society where its economically/socially,one's ability to move up 'rank',0.59447123307522,0.33941095730145476
2024,Summer,24186614,How other view you,how many opportunities you are privileged to have.,0.28526333711776053,0.32016283685112706
2024,Spring,23862456,It’s a social ladder or rank,Change in social status,0.4953768770941069,0.5260359033170633
2024,Fall,24138816,Social hierarchy and/or the level of prestige you have in society.,The amount of space you have to move up a ladder on social status,0.5473426299314252,0.5126745363010413
2024,Summer,24343964,one's position in society,one's ability to move up in rank,0.5502313836637429,0.3496036102228945
2024,Spring,24400980,"lower, middle and high class.",your limits to oppurtunities,0.3677814861266925,0.18746573656532087
2024,Spring,24328550,To me Social status is ranks within a society that lead you to different levels of privileges,Social mobility is the ability of people to move up or down the social and economic ladder in a society.,0.7048911751615323,0.7816650312085663
2024,Spring,24457443,a social status is a rank that an individual holds in a social hierarchy,social mobility is a person’s socioeconomic situation,0.7470142980350502,0.7482288886957948
2024,Spring,24503132,Popularity and classism.,How to navigate the social interactions of humans.,0.45170211851703335,0.37198924684668294
2024,Fall,24567190,"A person's rank in society which can be based on several factors such as education, wealth, job, or connections. It can reflect how they are seen or treated by other memebrs of their community.","This term refers to the ability of people to move up in social status. This too can be influenced by different factors such as job, connections, education, or yearly salary.",0.5819955014180915,0.638865905005858
2024,Spring,24022899,"the respect, honor, and money a person has in a society",change in a persons social status,0.5205983536462537,0.5193317856438925
2024,Spring,24134106,your importance in society,the ability to move up and down in ranking of importance in society,0.44860475055608073,0.4884238061102225
2024,Fall,24132676,Social class / achieved status a person chooses or earns with their own efforts,When you move up a social status,0.5899624650610931,0.5107895468526668
2024,Spring,24447983,People who are confident in there own skin and are able to achive what they want without people putting a label on it,To be able to move around in a social status,0.25180569862135227,0.558073594574863
2024,Spring,24403632,Social status is when you are comfortable to talk or communicate around other people,"Social mobility is the movement of individuals, families, households or other categories of people within or between social strata in a society.",0.6644136776460655,0.7905119261011606
2024,Fall,23262772,The impact that what I do or say has in my society (that is the one I belong to).,The ability to move through different social statuses.,0.47131577940325753,0.5836758088483882
2024,Fall,24545381,place in society financially and class/rank,how easily someone can change their social status,0.5813439767607023,0.45156089925909754
2024,Fall,24525200,I define social status as as place in a societal hierarchy. The societal hierarchy is based on the rank people have.,I define the term social mobility as the ability to be able to move from one rank to another.,0.7323280438241793,0.68479749025445
2024,Fall,24620851,one's  social standing in a stratified society,Moving upthe social ladder,0.6027750929051225,0.5083327411833696
2024,Fall,24387825,I define it as the way society views you/ where you stand in it.,"Social mobility is the changing your social status, so you can either move up or down in the ""social hierarchy"".",0.47925012607708045,0.7324826311011826
2024,Fall,24488502,"social status for me means where you come from, meaning how much money you grew up with.",How someone can make more money and grow financially,0.6726563916909016,0.21577061087513347
2024,Fall,24284425,your standing in life and you can always change it later on life,income,0.4278344553502395,0.3014143013671233
2024,Fall,24529122,A title that you have based on what you do and earn,The ability to move up or down within social status ladders,0.35014945156164357,0.5597306566457502
2024,Fall,23911725,financial situation,how do you scalate,0.26103440880083245,0.12105387367042818
2024,Fall,24448240,the place where you were born and difine economically,the ability to move from your social status,0.26930485040569685,0.5859707575454783
2024,Fall,24420262,economic status,how much social you can be,0.531508202694885,0.3916403647311499
2024,Fall,24232303,One's position and title in society.,The change in one's social status.,0.5512057166345885,0.48203333576996826
2024,Fall,24545381,where someone stands class wise in society,if the person can move up or down the social ladder in class,0.585185327117998,0.5803885009678198
2024,Fall,24375857,how ur viewed socially,how you move in social settings,0.3743256329718522,0.5216761272199919
2024,Fall,24521327,someones representation,someone who gets around,0.1879242888023774,0.3132908216837338
2024,Fall,24044589,"A tag gave to individuals according to their education, monetary situation, influences etc",The monetary hierarchy,0.3868322011621787,0.2592593422542732
2024,Fall,24396125,social class,how well your able to interact with people from different social classes,0.5529836802115361,0.44571815318651387
2024,Fall,24445449,Social status refers to the position or rank of an individual within a social hierarchy.,"Social mobility refers to the ability of individuals or groups to move within the social hierarchy, which can involve changes in economic status, education level, or occupational position. It reflects the degree to which people can improve",0.7626880034128701,0.8116001818080705
2024,Fall,24525664,Is the type of life that you have,not sure,0.23751707041407338,0.04574655725859804
2024,Fall,24521327,how known you are in your community or how people perceive you,how much you get around,0.42915632612295335,0.21478714248827235
2024,Fall,24599794,a person's importance in society and how well regarded a person is,"the ability to change the your ""standing""/importance within society",0.5568744081933041,0.4357528065207043
2024,Fall,24174433,"I would define it as in what level you are in life like poor, mid income, wealthy",It means social classes,0.4745040924655713,0.48926648042830745
2024,Fall,24504058,where you're placed on society hierarchy,Social Mobility is like when you change your status from one class to another,0.5767937686093618,0.7228590642346389
2024,Fall,24397357,Social status is basically the position or rank a person holds within a society or a specific social group,"Social mobility refers to the ability of someone, people, different groups and families to move up or move down the social or economic ladder in society",0.7628225526366712,0.7913707628897511
2024,Fall,24233464,social status is where you are economically and socially,improving your social class,0.7273128886582889,0.5148816227141313
2024,Fall,24409962,Social status refers to an individual's position or rank within a society or social group.,Social mobility refers to the movement of individuals or groups between different social positions within a society's social stratification system,0.7681922524491822,0.7858073752065217
2024,Fall,24198084,Social status is how people perceive you.,Social mobility is how a person is able to navigate within a society.,0.668829004948694,0.752963459173043
2024,Fall,24252310,"A conglomeration of your academic depth, financial strength/security, and social network",the ability to raise oneselves recognized position within a social boundary,0.4588600831250898,0.40240868350074216
2024,Fall,24577040,where you stand economically ,change in social status,0.3240532710376671,0.5260359033170633
2024,Fall,24426331,I define social status as you wealth and class in the world. For example lowerclass middle-class and upperclass. ,Being able to move social class.,0.7085089377798572,0.6050423066862394
2024,Fall,24570974,A persons rank within a society ,Move up or down in social status.,0.5940644498713781,0.5012306248002832
2024,Fall,24361692,where you stand in society,how you move up or down the worlds social ladder,0.47361989221266043,0.5339347773837391
2024,Fall,24359092,I define social status as the pedestal for those who can communicate and display their respectability and image.,I define social mobility as the change of the pedestal from social statuses ,0.716912127260162,0.7042083915861441
2024,Fall,24561549,How society ranks you from your background and education ,Not sure,0.5230858792426624,0.04574655725859804
2024,Fall,24314225,"social status is a place you stand with others, as in the way they view you asan individual.",the ability to have the free will to either to better or stay where your at.,0.727374739173843,0.322379391815459
2024,Fall,24318406,"Reto me social status refers to a persons “rank”. That includes wealth, education, occupation, popularity and personal achievements. Social status can influence how people are viewed by others as well as opportunities and privileges they can get.",Social mobility is when a person can move up or down the social ladder within the society. They can move up by getting a better job and better wealth. They can move down by being jobless etc.,0.7750030610461991,0.7787344310184281
2024,Fall,24318397,How other perceive you our how wealthy you are,How accessible things are to you.,0.40350657597804446,0.26815636416752836
2024,Fall,24523409,How much one is socially recognized and respected.,One ability to access different social networks ,0.5549920957698893,0.23496051255400835
2024,Fall,24333258,your ranking compared to others,the movement between the social ladder,0.3731662427513911,0.5824514489420225
2024,Fall,24417041,wealth,moving up the ladder,0.33454634335788036,0.33784417204293526
2024,Fall,24409348,The level of honor someone has in society.,The ability of someone to change their status in society.,0.5444450196042132,0.49772975087636145
2024,Fall,24020747,social status is what defines a person's role in society.,Social mobility to me is income and living.,0.6843265661644283,0.6879086058750224
2024,Fall,24361967,its a way we measure our standings in everyday life ,the freedom and or flexibility to be abel ti act upon a public setting ,0.33756719619506037,0.33617995579376286
2024,Fall,24556270,The way someone is viewed in the world by society.,the idea that people are able to move up or down in status.,0.4895038896846119,0.49329410908540033
2024,Fall,24564409,"How society sees you, mostly in either successful or a failure.",I don’t know,0.4723343538264982,0.07856079539390612
2024,Fall,24527412,how popular you are. ,being able to be cool with everyone,0.3388521998349122,0.2548859392457789
2024,Fall,24304758,How often you socialize and what it is like,How often you socialize,0.32638121516132734,0.29978812776240626
2024,Fall,24020747,About society,Moving on,0.41867577268981143,0.1956583766570012
2024,Fall,24101371,"Social status is a person's position in society. This position is impacted by their race, wealth, color, education, social connections, honor, dignity, positive characteristics, etc. I think it is also affected by social values that a society holds. If an individual doesn't adhere to that norm then their status is decreased.",social mobility refers to the idea of being able to move up or down the social status hierarchy ,0.7561719236431658,0.7590438388027683
2024,Fall,24512572,"social status is the positioning of one in the social hierarchy of our world. I understand it as just the way the world is; you're born with a social status based on a lot of factors, but you do have the ability to change it. ",social mobility is how someone or a group of people move up or down on the social ladder. so obtaining generational wealth is considered social mobility because its advancing on the social hierarchy.,0.7515972625130607,0.728017642220381
2024,Fall,24521723,Good ,Good,0.06812658340634845,0.05077749093027852
2024,Fall,24564409,How you contribute to society. You are either successful or failure.,How people can move up in the world. How one can improve their quality of life.,0.4022416146616689,0.3869011754057758
2024,Fall,24334822,what you contriubute to society,how you can talk to others ,0.32785322419098156,0.23164648001869223
2024,Fall,24528066,Social status in my perspective the effect of the amount of money you make on your life.,The rate at which the amount of money you make changes.,0.5610382841336048,0.22390149702832618
2024,Fall,24518972,Having money and power ,im not sure ,0.36158738426598824,0.08035774081120599
2024,Fall,24586170,"Social status is the privilege, prestige and recognition someone seems to have from a variety of factors like wealth and influence ",The movement up or down a social class or level ,0.7549030422625377,0.6103162863897625
2024,Fall,23760247,"Economical wealth, ",Knowledge of influence,0.30722867830895584,0.29121305108176876
2024,Fall,24327283,"I undertsand the term 'social staus"" as the position that society gives you based off of their parameters. For ex, if you have a lot of money you are rich and therefore, socially you are ranked higher.",I define the term Social mobility as the ability to move up in the social ladder.,0.6450734276076119,0.7132098698876254
2024,Fall,24525234,its a combination of wealth and connections. ,Being able to thrive in different social settings.,0.3159945150070971,0.3727534573688578
2024,Fall,24306434,"Social status refers to one's socioeconomic standing relative to others. However, to me, it can also refer to how others perceive you and how you act.",Social mobility refers to the ability to move up and down social classes or in reputation.,0.7478750497154079,0.7574991250298374
2024,Fall,23956988,the social/monetary value/influence  a person has in society,"the ability to move up or down the ""social ladder""",0.5685495253815722,0.5764400699781719
2024,Fall,24590664,Important,Fluent,0.2596459337786033,0.1328796374887421
2024,Fall,24332562,"i define it as your value in society, how much of an impact can your voice have.",the ability of being able to move up in the social hierarchy. increase the value of your voice and the impact you leave for your following generation.,0.3926223771082677,0.4100401121633959
2024,Fall,24539514,"Social status is a person’s place or rank in society. It can depend on things like money, education, job, or family background. Some status is earned through hard work, while some is given at birth, like race or gender. It affects how people are treated and what opportunities they have. Social status can change over time and is different in every culture.","Social mobility means a person’s ability to move up or down in their social status or position in society. It can happen through education, a new job, marriage, or other life changes.",0.7846801878374,0.7835004905662719
2024,Fall,24427677,"Social status is a rank of a person or like popularity. How well people know them and their job, education and money. Social status can help one see how another person is and know what resources theyre linked to.",Social mobility is being able to move your status around in societuy because theres always room for improvements and you can get a better job or education level and make more money,0.7679792502889893,0.7544211158952895
2024,Fall,24508229,how society views you based on your economic situation and overall social class. how and where you stand in both your business and personal life in comparison to the rest of people i guess,moving up/down social class wise,0.587343447704293,0.6068797951071574
2024,Fall,24182097,,,0.0,0.0
2024,Fall,24360417,"Social status refers to a person’s position or rank in society, based on factors like wealth, occupation, education, and influence. It affects how others view and treat them, and can be based on both personal achievements and background.","Social mobility refers to the ability of individuals or groups to move up or down the social and economic ladder. It is the movement between different social classes or levels of income, education, and occupation, often influenced by factors like opportunity, effort, and societal barriers.",0.7905433507095667,0.8239705171102477
2024,Fall,24595566,One's place in society in terms of their financial and social circumstances.,The idea that one can change their social class.,0.558782361813261,0.5433379148008861
2024,Fall,24432917,Your place in society based on the hierarchy created by society,Your ability to move up and down in the hierarchy,0.5470217468361608,0.3640745618986431
2024,Fall,24263511,A way to show how much you have and your wealth ,"e movement of a person or family up or down the social and economic ladder, either within their lifetime or between generation",0.2412342259804956,0.6101823618874078
2024,Fall,24536105,"where you stand in society, like pertaining to income wise ",being able to move up and down the social ladder ,0.492702957396442,0.5671138981031719
2024,Fall,24480567,"In society its what tax bracket you fall under, although I don't think people essentially feel what they are classified on the social ladder. My family is categorized as low income but not a single thing in my life feels low income to me. ","social mobility is the ability to move up and down the social latter, again the numbers might not reflect what/how a person might feel about their personal social mobility. ",0.5431504800792539,0.7260073196090628
2024,Fall,24550481,Where you are in life,Have the ability to move up in social status,0.22391912690094248,0.5202887986662426
2024,Fall,24448912,"A college student's ""social status"" refers to their relative position within the social hierarchy of their university,","Social mobility"" for college students refers to the ability of an individual to improve their socioeconomic status through education,",0.6993375794398107,0.6935545957241537
2024,Fall,24527401,a person's position or significance within a society in terms of others.,Change in a person's social standing from one position to another,0.5425593141395588,0.4967686953167669
2024,Fall,24368264,The way I define asocial status is a person who has money and have connections with great people that can lead them to the pass of success and having net working with different people ,Being able to do the things you need and want to do,0.5910291292261856,0.2840658064860839
2024,Fall,24293510,I define social status as something that encompasses one's career and economic status,social mobility is the ability for one to change their social standing,0.7364907529743506,0.7156247932393093
2024,Fall,24400981,your prestige and how people view you,moving up and down the social hierarchy.,0.4862524141722506,0.5377296765499895
2024,Fall,24554083,who you are race wise and money wise,idk,0.3124734718515944,0.06538818024994872
2024,Fall,24553700,ocial status refers to the position or rank of a person or group within a society. ,the ability of individuals or groups to move within a social hierarchy,0.6257388407252185,0.5863698948103924
2024,Fall,23805195,It's based on a person's income. More income = higer social status; Less income = lower social status,Ability to move from a lower income to a higer income thus increasing a social status,0.5498906351365581,0.5948278004191272
2024,Fall,24488733,"My definition of social status is where you stand socially due to wealth, influence, and career. An example of this can be the class status like high, middle, and low class.","It's how you change your status depending on what you have or do like getting/having a college degree, etc.",0.750449950160849,0.3860315194879057
2024,Fall,24326473,how important you are and how highly you are viewed compared to everyone else ,your ability to further expand your social skills,0.5587871496809966,0.3555266913189959
2024,Fall,24585479,How you and society view your importance to the world.,When someone can move from one status to another ,0.4462453508424107,0.40702721819901844
2024,Fall,24550867,fitting in society,movement of different social statues ,0.4259910753379982,0.3710219865172221
2024,Fall,24604218,wealth and power,Movement,0.38708003819095305,0.34071995330007815
2024,Fall,24305488,being more important and having a well Known name,moving up the ladder ,0.39687535808110613,0.33784417204293526
2024,Fall,24434574,Social status for me is how comfortable you can live life,How easily you can move up to your desired comfort,0.6455382900457135,0.20112023145430719
2024,Fall,24292524,A person's position in the society.,Ability to move higher than past.,0.5302399124749473,0.25564101522644067
2024,Fall,24619857,how much you appeal to others,able to get along well with different people,0.3125054430015852,0.32581099236155264
2024,Fall,24365498,I think social status is the way people see's you and how you portray yourself,social mobility is the way you do stuff in society. ,0.7016098707238709,0.7046764650987927
2024,Fall,24245577,"Social status is how people see and value someone in a group or society based on their role, behavior, or position.",Social mobility is a person’s ability to move up or down in their social or economic status within a society.,0.7516844823417498,0.7863462399383103
2024,Fall,24525823,"I define the term “social status” as a person who has a higher ranking in life over someone else, based on their wealth, occupation, family background, education, and social connections. You either achieve a social status or you’re born into a social status.","I define the term “social mobility” as a way for an individual to move up or down the social hierarchy within society. It can be changes in income, education, occupation, or social status. The opportunities available for people either improves their position or you fall down in the ranking.",0.769692008401086,0.7967629540062772
2024,Fall,24393532,"Where you stand in society in terms of social class, income, career, relationship, and homeownership.",Changing social status ,0.4661208047787225,0.49374290466415105
2024,Fall,24154756,I believe social status has to do with a persons economic standing ,It allows for someone to easily move up in their social status,0.6618797350604076,0.48094251043386643
2024,Fall,12057307,where you stand in terms of wealth and if you are known in your society,at what ease are you able move in social circles,0.461448639563707,0.4711972290324512
2024,Fall,24373663,"Your economic class, your education level, skill set, occupation. ",The ability to be able to go up in the economic class or down. ,0.4249670495154895,0.535775676859761
2024,Fall,24570918,how others view you how popular you are,if you are able to be social with everyone ,0.4272582363500666,0.36223211929822346
2024,Fall,24529998,I believe that social status has to do with what the majority of other people's perceptions of you as an individual is,I define it as the ability to change your social status,0.6146392917499072,0.4693900736193411
2024,Fall,24342656,How you are viewed to the public and those around you. Also how you get treated by who you are.,the way one moves in a social way.,0.4463543589849983,0.4966359686269831
2024,Fall,24471701,How satisfied you are with your life ,How you are able to deal with the outside world ,0.28279788840349374,0.20756452918522983
2024,Fall,24001409,A ladder you either fixed in or move up,Able to meet and talk with others that will help ,0.1864167627754249,0.23050387591593896
2024,Fall,24271455,Money,Power,0.23583473351748727,0.17451118540914795
2024,Fall,24342565,How society views you and how they built an opinion about you based on what you have done.,The way you are bale to move through society with no issues or with issues,0.4319445185102955,0.4196394085208451
2024,Fall,23944631,"I define it as popularity or ranking based off factors such as wealth, power, income, resources etc. I understand it to be of importance to daily living as it hold influence to impact various factors in our lives.",I define it as flexibility and understand it to be capable of being adaptive ,0.5261131183635087,0.2560495105816371
2024,Fall,24398459,Through Sociology ,In a socialogical way.,0.357649573527805,0.38285873375567714
2024,Fall,24582166,Social status is where someone is placed on the social pyramid ,How you can change your status,0.719214756987547,0.22030786609132788
2024,Fall,24543300,Where you are placed amongst others in the real world,How well you can achieve and do things you like,0.39583686680071983,0.2150717215287033
2024,Fall,24085978,your caste ,a funny thing,0.2716563908686559,0.1274471562738936
2024,Fall,24318954,Social status is the how well-know an individual is within a society/environment.,How flexible you are in society.,0.7236355159360905,0.3786114793070128
2024,Fall,24318954,Social status is how you are looked in or well-klnow in society.,Social mobility is hoHow well you are able to adjust or adapt to a difference in society or an environment you aren't normally used to.,0.7179681751806278,0.7594919482928384
2024,Fall,24523009,Social status is a person’s rank or position in society.,Social mobility is the ability to move up or down in social status,0.7541181394504848,0.7481466081531837
2024,Fall,24392944,"Gender, social Class, ethnicity ",The movement of a person of family between different social and economic class over time. ,0.420944869441121,0.632495956055311
2024,Fall,24276873,Irrelevant ,You can function with all different types of people ,0.14552016009541294,0.2643380683722534
2024,Fall,24536411,"I see it as where you are in society, low social status is not making enough money.",Your ability to move up or own social statuses ,0.554806658755473,0.5404451941015758
2024,Fall,24136789,How much people you know and talk to,,0.33737166637325994,0.0
2024,Fall,24427446,"social status to me is what ""class' economically you are",being able to move and grow finacially,0.6656333708810154,0.39035781968172245
2024,Fall,14243726,Ones level in society dealing with their finances,the status of someone in society,0.4111570369615626,0.49199360271771453
2024,Fall,24537381,A common perception of a person that expresses their superiority in relationships with people.,the movement of people between social classes within a society,0.43071234722271035,0.6944158592867199
2024,Fall,24423697,"Social status refers to a person's position or rank within a social hierarchy, often determined by a combination of factors like wealth, education, occupation, family background, and cultural or societal norms. It reflects how individuals are perceived by society and influences how they interact with others.","Social mobility refers to the ability of individuals or groups to move up or down within a social hierarchy or class system over time. This movement can be based on factors such as education, occupation, income, or social connections. It is often used as an indicator of fairness and opportunity within a society.",0.7993903318076979,0.8247878201850639
2024,Fall,24547139,a persons standing in society,moving up or down in society,0.3864022096126391,0.5298940907963088
2024,Fall,24616159,Respect you receive,respect,0.28067603767024685,0.16052794990094446
2024,Fall,24507185,It can represent your place in this world and how you view yourself and how others view you. ,How you're able to get around in this life and your ability to climb up the social ladder.,0.2633110612370506,0.3822809435166851
2024,Fall,24274812,How i get along with other people,moving forward with other people,0.26750016558702644,0.34654971412113444
2024,Fall,24552966,"I would say it refers to the position or rank a person holds in society. It's about how much respect, influence, or importance someone has compared to others.",Social mobility is about how people can move up or down in social status. ,0.5782763994936183,0.7540586714877135
2024,Fall,24548862,Your social status is based on how much you earn and how you manage it,"Social mobility is the change of your status, taking better-paying jobs. ",0.6371678143064058,0.7211008893470517
2024,Fall,24507185,Social Status is how you view yourself and how others view you within society.,This is how well one is able to move up the ladder in society.,0.7277802293433197,0.41725879062547755
2024,Fall,24347040,"Social Status is the position that you have either earned or placed into during a period of a persons life. It is a social construct, meaning that it holds no real value. However, it can be changed through hard work and dedication.  ",Social mobility is when a person is able to elevate their social status through various achievements. ,0.7567888993971814,0.7350989425442569
2024,Fall,24063308,financial success,going up or down the social latter,0.333106138401262,0.4534201075487917
2024,Fall,24048156,"Social status is an individual’s rank or position within a social hierarchy, influenced by factors like wealth, occupation, education, or family background.","Social mobility is the movement of individuals or groups within a social hierarchy, either upward, downward, or horizontally. It can occur within a lifetime or across generations and is influenced by factors like education, economic opportunities, and social norms. It reflects a society’s level of fairness and access to opportunities.",0.7879228448733813,0.814486646225552
2024,Fall,24024695,Influential figure,Influence,0.2801436787774484,0.25552363556774405
2024,Fall,24541251,"Social status in my opinion just means where you stand in society in regards to how many people/connections you have, your value, your popularity.","Social mobility in my opinion means how you are able to act in society, in regards in being able to build relationships with other people.",0.729035055900313,0.7614319185477365
2024,Fall,24446693,understanding your way of announcin connection,why of satuas,0.24529857074697514,0.13275335006522346
2024,Fall,24446693,ranking of status,groups of system,0.5386429837356728,0.17790708452569653
2024,Fall,24369232,"I define and understand the term “social “status” by social status means how important or respected someone is in a group or society. For example, a doctor might have a high social status because of their job and education. ","I define “social mobility” as the ability to move up or down in a social status. I understand the term because for example if someone from a poor family works hard and becomes rich, that’s upward social mobility. If someone loses their job that’s downward social mobility. ",0.7655534515152237,0.7593625112149878
2024,Fall,24236087,i guess it would be a mix of your looks and finances ,being able to move between financial classes,0.2358456630188961,0.44205559540327244
2024,Fall,24261005,"Depends on how much you make, you'll either be low class, middle class, or high class. That's what i think when i think of social status.",Interacting with others,0.5754361167601427,0.30833410084354096
2024,Fall,24519800,"I feel as if the term social status differs depending on every individual! But to me it means that I am happy in life, and that I can have people around me that I can call home and go to in times of need. Not just based on money or wealth which is also a minor factor to something much broader!",I feel as if social mobility is how we carry ourselves in society and what we can do with this so called status of wealth or happiness!,0.6899878020906247,0.6610808658855868
2024,Fall,24427446,someones finical stablitiy,being able to grow from ur financial status,0.2309602572034519,0.37537209803009747
2024,Fall,24533361,"i define it as something that can change overtime, its something everyone has",how well someone can change from one status or another ,0.24201316801627415,0.3022944697784725
2024,Fall,24526947,Your place in society; the way you’re perceived and understood by the people around you.,The capability to move through social circles and alter the way you are perceived by society and your peers.,0.5297174765984094,0.4680642327819349
2024,Fall,24307826,feeling accepted in an environment that you enjoy and respect,the ability to move in a self-defined direction through a self-defined measure of social success,0.37152691126340065,0.4761598943988358
2024,Fall,24493726,Recognization ,Active,0.14360352915676378,0.11166345191152832
2024,Fall,24446668,What people think of uou,Being able to move financial classes,0.23063799864342943,0.39832145383437173
2024,Fall,24534752,Where one ranks in society by how wealthy they are.,The change of a person's social status.,0.511204909686977,0.5459189360194987
2024,Fall,24272672,Your role in society ,The ability to changed your social status ,0.42544377885493556,0.4622620095663851
2024,Fall,24166837,Social class,"Moving up the social ladder, improving to another social class. ",0.5529836802115361,0.5681131699728313
2024,Fall,24382503,how people see you in society. lower class-higher class,being social everywhere you go ,0.5384224344852008,0.3811611255138232
2024,Fall,24384637,The way people perceive you ,The movement of someones social status to another,0.39106161496332426,0.6365805071010662
2024,Fall,24392792,Where a person stands on the pyramid,im not sure,0.1616539844476765,0.08035774081120599
2024,Fall,24430656,Social status is a way people see you based on how much money you make,I define social mobility as a way of how people can change as society changes,0.6911503657022988,0.7365626766602075
2024,Fall,24270973,status given by where you were raised ,changing social class,0.45778281587894615,0.5472936606417815
2024,Fall,24602017,"Where you as in individual lie among the vast standards, expectations, and power structures implemented in your society. ",The ability to adapt to numerous social environments,0.4625049285330311,0.40109149181986564
2024,Fall,24069284,how people view you in the social world,moving in between social rankings,0.44019001835728405,0.3958755393951251
2024,Fall,24546524,A pyramid of income classes ,How you interact with others,0.3684407090275599,0.3136723344652964
2024,Fall,24549699,where you are on the ladder of wealth and income,moving up the ladder,0.4658876517462078,0.33784417204293526
2024,Fall,24275387,a hierarchy on how famous someone is.,the move between social classes,0.4543876503759211,0.6504967336981609
2024,Fall,24069284,a way most people view you as or known for.,switching between social status's,0.41257723659747275,0.4765140875402383
2024,Fall,24292545,where one stands in society in comparison to others ,the ability to change one's social status ,0.5801359091761149,0.5099756439381427
2024,Fall,24551041,The socioeconomic classes within a society,The ability to climb the rankings of a socioeconomic class,0.5302090626009276,0.5274226942705456
2024,Fall,24595349,"How important an individual is in modern society,",How someone changes their social status over time.,0.4317152407183718,0.5211764376773905
2024,Fall,24603173,It’s just a way of manipulating people to think they are less than the people who have more money.,Is the movement of people in the social status ,0.3053213028762819,0.6868099947335757
2024,Fall,23629886,how highly people think of you,"ability to move between economic classes, change social status",0.40659298410494826,0.6430743028285542
2024,Fall,24150303,how someone social life is and the people they surround themself with,the ability to move to different classes of wealth,0.4005477029759426,0.5608611275317706
2024,Fall,23719032,"where you fall in a range of finances, popularity, power, and knowledge",being able to change your social status ,0.4973175022680301,0.4318775628858393
2024,Fall,24589933,The way society views you negatively or positively ,Ability to work hard enough to travel through social classes if desired,0.4506486471905779,0.5689923752028485
2024,Fall,24326920,"""Social Status'' for me is where you put yourself socially whether your a book nerd or popular kid.",Being able to maintain friendships and an academic career,0.6743261001743809,0.32332276449227715
2024,Fall,24217733,"Income in the simplest terms but on a broader spectrum, the quality of life one can life and be surrounded by",The possibility and ability for people to change and adapt to other social status above or below them,0.427577221339686,0.543417362097694
2024,Fall,24293614,Popularity ,Status,0.3563083366766765,0.19194336247595092
2024,Fall,24536705,"Social status is a person's position in society based on things like their wealth, job, education, and family background. It shows how people are ranked or valued by others. Some status is given at birth, like being born into a rich or powerful family, while other status is earned, like through career success or education. Social status affects how people are treated and what opportunities they have.","Social mobility is the ability to move up or down in society, like getting a better job or earning more money, or facing a decline in status. It shows how easy it is for people to change their social position. High mobility means it's easier to improve your life, while low mobility means it’s harder to change your status.",0.7842826799127222,0.7770113277584052
2024,Fall,24017889,A status someone holds in a society ,not sure,0.6089700897389239,0.04574655725859804
2024,Fall,24105167,where you stand in society,being able to move up in society,0.47361989221266043,0.4978125517421549
2025,Spring,24398579,"a persons position in society, and how highly they are thought of.",From one status to another.,0.5976389009434719,0.3287775923936679
2025,Spring,23099789,I don’t ,I don’t ,0.07782091692329152,0.04122210166656179
2025,Spring,23099789,A status to be social , Going up in society,0.6249029194443538,0.4215555324378899
2025,Spring,24246720,"A Ladder, you got to work hard to climb to the top","Social status, you can to move up, down, or just stay",0.25759019217677304,0.5976360069732419
2025,Spring,24056568,"Reputation, Economical standing, General popularity",Moving around in social situations whether verbally or physically,0.39899792871168394,0.3303820107939281
2025,Spring,24282246,Being able to live comfortably ,Being able to change one's status,0.3212574799983813,0.301822128499346
2025,Spring,24219594,A person’s standing or importance in society ,The movement of a person from one status to another.,0.5769571756177729,0.5256035053777042
2025,Spring,24564612,Your standing in society,How you're able to interact with others in society,0.5601439013305597,0.42175585523867987
2025,Spring,24228990," the position of a person in society, and it determined by income, job, education, power, privilege and wealth",Moving up and down the social ladder,0.5680872238912121,0.5460939933710879
2025,Spring,24448039,The way you are perceived by others based on a collection of variables,The ability to change your external social perception (How others perceive you.),0.405155408063729,0.3515040364045639
2025,Spring,24530349,Social status to me is the honor or prestige someone has in society ,Social mobility to me could mean the ability of a person to move up or down in social class ,0.7151730802448585,0.7436028069410803
2025,Spring,24530349,Social Status to me is the social value someone holds ,Being able to go down or up in the social ladder ,0.6900034570741002,0.5552881913404218
2025,Spring,24535754,"Who you are is society whether it be poor, middle class, or rich",A shift in your social status ,0.48333766279538415,0.4956691633709242
2025,Spring,24393009,"Someone’s placement in society. For example, a leader’s role in a group.",Moving down a social or economic ladder.,0.5564353797513981,0.5702002962284869
2025,Spring,24369408,"wealth, social networks",like a change in socialeconomic position ,0.45621535241710354,0.5008471887357999
2025,Spring,24396446,Money,money,0.23583473351748727,0.22778858480008388
2025,Spring,24365291,Income,Money,0.2897251771107509,0.22778858480008388
